Id	center x	center y	center z
P1	-21.354756097560976	-20.220829268292682	25.406463414634146
