{"indel": {"NSP4": {"data": [0.0, 0.0, 0.0, 0, 0.0, 0], "deviation": [0.0, 0.0, 0.0, 0.0, 0.0, 0.0]}, "E": {"data": [0.0, 0.0, 0.0, 0, 0.0, 0], "deviation": [0.0, 0.0, 0.0, 0.0, 0.0, 0.0]}, "NS7a": {"data": [0.0, 0.0, 0.0, 0, 0.0, 0], "deviation": [0.0, 0.0, 0.0, 0.0, 0.0, 0.0]}, "NSP5": {"data": [0.0, 0.0, 0.0, 0, 0.0, 0], "deviation": [0.0, 0.0, 0.0, 0.0, 0.0, 0.0]}, "NS7b": {"data": [0.0, 0.0, 0.0, 0, 0.0, 0], "deviation": [0.0, 0.0, 0.0, 0.0, 0.0, 0.0]}, "NSP6": {"data": [1.5, 3.0, 3.0, 3, 0.0, 0], "deviation": [2.1213203435596424, 0.0, 1.231174022502185, 1.7320508075688772, 0.0, 1.0]}, "NSP7": {"data": [0.0, 0.0, 0.0, 0, 0.0, 0], "deviation": [0.0, 0.0, 0.0, 0.0, 0.0, 0.0]}, "NSP8": {"data": [0.0, 0.0, 0.0, 0, 0.0, 0], "deviation": [0.0, 0.0, 0.0, 0.0, 0.0, 0.0]}, "Spike": {"data": [1.0, 3.0, 3.0, 3, 2.0, 2], "deviation": [1.4142135623730951, 0.0, 0.8013147091860318, 0.5773502691896257, 0.0, 0.33333333333333337]}, "NSP9": {"data": [0.0, 0.0, 0.0, 0, 0.0, 0], "deviation": [0.0, 0.0, 0.0, 0.0, 0.0, 0.0]}, "NSP10": {"data": [0.0, 0.0, 0.0, 0, 0.0, 0], "deviation": [0.0, 0.0, 0.0, 0.0, 0.0, 0.0]}, "NSP11": {"data": [0.0, 0.0, 0.0, 0, 0.0, 0], "deviation": [0.0, 0.0, 0.0, 0.0, 0.0, 0.0]}, "NSP12": {"data": [0.0, 0.0, 0.0, 0, 0.0, 0], "deviation": [0.0, 0.0, 0.0, 0.0, 0.0, 0.0]}, "M": {"data": [0.0, 0.0, 0.0, 0, 0.0, 0], "deviation": [0.0, 0.0, 0.0, 0.0, 0.0, 0.0]}, "NSP13": {"data": [0.0, 0.0, 0.0, 0, 0.0, 0], "deviation": [0.0, 0.0, 0.0, 0.0, 0.0, 0.0]}, "N": {"data": [0.0, 0.0, 0.0, 0, 0.0, 0], "deviation": [0.0, 0.0, 0.0, 0.0, 0.0, 0.0]}, "NSP14": {"data": [0.0, 0.0, 0.0, 0, 0.0, 0], "deviation": [0.0, 0.0, 0.0, 0.0, 0.0, 0.0]}, "NS3": {"data": [0.0, 0.0, 0.0, 0, 0.0, 0], "deviation": [0.0, 0.0, 0.0, 0.0, 0.0, 0.0]}, "NSP15": {"data": [0.0, 0.0, 0.0, 0, 0.0, 0], "deviation": [0.0, 0.0, 0.0, 0.0, 0.0, 0.0]}, "NSP16": {"data": [0.0, 0.0, 0.0, 0, 0.0, 0], "deviation": [0.0, 0.0, 0.0, 0.0, 0.0, 0.0]}, "NS9b": {"data": [0.0, 0.0, 0.0, 0, 0.0, 0], "deviation": [0.0, 0.0, 0.0, 0.0, 0.0, 0.0]}, "NS6": {"data": [0.0, 0.0, 0.0, 0, 0.0, 0], "deviation": [0.0, 0.0, 0.0, 0.0, 0.0, 0.0]}, "NS9c": {"data": [0.0, 0.0, 0.0, 0, 0.0, 0], "deviation": [0.0, 0.0, 0.0, 0.0, 0.0, 0.0]}, "NSP1": {"data": [0.0, 0.0, 0.0, 0, 0.0, 0], "deviation": [0.0, 0.0, 0.0, 0.0, 0.0, 0.0]}, "NSP2": {"data": [0.0, 0.0, 0.0, 0, 22.5, 0], "deviation": [0.0, 0.0, 0.0, 0.0, 31.81980515339464, 15.0]}, "NS8": {"data": [0.0, 0.0, 0.0, 0, 0.0, 0], "deviation": [0.0, 0.0, 0.0, 0.0, 0.0, 0.0]}, "NSP3": {"data": [0.0, 0.0, 0.0, 0, 0.0, 0], "deviation": [0.0, 0.0, 0.0, 0.0, 0.0, 0.0]}}, "missense": {"NSP4": {"data": [0.0, 0.0, 0.0, 0, 1.5, 2], "deviation": [0.0, 0.0, 0.41039134083406165, 0.5773502691896258, 0.7071067811865476, 0.7071067811865476]}, "E": {"data": [0.0, 0.0, 0.0, 0, 0.0, 0], "deviation": [0.0, 0.0, 0.0, 0.0, 0.0, 0.0]}, "NS7a": {"data": [0.0, 0.0, 0.0, 0, 2.5, 2], "deviation": [0.0, 0.0, 0.22360679774997896, 1.7320508075688772, 0.7071067811865476, 0.8660254037844386]}, "NSP5": {"data": [0.0, 0.0, 0.0, 0, 0.0, 0], "deviation": [0.0, 0.0, 0.22360679774997896, 0.0, 0.0, 0.0]}, "NS7b": {"data": [0.0, 0.0, 0.0, 0, 0.5, 1], "deviation": [0.0, 0.0, 0.0, 0.0, 0.7071067811865476, 0.44095855184409843]}, "NSP6": {"data": [0.0, 0.0, 0.0, 0, 1.5, 1], "deviation": [0.0, 0.0, 0.30779350562554625, 1.1547005383792517, 0.7071067811865476, 0.5]}, "NSP7": {"data": [0.0, 0.0, 0.0, 0, 0.0, 0], "deviation": [0.0, 0.0, 0.0, 0.0, 0.0, 0.0]}, "NSP8": {"data": [0.0, 0.0, 0.0, 0, 0.5, 0], "deviation": [0.0, 0.0, 0.0, 0.0, 0.7071067811865476, 0.3333333333333333]}, "Spike": {"data": [3.5, 7.0, 7.0, 7, 9.0, 9], "deviation": [4.949747468305833, 0.408248290463863, 1.118033988749895, 0.5773502691896257, 0.0, 1.0540925533894598]}, "NSP9": {"data": [0.0, 0.0, 0.0, 0, 0.0, 0], "deviation": [0.0, 0.408248290463863, 0.41039134083406165, 0.0, 0.0, 0.0]}, "NSP10": {"data": [0.0, 0.0, 0.0, 0, 0.0, 0], "deviation": [0.0, 0.0, 0.0, 0.0, 0.0, 0.0]}, "NSP11": {"data": [0.0, 0.0, 0.0, 0, 0.0, 0], "deviation": [0.0, 0.0, 0.0, 0.0, 0.0, 0.0]}, "NSP12": {"data": [0.5, 1.0, 1.0, 1, 2.0, 2], "deviation": [0.7071067811865476, 0.0, 0.4893604849295929, 0.5773502691896257, 0.0, 0.5]}, "M": {"data": [0.0, 0.0, 0.0, 0, 1.0, 1], "deviation": [0.0, 0.408248290463863, 0.0, 0.5773502691896258, 0.0, 0.33333333333333337]}, "NSP13": {"data": [0.0, 0.0, 0.0, 1, 1.0, 1], "deviation": [0.0, 0.0, 0.7163503994113789, 0.5773502691896257, 0.0, 0.5]}, "N": {"data": [2.5, 4.0, 4.0, 5, 3.5, 4], "deviation": [3.5355339059327378, 0.5163977794943222, 0.5619514869490163, 0.5773502691896257, 0.7071067811865476, 0.6666666666666666]}, "NSP14": {"data": [0.0, 0.0, 0.0, 1, 0.5, 1], "deviation": [0.0, 0.0, 0.22360679774997896, 1.0, 0.7071067811865476, 0.6009252125773316]}, "NS3": {"data": [0.0, 0.0, 0.0, 0, 1.0, 1], "deviation": [0.0, 0.408248290463863, 0.7326950970650465, 0.5773502691896258, 0.0, 0.5]}, "NSP15": {"data": [0.0, 0.0, 0.0, 0, 0.0, 0], "deviation": [0.0, 0.0, 0.0, 0.5773502691896258, 0.0, 0.0]}, "NSP16": {"data": [0.0, 0.0, 0.0, 0, 0.0, 0], "deviation": [0.0, 0.0, 0.22360679774997896, 0.0, 0.0, 0.0]}, "NS9b": {"data": [0.0, 0.0, 0.0, 0, 0.0, 0], "deviation": [0.0, 0.0, 0.0, 0.0, 0.0, 0.0]}, "NS6": {"data": [0.0, 0.0, 0.0, 0, 0.0, 0], "deviation": [0.0, 0.0, 0.22360679774997896, 0.0, 0.0, 0.0]}, "NS9c": {"data": [0.0, 0.0, 0.0, 0, 0.0, 0], "deviation": [0.0, 0.0, 0.0, 0.0, 0.0, 0.0]}, "NSP1": {"data": [0.0, 0.0, 0.0, 0, 0.0, 0], "deviation": [0.0, 0.0, 0.0, 0.0, 0.0, 0.0]}, "NSP2": {"data": [0.0, 0.0, 0.0, 0, 82.5, 0], "deviation": [0.0, 0.0, 0.3663475485325232, 0.5773502691896258, 116.67261889578035, 55.0]}, "NS8": {"data": [1.5, 3.0, 3.0, 3, 0.0, 0], "deviation": [2.1213203435596424, 0.0, 0.998683343734455, 1.7320508075688772, 0.0, 1.0]}, "NSP3": {"data": [2.5, 4.0, 4.0, 4, 2.0, 4], "deviation": [3.5355339059327378, 0.752772652709081, 1.142481141154959, 1.0, 1.4142135623730951, 0.44095855184409843]}}, "labels": ["09/2020", "12/2020", "01/2021", "03/2021", "06/2021", "07/2021"]}