{"indel": {"NSP4": {"data": [0, 0.0, 0.0, 0.0, 0, 0, 0.0, 0, 0.0, 0.0], "deviation": [0.0, 0.0, 0.0, 0.0, 0.0, 0.5773502691896258, 0.0, 0.0, 0.0, 0.0]}, "E": {"data": [0, 0.0, 0.0, 0.0, 0, 0, 0.0, 0, 0.0, 0.0], "deviation": [0.0, 0.0, 0.0, 0.0, 0.0, 0.0, 0.0, 0.0, 0.0, 0.0]}, "NS7a": {"data": [0, 0.0, 0.0, 0.0, 0, 0, 0.0, 0, 0.0, 0.0], "deviation": [0.0, 0.0, 0.0, 0.0, 0.0, 0.0, 0.0, 0.0, 1.0, 0.0]}, "NSP5": {"data": [0, 0.0, 0.0, 0.0, 0, 0, 0.0, 0, 0.0, 0.0], "deviation": [0.0, 0.0, 0.0, 0.0, 0.0, 0.0, 0.0, 0.0, 0.0, 0.0]}, "NS7b": {"data": [0, 0.0, 0.0, 0.0, 0, 0, 0.0, 0, 0.0, 0.0], "deviation": [0.0, 0.0, 0.0, 0.0, 0.0, 0.0, 0.0, 0.0, 0.0, 0.0]}, "NSP6": {"data": [0, 0.0, 0.0, 0.0, 0, 0, 1.5, 0, 0.0, 0.0], "deviation": [0.0, 0.0, 0.0, 0.0, 0.0, 0.0, 2.1213203435596424, 1.7320508075688772, 1.02469507659596, 0.0]}, "NSP7": {"data": [0, 0.0, 0.0, 0.0, 0, 0, 0.0, 0, 0.0, 0.0], "deviation": [0.0, 0.0, 0.0, 0.0, 0.0, 0.0, 0.0, 0.0, 0.0, 0.0]}, "NSP8": {"data": [0, 0.0, 0.0, 0.0, 0, 0, 0.0, 0, 0.0, 0.0], "deviation": [0.0, 0.0, 0.0, 0.0, 0.0, 0.0, 0.0, 0.0, 0.0, 0.0]}, "Spike": {"data": [0, 0.0, 0.0, 1.0, 0, 0, 1.5, 2, 2.0, 1.0], "deviation": [0.0, 0.0, 0.0, 1.4142135623730951, 1.5, 1.7320508075688772, 2.1213203435596424, 1.5275252316519468, 0.9309493362512627, 1.4142135623730951]}, "NSP9": {"data": [0, 0.0, 0.0, 0.0, 0, 0, 0.0, 0, 0.0, 0.0], "deviation": [0.0, 0.0, 0.0, 0.0, 0.0, 0.0, 0.0, 0.0, 0.0, 0.0]}, "NSP10": {"data": [0, 0.0, 0.0, 0.0, 0, 0, 0.0, 0, 0.0, 0.0], "deviation": [0.0, 0.0, 0.0, 0.0, 0.0, 0.0, 0.0, 0.0, 0.0, 0.0]}, "NSP11": {"data": [0, 0.0, 0.0, 0.0, 0, 0, 0.0, 0, 0.0, 0.0], "deviation": [0.0, 0.0, 0.0, 0.0, 0.0, 0.0, 0.0, 0.0, 0.0, 0.0]}, "NSP12": {"data": [0, 0.0, 0.0, 0.0, 0, 0, 0.0, 0, 0.0, 0.0], "deviation": [0.0, 0.0, 0.0, 0.0, 0.0, 0.0, 0.0, 0.0, 0.0, 0.0]}, "M": {"data": [0, 0.0, 0.0, 0.0, 0, 0, 0.0, 0, 0.0, 0.0], "deviation": [0.0, 0.0, 0.0, 0.0, 0.0, 0.0, 0.0, 0.0, 0.0, 0.0]}, "NSP13": {"data": [0, 0.0, 0.0, 0.0, 0, 0, 0.0, 0, 0.0, 0.0], "deviation": [0.0, 0.0, 0.0, 0.0, 0.0, 0.0, 0.0, 0.0, 0.0, 0.0]}, "N": {"data": [0, 0.0, 0.0, 0.0, 0, 0, 0.0, 0, 0.0, 0.0], "deviation": [0.0, 0.0, 0.0, 0.0, 0.0, 0.0, 0.0, 0.0, 0.0, 0.0]}, "NSP14": {"data": [0, 0.0, 0.0, 0.0, 0, 0, 0.0, 0, 0.0, 0.0], "deviation": [0.0, 0.0, 0.0, 0.0, 0.0, 0.0, 0.0, 0.0, 0.0, 0.0]}, "NS3": {"data": [0, 0.0, 0.0, 0.0, 0, 0, 0.0, 0, 0.0, 0.0], "deviation": [0.0, 0.0, 0.0, 0.0, 0.0, 0.0, 0.0, 0.0, 0.0, 0.0]}, "NSP15": {"data": [0, 0.0, 0.0, 0.0, 0, 0, 0.0, 0, 0.0, 0.0], "deviation": [0.0, 0.0, 0.0, 0.0, 0.0, 0.0, 0.0, 0.0, 0.0, 0.0]}, "NSP16": {"data": [0, 0.0, 0.0, 0.0, 0, 0, 0.0, 0, 0.0, 0.0], "deviation": [0.0, 0.0, 0.0, 0.0, 0.0, 0.0, 0.0, 0.0, 0.0, 0.0]}, "NS9b": {"data": [0, 0.0, 0.0, 0.0, 0, 0, 0.0, 0, 0.0, 0.0], "deviation": [0.0, 0.0, 0.0, 0.0, 0.0, 0.0, 0.0, 0.0, 0.0, 0.0]}, "NS6": {"data": [0, 0.0, 0.0, 0.0, 0, 0, 0.0, 0, 0.0, 0.0], "deviation": [0.0, 0.0, 0.0, 0.0, 0.0, 0.0, 0.0, 0.0, 0.0, 0.0]}, "NS9c": {"data": [0, 0.0, 0.0, 0.0, 0, 0, 0.0, 0, 0.0, 0.0], "deviation": [0.0, 0.0, 0.0, 0.0, 0.0, 0.0, 0.0, 0.0, 0.0, 0.0]}, "NSP1": {"data": [0, 0.0, 0.0, 0.0, 0, 0, 0.0, 0, 0.0, 0.0], "deviation": [0.0, 0.0, 0.0, 0.0, 0.0, 0.0, 0.0, 0.0, 0.0, 0.0]}, "NSP2": {"data": [0, 0.0, 0.0, 0.0, 0, 0, 0.0, 0, 0.0, 0.0], "deviation": [0.0, 0.0, 0.0, 0.0, 0.0, 0.0, 0.0, 0.0, 0.0, 0.0]}, "NS8": {"data": [0, 0.0, 0.0, 0.0, 0, 0, 0.0, 0, 0.0, 0.0], "deviation": [0.0, 0.0, 0.0, 0.0, 0.0, 0.0, 0.0, 0.0, 0.0, 0.0]}, "NSP3": {"data": [0, 0.0, 0.0, 0.0, 0, 0, 0.0, 0, 0.0, 0.0], "deviation": [0.0, 0.0, 0.0, 0.0, 0.0, 0.0, 0.0, 0.0, 0.0, 0.0]}}, "missense": {"NSP4": {"data": [0, 0.0, 0.5, 0.0, 0, 0, 1.0, 2, 2.0, 2.0], "deviation": [0.0, 0.0, 0.7071067811865476, 0.0, 0.0, 0.5773502691896258, 1.4142135623730951, 1.1547005383792515, 0.704154339142587, 0.0]}, "E": {"data": [0, 0.0, 0.0, 0.0, 0, 0, 0.0, 0, 0.0, 0.0], "deviation": [0.0, 0.0, 0.0, 0.0, 0.0, 0.0, 0.0, 0.0, 0.0, 0.0]}, "NS7a": {"data": [0, 0.0, 0.0, 0.0, 0, 0, 1.0, 2, 2.0, 2.0], "deviation": [0.0, 0.0, 0.0, 0.0, 0.0, 0.0, 1.4142135623730951, 1.1547005383792515, 1.02469507659596, 0.0]}, "NSP5": {"data": [0, 0.0, 0.0, 0.0, 0, 0, 0.0, 0, 0.0, 0.0], "deviation": [0.0, 0.0, 0.0, 0.0, 0.0, 0.5773502691896258, 0.0, 0.0, 0.4472135954999579, 0.0]}, "NS7b": {"data": [0, 0.0, 0.0, 0.0, 0, 0, 0.5, 1, 1.0, 1.0], "deviation": [0.0, 0.0, 0.0, 0.0, 0.0, 0.0, 0.7071067811865476, 0.5773502691896257, 0.4031128874149275, 0.0]}, "NSP6": {"data": [0, 0.0, 0.5, 0.0, 0, 0, 0.5, 1, 1.0, 2.0], "deviation": [0.0, 0.2672612419124244, 0.7071067811865476, 0.0, 0.0, 0.0, 0.7071067811865476, 0.5773502691896257, 0.5773502691896257, 0.0]}, "NSP7": {"data": [0, 0.0, 0.0, 0.0, 0, 0, 0.0, 0, 0.0, 0.0], "deviation": [0.0, 0.0, 0.0, 0.0, 0.0, 0.0, 0.0, 0.0, 0.0, 0.0]}, "NSP8": {"data": [0, 0.0, 0.5, 0.0, 0, 0, 0.0, 0, 0.0, 0.0], "deviation": [0.0, 0.0, 0.7071067811865476, 0.0, 0.0, 0.0, 0.0, 0.0, 0.0, 0.0]}, "Spike": {"data": [1, 1.0, 1.0, 0.0, 2, 2, 6.5, 7, 7.0, 7.0], "deviation": [0.5773502691896257, 0.2672612419124244, 1.4142135623730951, 0.0, 1.092906420717, 1.5275252316519468, 2.1213203435596424, 0.5773502691896257, 0.8563488385776752, 0.0]}, "NSP9": {"data": [0, 0.0, 0.0, 0.0, 0, 0, 0.0, 0, 0.0, 0.0], "deviation": [0.0, 0.0, 0.0, 0.0, 0.0, 0.0, 0.0, 0.0, 0.0, 0.0]}, "NSP10": {"data": [0, 0.0, 0.0, 0.0, 0, 0, 0.0, 0, 0.0, 0.0], "deviation": [0.0, 0.2672612419124244, 0.0, 0.0, 0.0, 0.0, 0.0, 0.0, 0.0, 0.0]}, "NSP11": {"data": [0, 0.0, 0.0, 0.0, 0, 0, 0.0, 0, 0.0, 0.0], "deviation": [0.0, 0.0, 0.0, 0.0, 0.0, 0.0, 0.0, 0.0, 0.0, 0.0]}, "NSP12": {"data": [1, 1.0, 1.5, 0.0, 0, 2, 2.0, 4, 2.0, 2.0], "deviation": [0.0, 0.6333236937766509, 2.1213203435596424, 0.0, 0.0, 1.5275252316519468, 0.0, 1.7320508075688772, 0.7719024117939607, 0.0]}, "M": {"data": [0, 0.0, 0.0, 0.0, 0, 0, 0.5, 1, 1.0, 1.0], "deviation": [0.0, 0.0, 0.0, 0.0, 0.0, 1.1547005383792517, 0.7071067811865476, 0.5773502691896257, 0.4031128874149275, 0.0]}, "NSP13": {"data": [0, 0.0, 0.0, 0.0, 0, 0, 0.5, 1, 1.0, 1.0], "deviation": [0.0, 0.0, 0.0, 0.0, 0.0, 0.5773502691896258, 0.7071067811865476, 0.5773502691896257, 0.5737304826019501, 0.0]}, "N": {"data": [0, 1.0, 1.5, 0.0, 0, 1, 4.5, 4, 4.0, 4.5], "deviation": [0.0, 0.7559289460184544, 2.1213203435596424, 0.0, 0.0, 1.5275252316519468, 0.7071067811865476, 0.0, 0.5, 0.7071067811865476]}, "NSP14": {"data": [0, 0.0, 0.5, 0.0, 0, 0, 1.0, 1, 1.0, 1.0], "deviation": [0.0, 0.4258153136263201, 0.7071067811865476, 0.0, 0.0, 0.0, 0.0, 0.5773502691896257, 0.5737304826019501, 0.0]}, "NS3": {"data": [1, 0.5, 0.5, 0.0, 0, 1, 1.0, 1, 1.0, 1.0], "deviation": [0.5773502691896257, 0.8254203058555569, 0.7071067811865476, 0.0, 0.0, 0.5773502691896257, 0.0, 0.5773502691896257, 0.4425306015783918, 0.0]}, "NSP15": {"data": [0, 0.0, 0.0, 0.0, 0, 0, 0.0, 1, 0.0, 0.0], "deviation": [0.0, 0.0, 0.0, 0.0, 0.0, 0.0, 0.0, 0.5773502691896257, 0.3415650255319866, 0.0]}, "NSP16": {"data": [0, 0.0, 0.0, 0.0, 0, 0, 0.0, 0, 0.0, 0.0], "deviation": [0.0, 0.0, 0.0, 0.0, 0.0, 0.0, 0.0, 0.0, 0.47871355387816905, 0.0]}, "NS9b": {"data": [0, 0.0, 0.0, 0.0, 0, 0, 0.0, 0, 0.0, 0.0], "deviation": [0.0, 0.0, 0.0, 0.0, 0.0, 0.0, 0.0, 0.0, 0.0, 0.0]}, "NS6": {"data": [0, 0.0, 0.0, 0.0, 0, 0, 0.0, 0, 0.0, 0.0], "deviation": [0.0, 0.0, 0.0, 0.0, 0.0, 0.0, 0.0, 0.0, 0.0, 0.0]}, "NS9c": {"data": [0, 0.0, 0.0, 0.0, 0, 0, 0.0, 0, 0.0, 0.0], "deviation": [0.0, 0.0, 0.0, 0.0, 0.0, 0.0, 0.0, 0.0, 0.0, 0.0]}, "NSP1": {"data": [0, 0.0, 0.5, 0.0, 0, 0, 0.0, 0, 0.0, 0.0], "deviation": [0.0, 0.0, 0.7071067811865476, 0.0, 0.0, 0.0, 0.0, 0.0, 0.25, 0.0]}, "NSP2": {"data": [1, 0.0, 0.0, 0.0, 0, 1, 0.0, 0, 0.0, 0.0], "deviation": [0.5773502691896257, 0.5135525910130955, 0.0, 0.0, 0.0, 0.5773502691896257, 0.0, 0.0, 0.6191391873668903, 0.0]}, "NS8": {"data": [0, 0.0, 0.0, 0.0, 0, 0, 2.0, 0, 0.0, 0.0], "deviation": [0.5773502691896258, 0.0, 0.0, 0.0, 0.0, 0.5773502691896258, 2.8284271247461903, 2.3094010767585034, 1.3647344063956182, 0.0]}, "NSP3": {"data": [1, 0.0, 0.5, 0.0, 0, 0, 3.0, 4, 3.0, 3.0],