{"indel": {"NSP4": {"data": [0.0, 0, 0], "deviation": [0.0, 0.0, 0.0]}, "E": {"data": [0.0, 0, 0], "deviation": [0.0, 0.0, 0.0]}, "NS7a": {"data": [0.0, 0, 0], "deviation": [0.0, 0.0, 0.0]}, "NSP5": {"data": [0.0, 0, 0], "deviation": [0.0, 0.0, 0.0]}, "NS7b": {"data": [0.0, 0, 0], "deviation": [0.0, 0.0, 0.0]}, "NSP6": {"data": [1.5, 3, 0], "deviation": [2.1213203435596424, 0.0, 1.2421180068162376]}, "NSP7": {"data": [0.0, 0, 0], "deviation": [0.0, 0.0, 0.0]}, "NSP8": {"data": [0.0, 0, 0], "deviation": [0.0, 0.0, 0.0]}, "Spike": {"data": [1.5, 3, 2], "deviation": [2.1213203435596424, 0.0, 0.4140393356054125]}, "NSP9": {"data": [0.0, 0, 0], "deviation": [0.0, 0.0, 0.0]}, "NSP10": {"data": [0.0, 0, 0], "deviation": [0.0, 0.0, 0.0]}, "NSP11": {"data": [0.0, 0, 0], "deviation": [0.0, 0.0, 0.0]}, "NSP12": {"data": [0.0, 0, 0], "deviation": [0.0, 0.0, 0.0]}, "M": {"data": [0.0, 0, 0], "deviation": [0.0, 0.0, 0.0]}, "NSP13": {"data": [0.0, 0, 0], "deviation": [0.0, 0.0, 0.0]}, "N": {"data": [0.0, 0, 0], "deviation": [0.0, 0.0, 0.0]}, "NSP14": {"data": [0.0, 0, 0], "deviation": [0.0, 0.0, 0.0]}, "NS3": {"data": [0.0, 0, 0], "deviation": [0.0, 0.0, 0.0]}, "NSP15": {"data": [0.0, 0, 0], "deviation": [0.0, 0.0, 0.0]}, "NSP16": {"data": [0.0, 0, 0], "deviation": [0.0, 0.0, 0.0]}, "NS9b": {"data": [0.0, 0, 0], "deviation": [0.0, 0.0, 0.0]}, "NS6": {"data": [0.0, 0, 0], "deviation": [0.0, 0.0, 0.0]}, "NS9c": {"data": [0.0, 0, 0], "deviation": [0.0, 0.0, 0.0]}, "NSP1": {"data": [0.0, 0, 0], "deviation": [0.0, 0.0, 0.0]}, "NSP2": {"data": [0.0, 0, 0], "deviation": [0.0, 0.0, 0.0]}, "NS8": {"data": [0.0, 0, 0], "deviation": [0.0, 0.0, 0.0]}, "NSP3": {"data": [0.0, 0, 0], "deviation": [0.0, 0.0, 0.0]}}, "missense": {"NSP4": {"data": [0.0, 0, 2], "deviation": [0.0, 0.0, 0.8997354108424374]}, "E": {"data": [0.0, 0, 0], "deviation": [0.0, 0.0, 0.3518657752744984]}, "NS7a": {"data": [0.5, 0, 2], "deviation": [0.7071067811865476, 0.447213595499958, 0.7037315505489968]}, "NSP5": {"data": [0.0, 0, 0], "deviation": [0.0, 0.0, 0.3518657752744984]}, "NS7b": {"data": [0.0, 0, 1], "deviation": [0.0, 0.0, 0.4879500364742666]}, "NSP6": {"data": [0.0, 0, 1], "deviation": [0.0, 0.0, 0.45773770821706344]}, "NSP7": {"data": [0.0, 0, 0], "deviation": [0.0, 0.5477225575051661, 0.0]}, "NSP8": {"data": [0.0, 0, 0], "deviation": [0.0, 0.0, 0.0]}, "Spike": {"data": [4.0, 8, 9], "deviation": [5.656854249492381, 0.7071067811865476, 1.01418510567422]}, "NSP9": {"data": [0.0, 0, 0], "deviation": [0.0, 0.0, 0.2581988897471611]}, "NSP10": {"data": [0.5, 0, 0], "deviation": [0.7071067811865476, 0.0, 0.0]}, "NSP11": {"data": [0.0, 0, 0], "deviation": [0.0, 0.0, 0.0]}, "NSP12": {"data": [0.5, 1, 2], "deviation": [0.7071067811865476, 0.0, 0.7037315505489968]}, "M": {"data": [0.0, 0, 1], "deviation": [0.0, 0.0, 0.4140393356054125]}, "NSP13": {"data": [0.0, 0, 1], "deviation": [0.0, 0.5477225575051661, 0.3518657752744984]}, "N": {"data": [2.0, 4, 4], "deviation": [2.8284271247461903, 0.5477225575051661, 0.9258200997725514]}, "NSP14": {"data": [0.0, 0, 1], "deviation": [0.0, 0.447213595499958, 0.7037315505489968]}, "NS3": {"data": [0.0, 0, 1], "deviation": [0.0, 0.447213595499958, 1.121223821162776]}, "NSP15": {"data": [0.0, 0, 0], "deviation": [0.0, 0.0, 0.0]}, "NSP16": {"data": [0.0, 0, 0], "deviation": [0.0, 0.0, 0.0]}, "NS9b": {"data": [0.0, 0, 0], "deviation": [0.0, 0.0, 0.0]}, "NS6": {"data": [0.0, 0, 0], "deviation": [0.0, 0.0, 0.0]}, "NS9c": {"data": [0.0, 0, 0], "deviation": [0.0, 0.0, 0.0]}, "NSP1": {"data": [0.0, 0, 0], "deviation": [0.0, 0.0, 0.3518657752744984]}, "NSP2": {"data": [0.5, 0, 0], "deviation": [0.7071067811865476, 0.0, 0.7367883976130073]}, "NS8": {"data": [2.5, 3, 0], "deviation": [3.5355339059327378, 0.0, 0.9856107606091623]}, "NSP3": {"data": [2.0, 3, 3], "deviation": [2.8284271247461903, 0.8944271909999159, 1.1751393027860062]}}, "labels": ["03/2020", "06/2021", "07/2021"]}