{"indel": {"NSP4": {"data": [0.0, 0.0, 0, 0.0, 0, 0.0], "deviation": [0.0, 0.0, 0.0, 0.0, 0.0, 0.0]}, "E": {"data": [0.0, 0.0, 0, 0.0, 0, 0.0], "deviation": [0.0, 0.0, 0.0, 0.0, 0.0, 0.0]}, "NS7a": {"data": [0.0, 0.0, 0, 0.0, 0, 0.0], "deviation": [0.0, 0.0, 0.0, 0.0, 0.0, 0.0]}, "NSP5": {"data": [0.0, 0.0, 0, 0.0, 0, 0.0], "deviation": [0.0, 0.0, 0.0, 0.0, 0.0, 0.0]}, "NS7b": {"data": [0.0, 0.0, 0, 0.0, 0, 0.0], "deviation": [0.0, 0.0, 0.0, 0.0, 0.0, 0.0]}, "NSP6": {"data": [1.5, 3.0, 3, 1.5, 0, 0.0], "deviation": [2.1213203435596424, 0.0, 0.0, 2.1213203435596424, 0.0, 1.3887301496588271]}, "NSP7": {"data": [0.0, 0.0, 0, 0.0, 0, 0.0], "deviation": [0.0, 0.0, 0.0, 0.0, 0.0, 0.0]}, "NSP8": {"data": [0.0, 0.0, 0, 0.0, 0, 0.0], "deviation": [0.0, 0.0, 0.0, 0.0, 0.0, 0.0]}, "Spike": {"data": [1.5, 3.0, 3, 2.5, 2, 2.0], "deviation": [2.1213203435596424, 0.0, 0.0, 0.7071067811865476, 0.0, 0.4629100498862757]}, "NSP9": {"data": [0.0, 0.0, 0, 0.0, 0, 0.0], "deviation": [0.0, 0.0, 0.0, 0.0, 0.0, 0.0]}, "NSP10": {"data": [0.0, 0.0, 0, 0.0, 0, 0.0], "deviation": [0.0, 0.0, 0.0, 0.0, 0.0, 0.0]}, "NSP11": {"data": [0.0, 0.0, 0, 0.0, 0, 0.0], "deviation": [0.0, 0.0, 0.0, 0.0, 0.0, 0.0]}, "NSP12": {"data": [0.0, 0.0, 0, 0.0, 0, 0.0], "deviation": [0.0, 0.0, 0.0, 0.0, 0.0, 0.0]}, "M": {"data": [0.0, 0.0, 0, 0.0, 0, 0.0], "deviation": [0.0, 0.0, 0.0, 0.0, 0.0, 0.0]}, "NSP13": {"data": [0.0, 0.0, 0, 0.0, 0, 0.0], "deviation": [0.0, 0.0, 0.0, 0.0, 0.0, 0.0]}, "N": {"data": [0.0, 0.0, 0, 0.0, 0, 0.0], "deviation": [0.0, 0.0, 0.0, 0.0, 0.0, 0.0]}, "NSP14": {"data": [0.0, 0.0, 0, 0.0, 0, 0.0], "deviation": [0.0, 0.0, 0.0, 0.0, 0.0, 0.0]}, "NS3": {"data": [0.0, 0.0, 0, 0.0, 0, 0.0], "deviation": [0.0, 0.0, 0.0, 0.0, 0.0, 0.0]}, "NSP15": {"data": [0.0, 0.0, 0, 0.0, 0, 0.0], "deviation": [0.0, 0.0, 0.0, 0.0, 0.0, 0.0]}, "NSP16": {"data": [0.0, 0.0, 0, 0.0, 0, 0.0], "deviation": [0.0, 0.0, 0.0, 0.0, 0.0, 0.0]}, "NS9b": {"data": [0.0, 0.0, 0, 0.0, 0, 0.0], "deviation": [0.0, 0.0, 0.0, 0.0, 0.0, 0.0]}, "NS6": {"data": [0.0, 0.0, 0, 0.0, 0, 0.0], "deviation": [0.0, 0.0, 0.0, 0.0, 0.0, 0.0]}, "NS9c": {"data": [0.0, 0.0, 0, 0.0, 0, 0.0], "deviation": [0.0, 0.0, 0.0, 0.0, 0.0, 0.0]}, "NSP1": {"data": [0.0, 0.0, 0, 0.0, 0, 0.0], "deviation": [0.0, 0.0, 0.0, 0.0, 0.0, 0.0]}, "NSP2": {"data": [0.0, 0.0, 0, 0.0, 0, 0.0], "deviation": [0.0, 0.0, 0.0, 0.0, 0.0, 0.0]}, "NS8": {"data": [0.0, 0.0, 0, 0.0, 0, 0.0], "deviation": [0.0, 0.0, 0.0, 0.0, 0.0, 0.0]}, "NSP3": {"data": [0.0, 0.0, 0, 0.0, 0, 0.0], "deviation": [0.0, 0.0, 0.0, 0.0, 0.0, 0.0]}}, "missense": {"NSP4": {"data": [0.0, 0.0, 0, 1.5, 2, 2.0], "deviation": [0.0, 0.0, 0.0, 0.7071067811865476, 0.4472135954999579, 1.1877349391654208]}, "E": {"data": [0.0, 0.0, 0, 0.0, 0, 0.0], "deviation": [0.0, 0.0, 0.0, 0.0, 0.0, 0.4629100498862757]}, "NS7a": {"data": [0.5, 0.0, 0, 2.0, 2, 2.0], "deviation": [0.7071067811865476, 0.0, 0.5773502691896258, 0.0, 0.0, 0.9258200997725514]}, "NSP5": {"data": [0.0, 0.0, 0, 0.0, 0, 0.0], "deviation": [0.0, 0.0, 0.0, 0.0, 0.0, 0.4629100498862757]}, "NS7b": {"data": [0.0, 0.0, 0, 0.5, 1, 1.0], "deviation": [0.0, 0.0, 0.0, 0.7071067811865476, 0.4472135954999579, 0.5175491695067657]}, "NSP6": {"data": [0.0, 0.0, 0, 0.5, 1, 1.0], "deviation": [0.0, 0.0, 0.0, 0.7071067811865476, 0.4472135954999579, 0.3535533905932738]}, "NSP7": {"data": [0.0, 0.5, 0, 0.0, 0, 0.0], "deviation": [0.0, 0.7071067811865476, 0.5773502691896258, 0.0, 0.0, 0.0]}, "NSP8": {"data": [0.0, 0.0, 0, 0.0, 0, 0.0], "deviation": [0.0, 0.0, 0.0, 0.0, 0.0, 0.0]}, "Spike": {"data": [4.0, 8.5, 8, 8.5, 10, 8.5], "deviation": [5.656854249492381, 0.7071067811865476, 0.5773502691896257, 0.7071067811865476, 0.5477225575051661, 1.0606601717798212]}, "NSP9": {"data": [0.0, 0.0, 0, 0.5, 0, 0.0], "deviation": [0.0, 0.0, 0.0, 0.7071067811865476, 0.0, 0.0]}, "NSP10": {"data": [0.5, 0.0, 0, 0.0, 0, 0.0], "deviation": [0.7071067811865476, 0.0, 0.0, 0.0, 0.0, 0.0]}, "NSP11": {"data": [0.0, 0.0, 0, 0.0, 0, 0.0], "deviation": [0.0, 0.0, 0.0, 0.0, 0.0, 0.0]}, "NSP12": {"data": [0.5, 1.0, 1, 2.0, 2, 2.5], "deviation": [0.7071067811865476, 0.0, 0.0, 0.0, 0.5477225575051661, 0.8864052604279183]}, "M": {"data": [0.0, 0.0, 0, 0.5, 1, 1.0], "deviation": [0.0, 0.0, 0.0, 0.7071067811865476, 0.0, 0.4629100498862757]}, "NSP13": {"data": [0.0, 0.5, 0, 1.0, 1, 1.0], "deviation": [0.0, 0.7071067811865476, 0.5773502691896258, 0.0, 0.0, 0.4629100498862757]}, "N": {"data": [2.0, 4.5, 4, 4.0, 4, 4.0], "deviation": [2.8284271247461903, 0.7071067811865476, 0.5773502691896257, 0.0, 0.4472135954999579, 1.246423454758225]}, "NSP14": {"data": [0.0, 0.0, 0, 0.5, 1, 1.0], "deviation": [0.0, 0.0, 0.5773502691896258, 0.7071067811865476, 0.8366600265340756, 0.6408699444616557]}, "NS3": {"data": [0.0, 0.0, 0, 0.5, 1, 1.5], "deviation": [0.0, 0.0, 0.5773502691896258, 0.7071067811865476, 0.5477225575051661, 1.3093073414159542]}, "NSP15": {"data": [0.0, 0.0, 0, 0.0, 0, 0.0], "deviation": [0.0, 0.0, 0.0, 0.0, 0.0, 0.0]}, "NSP16": {"data": [0.0, 0.0, 0, 0.0, 0, 0.0], "deviation": [0.0, 0.0, 0.0, 0.0, 0.0, 0.0]}, "NS9b": {"data": [0.0, 0.0, 0, 0.0, 0, 0.0], "deviation": [0.0, 0.0, 0.0, 0.0, 0.0, 0.0]}, "NS6": {"data": [0.0, 0.0, 0, 0.0, 0, 0.0], "deviation": [0.0, 0.0, 0.0, 0.0, 0.0, 0.0]}, "NS9c": {"data": [0.0, 0.0, 0, 0.0, 0, 0.0], "deviation": [0.0, 0.0, 0.0, 0.0, 0.0, 0.0]}, "NSP1": {"data": [0.0, 0.0, 0, 0.0, 0, 0.0], "deviation": [0.0, 0.0, 0.0, 0.0, 0.447213595499958, 0.3535533905932738]}, "NSP2": {"data": [0.5, 0.0, 0, 0.5, 0, 0.0], "deviation": [0.7071067811865476, 0.0, 0.0, 0.7071067811865476, 0.447213595499958, 0.9258200997725514]}, "NS8": {"data": [2.5, 3.0, 3, 1.5, 0, 0.0], "deviation": [3.5355339059327378, 0.0, 0.0, 2.1213203435596424, 0.894427190999916, 0.7559289460184544]}, "NSP3": {"data": [2.0, 4.0, 3, 4.5, 3, 2.5], "deviation": [2.8284271247461903, 1.4142135623730951, 0.0, 2.1213203435596424, 0.5477225575051661, 0.8864052604279183]}}, "labels": ["w11/2020", "w23/2021", "w25/2021", "w26/2021", "w27/2021", "w28/2021"]}