{"indel": {"NSP4": {"data": [0, 0.0, 0, 0, 0.0, 0.0, 0.0, 0.0, 0.0, 0, 0, 0, 0.0], "deviation": [0.0, 0.0, 0.0, 0.0, 0.0, 0.0, 0.0, 0.0, 0.0, 0.0, 0.0, 0.0, 0.0]}, "E": {"data": [0, 0.0, 0, 0, 0.0, 0.0, 0.0, 0.0, 0.0, 0, 0, 0, 0.0], "deviation": [0.0, 0.0, 0.0, 0.0, 0.0, 0.0, 0.0, 0.0, 0.0, 0.0, 0.0, 0.0, 0.0]}, "NS7a": {"data": [0, 0.0, 0, 0, 0.0, 0.0, 0.0, 0.0, 0.0, 0, 0, 0, 0.0], "deviation": [0.0, 0.0, 0.0, 0.0, 0.0, 0.0, 0.0, 0.10314212462587935, 0.0, 0.0, 0.0, 0.11704114719613055, 0.5884898863364997]}, "NSP5": {"data": [0, 0.0, 0, 0, 0.0, 0.0, 0.0, 0.0, 0.0, 0, 0, 0, 0.0], "deviation": [0.0, 0.0, 0.0, 0.0, 0.0, 0.0, 0.0, 0.0, 0.0, 0.0, 0.0, 0.0, 0.0]}, "NS7b": {"data": [0, 0.0, 0, 0, 0.0, 0.0, 0.0, 0.0, 0.0, 0, 0, 0, 0.0], "deviation": [0.0, 0.0, 0.0, 0.0, 0.0, 0.0, 0.0, 0.0, 0.05698028822981897, 0.0, 0.0, 0.0, 0.21320071635561044]}, "NSP6": {"data": [0, 1.5, 0, 0, 1.5, 0.0, 0.0, 0.0, 0.0, 3, 3, 3, 0.0], "deviation": [1.7320508075688772, 2.1213203435596424, 1.1788578719900638, 1.364576478442026, 2.1213203435596424, 1.322532006830424, 0.9212405823270683, 1.2966087438888012, 1.3665521515018113, 1.489836383171012, 1.3469332756346388, 0.7630149283086917, 1.2867960816866657]}, "NSP7": {"data": [0, 0.0, 0, 0, 0.0, 0.0, 0.0, 0.0, 0.0, 0, 0, 0, 0.0], "deviation": [0.0, 0.0, 0.0, 0.0, 0.0, 0.0, 0.0, 0.0, 0.0, 0.0, 0.0, 0.0, 0.0]}, "NSP8": {"data": [0, 0.0, 0, 0, 0.0, 0.0, 0.0, 0.0, 0.0, 0, 0, 0, 0.0], "deviation": [0.0, 0.0, 0.0, 0.0, 0.0, 0.0, 0.0, 0.0, 0.0, 0.0, 0.0, 0.0, 0.0]}, "Spike": {"data": [0, 0.0, 0, 0, 0.0, 0.0, 0.0, 0.0, 0.0, 0, 3, 3, 0.0], "deviation": [0.0, 0.0, 1.477776549215667, 1.1532776166577343, 0.0, 0.9483638222717795, 0.9746231840445788, 1.436722992832352, 1.128503634680846, 1.4413570952347508, 1.2667845448236068, 0.9680984515389672, 1.3200091827045153]}, "NSP9": {"data": [0, 0.0, 0, 0, 0.0, 0.0, 0.0, 0.0, 0.0, 0, 0, 0, 0.0], "deviation": [0.0, 0.0, 0.0, 0.0, 0.0, 0.0, 0.0, 0.0, 0.0, 0.0, 0.0, 0.0, 0.0]}, "NSP10": {"data": [0, 0.0, 0, 0, 0.0, 0.0, 0.0, 0.0, 0.0, 0, 0, 0, 0.0], "deviation": [0.0, 0.0, 0.0, 0.0, 0.0, 0.0, 0.0, 0.0, 0.0, 0.0, 0.0, 0.0, 0.0]}, "NSP11": {"data": [0, 0.0, 0, 0, 0.0, 0.0, 0.0, 0.0, 0.0, 0, 0, 0, 0.0], "deviation": [0.0, 0.0, 0.0, 0.0, 0.0, 0.0, 0.0, 0.0, 0.0, 0.0, 0.0, 0.0, 0.0]}, "NSP12": {"data": [0, 0.0, 0, 0, 0.0, 0.0, 0.0, 0.0, 0.0, 0, 0, 0, 0.0], "deviation": [0.0, 0.0, 0.0, 0.0, 0.0, 0.0, 0.0, 0.0, 0.0, 0.0, 0.0, 0.0, 0.0]}, "M": {"data": [0, 0.0, 0, 0, 0.0, 0.0, 0.0, 0.0, 0.0, 0, 0, 0, 0.0], "deviation": [0.0, 0.0, 0.0, 0.0, 0.0, 0.0, 0.0, 0.0, 0.0, 0.0, 0.0, 0.0, 0.0]}, "NSP13": {"data": [0, 0.0, 0, 0, 0.0, 0.0, 0.0, 0.0, 0.0, 0, 0, 0, 0.0], "deviation": [0.0, 0.0, 0.0, 0.0, 0.0, 0.0, 0.0, 0.0, 0.0, 0.0, 0.0, 0.0, 0.0]}, "N": {"data": [0, 0.0, 0, 0, 0.0, 0.0, 0.0, 0.0, 0.0, 0, 0, 0, 0.0], "deviation": [0.0, 0.0, 0.0, 0.0, 0.0, 0.0, 0.0, 0.0, 0.05698028822981897, 0.0, 0.20851441405707477, 0.0, 0.0]}, "NSP14": {"data": [0, 0.0, 0, 0, 0.0, 0.0, 0.0, 0.0, 0.0, 0, 0, 0, 0.0], "deviation": [0.0, 0.0, 0.0, 0.0, 0.0, 0.0, 0.0, 0.0, 0.0, 0.0873704056661038, 0.0, 0.0, 0.0]}, "NS3": {"data": [0, 0.0, 0, 0, 0.0, 0.0, 0.0, 0.0, 0.0, 0, 0, 0, 0.0], "deviation": [0.0, 0.0, 0.0, 0.0, 0.0, 0.1, 0.0, 0.0, 0.0, 0.873704056661038, 0.45769658728016005, 0.0, 0.0]}, "NSP15": {"data": [0, 0.0, 0, 0, 0.0, 0.0, 0.0, 0.0, 0.0, 0, 0, 0, 0.0], "deviation": [0.0, 0.0, 0.0, 0.0, 0.0, 0.0, 0.0, 0.0, 0.0, 0.0, 0.0, 0.0, 0.0]}, "NSP16": {"data": [0, 0.0, 0, 0, 0.0, 0.0, 0.0, 0.0, 0.0, 0, 0, 0, 0.0], "deviation": [0.0, 0.0, 0.0, 0.0, 0.0, 0.0, 0.0, 0.0, 0.0, 0.0, 0.0, 0.0, 0.0]}, "NS9b": {"data": [0, 0.0, 0, 0, 0.0, 0.0, 0.0, 0.0, 0.0, 0, 0, 0, 0.0], "deviation": [0.0, 0.0, 0.0, 0.0, 0.0, 0.0, 0.0, 0.0, 0.0, 0.0, 0.0, 0.0, 0.0]}, "NS6": {"data": [0, 0.0, 0, 0, 0.0, 0.0, 0.0, 0.0, 0.0, 0, 0, 0, 0.0], "deviation": [0.0, 0.0, 0.0, 0.0, 0.0, 0.0, 0.0, 0.0, 0.0, 0.0, 0.0, 0.0, 0.0]}, "NS9c": {"data": [0, 0.0, 0, 0, 0.0, 0.0, 0.0, 0.0, 0.0, 0, 0, 0, 0.0], "deviation": [0.0, 0.0, 0.0, 0.0, 0.0, 0.0, 0.0, 0.0, 0.0, 0.0, 0.0, 0.0, 0.0]}, "NSP1": {"data": [0, 0.0, 0, 0, 0.0, 0.0, 0.0, 0.0, 0.0, 0, 0, 0, 0.0], "deviation": [0.0, 0.0, 1.1788578719900638, 0.0, 0.0, 0.0, 0.0, 0.43523595475038723, 0.2539089053620909, 0.0, 0.0, 0.7630149283086917, 0.0]}, "NSP2": {"data": [0, 0.0, 0, 0, 0.0, 0.0, 0.0, 0.0, 0.0, 0, 0, 0, 0.0], "deviation": [0.0, 0.0, 0.0, 0.0, 0.0, 0.31526804372460493, 0.0, 0.0, 0.0, 0.0, 0.0, 0.0, 0.0]}, "NS8": {"data": [0, 0.0, 0, 0, 0.0, 0.0, 0.0, 0.0, 0.0, 0, 0, 0, 0.0], "deviation": [0.0, 0.0, 0.0, 0.0, 0.0, 0.0, 0.3498119795727865, 0.0, 0.0, 0.0, 0.0, 0.0, 0.4264014327112209]}, "NSP3": {"data": [0, 0.0, 0, 0, 0.0, 0.0, 0.0, 0.0, 0.0, 0, 0, 0, 0.0], "deviation": [0.0, 0.0, 0.0, 0.0, 0.0, 0.43239992711573966, 0.3661978661775386, 1.1345633708846727, 0.0, 0.0, 0.0, 0.0, 0.0]}}, "missense": {"NSP4": {"data": [1, 0.0, 0, 0, 0.0, 0.0, 1.0, 0.0, 0.0, 0, 0, 0, 1.5], "deviation": [0.5773502691896257, 0.0, 0.5144957554275266, 0.35093120317179816, 0.0, 0.519809599951771, 0.5890074910910755, 0.662507041440934, 0.39423486160557286, 0.5165493713894105, 0.6472807211834833, 0.3310423554409472, 0.7798878818298873]}, "E": {"data": [0, 0.5, 1, 1, 0.5, 1.0, 0.0, 0.0, 0.0, 0, 0, 0, 0.0], "deviation": [0.0, 0.7071067811865476, 0.46966821831386213, 0.30993404669460345, 0.7071067811865476, 0.49888765156985887, 0.320190458671962, 0.4597752427549547, 0.4598499655082641, 0.4685029442895593, 0.42174116783665, 0.46775801937323924, 0.29424494316824984]}, "NS7a": {"data": [0, 0.0, 0, 0, 0.0, 0.0, 0.0, 0.0, 0.0, 0, 0, 0, 2.0], "deviation": [0.0, 0.0, 0.0, 0.1856953381770519, 0.0, 0.1714466079977653, 0.45111946525263635, 0.3301726148797985, 0.2086378684279007, 0.4688787990987381, 0.8913284485317718, 0.7172584367887189, 1.0107645728086347]}, "NSP5": {"data": [1, 0.5, 1, 1, 0.5, 1.0, 1.0, 1.0, 1.0, 1, 0, 0, 0.0], "deviation": [0.0, 0.7071067811865476, 0.5557189302262113, 0.30993404669460345, 0.7071067811865476, 0.4379705261980329, 0.6668037139837001, 0.5723755920269522, 0.4949937624085632, 0.5787385801021472, 0.44897775854487953, 0.5402378415277564, 0.39477101697586137]}, "NS7b": {"data": [0, 0.0, 0, 0, 0.0, 0.0, 0.0, 0.0, 0.0, 0, 0, 0, 1.0], "deviation": [0.0, 0.0, 0.0, 0.0, 0.0, 0.1, 0.10206207261596575, 0.17671602026643132, 0.08045094782882897, 0.3101341743614693, 0.0, 0.0, 0.5032362797401965]}, "NSP6": {"data": [0, 0.0, 0, 0, 0.0, 0.0, 0.0, 0.0, 0.0, 0, 0, 0, 1.0], "deviation": [0.0, 0.0, 0.24253562503633297, 0.0, 0.0, 0.19694638556693236, 0.2930106877878258, 0.4930308173613427, 0.3341062291789216, 0.22576288102740558, 0.7827184815397382, 0.2964785715342602, 0.6529984122545218]}, "NSP7": {"data": [0, 0.0, 0, 0, 0.0, 0.0, 0.0, 0.0, 0.0, 0, 0, 0, 0.0], "deviation": [0.0, 0.0, 0.0, 0.0, 0.0, 0.0, 0.0, 0.10314212462587935, 0.1265790320877471, 0.0873704056661038, 0.0, 0.0, 0.0]}, "NSP8": {"data": [0, 0.0, 0, 0, 0.0, 0.0, 0.0, 0.0, 0.0, 0, 0, 0, 0.0], "deviation": [0.0, 0.0, 0.0, 0.0, 0.0, 0.1, 0.0, 0.2256184464259304, 0.21559311809888038, 0.3373413374036976, 0.20851441405707477, 0.0, 0.0]}, "Spike": {"data": [2, 2.5, 4, 4, 2.0, 4.0, 3.0, 4.5, 5.0, 5, 8, 8, 7.0], "deviation": [2.081665999466133, 3.5355339059327378, 1.678146736905994, 1.1522092721795603, 2.8284271247461903, 1.4088823566747846, 1.5758247631670617, 1.927447473588025, 1.4269735977345546, 1.8028814934402408, 1.5036188231122245, 1.2303246035648423, 0.8528028654224418]}, "NSP9": {"data": [1, 0.0, 0, 0, 0.0, 0.0, 1.0, 0.0, 0.0, 0, 0, 0, 0.0], "deviation": [0.5773502691896257, 0.0, 0.49259218307188896, 0.35093120317179816, 0.0, 0.4688261722621507, 0.5743035446551839, 0.5529604607067402, 0.29453832301333516, 0.3819165440559042, 0.0, 0.11704114719613055, 0.0]}, "NSP10": {"data": [0, 0.0, 0, 0, 0.0, 0.0, 0.0, 0.0, 0.0, 0, 0, 0, 0.0], "deviation": [0.0, 0.0, 0.0, 0.0, 0.0, 0.1, 0.14357588616379596, 0.10314212462587935, 0.11340239885168123, 0.0873704056661038, 0.0, 0.0, 0.0]}, "NSP11": {"data": [0, 0.0, 0, 0, 0.0, 0.0, 0.0, 0.0, 0.0, 0, 0, 0, 0.0],