{"indel": {"NSP4": {"data": [0, 0.0, 0.0], "deviation": [0.0, 0.0, 0.0]}, "E": {"data": [0, 0.0, 0.0], "deviation": [0.0, 0.0, 0.0]}, "NS7a": {"data": [0, 0.0, 0.0], "deviation": [0.0, 0.0, 0.0]}, "NSP5": {"data": [0, 0.0, 0.0], "deviation": [0.0, 0.0, 0.0]}, "NS7b": {"data": [0, 0.0, 0.0], "deviation": [0.0, 0.0, 0.0]}, "NSP6": {"data": [0, 1.5, 0.0], "deviation": [1.7320508075688772, 2.1213203435596424, 0.0]}, "NSP7": {"data": [0, 0.0, 0.0], "deviation": [0.0, 0.0, 0.0]}, "NSP8": {"data": [0, 0.0, 0.0], "deviation": [0.0, 0.0, 0.0]}, "Spike": {"data": [0, 1.0, 0.0], "deviation": [1.7320508075688772, 1.4142135623730951, 0.0]}, "NSP9": {"data": [0, 0.0, 0.0], "deviation": [0.0, 0.0, 0.0]}, "NSP10": {"data": [0, 0.0, 0.0], "deviation": [0.0, 0.0, 0.0]}, "NSP11": {"data": [0, 0.0, 0.0], "deviation": [0.0, 0.0, 0.0]}, "NSP12": {"data": [0, 0.0, 0.0], "deviation": [0.0, 0.0, 0.0]}, "M": {"data": [0, 0.0, 0.0], "deviation": [0.0, 0.0, 0.0]}, "NSP13": {"data": [0, 0.0, 0.0], "deviation": [0.0, 0.0, 0.0]}, "N": {"data": [0, 0.0, 0.0], "deviation": [0.0, 0.0, 0.0]}, "NSP14": {"data": [0, 0.0, 0.0], "deviation": [0.0, 0.0, 0.0]}, "NS3": {"data": [0, 0.0, 0.0], "deviation": [0.0, 0.0, 0.0]}, "NSP15": {"data": [0, 0.0, 0.0], "deviation": [0.0, 0.0, 0.0]}, "NSP16": {"data": [0, 0.0, 0.0], "deviation": [0.0, 0.0, 0.0]}, "NS9b": {"data": [0, 0.0, 0.0], "deviation": [0.0, 0.0, 0.0]}, "NS6": {"data": [0, 0.0, 0.0], "deviation": [0.0, 0.0, 0.0]}, "NS9c": {"data": [0, 0.0, 0.0], "deviation": [0.0, 0.0, 0.0]}, "NSP1": {"data": [0, 0.0, 0.0], "deviation": [0.0, 0.0, 0.0]}, "NSP2": {"data": [0, 0.0, 0.0], "deviation": [0.0, 0.0, 0.0]}, "NS8": {"data": [0, 0.0, 0.0], "deviation": [0.0, 0.0, 0.0]}, "NSP3": {"data": [0, 0.0, 0.0], "deviation": [0.0, 0.0, 0.0]}}, "missense": {"NSP4": {"data": [1, 0.5, 2.0], "deviation": [1.0, 0.7071067811865476, 0.0]}, "E": {"data": [0, 0.0, 0.5], "deviation": [0.0, 0.0, 0.7071067811865476]}, "NS7a": {"data": [0, 0.0, 0.0], "deviation": [0.0, 0.0, 0.0]}, "NSP5": {"data": [1, 0.0, 0.0], "deviation": [0.5773502691896257, 0.0, 0.0]}, "NS7b": {"data": [0, 0.0, 1.0], "deviation": [0.0, 0.0, 0.0]}, "NSP6": {"data": [0, 1.0, 1.0], "deviation": [1.1547005383792517, 1.4142135623730951, 0.0]}, "NSP7": {"data": [0, 0.0, 0.0], "deviation": [0.0, 0.0, 0.0]}, "NSP8": {"data": [0, 0.0, 0.0], "deviation": [0.5773502691896258, 0.0, 0.0]}, "Spike": {"data": [3, 6.5, 5.5], "deviation": [3.0, 3.5355339059327378, 0.7071067811865476]}, "NSP9": {"data": [0, 0.0, 0.0], "deviation": [0.0, 0.0, 0.0]}, "NSP10": {"data": [0, 0.0, 0.0], "deviation": [0.0, 0.0, 0.0]}, "NSP11": {"data": [0, 0.0, 0.0], "deviation": [0.0, 0.0, 0.0]}, "NSP12": {"data": [1, 1.5, 2.5], "deviation": [0.5773502691896257, 0.7071067811865476, 0.7071067811865476]}, "M": {"data": [0, 0.5, 1.0], "deviation": [0.5773502691896258, 0.7071067811865476, 0.0]}, "NSP13": {"data": [1, 1.0, 1.5], "deviation": [1.1547005383792515, 0.0, 0.7071067811865476]}, "N": {"data": [2, 3.0, 3.5], "deviation": [1.5275252316519468, 1.4142135623730951, 0.7071067811865476]}, "NSP14": {"data": [0, 0.0, 1.0], "deviation": [0.0, 0.0, 0.0]}, "NS3": {"data": [1, 1.0, 2.0], "deviation": [0.5773502691896257, 0.0, 0.0]}, "NSP15": {"data": [0, 0.0, 0.0], "deviation": [0.0, 0.0, 0.0]}, "NSP16": {"data": [0, 0.0, 0.0], "deviation": [0.5773502691896258, 0.0, 0.0]}, "NS9b": {"data": [0, 0.0, 0.0], "deviation": [0.0, 0.0, 0.0]}, "NS6": {"data": [0, 0.0, 0.0], "deviation": [0.5773502691896258, 0.0, 0.0]}, "NS9c": {"data": [0, 0.0, 0.0], "deviation": [0.0, 0.0, 0.0]}, "NSP1": {"data": [0, 0.5, 0.0], "deviation": [0.0, 0.7071067811865476, 0.0]}, "NSP2": {"data": [1, 0.0, 0.5], "deviation": [0.5773502691896257, 0.0, 0.7071067811865476]}, "NS8": {"data": [1, 0.0, 0.0], "deviation": [1.5275252316519468, 0.0, 0.0]}, "NSP3": {"data": [0, 1.0, 4.0], "deviation": [2.3094010767585034, 1.4142135623730951, 0.0]}}, "labels": ["03/2021", "04/2021", "07/2021"]}