{"indel": {"NSP4": {"data": [0.0, 0.0, 0, 0, 0.0, 0, 0.0], "deviation": [0.0, 0.0, 0.0, 0.0, 0.0, 0.0, 0.0]}, "E": {"data": [0.0, 0.0, 0, 0, 0.0, 0, 0.0], "deviation": [0.0, 0.0, 0.0, 0.0, 0.0, 0.0, 0.0]}, "NS7a": {"data": [0.0, 0.0, 0, 0, 0.0, 0, 0.0], "deviation": [0.0, 0.0, 0.0, 0.0, 0.0, 0.0, 0.0]}, "NSP5": {"data": [0.0, 0.0, 0, 0, 0.0, 0, 0.0], "deviation": [0.0, 0.0, 0.0, 0.0, 0.0, 0.0, 0.0]}, "NS7b": {"data": [0.0, 0.0, 0, 0, 0.0, 0, 0.0], "deviation": [0.0, 0.0, 0.0, 0.0, 0.0, 0.0, 0.0]}, "NSP6": {"data": [1.5, 1.5, 3, 3, 3.0, 3, 0.0], "deviation": [2.1213203435596424, 2.1213203435596424, 0.0, 1.3416407864998738, 1.5, 1.0, 1.231174022502185]}, "NSP7": {"data": [0.0, 0.0, 0, 0, 0.0, 0, 0.0], "deviation": [0.0, 0.0, 0.0, 0.0, 0.0, 0.0, 0.0]}, "NSP8": {"data": [0.0, 0.0, 0, 0, 0.0, 0, 0.0], "deviation": [0.0, 0.0, 0.0, 0.0, 0.0, 0.0, 0.0]}, "Spike": {"data": [0.5, 1.5, 3, 3, 1.5, 3, 0.0], "deviation": [0.7071067811865476, 2.1213203435596424, 0.0, 1.3416407864998738, 1.7320508075688772, 0.33333333333333337, 1.0699237552766379]}, "NSP9": {"data": [0.0, 0.0, 0, 0, 0.0, 0, 0.0], "deviation": [0.0, 0.0, 0.0, 0.0, 0.0, 0.0, 0.0]}, "NSP10": {"data": [0.0, 0.0, 0, 0, 0.0, 0, 0.0], "deviation": [0.0, 0.0, 0.0, 0.0, 0.0, 0.0, 0.0]}, "NSP11": {"data": [0.0, 0.0, 0, 0, 0.0, 0, 0.0], "deviation": [0.0, 0.0, 0.0, 0.0, 0.0, 0.0, 0.0]}, "NSP12": {"data": [0.0, 0.0, 0, 0, 0.0, 0, 0.0], "deviation": [0.0, 0.0, 0.0, 0.0, 0.0, 0.0, 0.0]}, "M": {"data": [0.0, 0.0, 0, 0, 0.0, 0, 0.0], "deviation": [0.0, 0.0, 0.0, 0.0, 0.0, 0.0, 0.0]}, "NSP13": {"data": [0.0, 0.0, 0, 0, 0.0, 0, 0.0], "deviation": [0.0, 0.0, 0.0, 0.0, 0.0, 0.0, 0.0]}, "N": {"data": [0.5, 0.0, 0, 0, 0.0, 0, 0.0], "deviation": [0.7071067811865476, 0.0, 0.0, 0.0, 0.0, 0.5, 0.0]}, "NSP14": {"data": [0.0, 0.0, 0, 0, 0.0, 0, 0.0], "deviation": [0.0, 0.0, 0.0, 0.0, 0.0, 0.0, 0.0]}, "NS3": {"data": [0.0, 0.0, 0, 0, 0.0, 0, 0.0], "deviation": [0.0, 0.0, 0.0, 0.0, 0.0, 0.0, 0.0]}, "NSP15": {"data": [0.0, 0.0, 0, 0, 0.0, 0, 0.0], "deviation": [0.0, 0.0, 0.0, 0.0, 0.0, 0.0, 0.3663475485325232]}, "NSP16": {"data": [0.0, 0.0, 0, 0, 0.0, 0, 0.0], "deviation": [0.0, 0.0, 0.0, 0.0, 0.0, 0.0, 0.0]}, "NS9b": {"data": [0.0, 0.0, 0, 0, 0.0, 0, 0.0], "deviation": [0.0, 0.0, 0.0, 0.0, 0.0, 0.0, 0.0]}, "NS6": {"data": [0.0, 0.0, 0, 0, 0.0, 0, 0.0], "deviation": [0.0, 0.0, 0.0, 0.0, 0.0, 0.0, 0.0]}, "NS9c": {"data": [0.0, 0.0, 0, 0, 0.0, 0, 0.0], "deviation": [0.0, 0.0, 0.0, 0.0, 0.0, 0.0, 0.0]}, "NSP1": {"data": [0.0, 0.0, 0, 0, 0.0, 0, 0.0], "deviation": [0.0, 0.0, 0.0, 0.0, 0.0, 0.0, 0.0]}, "NSP2": {"data": [0.0, 0.0, 0, 0, 0.0, 0, 0.0], "deviation": [0.0, 0.0, 0.0, 0.0, 0.0, 0.0, 0.0]}, "NS8": {"data": [0.0, 0.0, 0, 0, 0.0, 0, 0.0], "deviation": [0.0, 0.0, 0.0, 0.0, 0.0, 0.0, 0.0]}, "NSP3": {"data": [0.0, 0.0, 0, 0, 0.0, 0, 0.0], "deviation": [0.0, 0.0, 0.0, 0.0, 0.0, 0.0, 0.0]}}, "missense": {"NSP4": {"data": [0.5, 0.0, 0, 0, 0.0, 0, 2.0], "deviation": [0.7071067811865476, 0.0, 0.0, 0.447213595499958, 0.5, 0.6666666666666666, 0.8825799501580878]}, "E": {"data": [0.0, 0.0, 0, 0, 0.0, 0, 0.0], "deviation": [0.0, 0.0, 0.0, 0.0, 0.0, 0.0, 0.0]}, "NS7a": {"data": [0.0, 0.0, 0, 0, 0.0, 0, 0.0], "deviation": [0.0, 0.0, 0.0, 0.0, 0.0, 0.3333333333333333, 0.5231483637805969]}, "NSP5": {"data": [1.0, 0.0, 0, 0, 0.0, 0, 0.0], "deviation": [0.0, 0.0, 0.0, 0.447213595499958, 0.0, 0.0, 0.3663475485325232]}, "NS7b": {"data": [0.0, 0.0, 0, 0, 0.0, 0, 1.0], "deviation": [0.0, 0.0, 0.0, 0.0, 0.0, 0.3333333333333333, 0.47016234598162726]}, "NSP6": {"data": [0.0, 0.0, 0, 0, 0.0, 0, 1.0], "deviation": [0.0, 0.0, 0.0, 0.5477225575051661, 0.0, 0.44095855184409843, 0.4893604849295929]}, "NSP7": {"data": [0.0, 0.0, 0, 0, 0.0, 0, 0.0], "deviation": [0.0, 0.0, 0.0, 0.0, 0.0, 0.0, 0.0]}, "NSP8": {"data": [0.0, 0.5, 1, 1, 0.5, 1, 0.0], "deviation": [0.0, 0.7071067811865476, 0.0, 0.4472135954999579, 0.5773502691896257, 0.33333333333333337, 0.0]}, "Spike": {"data": [2.0, 3.5, 7, 7, 6.5, 7, 6.5], "deviation": [1.4142135623730951, 4.949747468305833, 0.0, 1.3416407864998738, 2.160246899469287, 0.33333333333333337, 1.9049796241485242]}, "NSP9": {"data": [0.0, 0.0, 0, 0, 0.0, 0, 0.0], "deviation": [0.0, 0.0, 0.0, 0.0, 0.5, 0.0, 0.0]}, "NSP10": {"data": [0.0, 0.0, 0, 0, 0.0, 0, 0.0], "deviation": [0.0, 0.0, 0.0, 0.0, 0.0, 0.0, 0.0]}, "NSP11": {"data": [0.0, 0.0, 0, 0, 0.0, 0, 0.0], "deviation": [0.0, 0.0, 0.0, 0.0, 0.0, 0.0, 0.0]}, "NSP12": {"data": [1.5, 0.5, 1, 1, 1.0, 1, 2.0], "deviation": [0.7071067811865476, 0.7071067811865476, 0.0, 0.0, 0.0, 0.33333333333333337, 0.7947194142390263]}, "M": {"data": [0.5, 0.0, 0, 0, 0.0, 0, 1.0], "deviation": [0.7071067811865476, 0.0, 0.0, 0.447213595499958, 0.0, 0.3333333333333333, 0.5525062514530825]}, "NSP13": {"data": [0.0, 0.5, 1, 1, 1.0, 2, 1.0], "deviation": [0.0, 0.7071067811865476, 0.0, 0.0, 0.0, 0.5270462766947299, 0.30779350562554625]}, "N": {"data": [2.5, 2.0, 4, 4, 3.0, 4, 3.0], "deviation": [0.7071067811865476, 2.8284271247461903, 1.7320508075688772, 1.3416407864998738, 1.1547005383792515, 0.0, 0.812727700887249]}, "NSP14": {"data": [0.5, 0.0, 0, 0, 0.0, 0, 1.0], "deviation": [0.7071067811865476, 0.0, 0.5773502691896258, 0.0, 0.0, 0.44095855184409843, 0.6155870112510925]}, "NS3": {"data": [1.0, 0.0, 0, 0, 0.5, 0, 1.0], "deviation": [1.4142135623730951, 0.0, 0.0, 0.447213595499958, 0.5773502691896257, 0.44095855184409843, 0.41039134083406165]}, "NSP15": {"data": [0.5, 0.0, 1, 1, 0.0, 1, 0.0], "deviation": [0.7071067811865476, 0.0, 0.5773502691896257, 0.8366600265340756, 0.0, 0.44095855184409843, 0.3663475485325232]}, "NSP16": {"data": [0.0, 0.0, 0, 0, 0.0, 0, 0.0], "deviation": [0.0, 0.0, 0.0, 0.0, 0.5, 0.0, 0.3663475485325232]}, "NS9b": {"data": [0.0, 0.0, 0, 0, 0.0, 0, 0.0], "deviation": [0.0, 0.0, 0.0, 0.0, 0.0, 0.0, 0.0]}, "NS6": {"data": [0.0, 0.0, 0, 0, 0.0, 0, 0.0], "deviation": [0.0, 0.0, 0.0, 0.0, 0.0, 0.0, 0.0]}, "NS9c": {"data": [0.0, 0.0, 0, 0, 0.0, 0, 0.0], "deviation": [0.0, 0.0, 0.0, 0.0, 0.0, 0.0, 0.0]}, "NSP1": {"data": [0.0, 0.5, 0, 0, 0.0, 0, 0.0], "deviation": [0.0, 0.7071067811865476, 0.0, 0.0, 0.0, 0.0, 0.30779350562554625]}, "NSP2": {"data": [0.5, 0.5, 1, 1, 0.5, 1, 0.0], "deviation": [0.7071067811865476, 0.7071067811865476, 0.0, 0.0, 0.5773502691896257, 0.33333333333333337, 0.4701623459816272]}, "NS8": {"data": [1.5, 2.0, 4, 4, 2.0, 4, 0.0], "deviation": [2.1213203435596424, 2.8284271247461903, 0.0, 1.9493588689617927, 1.8257418583505538, 1.3333333333333335, 1.1424811411549587]}, "NSP3": {"data": [1.0, 1.0, 2, 2, 1.0, 3, 3.0], "deviation": [1.4142135623730951, 1.4142135623730951, 0.5773502691896257, 1.51657508881031, 0.5, 0.5, 0.9787209698591858]}}, "labels": ["10/2020", "01/2021", "02/2021", "03/2021", "04/2021", "05/2021", "07/2021"]}