{"indel": {"NSP4": {"data": [0.0, 0, 0, 0.0, 0.0, 0, 0, 0, 0, 0, 0.0, 0.0, 0, 0, 0, 0.0, 0.0, 0.0, 0.0], "deviation": [0.0, 0.0, 0.0, 0.0, 0.0, 0.0, 0.0, 0.0, 0.0, 0.0, 0.0, 0.0, 0.0, 0.0, 0.0, 0.0, 0.0, 0.0, 0.0]}, "E": {"data": [0.0, 0, 0, 0.0, 0.0, 0, 0, 0, 0, 0, 0.0, 0.0, 0, 0, 0, 0.0, 0.0, 0.0, 0.0], "deviation": [0.0, 0.0, 0.0, 0.0, 0.0, 0.0, 0.0, 0.0, 0.0, 0.0, 0.0, 0.0, 0.0, 0.0, 0.0, 0.0, 0.0, 0.0, 0.0]}, "NS7a": {"data": [0.0, 0, 0, 0.0, 0.0, 0, 0, 0, 0, 0, 0.0, 0.0, 0, 0, 0, 0.0, 0.0, 0.0, 0.0], "deviation": [0.0, 0.0, 0.0, 0.0, 0.0, 0.07692307692307693, 0.9622504486493763, 0.0, 0.0, 0.0, 0.3535533905932738, 0.0, 0.0, 0.0, 0.07336726647475142, 0.0, 0.0, 0.0, 0.0]}, "NSP5": {"data": [0.0, 0, 0, 0.0, 0.0, 0, 0, 0, 0, 0, 0.0, 0.0, 0, 0, 0, 0.0, 0.0, 0.0, 0.0], "deviation": [0.0, 0.0, 0.0, 0.0, 0.0, 0.0, 0.0, 0.0, 0.0, 0.0, 0.0, 0.0, 0.0, 0.0, 0.0, 0.0, 0.0, 0.0, 0.0]}, "NS7b": {"data": [0.0, 0, 0, 0.0, 0.0, 0, 0, 0, 0, 0, 0.0, 0.0, 0, 0, 0, 0.0, 0.0, 0.0, 0.0], "deviation": [0.0, 0.0, 0.0, 0.0, 0.0, 0.0, 0.0, 0.0, 0.0, 0.0, 0.0, 0.0, 0.0, 0.0, 0.0, 0.0, 0.0, 0.0, 0.0]}, "NSP6": {"data": [0.0, 0, 0, 0.0, 0.0, 0, 0, 0, 0, 0, 0.0, 0.0, 0, 0, 0, 0.0, 0.0, 0.0, 0.0], "deviation": [0.0, 0.0, 0.0, 0.0, 0.0, 0.0, 0.06415002990995843, 0.0, 0.0854357657716761, 0.2900209467136991, 0.24956407987760737, 0.2951122625624023, 0.5404874901049935, 1.0806756916232263, 1.3658954085217816, 1.0787061904884778, 0.8762473132017055, 1.0178421642680104, 1.2142709359779453]}, "NSP7": {"data": [0.0, 0, 0, 0.0, 0.0, 0, 0, 0, 0, 0, 0.0, 0.0, 0, 0, 0, 0.0, 0.0, 0.0, 0.0], "deviation": [0.0, 0.0, 0.0, 0.0, 0.0, 0.0, 0.0, 0.0, 0.0, 0.0, 0.0, 0.0, 0.0, 0.0, 0.0, 0.0, 0.0, 0.0, 0.0]}, "NSP8": {"data": [0.0, 0, 0, 0.0, 0.0, 0, 0, 0, 0, 0, 0.0, 0.0, 0, 0, 0, 0.0, 0.0, 0.0, 0.0], "deviation": [0.0, 0.0, 0.0, 0.0, 0.0, 0.0, 0.0, 0.0, 0.0, 0.0, 0.0, 0.0, 0.0, 0.0, 0.0, 0.0, 0.0, 0.0, 0.0]}, "Spike": {"data": [0.0, 0, 0, 0.0, 0.0, 0, 0, 0, 0, 0, 0.0, 0.0, 0, 0, 0, 0.0, 0.0, 0.0, 0.0], "deviation": [0.0, 0.0, 0.17059357309893752, 0.0, 0.0, 0.0, 0.12830005981991685, 0.0, 0.0, 0.6940815878361067, 0.24956407987760737, 0.3988620176087328, 0.561557705439848, 1.0818574667400158, 1.4455515935426235, 1.4071411826044185, 0.9163253223296579, 0.9253773472353175, 1.8152853809908502]}, "NSP9": {"data": [0.0, 0, 0, 0.0, 0.0, 0, 0, 0, 0, 0, 0.0, 0.0, 0, 0, 0, 0.0, 0.0, 0.0, 0.0], "deviation": [0.0, 0.0, 0.0, 0.0, 0.0, 0.0, 0.0, 0.0, 0.0, 0.0, 0.0, 0.0, 0.0, 0.0, 0.0, 0.0, 0.0, 0.0, 0.0]}, "NSP10": {"data": [0.0, 0, 0, 0.0, 0.0, 0, 0, 0, 0, 0, 0.0, 0.0, 0, 0, 0, 0.0, 0.0, 0.0, 0.0], "deviation": [0.0, 0.0, 0.0, 0.0, 0.0, 0.0, 0.0, 0.0, 0.0, 0.0, 0.0, 0.0, 0.0, 0.0, 0.0, 0.0, 0.0, 0.0, 0.0]}, "NSP11": {"data": [0.0, 0, 0, 0.0, 0.0, 0, 0, 0, 0, 0, 0.0, 0.0, 0, 0, 0, 0.0, 0.0, 0.0, 0.0], "deviation": [0.0, 0.0, 0.0, 0.0, 0.0, 0.0, 0.0, 0.0, 0.0, 0.0, 0.0, 0.0, 0.0, 0.0, 0.0, 0.0, 0.0, 0.0, 0.0]}, "NSP12": {"data": [0.0, 0, 0, 0.0, 0.0, 0, 0, 0, 0, 0, 0.0, 0.0, 0, 0, 0, 0.0, 0.0, 0.0, 0.0], "deviation": [0.0, 0.0, 0.0, 0.0, 0.0, 0.0, 0.0, 0.0, 0.0, 0.0, 0.0, 0.0, 0.0, 0.0, 0.0, 0.0, 0.0, 0.0, 0.0]}, "M": {"data": [0.0, 0, 0, 0.0, 0.0, 0, 0, 0, 0, 0, 0.0, 0.0, 0, 0, 0, 0.0, 0.0, 0.0, 0.0], "deviation": [0.0, 0.0, 0.0, 0.0, 0.0, 0.0, 0.0, 0.0, 0.0, 0.0, 0.0, 0.0, 0.0, 0.0, 0.0, 0.0, 0.0, 0.0, 0.0]}, "NSP13": {"data": [0.0, 0, 0, 0.0, 0.0, 0, 0, 0, 0, 0, 0.0, 0.0, 0, 0, 0, 0.0, 0.0, 0.0, 0.0], "deviation": [0.0, 0.0, 0.0, 0.0, 0.0, 0.0, 0.0, 0.0, 0.0, 0.0, 0.08318802662586913, 0.0, 0.0, 0.0, 0.0, 0.0, 0.0, 0.0, 0.0]}, "N": {"data": [0.0, 0, 0, 0.0, 0.0, 0, 0, 0, 0, 0, 0.0, 0.0, 0, 0, 0, 0.0, 0.0, 0.0, 0.0], "deviation": [0.0, 0.0, 0.0, 0.0, 0.0, 0.5384615384615385, 0.0, 0.4500351603704096, 0.0, 0.0, 0.0, 0.0, 0.0, 0.3239682677798459, 0.25422795375313645, 0.0, 0.260132990857236, 0.0, 0.0]}, "NSP14": {"data": [0.0, 0, 0, 0.0, 0.0, 0, 0, 0, 0, 0, 0.0, 0.0, 0, 0, 0, 0.0, 0.0, 0.0, 0.0], "deviation": [0.0, 0.0, 0.0, 0.0, 0.0, 0.0, 0.0, 0.0, 0.0, 0.0, 0.0, 0.0, 0.0, 0.0, 0.0, 0.0, 0.0, 0.0, 0.0]}, "NS3": {"data": [0.0, 0, 0, 0.0, 0.0, 0, 0, 0, 0, 0, 0.0, 0.0, 0, 0, 0, 0.0, 0.0, 0.0, 0.0], "deviation": [0.0, 0.0, 0.0, 0.0, 0.0, 0.0, 0.06415002990995843, 0.0, 0.6834861261734088, 0.0, 0.0, 0.0, 0.0, 0.14196761201635738, 0.12711397687656822, 0.0, 0.0, 0.0, 0.0]}, "NSP15": {"data": [0.0, 0, 0, 0.0, 0.0, 0, 0, 0, 0, 0, 0.0, 0.0, 0, 0, 0, 0.0, 0.0, 0.0, 0.0], "deviation": [0.0, 0.0, 0.0, 0.0, 0.0, 0.0, 0.0, 0.0, 0.0, 0.0, 0.0, 0.0, 0.0, 0.0, 0.0, 0.0, 0.0, 0.0, 0.0]}, "NSP16": {"data": [0.0, 0, 0, 0.0, 0.0, 0, 0, 0, 0, 0, 0.0, 0.0, 0, 0, 0, 0.0, 0.0, 0.0, 0.0], "deviation": [0.0, 0.0, 0.0, 0.0, 0.0, 0.0, 0.0, 0.0, 0.0, 0.0, 0.0, 0.0, 0.0, 0.0, 0.0, 0.0, 0.0, 0.0, 0.0]}, "NS9b": {"data": [0.0, 0, 0, 0.0, 0.0, 0, 0, 0, 0, 0, 0.0, 0.0, 0, 0, 0, 0.0, 0.0, 0.0, 0.0], "deviation": [0.0, 0.0, 0.0, 0.0, 0.0, 0.0, 0.0, 0.0, 0.0, 0.0, 0.0, 0.0, 0.0, 0.0, 0.0, 0.0, 0.0, 0.0, 0.0]}, "NS6": {"data": [0.0, 0, 0, 0.0, 0.0, 0, 0, 0, 0, 0, 0.0, 0.0, 0, 0, 0, 0.0, 0.0, 0.0, 0.0], "deviation": [0.0, 0.0, 0.0, 0.0, 0.0, 0.0, 0.0, 0.0, 0.0, 0.0, 0.0, 0.0, 0.0, 0.0, 0.0, 0.0, 0.0, 0.0, 0.0]}, "NS9c": {"data": [0.0, 0, 0, 0.0, 0.0, 0, 0, 0, 0, 0, 0.0, 0.0, 0, 0, 0, 0.0, 0.0, 0.0, 0.0], "deviation": [0.0, 0.0, 0.0, 0.0, 0.0, 0.0, 0.0, 0.0, 0.0, 0.0, 0.0, 0.0, 0.0, 0.0, 0.0, 0.0, 0.0, 0.0, 0.0]}, "NSP1": {"data": [0.0, 0, 0, 0.0, 0.0, 0, 0, 0, 0, 0, 0.0, 0.0, 0, 0, 0, 0.0, 0.0, 0.0, 0.0], "deviation": [0.0, 0.6622661785325219, 0.0, 0.2638870071386206, 0.0, 0.15384615384615385, 0.19245008972987526, 0.0, 0.0854357657716761, 0.09667364890456635, 0.0, 0.0, 0.18291322825490772, 0.08428137021835296, 0.09476221869571995, 0.05356704766043197, 0.130066495428618, 0.0, 0.0]}, "NSP2": {"data": [0.0, 0, 0, 0.0, 0.0, 0, 0, 0, 0, 0, 0.0, 0.0, 0, 0, 0, 0.0, 0.0, 0.0, 0.0], "deviation": [0.0, 0.0, 0.0, 0.0, 0.0, 0.0, 0.0, 0.0, 0.0, 0.0, 0.0, 0.0, 0.0, 0.0, 0.0, 0.0, 0.0, 0.0, 0.0]}, "NS8": {"data": [0.0, 0, 0, 0.0, 0.0, 0, 0, 0, 0, 0, 0.0, 0.0, 0, 0, 0, 0.0, 0.0, 0.0, 0.0], "deviation": [0.0, 0.0, 0.0, 0.05643326479831003, 0.0, 0.0, 0.0, 0.0, 0.0, 0.0, 0.0, 0.0, 0.0, 0.06888365903182907, 0.08474265125104548, 0.0, 0.0, 0.0, 0.0]}, "NSP3": {"data": [0.0, 0, 0, 0.0, 0.0, 0, 0, 0, 0, 0, 0.0, 0.0, 0, 0, 0, 0.0, 0.0, 0.0, 0.0], "deviation": [0.0, 0.0, 0.337945389587296, 1.3118443790689087, 2.9121200284126876, 2.575979817523306, 2.25488695626306, 0.0, 0.0, 0.0, 0.0, 0.0, 0.7316529130196309, 0.06888365903182907, 0.42473412502981583, 0.0, 0.043355498476206, 0.0, 0.0]}}, "missense": {"NSP4": {"data": [0.0, 0, 0, 0.0, 0.0, 0, 0, 0, 0, 0, 0.0, 0.0, 0, 0, 0, 0.0, 0.0, 0.0, 0.0], "deviation": [0.0, 0.13245323570650439, 0.265813909989154, 0.0, 0.18973301093343714, 0.3094045763802437, 0.27128938826240656, 0.2859923532114514, 0.3942480382601316, 0.437204695410046, 0.2424828022925863, 0.19501377780879875, 0.3126723017198283, 0.4674087745093602, 0.5864134127011177, 0.44859824676512533, 0.3118189731725098, 0.42191211818149876, 0.8914626546124511]}, "E": {"data": [0.0, 0, 0, 0.0, 0.0, 0, 0, 0, 0, 0, 0.0, 0.0, 0, 0, 0, 0.0, 0.0, 0.0, 0.0], "deviation": [0.0, 0.0, 0.168972694793648, 0.3890113710002126, 0.4350314200705486, 0.39294998774809925, 0.2989625977161362, 0.3346290946166707, 0.2610791094992419, 0.2642516874667833, 0.11723356543951091, 0.11340239885168123, 0.0, 0.05958410733818079, 0.0790909164192863, 0.05356704766043197, 0.0, 0.0, 0.0]}, "NS7a": {"data": [0.0, 0, 0, 0.0, 0.0, 0, 0, 0, 0, 0, 0.0, 0.0, 0, 0, 0, 0.0, 0.0, 0.0, 0.0], "deviation": [0.0, 0.0, 0.168972694793648, 0.11232433336447628, 0.23012931485934685, 1.243721906802146, 0.16760779076974602, 0.2206478908203439, 0.1689764097447811, 0.23114871880742238, 2.5356894073253513, 0.1265790320877471, 0.06097107608496924, 0.2662037441141436, 0.28303335730953444, 0.14049445471326102, 0.19685410807655424, 0.2652088641174345, 0.5578360368941365]}, "NSP5": {"data": [0.0, 0, 0, 0.0, 0.0, 0, 0, 0, 0, 0, 0.0, 0.0, 0, 0, 0, 0.0, 0.0, 0.0, 0.0],