{"indel": {"NSP4": {"data": [0, 0, 0, 0.0, 0.0, 0.0, 0.0, 0, 0.0, 0.0, 0, 0], "deviation": [0.0, 0.0, 0.0, 0.0, 0.0, 0.0, 0.0, 0.0, 0.0, 0.0, 0.0, 0.0]}, "E": {"data": [0, 0, 0, 0.0, 0.0, 0.0, 0.0, 0, 0.0, 0.0, 0, 0], "deviation": [0.0, 0.0, 0.0, 0.0, 0.0, 0.0, 0.0, 0.0, 0.0, 0.0, 0.0, 0.0]}, "NS7a": {"data": [0, 0, 0, 0.0, 0.0, 0.0, 0.0, 0, 0.0, 0.0, 0, 0], "deviation": [0.0, 0.0, 0.0, 0.0, 0.0, 0.0, 0.0, 0.0, 0.0, 0.0, 0.0, 0.0]}, "NSP5": {"data": [0, 0, 0, 0.0, 0.0, 0.0, 0.0, 0, 0.0, 0.0, 0, 0], "deviation": [0.0, 0.0, 0.0, 0.0, 0.0, 0.0, 0.0, 0.0, 0.0, 0.0, 0.0, 0.0]}, "NS7b": {"data": [0, 0, 0, 0.0, 0.0, 0.0, 0.0, 0, 0.0, 0.0, 0, 0], "deviation": [0.0, 0.0, 0.0, 0.0, 0.0, 0.0, 0.0, 0.0, 0.0, 0.0, 0.0, 0.0]}, "NSP6": {"data": [0, 0, 0, 0.0, 0.0, 0.0, 3.0, 3, 1.5, 0.0, 0, 0], "deviation": [0.0, 0.0, 0.0, 0.0, 0.0, 0.6123724356957945, 0.8660254037844386, 1.3732131246511903, 1.7320508075688772, 1.2093386622447824, 0.8006407690254357, 0.0]}, "NSP7": {"data": [0, 0, 0, 0.0, 0.0, 0.0, 0.0, 0, 0.0, 0.0, 0, 0], "deviation": [0.0, 0.0, 0.0, 0.0, 0.0, 0.0, 0.0, 0.0, 0.0, 0.0, 0.0, 0.0]}, "NSP8": {"data": [0, 0, 0, 0.0, 0.0, 0.0, 0.0, 0, 0.0, 0.0, 0, 0], "deviation": [0.0, 0.0, 0.0, 0.0, 0.0, 0.0, 0.0, 0.0, 0.0, 0.0, 0.0, 0.0]}, "Spike": {"data": [0, 0, 0, 0.0, 0.0, 0.0, 3.0, 2, 0.5, 0.0, 0, 0], "deviation": [0.0, 0.0, 1.2060453783110545, 0.0, 0.0, 0.6123724356957945, 1.4770978917519928, 1.4074631010979934, 1.4142135623730951, 1.138346754435279, 1.0225380411427467, 0.0]}, "NSP9": {"data": [0, 0, 0, 0.0, 0.0, 0.0, 0.0, 0, 0.0, 0.0, 0, 0], "deviation": [0.0, 0.0, 0.0, 0.0, 0.0, 0.0, 0.0, 0.0, 0.0, 0.0, 0.0, 0.0]}, "NSP10": {"data": [0, 0, 0, 0.0, 0.0, 0.0, 0.0, 0, 0.0, 0.0, 0, 0], "deviation": [0.0, 0.0, 0.0, 0.0, 0.0, 0.0, 0.0, 0.0, 0.0, 0.0, 0.0, 0.0]}, "NSP11": {"data": [0, 0, 0, 0.0, 0.0, 0.0, 0.0, 0, 0.0, 0.0, 0, 0], "deviation": [0.0, 0.0, 0.0, 0.0, 0.0, 0.0, 0.0, 0.0, 0.0, 0.0, 0.0, 0.0]}, "NSP12": {"data": [0, 0, 0, 0.0, 0.0, 0.0, 0.0, 0, 0.0, 0.0, 0, 0], "deviation": [0.0, 0.0, 0.0, 0.0, 0.0, 0.0, 0.0, 0.0, 0.0, 0.0, 0.0, 0.0]}, "M": {"data": [0, 0, 0, 0.0, 0.0, 0.0, 0.0, 0, 0.0, 0.0, 0, 0], "deviation": [0.0, 0.0, 0.0, 0.0, 0.0, 0.0, 0.0, 0.0, 0.0, 0.0, 0.0, 0.0]}, "NSP13": {"data": [0, 0, 0, 0.0, 0.0, 0.0, 0.0, 0, 0.0, 0.0, 0, 0], "deviation": [0.0, 0.0, 0.0, 0.0, 0.0, 0.0, 0.0, 0.0, 0.0, 0.0, 0.0, 0.0]}, "N": {"data": [0, 0, 0, 0.0, 0.0, 0.0, 0.0, 0, 0.0, 0.0, 0, 0], "deviation": [0.0, 0.0, 0.0, 0.0, 0.0, 0.0, 0.0, 0.0, 0.0, 0.0, 0.0, 0.0]}, "NSP14": {"data": [0, 0, 0, 0.0, 0.0, 0.0, 0.0, 0, 0.0, 0.0, 0, 0], "deviation": [0.0, 0.0, 0.0, 0.0, 0.0, 0.0, 0.0, 0.0, 0.0, 0.0, 0.0, 0.0]}, "NS3": {"data": [0, 0, 0, 0.0, 0.0, 0.0, 0.0, 0, 0.0, 0.0, 0, 0], "deviation": [0.0, 0.0, 0.0, 0.0, 0.0, 0.0, 0.0, 0.0, 0.0, 0.0, 0.0, 0.0]}, "NSP15": {"data": [0, 0, 0, 0.0, 0.0, 0.0, 0.0, 0, 0.0, 0.0, 0, 0], "deviation": [0.0, 0.0, 0.0, 0.0, 0.0, 0.0, 0.0, 0.0, 0.0, 0.0, 0.0, 0.0]}, "NSP16": {"data": [0, 0, 0, 0.0, 0.0, 0.0, 0.0, 0, 0.0, 0.0, 0, 0], "deviation": [0.0, 0.0, 0.0, 0.0, 0.0, 0.0, 0.0, 0.0, 0.0, 0.0, 0.0, 0.0]}, "NS9b": {"data": [0, 0, 0, 0.0, 0.0, 0.0, 0.0, 0, 0.0, 0.0, 0, 0], "deviation": [0.0, 0.0, 0.0, 0.0, 0.0, 0.0, 0.0, 0.0, 0.0, 0.0, 0.0, 0.0]}, "NS6": {"data": [0, 0, 0, 0.0, 0.0, 0.0, 0.0, 0, 0.0, 0.0, 0, 0], "deviation": [0.0, 0.0, 0.0, 0.0, 0.0, 0.0, 0.0, 0.0, 0.0, 0.0, 0.0, 0.0]}, "NS9c": {"data": [0, 0, 0, 0.0, 0.0, 0.0, 0.0, 0, 0.0, 0.0, 0, 0], "deviation": [0.0, 0.0, 0.0, 0.0, 0.0, 0.0, 0.0, 0.0, 0.0, 0.0, 0.0, 0.0]}, "NSP1": {"data": [0, 0, 0, 0.0, 0.0, 0.0, 0.0, 0, 0.0, 0.0, 0, 0], "deviation": [0.0, 0.0, 0.0, 0.0, 0.0, 0.0, 0.0, 1.8073922282301278, 0.0, 0.5, 0.5773502691896257, 0.0]}, "NSP2": {"data": [0, 0, 0, 0.0, 0.0, 0.0, 0.0, 0, 0.0, 0.0, 0, 0], "deviation": [0.0, 0.0, 0.0, 0.0, 0.0, 0.0, 0.0, 0.0, 0.0, 0.0, 0.0, 0.0]}, "NS8": {"data": [0, 0, 0, 0.0, 0.0, 0.0, 0.0, 0, 0.0, 0.0, 0, 0], "deviation": [0.0, 0.0, 0.0, 0.0, 0.0, 0.0, 0.0, 0.0, 0.0, 0.0, 0.0, 0.0]}, "NSP3": {"data": [0, 0, 0, 0.0, 0.0, 0.0, 0.0, 0, 0.0, 0.0, 0, 0], "deviation": [0.0, 0.0, 0.0, 0.0, 0.0, 0.0, 0.0, 0.0, 0.0, 0.0, 0.0, 0.0]}}, "missense": {"NSP4": {"data": [0, 0, 0, 0.0, 0.0, 0.0, 0.0, 0, 0.5, 2.0, 2, 2], "deviation": [0.0, 0.0, 0.6466697906828632, 0.4148511169990534, 0.31622776601683794, 0.28232985128663995, 0.3892494720807615, 0.3518657752744984, 0.5773502691896257, 0.8920949127381756, 0.557262335477027, 0.2581988897471611]}, "E": {"data": [0, 0, 0, 0.0, 0.0, 0.0, 0.0, 0, 0.0, 0.0, 0, 0], "deviation": [0.0, 0.0, 0.0, 0.2041241452319315, 0.0, 0.0, 0.0, 0.0, 0.0, 0.0, 0.0, 0.0]}, "NS7a": {"data": [0, 0, 0, 0.0, 0.0, 0.0, 0.0, 0, 0.0, 0.0, 0, 0], "deviation": [0.0, 0.0, 0.0, 0.0, 0.42163702135578396, 0.0, 0.0, 0.0, 0.0, 0.0, 0.19245008972987526, 0.0]}, "NSP5": {"data": [0, 0, 0, 0.0, 0.0, 0.0, 0.0, 0, 0.0, 0.0, 0, 0], "deviation": [0.0, 0.0, 0.0, 0.4815434123430768, 0.48304589153964794, 0.0, 0.0, 0.0, 0.5, 0.0, 0.2668802563418119, 0.0]}, "NS7b": {"data": [0, 0, 0, 0.0, 0.0, 0.0, 0.0, 0, 0.0, 1.0, 1, 1], "deviation": [0.0, 0.0, 0.30151134457776363, 0.2041241452319315, 0.0, 0.0, 0.0, 0.0, 0.0, 0.5, 0.32025630761017426, 0.0]}, "NSP6": {"data": [1, 0, 0, 0.0, 0.0, 1.0, 0.0, 0, 0.5, 1.0, 1, 1], "deviation": [0.0, 0.5773502691896258, 0.0, 0.28232985128663995, 0.48304589153964794, 0.28232985128663995, 0.0, 0.2581988897471611, 0.5773502691896257, 0.25, 0.32025630761017426, 0.0]}, "NSP7": {"data": [0, 0, 0, 0.0, 0.0, 0.0, 0.0, 0, 0.0, 0.0, 0, 0], "deviation": [0.0, 0.0, 0.0, 0.0, 0.0, 0.0, 0.0, 0.0, 0.0, 0.0, 0.0, 0.2581988897471611]}, "NSP8": {"data": [0, 0, 0, 0.0, 0.0, 0.0, 0.0, 0, 0.0, 0.0, 0, 0], "deviation": [0.0, 0.0, 0.0, 0.0, 0.31622776601683794, 0.2041241452319315, 0.0, 0.2581988897471611, 0.0, 0.5, 0.19245008972987526, 0.2581988897471611]}, "Spike": {"data": [0, 1, 2, 2.0, 2.0, 2.0, 7.0, 7, 7.0, 5.5, 7, 6], "deviation": [0.0, 1.0, 0.46709936649691375, 0.7372097807744856, 0.6324555320336759, 1.4744195615489712, 1.8504708655481243, 2.6040261866871424, 2.217355782608345, 2.159282288168918, 1.1485157025867427, 1.1872336794093274]}, "NSP9": {"data": [0, 0, 0, 0.0, 0.0, 0.0, 0.0, 0, 0.0, 0.0, 0, 0], "deviation": [0.5773502691896258, 0.5773502691896258, 0.0, 0.0, 0.0, 0.0, 0.0, 0.41403933560541256, 0.0, 0.0, 0.2668802563418119, 0.0]}, "NSP10": {"data": [0, 0, 0, 0.0, 0.0, 0.0, 0.0, 0, 0.0, 0.0, 0, 0], "deviation": [0.0, 0.0, 0.0, 0.2041241452319315, 0.0, 0.0, 0.0, 0.0, 0.0, 0.25, 0.0, 0.0]}, "NSP11": {"data": [0, 0, 0, 0.0, 0.0, 0.0, 0.0, 0, 0.0, 0.0, 0, 0], "deviation": [0.0, 0.0, 0.0, 0.0, 0.0, 0.0, 0.0, 0.0, 0.0, 0.0, 0.0, 0.0]}, "NSP12": {"data": [0, 0, 1, 1.0, 1.5, 1.0, 1.0, 1, 1.5, 2.0, 2, 2], "deviation": [0.0, 0.5773502691896258, 0.30151134457776363, 0.38069349381344053, 0.5270462766947299, 0.0, 0.28867513459481287, 0.6546536707079771, 0.5773502691896257, 0.7745966692414834, 0.6405126152203485, 0.6172133998483676]}, "M": {"data": [0, 0, 0, 0.0, 0.0, 0.0, 0.0, 0, 0.0, 1.0, 1, 1], "deviation": [0.0, 0.0, 0.0, 0.2041241452319315, 0.42163702135578396, 0.0, 0.0, 0.0, 0.0, 0.4472135954999579, 0.3849001794597505, 0.0]}, "NSP13": {"data": [0, 1, 0, 0.0, 0.0, 0.0, 0.0, 0, 0.5, 1.0, 1, 1], "deviation": [0.5773502691896258, 0.5773502691896257, 0.674199862463242, 0.5500329370901873, 0.31622776601683794, 0.3378319623460881, 0.0, 0.5936168397046637, 0.9574271077563381, 0.6191391873668903, 0.3849001794597505, 0.3518657752744984]}, "N": {"data": [0, 1, 2, 2.0, 3.0, 3.0, 4.0, 4, 2.5, 4.0, 4, 4], "deviation": [0.5773502691896258, 1.0, 0.40451991747794525, 0.4423258684646914, 0.5163977794943222, 0.5107539184552492, 1.5666989036012806, 1.7182493859684491, 1.7320508075688772, 1.42448821218944, 0.9306432539361504, 1.0600988273786194]}, "NSP14": {"data": [0, 0, 0, 0.0, 0.5, 1.0, 0.0, 0, 0.0, 1.0, 1, 1], "deviation": [0.0, 0.0, 0.4045199174779452, 0.2041241452319315, 0.5270462766947299, 0.4148511169990534, 0.0, 0.0, 0.0, 0.6800735254367721, 0.5337605126836238, 0.5936168397046637]}, "NS3": {"data": [0, 0, 1, 1.0, 1.0, 1.0, 0.0, 1, 1.5, 1.0, 1, 1],