{"indel": {"NSP4": {"data": [0.0, 0, 0.0, 0, 0.0, 0.0, 0, 0, 0, 0], "deviation": [0.0, 0.0, 0.0, 0.0, 0.0, 0.0, 0.0, 0.0, 0.0, 0.03384487217112064]}, "E": {"data": [0.0, 0, 0.0, 0, 0.0, 0.0, 0, 0, 0, 0], "deviation": [0.0, 0.0, 0.0, 0.0, 0.0, 0.0, 0.0, 0.0, 0.0, 0.04783642448455578]}, "NS7a": {"data": [0.0, 0, 0.0, 0, 0.0, 0.0, 0, 0, 0, 0], "deviation": [0.0, 0.0, 0.0, 0.0, 0.0, 0.0, 0.0, 0.0, 0.0, 0.1942617656539911]}, "NSP5": {"data": [0.0, 0, 0.0, 0, 0.0, 0.0, 0, 0, 0, 0], "deviation": [0.0, 0.0, 0.0, 0.0, 0.0, 0.0, 0.0, 0.0, 0.0, 0.0]}, "NS7b": {"data": [0.0, 0, 0.0, 0, 0.0, 0.0, 0, 0, 0, 0], "deviation": [0.0, 0.0, 0.0, 0.0, 0.0, 0.0, 0.0, 0.0, 0.0, 0.0]}, "NSP6": {"data": [0.0, 0, 0.0, 0, 3.0, 3.0, 3, 3, 0, 0], "deviation": [0.0, 0.0, 0.8179797730328721, 1.4057632926938586, 1.252473908307292, 0.8565302178652949, 1.0716418662933807, 1.3993719156256346, 0.509338247075709, 0.06757320524115812]}, "NSP7": {"data": [0.0, 0, 0.0, 0, 0.0, 0.0, 0, 0, 0, 0], "deviation": [0.0, 0.0, 0.0, 0.0, 0.0, 0.0, 0.0, 0.0, 0.0, 0.0]}, "NSP8": {"data": [0.0, 0, 0.0, 0, 0.0, 0.0, 0, 0, 0, 0], "deviation": [0.0, 0.0, 0.0, 0.0, 0.0, 0.0, 0.0, 0.0, 0.0, 0.0]}, "Spike": {"data": [0.0, 0, 0.0, 0, 3.0, 3.0, 3, 1, 2, 2], "deviation": [0.0, 0.0, 0.7160497697278261, 1.3851612952199062, 1.3126232984663908, 1.7544493382023099, 1.293212353036132, 1.0524696231684352, 0.5008406336267702, 0.1622090610299789]}, "NSP9": {"data": [0.0, 0, 0.0, 0, 0.0, 0.0, 0, 0, 0, 0], "deviation": [0.0, 0.0, 0.0, 0.0, 0.0, 0.0, 0.0, 0.0, 0.0, 0.0]}, "NSP10": {"data": [0.0, 0, 0.0, 0, 0.0, 0.0, 0, 0, 0, 0], "deviation": [0.0, 0.0, 0.0, 0.0, 0.0, 0.0, 0.06726727939963124, 0.0, 0.0, 0.0]}, "NSP11": {"data": [0.0, 0, 0.0, 0, 0.0, 0.0, 0, 0, 0, 0], "deviation": [0.0, 0.0, 0.0, 0.0, 0.0, 0.0, 0.0, 0.0, 0.0, 0.0]}, "NSP12": {"data": [0.0, 0, 0.0, 0, 0.0, 0.0, 0, 0, 0, 0], "deviation": [0.0, 0.0, 0.0, 0.0, 0.0, 0.0, 0.0, 0.0, 0.0, 0.0]}, "M": {"data": [0.0, 0, 0.0, 0, 0.0, 0.0, 0, 0, 0, 0], "deviation": [0.0, 0.0, 0.0, 0.0, 0.0, 0.0, 0.0, 0.0, 0.0, 0.0]}, "NSP13": {"data": [0.0, 0, 0.0, 0, 0.0, 0.0, 0, 0, 0, 0], "deviation": [0.0, 0.0, 0.0, 0.0, 0.0, 0.0, 0.0, 0.0, 0.0, 0.0]}, "N": {"data": [0.0, 0, 0.0, 0, 0.0, 0.0, 0, 0, 0, 0], "deviation": [0.0, 0.0, 0.0, 0.0, 0.0, 0.0, 0.0, 0.0, 0.0, 0.0]}, "NSP14": {"data": [0.0, 0, 0.0, 0, 0.0, 0.0, 0, 0, 0, 0], "deviation": [0.0, 0.0, 0.0, 0.0, 0.0, 0.0, 0.0, 0.0, 0.0, 0.0]}, "NS3": {"data": [0.0, 0, 0.0, 0, 0.0, 0.0, 0, 0, 0, 0], "deviation": [0.0, 0.0, 0.0, 0.0, 0.0, 0.0, 0.06726727939963124, 0.0, 0.0, 0.0]}, "NSP15": {"data": [0.0, 0, 0.0, 0, 0.0, 0.0, 0, 0, 0, 0], "deviation": [0.0, 0.0, 0.0, 0.0, 0.0, 0.0, 0.0, 0.0, 0.0, 0.0]}, "NSP16": {"data": [0.0, 0, 0.0, 0, 0.0, 0.0, 0, 0, 0, 0], "deviation": [0.0, 0.0, 0.0, 0.0, 0.0, 0.0, 0.0, 0.0, 0.0, 0.0]}, "NS9b": {"data": [0.0, 0, 0.0, 0, 0.0, 0.0, 0, 0, 0, 0], "deviation": [0.0, 0.0, 0.0, 0.0, 0.0, 0.0, 0.0, 0.0, 0.0, 0.0]}, "NS6": {"data": [0.0, 0, 0.0, 0, 0.0, 0.0, 0, 0, 0, 0], "deviation": [0.0, 0.0, 0.0, 0.0, 0.0, 0.0, 0.0, 0.0, 0.0, 0.0]}, "NS9c": {"data": [0.0, 0, 0.0, 0, 0.0, 0.0, 0, 0, 0, 0], "deviation": [0.0, 0.0, 0.0, 0.0, 0.0, 0.0, 0.0, 0.0, 0.0, 0.0]}, "NSP1": {"data": [0.0, 0, 0.0, 0, 0.0, 0.0, 0, 0, 0, 0], "deviation": [0.0, 1.3416407864998738, 0.0, 0.3678515687777488, 0.2699482833053993, 0.3112864031823452, 0.1345345587992625, 0.0, 0.4138743843823817, 0.22667929559809716]}, "NSP2": {"data": [0.0, 0, 0.0, 0, 0.0, 0.0, 0, 0, 0, 0], "deviation": [0.0, 0.0, 0.0, 0.0, 0.0, 0.0, 0.0, 0.0, 0.0, 0.0]}, "NS8": {"data": [0.0, 0, 0.0, 0, 0.0, 0.0, 0, 0, 0, 0], "deviation": [0.0, 0.0, 0.0, 0.0, 0.0, 0.0, 0.0, 0.0, 0.0, 0.0]}, "NSP3": {"data": [0.0, 0, 0.0, 0, 0.0, 0.0, 0, 0, 0, 0], "deviation": [0.0, 0.0, 0.0, 0.0, 0.0, 0.0, 0.0, 0.0, 0.0, 0.0]}}, "missense": {"NSP4": {"data": [0.0, 0, 0.0, 0, 0.0, 0.0, 0, 0, 2, 2], "deviation": [0.408248290463863, 0.0, 0.5064233865696236, 0.6705856233341915, 0.6816590308544629, 0.5511837963451777, 0.5099987498069061, 0.6219430736113932, 0.6280755183516312, 0.6136763591427616]}, "E": {"data": [0.0, 0, 0.0, 0, 0.0, 0.0, 0, 0, 0, 0], "deviation": [0.0, 0.0, 0.0, 0.1063944028631817, 0.0, 0.10741237092759395, 0.0, 0.0, 0.45742504581158044, 0.48487750300800114]}, "NS7a": {"data": [0.0, 0, 0.0, 0, 0.0, 0.0, 0, 0, 2, 2], "deviation": [0.0, 0.0, 0.27265992434429076, 0.2580939491268926, 0.12673223177143758, 0.3136995121882629, 0.11597954400550649, 0.2713418022096367, 0.7768978113224883, 0.4464621800322919]}, "NSP5": {"data": [0.0, 1, 1.0, 0, 0.0, 0.0, 0, 0, 0, 0], "deviation": [0.408248290463863, 0.4472135954999579, 0.5259911279353167, 0.49506313791432716, 0.36213697544287055, 0.30637856474121505, 0.18720925627634155, 0.1373479845664612, 0.18291669761292892, 0.11650024385921515]}, "NS7b": {"data": [0.0, 0, 0.0, 0, 0.0, 0.0, 0, 0, 1, 1], "deviation": [0.0, 0.0, 0.19694638556693236, 0.08703756481557622, 0.08998276110179976, 0.16278315670405327, 0.14904053487763136, 0.09759000729485333, 0.4677055439406347, 0.394442620175597]}, "NSP6": {"data": [0.0, 0, 0.0, 0, 0.0, 0.0, 0, 0, 1, 1], "deviation": [0.408248290463863, 0.0, 0.4277023415055065, 0.41842453711210725, 0.2973250580498563, 0.4477326356380707, 0.551390299928093, 0.5049208402760327, 0.5462111161692113, 0.5048500022842157]}, "NSP7": {"data": [0.0, 0, 0.0, 0, 0.0, 0.0, 0, 0, 0, 0], "deviation": [0.0, 0.0, 0.1, 0.16234144308893042, 0.06375767130633384, 0.0, 0.0, 0.0, 0.1393262121644322, 0.03384487217112064]}, "NSP8": {"data": [0.0, 0, 0.0, 0, 0.0, 0.0, 0, 0, 0, 0], "deviation": [0.0, 0.0, 0.2564323999762428, 0.23235014617498945, 0.19788159658022825, 0.40278117978905886, 0.27414276847511165, 0.09759000729485333, 0.07018624063435965, 0.06757320524115812]}, "Spike": {"data": [1.0, 1, 2.0, 4, 8.0, 8.0, 8, 10, 9, 9], "deviation": [0.408248290463863, 0.4472135954999579, 1.679917025367983, 2.518972792280631, 1.7909354564561977, 2.0278019667156175, 2.222977498598674, 2.0813140397037952, 0.8406118594796352, 0.4611411904120762]}, "NSP9": {"data": [0.0, 0, 0.0, 0, 0.0, 0.0, 0, 0, 0, 0], "deviation": [0.0, 0.0, 0.31446603773522014, 0.3230697677384489, 0.247100323288682, 0.10741237092759395, 0.1345345587992625, 0.09759000729485333, 0.12096282516719103, 0.11160524653883136]}, "NSP10": {"data": [0.0, 0, 0.0, 0, 0.0, 0.0, 0, 0, 0, 0], "deviation": [0.0, 0.0, 0.1, 0.08703756481557622, 0.0, 0.12378568928627388, 0.3781898473975993, 0.4957696499257955, 0.15537956226449764, 0.058553773623579]}, "NSP11": {"data": [0.0, 0, 0.0, 0, 0.0, 0.0, 0, 0, 0, 0], "deviation": [0.0, 0.0, 0.0, 0.0, 0.0, 0.0, 0.0, 0.0, 0.0, 0.0]}, "NSP12": {"data": [1.0, 1, 1.5, 1, 1.0, 1.0, 1, 1, 2, 3], "deviation": [0.408248290463863, 0.0, 0.9391055275735479, 0.8094692536025019, 0.41685494335906226, 0.546291617006605, 0.777062150782373, 0.728539107233943, 0.6524147665074288, 0.5292251292887615]}, "M": {"data": [0.0, 0, 0.0, 0, 0.0, 0.0, 0, 0, 1, 1], "deviation": [0.0, 0.447213595499958, 0.19694638556693236, 0.23235014617498945, 0.06375767130633384, 0.17367551013038962, 0.1336141291173741, 0.26657507584594453, 0.3892171962412191, 0.22293961360360262]}, "NSP13": {"data": [0.0, 0, 0.0, 0, 0.0, 0.0, 1, 1, 1, 1], "deviation": [0.0, 0.0, 0.4682872294787989, 0.838373769453826, 0.9592406847203837, 0.6238433026993289, 0.5898496974397159, 0.5131958333521068, 0.5642195113834695, 0.5266024397734342]}, "N": {"data": [0.0, 1, 2.0, 2, 4.0, 4.0, 4, 3, 4, 4], "deviation": [0.408248290463863, 0.4472135954999579, 0.9782999065065411, 1.2466074474350233, 1.1181786726868685, 0.9338269094913553, 1.187363190066739, 1.1409783090977241, 0.8974104741903008, 0.5240819349931938]}, "NSP14": {"data": [0.0, 0, 1.0, 0, 0.0, 0.0, 0, 0, 1, 1], "deviation": [0.0, 0.447213595499958, 0.6860073327640607, 0.600384942161262, 0.34897750570151065, 0.4560925238496961, 0.4897131859822511, 0.37013016223531015, 0.450495183497651, 0.4352827639920529]}, "NS3": {"data": [1.0, 0, 1.0, 1, 0.0, 0.0, 1, 1, 1, 1],