{"indel": {"NSP4": {"data": [0, 0.0, 0.0, 0, 0, 0.0, 0.0, 0, 0.0, 0.0, 0, 0.0, 0, 0, 0, 0.0, 0, 0.0, 0.0, 0], "deviation": [0.0, 0.0, 0.0, 0.0, 0.0, 0.0, 0.0, 0.0, 0.0, 0.0, 0.0, 0.0, 0.015287232008811677, 0.0, 0.0, 0.0, 0.0, 0.0, 0.0, 0.0]}, "E": {"data": [0, 0.0, 0.0, 0, 0, 0.0, 0.0, 0, 0.0, 0.0, 0, 0.0, 0, 0, 0, 0.0, 0, 0.0, 0.0, 0], "deviation": [0.0, 0.0, 0.0, 0.0, 0.0, 0.0, 0.0, 0.0, 0.0, 0.0, 0.0, 0.0, 0.015287232008811677, 0.0, 0.0, 0.0, 0.0, 0.0, 0.0, 0.0]}, "NS7a": {"data": [0, 0.0, 0.0, 0, 0, 0.0, 0.0, 0, 0.0, 0.0, 0, 0.0, 0, 0, 0, 0.0, 0, 0.0, 0.0, 0], "deviation": [0.0, 0.0, 0.0, 0.0, 0.0, 0.0, 0.0, 1.9629909152447276, 0.0, 0.0, 0.0, 0.04714045207910317, 0.0, 0.0, 0.021215457697740848, 0.019341961772855316, 0.051101782732756076, 0.017226024063738864, 0.02043157722414434, 0.0]}, "NSP5": {"data": [0, 0.0, 0.0, 0, 0, 0.0, 0.0, 0, 0.0, 0.0, 0, 0.0, 0, 0, 0, 0.0, 0, 0.0, 0.0, 0], "deviation": [0.0, 0.0, 0.0, 0.0, 0.0, 0.0, 0.0, 0.0, 0.0, 0.0, 0.0, 0.0, 0.0, 0.0, 0.0, 0.0, 0.0, 0.0, 0.0, 0.0]}, "NS7b": {"data": [0, 0.0, 0.0, 0, 0, 0.0, 0.0, 0, 0.0, 0.0, 0, 0.0, 0, 0, 0, 0.0, 0, 0.0, 0.0, 0], "deviation": [0.0, 0.0, 0.0, 0.0, 0.0, 0.0, 0.0, 0.0, 0.0, 0.0, 0.0, 0.0, 0.0, 0.0, 0.0, 0.0, 0.0, 0.0, 0.0, 0.0]}, "NSP6": {"data": [0, 0.0, 0.0, 0, 0, 0.0, 0.0, 0, 0.0, 0.0, 0, 0.0, 0, 0, 0, 0.0, 0, 0.0, 0.0, 0], "deviation": [0.5568218466440827, 0.0, 0.0, 0.0, 0.0, 0.0, 0.0, 0.0, 0.0, 0.0, 0.2188801062949691, 0.37165733673176404, 0.8945626599463108, 0.6265711451002965, 0.8879053312568441, 0.7346489302537558, 1.045182268150186, 1.0540751173833207, 0.3600402866647027, 0.0958314472644919]}, "NSP7": {"data": [0, 0.0, 0.0, 0, 0, 0.0, 0.0, 0, 0.0, 0.0, 0, 0.0, 0, 0, 0, 0.0, 0, 0.0, 0.0, 0], "deviation": [0.0, 0.0, 0.0, 0.0, 0.0, 0.0, 0.0, 0.0, 0.0, 0.0, 0.0, 0.0, 0.0, 0.0, 0.0, 0.0, 0.0, 0.0, 0.0, 0.0]}, "NSP8": {"data": [0, 0.0, 0.0, 0, 0, 0.0, 0.0, 0, 0.0, 0.0, 0, 0.0, 0, 0, 0, 0.0, 0, 0.0, 0.0, 0], "deviation": [0.0, 0.0, 0.0, 0.0, 0.0, 0.0, 0.0, 0.0, 0.0, 0.079555728417573, 0.05031546054266276, 0.0, 0.0, 0.0, 0.0, 0.0, 0.0, 0.017226024063738864, 0.0, 0.0]}, "Spike": {"data": [0, 0.0, 0.0, 0, 0, 0.0, 0.0, 0, 0.0, 0.0, 0, 0.0, 2, 3, 3, 3.0, 3, 3.0, 2.0, 2], "deviation": [0.8944801935692802, 0.0, 0.0, 0.0, 0.0, 0.0, 0.0, 0.3243843788242973, 0.4740870807567678, 0.42516199112466463, 0.8070084324445597, 1.0399208086652447, 1.3644301717623828, 1.0401601897261143, 0.8789445012304244, 0.7306282764902441, 0.7829202087273338, 0.9756525344034036, 0.6609939897535416, 0.37734925838870226]}, "NSP9": {"data": [0, 0.0, 0.0, 0, 0, 0.0, 0.0, 0, 0.0, 0.0, 0, 0.0, 0, 0, 0, 0.0, 0, 0.0, 0.0, 0], "deviation": [0.0, 0.0, 0.0, 0.0, 0.0, 0.0, 0.0, 0.0, 0.0, 0.0, 0.0, 0.0, 0.0, 0.0, 0.0, 0.0, 0.0, 0.0, 0.0, 0.0]}, "NSP10": {"data": [0, 0.0, 0.0, 0, 0, 0.0, 0.0, 0, 0.0, 0.0, 0, 0.0, 0, 0, 0, 0.0, 0, 0.0, 0.0, 0], "deviation": [0.0, 0.0, 0.0, 0.0, 0.0, 0.0, 0.0, 0.0, 0.0, 0.0, 0.0, 0.0, 0.0, 0.0, 0.0, 0.0, 0.0, 0.0, 0.0, 0.0]}, "NSP11": {"data": [0, 0.0, 0.0, 0, 0, 0.0, 0.0, 0, 0.0, 0.0, 0, 0.0, 0, 0, 0, 0.0, 0, 0.0, 0.0, 0], "deviation": [0.0, 0.0, 0.0, 0.0, 0.0, 0.0, 0.0, 0.0, 0.0, 0.0, 0.0, 0.0, 0.0, 0.0, 0.0, 0.0, 0.0, 0.0, 0.0, 0.0]}, "NSP12": {"data": [0, 0.0, 0.0, 0, 0, 0.0, 0.0, 0, 0.0, 0.0, 0, 0.0, 0, 0, 0, 0.0, 0, 0.0, 0.0, 0], "deviation": [0.0, 0.0, 0.0, 0.0, 0.0, 0.0, 0.0, 0.0, 0.0, 0.0, 0.0, 0.0, 0.13758508807930508, 0.0, 0.0, 0.0547047706949893, 0.06514020185272096, 0.5514967503596816, 0.0, 0.015978029337062907]}, "M": {"data": [0, 0.0, 0.0, 0, 0, 0.0, 0.0, 0, 0.0, 0.0, 0, 0.0, 0, 0, 0, 0.0, 0, 0.0, 0.0, 0], "deviation": [0.0, 0.0, 0.0, 0.0, 0.0, 0.0, 0.0, 0.0, 0.0, 0.0, 0.0, 0.09428090415820634, 0.0, 0.0, 0.0, 0.0, 0.17885623956464627, 0.0, 0.0, 0.0]}, "NSP13": {"data": [0, 0.0, 0.0, 0, 0, 0.0, 0.0, 0, 0.0, 0.0, 0, 0.0, 0, 0, 0, 0.0, 0, 0.0, 0.0, 0], "deviation": [0.0, 0.0, 0.0, 0.0, 0.0, 0.0, 0.0, 0.0, 0.0, 0.0, 0.0, 0.0, 0.0, 0.0, 0.0, 0.0, 0.0, 0.0, 0.0, 0.0]}, "N": {"data": [0, 0.0, 0.0, 0, 0, 0.0, 0.0, 0, 0.0, 0.0, 0, 0.0, 0, 0, 0, 0.0, 0, 0.0, 0.0, 0], "deviation": [0.0, 0.0, 0.0, 0.0, 0.0, 0.0, 0.0, 0.0, 0.0, 0.238667185252719, 0.0, 0.0, 0.0, 0.15651771293708003, 0.0, 0.025579829384515904, 0.057044860369023974, 0.034436705419913255, 0.03537374456615299, 0.015978029337062907]}, "NSP14": {"data": [0, 0.0, 0.0, 0, 0, 0.0, 0.0, 0, 0.0, 0.0, 0, 0.0, 0, 0, 0, 0.0, 0, 0.0, 0.0, 0], "deviation": [0.0, 0.0, 0.0, 0.0, 0.0, 0.0, 0.0, 0.0, 0.0, 0.0, 0.0, 0.0, 0.0, 0.0, 0.010607728848870424, 0.0, 0.012775445683189019, 0.0, 0.0, 0.0]}, "NS3": {"data": [0, 0.0, 0.0, 0, 0, 0.0, 0.0, 0, 0.0, 0.0, 0, 0.0, 0, 0, 0, 0.0, 0, 0.0, 0.0, 0], "deviation": [0.09407208683835973, 0.0, 0.0, 0.0, 0.0, 0.0, 0.0, 0.0, 0.0, 0.11214990946504513, 0.05031546054266276, 0.0, 0.03416730525442653, 0.0, 0.0, 0.009670980886427658, 0.0, 0.07681958301252696, 0.12657844817310426, 0.02766769061532469]}, "NSP15": {"data": [0, 0.0, 0.0, 0, 0, 0.0, 0.0, 0, 0.0, 0.0, 0, 0.0, 0, 0, 0, 0.0, 0, 0.0, 0.0, 0], "deviation": [0.0, 0.0, 0.0, 0.0, 0.0, 0.0, 0.0, 0.0, 0.0, 0.0, 0.0, 0.09428090415820634, 0.0, 0.0, 0.0, 0.009670980886427658, 0.0, 0.0, 0.0, 0.0]}, "NSP16": {"data": [0, 0.0, 0.0, 0, 0, 0.0, 0.0, 0, 0.0, 0.0, 0, 0.0, 0, 0, 0, 0.0, 0, 0.0, 0.0, 0], "deviation": [0.0, 0.0, 0.0, 0.0, 0.0, 0.0, 0.0, 0.0, 0.0, 0.0, 0.0, 0.0, 0.0, 0.0, 0.0, 0.0, 0.0, 0.0, 0.0, 0.0]}, "NS9b": {"data": [0, 0.0, 0.0, 0, 0, 0.0, 0.0, 0, 0.0, 0.0, 0, 0.0, 0, 0, 0, 0.0, 0, 0.0, 0.0, 0], "deviation": [0.0, 0.0, 0.0, 0.0, 0.0, 0.0, 0.0, 0.0, 0.0, 0.0, 0.0, 0.0, 0.0, 0.0, 0.0, 0.0, 0.0, 0.0, 0.0, 0.0]}, "NS6": {"data": [0, 0.0, 0.0, 0, 0, 0.0, 0.0, 0, 0.0, 0.0, 0, 0.0, 0, 0, 0, 0.0, 0, 0.0, 0.0, 0], "deviation": [0.0, 0.0, 0.0, 0.0, 0.0, 0.0, 0.0, 0.0, 0.0, 0.0, 0.0, 0.0, 0.0, 0.0, 0.0, 0.0, 0.012775445683189019, 0.0, 0.0, 0.0]}, "NS9c": {"data": [0, 0.0, 0.0, 0, 0, 0.0, 0.0, 0, 0.0, 0.0, 0, 0.0, 0, 0, 0, 0.0, 0, 0.0, 0.0, 0], "deviation": [0.0, 0.0, 0.0, 0.0, 0.0, 0.0, 0.0, 0.0, 0.0, 0.0, 0.0, 0.0, 0.0, 0.0, 0.0, 0.0, 0.0, 0.0, 0.0, 0.0]}, "NSP1": {"data": [0, 0.0, 0.0, 0, 0, 0.0, 0.0, 0, 0.0, 0.0, 0, 0.0, 0, 0, 0, 0.0, 0, 0.0, 0.0, 0], "deviation": [0.7525766947068778, 0.0, 0.0, 0.0, 0.0, 0.0, 0.0, 0.34641016151377546, 1.187715139238116, 0.238667185252719, 0.10063092108532552, 0.1331847724701152, 0.06483885738811342, 0.12467384214620138, 0.08550032732154886, 0.04324549111471094, 0.1270480399183857, 0.17293105112390633, 0.3212095160974357, 0.11951408670257928]}, "NSP2": {"data": [0, 0.0, 0.0, 0, 0, 0.0, 0.0, 0, 0.0, 0.0, 0, 0.0, 0, 0, 0, 0.0, 0, 0.0, 0.0, 0], "deviation": [0.0, 0.0, 0.0, 0.0, 0.0, 0.0, 0.0, 0.0, 0.0, 0.315167902970476, 0.2988121442510091, 0.0, 0.015287232008811677, 0.011068151669515323, 0.010607728848870424, 0.0, 0.15330534819826824, 0.06887341083982651, 0.028897630852606725, 0.0]}, "NS8": {"data": [0, 0.0, 0.0, 0, 0, 0.0, 0.0, 0, 0.0, 0.0, 0, 0.0, 0, 0, 0, 0.0, 0, 0.0, 0.0, 0], "deviation": [0.0, 0.0, 0.0, 0.0, 0.0, 0.0, 0.0, 0.0, 0.0, 0.0, 0.0, 0.0, 0.04585216582818648, 0.031303542587416, 0.0, 0.019341961772855316, 0.018065733856931603, 0.0, 0.0, 0.0]}, "NSP3": {"data": [0, 0.0, 0.0, 0, 0, 0.0, 0.0, 0, 0.0, 0.0, 0, 0.0, 0, 0, 0, 0.0, 0, 0.0, 0.0, 0], "deviation": [0.0, 0.0, 0.0, 0.0, 0.0, 0.0, 0.0, 0.0, 0.0, 0.0, 0.0, 0.18856180831641267, 0.12324605880369864, 0.11066117394417208, 0.20259675627916254, 0.28893615420485613, 0.18018834801236902, 0.034436705419913255, 0.12000271292509951, 0.0]}}, "missense": {"NSP4": {"data": [0, 0.0, 0.0, 0, 0, 0.0, 0.0, 0, 0.0, 0.0, 0, 0.0, 0, 0, 0, 0.0, 0, 0.0, 0.0, 0], "deviation": [0.5308140826993092, 0.0, 0.16722280192649722, 0.1740071763155946, 0.0, 0.0, 0.22360679774997896, 0.35615564974719527, 0.5017528537548117, 0.5199014413013855, 0.5481623046395288, 0.38478872229027417, 0.22978801258571424, 0.1239411832817813, 0.11889543069467814, 0.129670475166918, 0.3025924741030435, 0.9009265328547885, 1.0270486752547359, 0.5545009666968462]}, "E": {"data": [0, 0.0, 0.0, 0, 0, 0.0, 0.0, 0, 0.0, 0.0, 0, 0.0, 0, 0, 0, 0.0, 0, 0.0, 0.0, 0],