{"indel": {"NSP4": {"data": [0, 0, 0.0, 0, 0.0], "deviation": [0.0, 0.0, 0.0, 0.0, 0.0]}, "E": {"data": [0, 0, 0.0, 0, 0.0], "deviation": [0.0, 0.0, 0.0, 0.0, 0.0]}, "NS7a": {"data": [0, 0, 0.0, 0, 0.0], "deviation": [2.8867513459481287, 0.0, 0.0, 0.0, 0.0]}, "NSP5": {"data": [0, 0, 0.0, 0, 0.0], "deviation": [0.0, 0.0, 0.0, 0.0, 0.0]}, "NS7b": {"data": [0, 0, 0.0, 0, 0.0], "deviation": [0.0, 0.0, 0.0, 0.0, 0.0]}, "NSP6": {"data": [0, 0, 1.5, 3, 0.0], "deviation": [0.0, 0.0, 2.1213203435596424, 1.7320508075688772, 0.0]}, "NSP7": {"data": [0, 0, 0.0, 0, 0.0], "deviation": [0.0, 0.0, 0.0, 0.0, 0.0]}, "NSP8": {"data": [0, 0, 0.0, 0, 0.0], "deviation": [0.0, 0.0, 0.0, 0.0, 0.0]}, "Spike": {"data": [0, 0, 1.5, 3, 0.0], "deviation": [0.0, 0.447213595499958, 2.1213203435596424, 1.7320508075688772, 0.0]}, "NSP9": {"data": [0, 0, 0.0, 0, 0.0], "deviation": [0.0, 0.0, 0.0, 0.0, 0.0]}, "NSP10": {"data": [0, 0, 0.0, 0, 0.0], "deviation": [0.0, 0.0, 0.0, 0.0, 0.0]}, "NSP11": {"data": [0, 0, 0.0, 0, 0.0], "deviation": [0.0, 0.0, 0.0, 0.0, 0.0]}, "NSP12": {"data": [0, 0, 0.0, 0, 0.0], "deviation": [0.0, 0.0, 0.0, 0.0, 0.0]}, "M": {"data": [0, 0, 0.0, 0, 0.0], "deviation": [0.0, 0.0, 0.0, 0.0, 0.0]}, "NSP13": {"data": [0, 0, 0.0, 0, 0.0], "deviation": [0.0, 0.0, 0.0, 0.0, 0.0]}, "N": {"data": [0, 0, 0.0, 0, 0.0], "deviation": [0.0, 0.0, 0.0, 0.0, 0.0]}, "NSP14": {"data": [0, 0, 0.0, 0, 0.0], "deviation": [0.0, 0.0, 0.0, 0.0, 0.0]}, "NS3": {"data": [0, 0, 0.0, 0, 0.0], "deviation": [0.0, 0.0, 0.0, 0.0, 0.0]}, "NSP15": {"data": [0, 0, 0.0, 0, 0.0], "deviation": [0.0, 0.0, 0.0, 0.0, 0.0]}, "NSP16": {"data": [0, 0, 0.0, 0, 0.0], "deviation": [0.0, 0.0, 0.0, 0.0, 0.0]}, "NS9b": {"data": [0, 0, 0.0, 0, 0.0], "deviation": [0.0, 0.0, 0.0, 0.0, 0.0]}, "NS6": {"data": [0, 0, 0.0, 0, 0.0], "deviation": [0.0, 0.0, 0.0, 0.0, 0.0]}, "NS9c": {"data": [0, 0, 0.0, 0, 0.0], "deviation": [0.0, 0.0, 0.0, 0.0, 0.0]}, "NSP1": {"data": [0, 0, 0.0, 0, 0.0], "deviation": [0.0, 0.0, 0.0, 0.0, 0.0]}, "NSP2": {"data": [0, 0, 0.0, 0, 0.0], "deviation": [1.1547005383792517, 0.0, 0.0, 0.0, 0.0]}, "NS8": {"data": [0, 0, 0.0, 0, 0.0], "deviation": [1.1547005383792517, 0.0, 0.0, 0.0, 0.0]}, "NSP3": {"data": [0, 0, 0.0, 0, 0.0], "deviation": [0.0, 0.0, 0.0, 0.0, 0.0]}}, "missense": {"NSP4": {"data": [0, 0, 0.0, 0, 0.5], "deviation": [0.0, 0.447213595499958, 0.0, 0.5773502691896258, 0.7071067811865476]}, "E": {"data": [0, 0, 0.0, 0, 0.0], "deviation": [0.0, 0.0, 0.0, 0.0, 0.0]}, "NS7a": {"data": [0, 1, 0.5, 0, 1.0], "deviation": [0.5773502691896258, 0.5477225575051661, 0.7071067811865476, 0.5773502691896258, 1.4142135623730951]}, "NSP5": {"data": [0, 0, 0.0, 0, 0.0], "deviation": [0.0, 0.447213595499958, 0.0, 0.0, 0.0]}, "NS7b": {"data": [0, 0, 0.0, 0, 0.0], "deviation": [0.0, 0.0, 0.0, 0.0, 0.0]}, "NSP6": {"data": [0, 1, 0.5, 0, 1.0], "deviation": [0.0, 0.8366600265340756, 0.7071067811865476, 0.5773502691896258, 1.4142135623730951]}, "NSP7": {"data": [0, 0, 0.0, 0, 0.0], "deviation": [0.0, 0.0, 0.0, 0.0, 0.0]}, "NSP8": {"data": [0, 0, 0.0, 0, 0.0], "deviation": [0.5773502691896258, 0.0, 0.0, 0.0, 0.0]}, "Spike": {"data": [2, 2, 4.0, 7, 3.0], "deviation": [1.0, 1.6431676725154984, 5.656854249492381, 3.7859388972001824, 4.242640687119285]}, "NSP9": {"data": [0, 0, 0.0, 0, 0.0], "deviation": [0.5773502691896258, 0.0, 0.0, 0.0, 0.0]}, "NSP10": {"data": [0, 0, 0.0, 0, 0.0], "deviation": [0.0, 0.447213595499958, 0.0, 0.0, 0.0]}, "NSP11": {"data": [0, 0, 0.0, 0, 0.0], "deviation": [0.0, 0.0, 0.0, 0.0, 0.0]}, "NSP12": {"data": [2, 1, 0.5, 1, 1.5], "deviation": [1.0, 0.0, 0.7071067811865476, 0.5773502691896257, 2.1213203435596424]}, "M": {"data": [0, 0, 0.0, 0, 0.5], "deviation": [0.5773502691896258, 0.0, 0.0, 0.0, 0.7071067811865476]}, "NSP13": {"data": [0, 0, 0.0, 0, 0.5], "deviation": [0.0, 0.0, 0.0, 0.5773502691896258, 0.7071067811865476]}, "N": {"data": [3, 2, 2.0, 4, 1.5], "deviation": [0.5773502691896257, 1.0954451150103321, 2.8284271247461903, 1.1547005383792515, 2.1213203435596424]}, "NSP14": {"data": [0, 0, 0.5, 0, 0.0], "deviation": [0.0, 0.5477225575051661, 0.7071067811865476, 0.5773502691896258, 0.0]}, "NS3": {"data": [0, 0, 0.0, 0, 0.5], "deviation": [0.5773502691896258, 0.5477225575051661, 0.0, 0.5773502691896258, 0.7071067811865476]}, "NSP15": {"data": [0, 0, 0.0, 0, 0.0], "deviation": [0.0, 0.447213595499958, 0.0, 0.5773502691896258, 0.0]}, "NSP16": {"data": [0, 0, 0.0, 0, 0.0], "deviation": [0.0, 0.0, 0.0, 0.0, 0.0]}, "NS9b": {"data": [0, 0, 0.0, 0, 0.0], "deviation": [0.0, 0.0, 0.0, 0.0, 0.0]}, "NS6": {"data": [0, 0, 0.0, 0, 0.0], "deviation": [0.0, 0.0, 0.0, 0.0, 0.0]}, "NS9c": {"data": [0, 0, 0.0, 0, 0.0], "deviation": [0.0, 0.0, 0.0, 0.0, 0.0]}, "NSP1": {"data": [0, 0, 0.0, 0, 0.0], "deviation": [0.0, 0.0, 0.0, 0.0, 0.0]}, "NSP2": {"data": [0, 0, 1.0, 0, 0.0], "deviation": [0.5773502691896258, 0.5477225575051661, 1.4142135623730951, 1.1547005383792517, 0.0]}, "NS8": {"data": [0, 0, 2.0, 4, 0.0], "deviation": [0.5773502691896258, 0.5477225575051661, 2.8284271247461903, 1.7320508075688772, 0.0]}, "NSP3": {"data": [1, 2, 1.5, 3, 0.5], "deviation": [1.1547005383792515, 1.5811388300841898, 2.1213203435596424, 1.1547005383792515, 0.7071067811865476]}}, "labels": ["w53/2021", "w01/2021", "w03/2021", "w05/2021", "w09/2021"]}