{"indel": {"NSP4": {"data": [0, 0, 0.0], "deviation": [0.0, 0.0, 0.0]}, "E": {"data": [0, 0, 0.0], "deviation": [0.0, 0.0, 0.0]}, "NS7a": {"data": [0, 0, 0.0], "deviation": [1.6666666666666667, 0.0, 0.0]}, "NSP5": {"data": [0, 0, 0.0], "deviation": [0.0, 0.0, 0.0]}, "NS7b": {"data": [0, 0, 0.0], "deviation": [0.0, 0.0, 0.0]}, "NSP6": {"data": [0, 3, 0.0], "deviation": [1.0, 1.7320508075688772, 0.0]}, "NSP7": {"data": [0, 0, 0.0], "deviation": [0.0, 0.0, 0.0]}, "NSP8": {"data": [0, 0, 0.0], "deviation": [0.0, 0.0, 0.0]}, "Spike": {"data": [0, 3, 0.0], "deviation": [1.0137937550497031, 1.7320508075688772, 0.0]}, "NSP9": {"data": [0, 0, 0.0], "deviation": [0.0, 0.0, 0.0]}, "NSP10": {"data": [0, 0, 0.0], "deviation": [0.0, 0.0, 0.0]}, "NSP11": {"data": [0, 0, 0.0], "deviation": [0.0, 0.0, 0.0]}, "NSP12": {"data": [0, 0, 0.0], "deviation": [0.0, 0.0, 0.0]}, "M": {"data": [0, 0, 0.0], "deviation": [0.0, 0.0, 0.0]}, "NSP13": {"data": [0, 0, 0.0], "deviation": [0.0, 0.0, 0.0]}, "N": {"data": [0, 0, 0.0], "deviation": [0.0, 0.0, 0.0]}, "NSP14": {"data": [0, 0, 0.0], "deviation": [0.0, 0.0, 0.0]}, "NS3": {"data": [0, 0, 0.0], "deviation": [0.0, 0.0, 0.0]}, "NSP15": {"data": [0, 0, 0.0], "deviation": [0.0, 0.0, 0.0]}, "NSP16": {"data": [0, 0, 0.0], "deviation": [0.0, 0.0, 0.0]}, "NS9b": {"data": [0, 0, 0.0], "deviation": [0.0, 0.0, 0.0]}, "NS6": {"data": [0, 0, 0.0], "deviation": [0.0, 0.0, 0.0]}, "NS9c": {"data": [0, 0, 0.0], "deviation": [0.0, 0.0, 0.0]}, "NSP1": {"data": [0, 0, 0.0], "deviation": [0.0, 0.0, 0.0]}, "NSP2": {"data": [0, 0, 0.0], "deviation": [0.6666666666666666, 0.0, 0.0]}, "NS8": {"data": [0, 0, 0.0], "deviation": [0.6666666666666666, 0.0, 0.0]}, "NSP3": {"data": [0, 0, 0.0], "deviation": [0.0, 0.0, 0.0]}}, "missense": {"NSP4": {"data": [0, 0, 0.5], "deviation": [0.3333333333333333, 0.5773502691896258, 0.7071067811865476]}, "E": {"data": [0, 0, 0.0], "deviation": [0.0, 0.0, 0.0]}, "NS7a": {"data": [1, 0, 1.0], "deviation": [0.5270462766947299, 0.5773502691896258, 1.4142135623730951]}, "NSP5": {"data": [0, 0, 0.0], "deviation": [0.3333333333333333, 0.0, 0.0]}, "NS7b": {"data": [0, 0, 0.0], "deviation": [0.0, 0.0, 0.0]}, "NSP6": {"data": [0, 0, 1.0], "deviation": [0.7264831572567789, 0.5773502691896258, 1.4142135623730951]}, "NSP7": {"data": [0, 0, 0.0], "deviation": [0.0, 0.0, 0.0]}, "NSP8": {"data": [0, 0, 0.0], "deviation": [0.3333333333333333, 0.0, 0.0]}, "Spike": {"data": [2, 7, 3.0], "deviation": [2.3333333333333335, 3.7859388972001824, 4.242640687119285]}, "NSP9": {"data": [0, 0, 0.0], "deviation": [0.3333333333333333, 0.0, 0.0]}, "NSP10": {"data": [0, 0, 0.0], "deviation": [0.3333333333333333, 0.0, 0.0]}, "NSP11": {"data": [0, 0, 0.0], "deviation": [0.0, 0.0, 0.0]}, "NSP12": {"data": [1, 1, 1.5], "deviation": [0.7071067811865476, 0.5773502691896257, 2.1213203435596424]}, "M": {"data": [0, 0, 0.5], "deviation": [0.3333333333333333, 0.0, 0.7071067811865476]}, "NSP13": {"data": [0, 0, 0.5], "deviation": [0.0, 0.5773502691896258, 0.7071067811865476]}, "N": {"data": [3, 4, 1.5], "deviation": [0.927960727138337, 1.1547005383792515, 2.1213203435596424]}, "NSP14": {"data": [0, 0, 0.0], "deviation": [0.5, 0.5773502691896258, 0.0]}, "NS3": {"data": [0, 0, 0.5], "deviation": [0.5, 0.5773502691896258, 0.7071067811865476]}, "NSP15": {"data": [0, 0, 0.0], "deviation": [0.3333333333333333, 0.5773502691896258, 0.0]}, "NSP16": {"data": [0, 0, 0.0], "deviation": [0.0, 0.0, 0.0]}, "NS9b": {"data": [0, 0, 0.0], "deviation": [0.0, 0.0, 0.0]}, "NS6": {"data": [0, 0, 0.0], "deviation": [0.0, 0.0, 0.0]}, "NS9c": {"data": [0, 0, 0.0], "deviation": [0.0, 0.0, 0.0]}, "NSP1": {"data": [0, 0, 0.0], "deviation": [0.0, 0.0, 0.0]}, "NSP2": {"data": [0, 0, 0.0], "deviation": [0.7264831572567789, 1.1547005383792517, 0.0]}, "NS8": {"data": [0, 4, 0.0], "deviation": [1.3017082793177759, 1.7320508075688772, 0.0]}, "NSP3": {"data": [2, 3, 0.5], "deviation": [1.3228756555322954, 1.1547005383792515, 0.7071067811865476]}}, "labels": ["01/2021", "02/2021", "03/2021"]}