{"indel": {"NSP4": {"data": [0.0, 0.0, 0.0, 0, 0.0, 0.0, 0, 0, 0, 0], "deviation": [0.0, 0.0, 0.0, 0.0, 0.0, 0.0, 0.0, 0.0, 0.0, 0.0]}, "E": {"data": [0.0, 0.0, 0.0, 0, 0.0, 0.0, 0, 0, 0, 0], "deviation": [0.0, 0.0, 0.0, 0.0, 0.0, 0.0, 0.0, 0.0, 0.0, 0.0]}, "NS7a": {"data": [0.0, 0.0, 0.0, 0, 0.0, 0.0, 0, 0, 0, 0], "deviation": [0.0, 0.0, 0.0, 0.0, 0.0, 0.0, 0.0, 0.0, 0.0, 0.0]}, "NSP5": {"data": [0.0, 0.0, 0.0, 0, 0.0, 0.0, 0, 0, 0, 0], "deviation": [0.0, 0.0, 0.0, 0.0, 0.0, 0.0, 0.0, 0.0, 0.0, 0.0]}, "NS7b": {"data": [0.0, 0.0, 0.0, 0, 0.0, 0.0, 0, 0, 0, 0], "deviation": [0.0, 0.0, 0.0, 0.0, 0.0, 0.0, 0.0, 0.0, 0.0, 0.0]}, "NSP6": {"data": [0.0, 0.0, 0.0, 0, 0.0, 0.0, 0, 0, 0, 3], "deviation": [0.0, 0.0, 0.0, 0.0, 0.0, 0.0, 0.0, 1.7320508075688772, 1.5811388300841898, 0.6255432421712243]}, "NSP7": {"data": [0.0, 0.0, 0.0, 0, 0.0, 0.0, 0, 0, 0, 0], "deviation": [0.0, 0.0, 0.0, 0.0, 0.0, 0.0, 0.0, 0.0, 0.0, 0.0]}, "NSP8": {"data": [0.0, 0.0, 0.0, 0, 0.0, 0.0, 0, 0, 0, 0], "deviation": [0.0, 0.0, 0.0, 0.0, 0.0, 0.0, 0.0, 0.0, 0.0, 0.0]}, "Spike": {"data": [0.0, 0.0, 0.0, 0, 0.0, 0.0, 0, 0, 0, 3], "deviation": [0.0, 0.0, 0.0, 0.0, 0.0, 0.0, 0.0, 1.7320508075688772, 1.5811388300841898, 0.8643121965600912]}, "NSP9": {"data": [0.0, 0.0, 0.0, 0, 0.0, 0.0, 0, 0, 0, 0], "deviation": [0.0, 0.0, 0.0, 0.0, 0.0, 0.0, 0.0, 0.0, 0.0, 0.0]}, "NSP10": {"data": [0.0, 0.0, 0.0, 0, 0.0, 0.0, 0, 0, 0, 0], "deviation": [0.0, 0.0, 0.0, 0.0, 0.0, 0.0, 0.0, 0.0, 0.0, 0.0]}, "NSP11": {"data": [0.0, 0.0, 0.0, 0, 0.0, 0.0, 0, 0, 0, 0], "deviation": [0.0, 0.0, 0.0, 0.0, 0.0, 0.0, 0.0, 0.0, 0.0, 0.0]}, "NSP12": {"data": [0.0, 0.0, 0.0, 0, 0.0, 0.0, 0, 0, 0, 0], "deviation": [0.0, 0.0, 0.0, 0.0, 0.0, 0.0, 0.0, 0.0, 0.0, 0.0]}, "M": {"data": [0.0, 0.0, 0.0, 0, 0.0, 0.0, 0, 0, 0, 0], "deviation": [0.0, 0.0, 0.0, 0.0, 0.0, 0.0, 0.0, 0.0, 0.0, 0.0]}, "NSP13": {"data": [0.0, 0.0, 0.0, 0, 0.0, 0.0, 0, 0, 0, 0], "deviation": [0.0, 0.0, 0.0, 0.0, 0.0, 0.0, 0.0, 0.0, 0.0, 0.0]}, "N": {"data": [0.0, 0.0, 0.0, 0, 0.0, 0.0, 0, 0, 0, 0], "deviation": [0.0, 0.0, 0.0, 0.0, 0.0, 0.0, 0.0, 0.0, 0.0, 0.0]}, "NSP14": {"data": [0.0, 0.0, 0.0, 0, 0.0, 0.0, 0, 0, 0, 0], "deviation": [0.0, 0.0, 0.0, 0.0, 0.0, 0.0, 0.0, 0.0, 0.0, 0.0]}, "NS3": {"data": [0.0, 0.0, 0.0, 0, 0.0, 0.0, 0, 0, 0, 0], "deviation": [0.0, 0.0, 0.0, 0.0, 0.0, 0.0, 0.0, 0.0, 0.0, 0.0]}, "NSP15": {"data": [0.0, 0.0, 0.0, 0, 0.0, 0.0, 0, 0, 0, 0], "deviation": [0.0, 0.0, 0.0, 0.0, 0.0, 0.0, 0.0, 0.0, 0.0, 0.0]}, "NSP16": {"data": [0.0, 0.0, 0.0, 0, 0.0, 0.0, 0, 0, 0, 0], "deviation": [0.0, 0.0, 0.0, 0.0, 0.0, 0.0, 0.0, 0.0, 0.0, 0.0]}, "NS9b": {"data": [0.0, 0.0, 0.0, 0, 0.0, 0.0, 0, 0, 0, 0], "deviation": [0.0, 0.0, 0.0, 0.0, 0.0, 0.0, 0.0, 0.0, 0.0, 0.0]}, "NS6": {"data": [0.0, 0.0, 0.0, 0, 0.0, 0.0, 0, 0, 0, 0], "deviation": [0.0, 0.0, 0.0, 0.0, 0.0, 0.0, 0.0, 0.0, 0.0, 0.0]}, "NS9c": {"data": [0.0, 0.0, 0.0, 0, 0.0, 0.0, 0, 0, 0, 0], "deviation": [0.0, 0.0, 0.0, 0.0, 0.0, 0.0, 0.0, 0.0, 0.0, 0.0]}, "NSP1": {"data": [0.0, 0.0, 0.0, 0, 0.0, 0.0, 0, 0, 0, 0], "deviation": [0.0, 0.0, 0.0, 0.0, 0.0, 0.0, 0.0, 0.0, 0.0, 0.0]}, "NSP2": {"data": [0.0, 0.0, 0.0, 0, 0.0, 0.0, 0, 0, 0, 0], "deviation": [0.0, 0.0, 0.0, 0.0, 0.0, 0.0, 0.0, 0.0, 0.0, 0.0]}, "NS8": {"data": [0.0, 0.0, 0.0, 0, 0.0, 0.0, 0, 0, 0, 0], "deviation": [0.0, 0.0, 0.0, 0.0, 0.0, 0.0, 0.0, 0.0, 0.0, 0.0]}, "NSP3": {"data": [0.0, 0.0, 0.0, 0, 0.0, 0.0, 0, 0, 0, 0], "deviation": [0.0, 0.0, 0.0, 0.0, 0.0, 0.0, 0.0, 0.0, 0.0, 0.0]}}, "missense": {"NSP4": {"data": [0.0, 0.0, 0.0, 0, 0.0, 0.0, 0, 0, 0, 0], "deviation": [0.0, 0.0, 0.0, 0.0, 0.0, 0.0, 0.2773500981126146, 0.0, 1.224744871391589, 0.45769658728016005]}, "E": {"data": [0.0, 0.0, 0.0, 0, 0.0, 0.5, 0, 0, 0, 0], "deviation": [0.0, 0.0, 0.0, 0.0, 0.0, 0.7071067811865476, 0.4385290096535146, 0.5773502691896258, 0.5270462766947299, 0.4990108793478454]}, "NS7a": {"data": [0.0, 0.0, 0.0, 0, 0.0, 0.5, 0, 0, 0, 0], "deviation": [0.0, 0.0, 0.0, 0.0, 0.0, 0.7071067811865476, 0.2773500981126146, 0.0, 0.3333333333333333, 0.20851441405707477]}, "NSP5": {"data": [0.0, 0.0, 0.0, 0, 0.0, 0.0, 0, 1, 0, 0], "deviation": [0.0, 0.0, 0.0, 0.0, 0.0, 0.0, 0.2773500981126146, 0.5773502691896257, 0.0, 0.0]}, "NS7b": {"data": [0.0, 0.0, 0.0, 0, 0.0, 0.0, 0, 0, 0, 0], "deviation": [0.0, 0.0, 0.0, 0.0, 0.0, 0.0, 0.0, 0.0, 0.3333333333333333, 0.44897775854487953]}, "NSP6": {"data": [0.0, 0.5, 0.0, 0, 0.5, 1.0, 1, 0, 0, 0], "deviation": [0.0, 0.7071067811865476, 0.0, 0.5773502691896258, 0.7071067811865476, 1.4142135623730951, 0.8320502943378437, 0.0, 0.5270462766947299, 0.34435022157509093]}, "NSP7": {"data": [0.0, 0.0, 0.0, 0, 0.0, 0.0, 0, 0, 0, 0], "deviation": [0.0, 0.0, 0.0, 0.0, 0.0, 0.0, 0.0, 0.0, 0.0, 0.0]}, "NSP8": {"data": [0.0, 0.5, 0.5, 1, 0.0, 0.5, 1, 0, 0, 1], "deviation": [0.0, 0.7071067811865476, 0.7071067811865476, 0.5773502691896257, 0.0, 0.7071067811865476, 0.5188745216627708, 0.5773502691896258, 0.5270462766947299, 0.48698475355767396]}, "Spike": {"data": [1.5, 1.0, 1.0, 1, 1.0, 1.5, 1, 2, 7, 8], "deviation": [0.7071067811865476, 0.0, 1.4142135623730951, 0.5773502691896257, 0.0, 0.7071067811865476, 0.5188745216627708, 4.041451884327381, 1.6583123951777, 1.2605287804426009]}, "NSP9": {"data": [0.0, 0.5, 0.0, 0, 0.0, 0.5, 0, 0, 0, 0], "deviation": [0.0, 0.7071067811865476, 0.0, 0.5773502691896258, 0.0, 0.7071067811865476, 0.48038446141526137, 0.0, 0.7264831572567789, 0.41702882811414954]}, "NSP10": {"data": [0.0, 0.0, 0.0, 0, 0.0, 0.0, 0, 0, 0, 0], "deviation": [0.0, 0.0, 0.0, 0.0, 0.0, 0.0, 0.0, 0.0, 0.0, 0.0]}, "NSP11": {"data": [0.0, 0.0, 0.0, 0, 0.0, 0.0, 0, 0, 0, 0], "deviation": [0.0, 0.0, 0.0, 0.0, 0.0, 0.0, 0.0, 0.0, 0.0, 0.0]}, "NSP12": {"data": [1.0, 1.0, 1.0, 2, 1.0, 1.0, 1, 1, 1, 1], "deviation": [0.0, 0.0, 1.4142135623730951, 0.5773502691896257, 0.0, 0.0, 0.2773500981126146, 0.5773502691896257, 0.0, 0.38755338788158983]}, "M": {"data": [0.0, 0.0, 0.0, 0, 0.0, 0.0, 0, 0, 0, 0], "deviation": [0.0, 0.0, 0.0, 0.0, 0.0, 0.0, 0.0, 0.0, 0.0, 0.0]}, "NSP13": {"data": [0.0, 0.0, 0.0, 0, 0.0, 0.0, 0, 1, 1, 1], "deviation": [0.0, 0.0, 0.0, 0.0, 0.0, 0.0, 0.0, 0.0, 0.44095855184409843, 0.491026190103531]}, "N": {"data": [0.0, 1.0, 0.5, 2, 1.0, 2.0, 2, 3, 3, 4], "deviation": [0.0, 1.4142135623730951, 0.7071067811865476, 0.5773502691896257, 0.0, 0.0, 0.2773500981126146, 1.5275252316519468, 1.1666666666666667, 0.2881040655200304]}, "NSP14": {"data": [0.0, 0.5, 1.0, 1, 0.0, 0.5, 1, 1, 0, 0], "deviation": [0.0, 0.7071067811865476, 1.4142135623730951, 1.0, 0.0, 0.7071067811865476, 0.5991446895152781, 0.5773502691896257, 0.0, 0.44897775854487953]}, "NS3": {"data": [0.5, 0.5, 1.0, 0, 0.0, 0.0, 0, 2, 1, 0], "deviation": [0.7071067811865476, 0.7071067811865476, 1.4142135623730951, 1.1547005383792517, 0.0, 0.0, 0.5547001962252291, 1.1547005383792515, 0.5270462766947299, 0.6349504353380415]}, "NSP15": {"data": [0.0, 0.0, 0.0, 0, 0.5, 0.0, 0, 0, 0, 0], "deviation": [0.0, 0.0, 0.0, 0.0, 0.7071067811865476, 0.0, 0.0, 0.5773502691896258, 0.5270462766947299, 0.4990108793478454]}, "NSP16": {"data": [0.0, 0.0, 0.0, 0, 0.0, 0.0, 0, 0, 0, 0], "deviation": [0.0, 0.0, 0.0, 0.0, 0.0, 0.0, 0.2773500981126146, 0.5773502691896258, 0.0, 0.44897775854487953]}, "NS9b": {"data": [0.0, 0.0, 0.0, 0, 0.0, 0.0, 0, 0, 0, 0], "deviation": [0.0, 0.0, 0.0, 0.0, 0.0, 0.0, 0.0, 0.0, 0.0, 0.0]}, "NS6": {"data": [0.0, 0.0, 0.0, 0, 0.0, 0.0, 0, 0, 0, 0], "deviation": [0.0, 0.0, 0.0, 0.0, 0.0, 0.0, 0.0, 0.0, 0.0, 0.0]}, "NS9c": {"data": [0.0, 0.0, 0.0, 0, 0.0, 0.0, 0, 0, 0, 0], "deviation": [0.0, 0.0, 0.0, 0.0, 0.0, 0.0, 0.0, 0.0, 0.0, 0.0]}, "NSP1": {"data": [0.0, 0.0, 0.0, 0, 0.0, 0.0, 0, 0, 0, 0], "deviation": [0.0, 0.0, 0.0, 0.0, 0.0, 0.0, 0.0, 0.0, 0.3333333333333333, 0.20851441405707477]}, "NSP2": {"data": [1.0, 0.5, 0.0, 0, 0.5, 0.5, 0, 1, 1, 0], "deviation": [0.0, 0.7071067811865476, 0.0, 0.0, 0.7071067811865476, 0.7071067811865476, 0.5063696835418333, 0.0, 0.7071067811865476, 0.5107539184552492]}, "NS8": {"data": [0.0, 0.0, 0.0, 0, 0.0, 0.0, 0, 1, 1, 3],