{"indel": {"NSP4": {"data": [0.0, 0, 0, 0.0, 0.0, 0, 0.0, 0, 0, 0.0, 0, 0.0, 0.0, 0.0, 0, 0, 0, 0.0, 0], "deviation": [0.0, 0.0, 0.0, 0.0, 0.0, 0.0, 0.0, 0.0, 0.0, 0.1212678125181665, 0.0, 0.0, 0.0, 0.07001400420140048, 0.0, 0.0, 0.0646846227353151, 0.0, 0.0]}, "E": {"data": [0.0, 0, 0, 0.0, 0.0, 0, 0.0, 0, 0, 0.0, 0, 0.0, 0.0, 0.0, 0, 0, 0, 0.0, 0], "deviation": [0.0, 0.0, 0.0, 0.0, 0.0, 0.0, 0.0, 0.0, 0.0, 0.0, 0.0, 0.0, 0.0, 0.0, 0.0, 0.0, 0.0, 0.0, 0.0]}, "NS7a": {"data": [0.0, 0, 0, 0.0, 0.0, 0, 0.0, 0, 0, 0.0, 0, 0.0, 0.0, 0.0, 0, 0, 0, 0.0, 0], "deviation": [0.0, 0.0, 6.733753362236721, 5.6225461911629555, 0.0, 0.12725695259515554, 0.0, 0.0, 0.0, 0.0, 0.0, 0.0, 0.18102033471939252, 0.12066895546294462, 0.06788442333021306, 0.0, 0.0646846227353151, 0.9553888379422378, 0.0]}, "NSP5": {"data": [0.0, 0, 0, 0.0, 0.0, 0, 0.0, 0, 0, 0.0, 0, 0.0, 0.0, 0.0, 0, 0, 0, 0.0, 0], "deviation": [0.0, 0.0, 0.0, 0.0, 0.0, 0.0, 0.0, 0.0, 0.0, 0.0, 0.0, 0.0, 0.0, 0.0, 0.0, 0.0, 0.0, 0.0, 0.0]}, "NS7b": {"data": [0.0, 0, 0, 0.0, 0.0, 0, 0.0, 0, 0, 0.0, 0, 0.0, 0.0, 0.0, 0, 0, 0, 0.0, 0], "deviation": [0.0, 0.0, 0.0, 0.0, 0.0, 0.0, 0.0, 0.0, 0.0, 0.0, 0.18033392693348646, 0.33630872029810405, 0.0, 0.0, 0.0, 0.0, 0.0646846227353151, 0.0, 0.0]}, "NSP6": {"data": [0.5, 0, 0, 0.0, 0.0, 0, 0.0, 0, 0, 0.0, 0, 0.0, 3.0, 3.0, 3, 3, 0, 0.0, 0], "deviation": [0.7071067811865476, 0.4385290096535146, 0.3691348870426546, 0.16604117970944668, 0.30989741806704785, 0.24421822156676906, 0.0, 0.0, 0.0, 0.5106418003727975, 0.5462727960883965, 1.2284471663912988, 1.6923723862629378, 1.181941783997503, 1.595604882518298, 1.5003496897745097, 0.9724231047032302, 0.21133967506680265, 0.0]}, "NSP7": {"data": [0.0, 0, 0, 0.0, 0.0, 0, 0.0, 0, 0, 0.0, 0, 0.0, 0.0, 0.0, 0, 0, 0, 0.0, 0], "deviation": [0.0, 0.0, 0.0, 0.0, 0.0, 0.0, 0.0, 0.0, 0.0, 0.0, 0.0, 0.0, 0.0, 0.0, 0.0, 0.0, 0.0, 0.0, 0.0]}, "NSP8": {"data": [0.0, 0, 0, 0.0, 0.0, 0, 0.0, 0, 0, 0.0, 0, 0.0, 0.0, 0.0, 0, 0, 0, 0.0, 0], "deviation": [0.0, 0.0, 0.0, 0.0, 0.0, 0.0, 0.0, 0.0, 0.0, 0.0, 0.0, 0.0, 0.0, 0.0, 0.0, 0.0, 0.0, 0.0, 0.0]}, "Spike": {"data": [0.0, 0, 0, 0.0, 0.0, 0, 0.0, 0, 0, 0.0, 0, 0.0, 0.0, 3.0, 3, 2, 2, 2.0, 2], "deviation": [0.0, 0.0, 0.0, 0.1182565724236352, 0.08687319732732625, 0.0, 0.0, 0.0, 0.4049763024119306, 0.38176154709594406, 0.6770155045019272, 1.2143375736989552, 1.6011119017838504, 1.459852632721199, 1.700099893654536, 1.123627473716446, 0.8290674070146118, 0.4849824738078126, 0.0]}, "NSP9": {"data": [0.0, 0, 0, 0.0, 0.0, 0, 0.0, 0, 0, 0.0, 0, 0.0, 0.0, 0.0, 0, 0, 0, 0.0, 0], "deviation": [0.0, 0.0, 0.0, 0.0, 0.0, 0.0, 0.0, 0.0, 0.0, 0.0, 0.0, 0.0, 0.0, 0.0, 0.0, 0.0, 0.0, 0.0, 0.0]}, "NSP10": {"data": [0.0, 0, 0, 0.0, 0.0, 0, 0.0, 0, 0, 0.0, 0, 0.0, 0.0, 0.0, 0, 0, 0, 0.0, 0], "deviation": [0.0, 0.0, 0.0, 0.0, 0.0, 0.0, 0.0, 0.0, 0.0, 0.0, 0.0, 0.0, 0.0, 0.0, 0.0, 0.0, 0.0, 0.0, 0.0]}, "NSP11": {"data": [0.0, 0, 0, 0.0, 0.0, 0, 0.0, 0, 0, 0.0, 0, 0.0, 0.0, 0.0, 0, 0, 0, 0.0, 0], "deviation": [0.0, 0.0, 0.0, 0.0, 0.0, 0.0, 0.0, 0.0, 0.0, 0.0, 0.0, 0.0, 0.0, 0.0, 0.0, 0.0, 0.0, 0.0, 0.0]}, "NSP12": {"data": [0.0, 0, 0, 0.0, 0.0, 0, 0.0, 0, 0, 0.0, 0, 0.0, 0.0, 0.0, 0, 0, 0, 0.0, 0], "deviation": [0.0, 0.0, 0.0, 0.0, 0.0, 0.0, 0.0, 0.0, 0.0, 0.0, 0.0, 0.1318658570441865, 0.0, 0.0, 0.0, 0.0, 0.0, 0.0, 0.0]}, "M": {"data": [0.0, 0, 0, 0.0, 0.0, 0, 0.0, 0, 0, 0.0, 0, 0.0, 0.0, 0.0, 0, 0, 0, 0.0, 0], "deviation": [0.0, 0.0, 0.0, 0.0, 0.0, 0.0, 0.0, 0.0, 0.0, 0.0, 0.18033392693348646, 0.0, 0.0, 0.0, 0.0, 0.0, 0.0, 0.0, 0.0]}, "NSP13": {"data": [0.0, 0, 0, 0.0, 0.0, 0, 0.0, 0, 0, 0.0, 0, 0.0, 0.0, 0.0, 0, 0, 0, 0.0, 0], "deviation": [0.0, 0.0, 0.0, 0.0, 0.0, 0.0, 0.0, 0.0, 0.0, 0.0, 0.0, 0.0, 0.0, 0.0, 0.0, 0.0, 0.0, 0.0, 0.0]}, "N": {"data": [0.0, 0, 0, 0.0, 0.0, 0, 0.0, 0, 0, 0.0, 0, 0.0, 0.0, 0.0, 0, 0, 0, 0.0, 0], "deviation": [0.0, 0.0, 0.0, 0.0, 0.0, 0.0, 0.0, 0.0, 0.0, 0.0, 0.0, 0.0, 0.12909944487358055, 0.13898946742976162, 0.23786471174966273, 0.22395267080704778, 0.1567711545364589, 0.0, 0.0]}, "NSP14": {"data": [0.0, 0, 0, 0.0, 0.0, 0, 0.0, 0, 0, 0.0, 0, 0.0, 0.0, 0.0, 0, 0, 0, 0.0, 0], "deviation": [0.0, 0.0, 0.0, 0.0, 0.0, 0.0, 0.0, 0.0, 0.0, 0.0, 0.0, 0.0, 0.0, 0.0, 0.0, 0.22941573387056177, 0.0, 0.0, 0.0]}, "NS3": {"data": [0.0, 0, 0, 0.0, 0.0, 0, 0.0, 0, 0, 0.0, 0, 0.0, 0.0, 0.0, 0, 0, 0, 0.0, 0], "deviation": [0.0, 0.0, 0.0, 0.0, 0.06154574548966637, 0.2898840865719857, 0.0, 0.0, 0.0, 0.0, 0.0, 0.0936585811581694, 0.0, 0.0, 0.0, 0.0, 0.0, 0.21133967506680265, 0.0]}, "NSP15": {"data": [0.0, 0, 0, 0.0, 0.0, 0, 0.0, 0, 0, 0.0, 0, 0.0, 0.0, 0.0, 0, 0, 0, 0.0, 0], "deviation": [0.0, 0.0, 0.0, 0.0, 0.0, 0.0, 0.0, 0.0, 0.0, 0.0, 0.0, 0.0, 0.0, 0.0, 0.0, 0.0, 0.0, 0.0, 0.0]}, "NSP16": {"data": [0.0, 0, 0, 0.0, 0.0, 0, 0.0, 0, 0, 0.0, 0, 0.0, 0.0, 0.0, 0, 0, 0, 0.0, 0], "deviation": [0.0, 0.0, 0.0, 0.0, 0.0, 0.0, 0.0, 0.0, 0.0, 0.0, 0.0, 0.0, 0.0, 0.0, 0.0, 0.0, 0.0, 0.0, 0.0]}, "NS9b": {"data": [0.0, 0, 0, 0.0, 0.0, 0, 0.0, 0, 0, 0.0, 0, 0.0, 0.0, 0.0, 0, 0, 0, 0.0, 0], "deviation": [0.0, 0.0, 0.0, 0.0, 0.0, 0.0, 0.0, 0.0, 0.0, 0.0, 0.0, 0.0, 0.0, 0.0, 0.0, 0.0, 0.0, 0.0, 0.0]}, "NS6": {"data": [0.0, 0, 0, 0.0, 0.0, 0, 0.0, 0, 0, 0.0, 0, 0.0, 0.0, 0.0, 0, 0, 0, 0.0, 0], "deviation": [0.0, 0.0, 0.0, 0.0, 0.0, 0.5726562866782001, 0.0, 0.0, 0.0, 0.0, 0.0, 0.0, 0.0, 0.0, 0.0, 0.0, 0.0, 0.0, 0.0]}, "NS9c": {"data": [0.0, 0, 0, 0.0, 0.0, 0, 0.0, 0, 0, 0.0, 0, 0.0, 0.0, 0.0, 0, 0, 0, 0.0, 0], "deviation": [0.0, 0.0, 0.0, 0.0, 0.0, 0.0, 0.0, 0.0, 0.0, 0.0, 0.0, 0.0, 0.0, 0.0, 0.0, 0.0, 0.0, 0.0, 0.0]}, "NSP1": {"data": [0.0, 0, 0, 0.0, 0.0, 0, 0.0, 0, 0, 0.0, 0, 0.0, 0.0, 0.0, 0, 0, 0, 0.0, 0], "deviation": [0.0, 0.0, 0.0, 0.08391813582966891, 0.0, 0.0, 0.0, 0.45749571099781394, 0.0, 0.0, 0.27050089040022973, 0.1873171623163388, 0.0, 0.0, 0.13576884666042613, 0.0, 0.37647311538830425, 0.20515859355767768, 0.0]}, "NSP2": {"data": [0.0, 0, 0, 0.0, 0.0, 0, 0.0, 0, 0, 0.0, 0, 0.0, 0.0, 0.0, 0, 0, 0, 0.0, 0], "deviation": [0.0, 0.0, 0.0, 0.0, 0.0, 0.0, 0.0, 0.0, 0.0, 0.0, 0.9016696346674322, 0.0, 1.2909944487358058, 0.0, 0.0, 0.0, 0.0, 0.049875466805381644, 0.0]}, "NS8": {"data": [0.0, 0, 0, 0.0, 0.0, 0, 0.0, 0, 0, 0.0, 0, 0.0, 0.0, 0.0, 0, 0, 0, 0.0, 0], "deviation": [0.0, 0.0, 0.0, 0.0, 0.0, 0.0, 0.0, 0.0, 0.0, 0.0, 0.0, 0.0, 0.0, 0.0, 0.0, 0.0, 0.0, 0.0, 0.0]}, "NSP3": {"data": [0.0, 0, 0, 0.0, 0.0, 0, 0.0, 0, 0, 0.0, 0, 0.0, 0.0, 0.0, 0, 0, 0, 0.0, 0], "deviation": [0.0, 0.0, 1.4070529413628967, 0.0, 0.5539117094069973, 0.31814238148788887, 0.0, 0.0, 0.6868028197434451, 1.940285000290664, 0.0, 0.0936585811581694, 1.161895003862225, 0.07001400420140048, 0.06788442333021306, 0.0, 0.26643773209157107, 0.9335066135735933, 0.0]}}, "missense": {"NSP4": {"data": [0.0, 0, 0, 0.0, 0.0, 0, 0.0, 0, 0, 0.0, 0, 0.0, 0.0, 0.0, 0, 1, 1, 1.0, 0], "deviation": [0.0, 0.2773500981126146, 0.17229219690157924, 0.2567634704786694, 0.2183734084100757, 0.15426525319091106, 0.18405922400991942, 0.30499714066520933, 0.23329531793437602, 0.2068833061667868, 0.43134546452863687, 0.4506373895089872, 0.50840394989731, 0.32843155275486624, 0.4969612387067269, 0.7233393492970545, 0.6509912438134764, 0.643907170300747, 0.7859052479933758]}, "E": {"data": [0.0, 0, 0, 0.0, 0.0, 0, 0.0, 0, 0, 0.0, 0, 0.0, 0.0, 1.0, 1, 0, 0, 0.0, 0], "deviation": [0.0, 0.0, 0.10050378152592121, 0.0, 0.12238743473169578, 0.089801173060226, 0.13130643285972254, 0.0, 0.0, 0.17021393345759914, 0.1269916634283574, 0.18481392514498396, 0.3600847357902755, 0.44736475778093526, 0.42207195428782934, 0.5230168368485922, 0.3584361800942962, 0.2548763880325352, 0.0]}, "NS7a": {"data": [0.0, 0, 0, 0.0, 0.0, 0, 0.0, 0, 0, 0.0, 0, 0.0, 0.0, 0.0, 0, 0, 2, 2.0, 2],