{"indel": {"NSP4": {"data": [0, 0.0, 0.0, 0, 0.0, 0.0, 0], "deviation": [0.0, 0.0, 0.0, 0.0, 0.0, 0.0, 0.0]}, "E": {"data": [0, 0.0, 0.0, 0, 0.0, 0.0, 0], "deviation": [0.0, 0.0, 0.0, 0.0, 0.0, 0.0, 0.0]}, "NS7a": {"data": [0, 0.0, 0.0, 0, 0.0, 0.0, 0], "deviation": [0.0, 0.0, 0.0, 0.0, 0.0, 0.0, 0.0]}, "NSP5": {"data": [0, 0.0, 0.0, 0, 0.0, 0.0, 0], "deviation": [0.0, 0.0, 0.0, 0.0, 0.0, 0.0, 0.0]}, "NS7b": {"data": [0, 0.0, 0.0, 0, 0.0, 0.0, 0], "deviation": [0.0, 0.0, 0.0, 0.0, 0.0, 0.0, 0.0]}, "NSP6": {"data": [3, 3.0, 3.0, 3, 3.0, 3.0, 3], "deviation": [1.6431676725154984, 0.0, 0.0, 1.5811388300841898, 1.0606601717798212, 1.0606601717798212, 1.5145634483323538]}, "NSP7": {"data": [0, 0.0, 0.0, 0, 0.0, 0.0, 0], "deviation": [0.0, 0.0, 0.0, 0.0, 0.0, 0.0, 0.0]}, "NSP8": {"data": [0, 0.0, 0.0, 0, 0.0, 0.0, 0], "deviation": [0.0, 0.0, 0.0, 0.0, 0.0, 0.0, 0.0]}, "Spike": {"data": [3, 3.0, 3.0, 3, 3.0, 3.0, 2], "deviation": [1.6431676725154984, 0.0, 0.0, 1.2692955176439846, 1.3887301496588271, 1.1877349391654208, 1.2528017381541068]}, "NSP9": {"data": [0, 0.0, 0.0, 0, 0.0, 0.0, 0], "deviation": [0.0, 0.0, 0.0, 0.0, 0.0, 0.0, 0.0]}, "NSP10": {"data": [0, 0.0, 0.0, 0, 0.0, 0.0, 0], "deviation": [0.0, 0.0, 0.0, 0.0, 0.0, 0.0, 0.0]}, "NSP11": {"data": [0, 0.0, 0.0, 0, 0.0, 0.0, 0], "deviation": [0.0, 0.0, 0.0, 0.0, 0.0, 0.0, 0.0]}, "NSP12": {"data": [0, 0.0, 0.0, 0, 0.0, 0.0, 0], "deviation": [0.0, 0.0, 0.0, 0.0, 0.0, 0.0, 0.0]}, "M": {"data": [0, 0.0, 0.0, 0, 0.0, 0.0, 0], "deviation": [0.0, 0.0, 0.0, 0.0, 0.0, 0.0, 0.0]}, "NSP13": {"data": [0, 0.0, 0.0, 0, 0.0, 0.0, 0], "deviation": [0.0, 0.0, 0.0, 0.0, 0.0, 0.0, 0.0]}, "N": {"data": [0, 0.0, 0.0, 0, 0.0, 0.0, 0], "deviation": [0.0, 0.0, 0.0, 0.0, 0.0, 0.0, 0.0]}, "NSP14": {"data": [0, 0.0, 0.0, 0, 0.0, 0.0, 0], "deviation": [0.0, 0.0, 0.0, 0.0, 0.0, 0.0, 0.0]}, "NS3": {"data": [0, 0.0, 0.0, 0, 0.0, 0.0, 0], "deviation": [0.0, 0.0, 0.0, 0.0, 0.0, 0.0, 0.0]}, "NSP15": {"data": [0, 0.0, 0.0, 0, 0.0, 0.0, 0], "deviation": [0.0, 0.0, 0.0, 0.0, 0.0, 0.0, 0.0]}, "NSP16": {"data": [0, 0.0, 0.0, 0, 0.0, 0.0, 0], "deviation": [0.0, 0.0, 0.0, 0.0, 0.0, 0.0, 0.0]}, "NS9b": {"data": [0, 0.0, 0.0, 0, 0.0, 0.0, 0], "deviation": [0.0, 0.0, 0.0, 0.0, 0.0, 0.0, 0.0]}, "NS6": {"data": [0, 0.0, 0.0, 0, 0.0, 0.0, 0], "deviation": [0.0, 0.0, 0.0, 0.0, 0.0, 0.0, 0.0]}, "NS9c": {"data": [0, 0.0, 0.0, 0, 0.0, 0.0, 0], "deviation": [0.0, 0.0, 0.0, 0.0, 0.0, 0.0, 0.0]}, "NSP1": {"data": [0, 0.0, 0.0, 0, 0.0, 0.0, 0], "deviation": [0.0, 0.0, 0.0, 0.0, 0.0, 0.0, 0.0]}, "NSP2": {"data": [0, 0.0, 0.0, 0, 0.0, 0.0, 0], "deviation": [0.0, 0.0, 0.0, 0.0, 0.0, 0.0, 0.0]}, "NS8": {"data": [0, 0.0, 0.0, 0, 0.0, 0.0, 0], "deviation": [0.0, 0.0, 0.0, 0.0, 0.0, 0.0, 0.0]}, "NSP3": {"data": [0, 0.0, 0.0, 0, 0.0, 0.0, 0], "deviation": [0.0, 0.0, 0.0, 0.0, 0.0, 0.0, 0.0]}}, "missense": {"NSP4": {"data": [0, 0.0, 0.0, 0, 0.0, 0.0, 0], "deviation": [0.447213595499958, 0.0, 0.0, 0.8819171036881969, 1.0606601717798212, 0.7440238091428449, 0.9975579939128915]}, "E": {"data": [0, 0.0, 0.0, 0, 0.0, 0.0, 0], "deviation": [0.0, 0.0, 0.5, 0.0, 0.4629100498862757, 0.0, 0.0]}, "NS7a": {"data": [0, 0.0, 0.0, 0, 0.0, 0.0, 0], "deviation": [0.0, 0.0, 0.0, 0.0, 0.3535533905932738, 0.5175491695067657, 0.3578390427102734]}, "NSP5": {"data": [0, 0.0, 0.0, 0, 0.0, 0.0, 0], "deviation": [0.447213595499958, 0.0, 0.0, 0.0, 0.3535533905932738, 0.0, 0.21808478995509087]}, "NS7b": {"data": [0, 0.0, 0.0, 0, 0.0, 0.0, 0], "deviation": [0.0, 0.0, 0.0, 0.44095855184409843, 0.3535533905932738, 0.0, 0.4938647983247948]}, "NSP6": {"data": [0, 0.0, 0.0, 0, 0.0, 1.0, 1], "deviation": [0.0, 0.0, 0.0, 0.7264831572567789, 0.3535533905932738, 0.4629100498862757, 0.5576518714718867]}, "NSP7": {"data": [0, 0.0, 0.0, 0, 0.0, 0.0, 0], "deviation": [0.0, 0.0, 0.0, 0.0, 0.0, 0.0, 0.15617376188860604]}, "NSP8": {"data": [0, 0.0, 0.0, 0, 0.0, 0.0, 0], "deviation": [0.447213595499958, 0.0, 0.5, 0.0, 0.0, 0.0, 0.0]}, "Spike": {"data": [3, 3.0, 3.0, 3, 3.5, 8.0, 7], "deviation": [1.0954451150103321, 0.0, 0.0, 2.0615528128088303, 1.6903085094570331, 1.807721533549109, 1.4508197850803137]}, "NSP9": {"data": [0, 0.0, 0.0, 0, 0.0, 0.0, 0], "deviation": [0.0, 0.0, 0.0, 0.3333333333333333, 0.0, 0.0, 0.0]}, "NSP10": {"data": [0, 0.0, 0.0, 0, 0.0, 0.0, 0], "deviation": [0.0, 0.0, 0.0, 0.0, 0.0, 0.0, 0.0]}, "NSP11": {"data": [0, 0.0, 0.0, 0, 0.0, 0.0, 0], "deviation": [0.0, 0.0, 0.0, 0.0, 0.0, 0.0, 0.0]}, "NSP12": {"data": [1, 2.0, 2.0, 2, 2.0, 2.0, 2], "deviation": [0.8944271909999159, 0.0, 0.816496580927726, 0.33333333333333337, 0.4629100498862757, 0.5175491695067657, 0.4775445324656171]}, "M": {"data": [0, 0.0, 0.0, 0, 0.0, 0.0, 0], "deviation": [0.447213595499958, 0.0, 0.0, 0.5, 0.3535533905932738, 0.0, 0.6699108058576738]}, "NSP13": {"data": [0, 0.0, 0.0, 0, 0.5, 0.0, 1], "deviation": [0.8944271909999159, 0.0, 0.5, 0.5270462766947299, 0.7440238091428449, 0.9258200997725514, 0.6168369354035544]}, "N": {"data": [4, 5.0, 4.5, 4, 5.0, 5.0, 5], "deviation": [1.4142135623730951, 0.0, 0.9574271077563381, 1.481365736219265, 0.7559289460184544, 1.4880476182856899, 1.0054728289496926]}, "NSP14": {"data": [0, 0.0, 0.0, 0, 0.0, 0.0, 0], "deviation": [0.447213595499958, 0.0, 0.0, 0.44095855184409843, 0.4629100498862757, 0.0, 0.6372578449698441]}, "NS3": {"data": [0, 0.0, 0.0, 0, 0.0, 0.0, 1], "deviation": [0.447213595499958, 0.0, 0.0, 0.7264831572567789, 0.7559289460184544, 1.3887301496588271, 0.6276164744685964]}, "NSP15": {"data": [0, 0.0, 0.0, 0, 0.0, 0.0, 0], "deviation": [0.0, 0.0, 0.5, 0.0, 0.0, 0.3535533905932738, 0.15617376188860604]}, "NSP16": {"data": [0, 0.0, 0.5, 0, 0.0, 0.0, 0], "deviation": [0.0, 0.0, 0.5773502691896257, 0.0, 0.0, 0.0, 0.15617376188860604]}, "NS9b": {"data": [0, 0.0, 0.0, 0, 0.0, 0.0, 0], "deviation": [0.0, 0.0, 0.0, 0.0, 0.0, 0.0, 0.0]}, "NS6": {"data": [0, 0.0, 0.0, 0, 0.0, 0.0, 0], "deviation": [0.0, 0.0, 0.0, 0.3333333333333333, 0.0, 0.0, 0.15617376188860604]}, "NS9c": {"data": [0, 0.0, 0.0, 0, 0.0, 0.0, 0], "deviation": [0.0, 0.0, 0.0, 0.0, 0.0, 0.0, 0.0]}, "NSP1": {"data": [0, 0.0, 0.0, 0, 0.0, 0.0, 0], "deviation": [0.0, 0.0, 0.0, 0.0, 0.0, 0.0, 0.3312945782245396]}, "NSP2": {"data": [1, 0.5, 0.0, 0, 0.0, 0.0, 0], "deviation": [0.5477225575051661, 0.7071067811865476, 0.5, 1.0137937550497031, 0.3535533905932738, 0.5175491695067657, 0.5499445648338057]}, "NS8": {"data": [3, 4.0, 4.0, 1, 4.0, 4.0, 1], "deviation": [1.3038404810405297, 0.0, 0.5, 2.0275875100994063, 1.6035674514745464, 1.0606601717798212, 1.9671075708059158]}, "NSP3": {"data": [3, 2.0, 2.5, 2, 3.0, 3.0, 3], "deviation": [1.0954451150103321, 1.4142135623730951, 0.5773502691896257, 1.0, 1.0350983390135313, 0.7071067811865476, 0.7481684954346685]}}, "labels": ["12/2020", "01/2021", "03/2021", "04/2021", "05/2021", "06/2021", "07/2021"]}