{"indel": {"NSP4": {"data": [0, 0.0, 0.0, 0.0, 0, 0, 0.0, 0.0, 0.0, 0, 0, 0], "deviation": [0.0, 0.0, 0.0, 0.0, 0.0, 0.0, 0.0, 0.0, 0.0, 0.0, 0.0, 0.0]}, "E": {"data": [0, 0.0, 0.0, 0.0, 0, 0, 0.0, 0.0, 0.0, 0, 0, 0], "deviation": [0.0, 0.0, 0.0, 0.0, 0.0, 0.0, 0.0, 0.0, 0.0, 0.0, 0.0, 0.0]}, "NS7a": {"data": [0, 0.0, 0.0, 0.0, 0, 0, 0.0, 0.0, 0.0, 0, 0, 0], "deviation": [0.0, 0.0, 0.0, 0.0, 0.0, 0.0, 0.0, 0.0, 0.0, 0.0, 0.0, 0.0]}, "NSP5": {"data": [0, 0.0, 0.0, 0.0, 0, 0, 0.0, 0.0, 0.0, 0, 0, 0], "deviation": [0.0, 0.0, 0.0, 0.0, 0.0, 0.0, 0.0, 0.0, 0.0, 0.0, 0.0, 0.0]}, "NS7b": {"data": [0, 0.0, 0.0, 0.0, 0, 0, 0.0, 0.0, 0.0, 0, 0, 0], "deviation": [0.0, 0.0, 0.0, 0.0, 0.0, 0.0, 0.0, 0.0, 0.0, 0.0, 0.0, 0.0]}, "NSP6": {"data": [0, 0.0, 0.0, 0.0, 0, 0, 0.0, 1.5, 1.5, 0, 0, 3], "deviation": [0.0, 0.0, 0.0, 0.0, 0.0, 0.0, 0.0, 2.1213203435596424, 1.7320508075688772, 1.5021352323976216, 1.5666989036012806, 1.1338934190276817]}, "NSP7": {"data": [0, 0.0, 0.0, 0.0, 0, 0, 0.0, 0.0, 0.0, 0, 0, 0], "deviation": [0.0, 0.0, 0.0, 0.0, 0.0, 0.0, 0.0, 0.0, 0.0, 0.0, 0.0, 0.0]}, "NSP8": {"data": [0, 0.0, 0.0, 0.0, 0, 0, 0.0, 0.0, 0.0, 0, 0, 0], "deviation": [0.0, 0.0, 0.0, 0.0, 0.0, 0.0, 0.0, 0.0, 0.0, 0.0, 0.0, 0.0]}, "Spike": {"data": [0, 0.0, 0.0, 0.0, 0, 0, 0.0, 1.5, 1.5, 0, 0, 0], "deviation": [0.0, 0.0, 0.0, 0.0, 0.0, 0.0, 0.0, 2.1213203435596424, 1.7320508075688772, 1.086041978694737, 1.0357254813546264, 0.0]}, "NSP9": {"data": [0, 0.0, 0.0, 0.0, 0, 0, 0.0, 0.0, 0.0, 0, 0, 0], "deviation": [0.0, 0.0, 0.0, 0.0, 0.0, 0.0, 0.0, 0.0, 0.0, 0.0, 0.0, 0.0]}, "NSP10": {"data": [0, 0.0, 0.0, 0.0, 0, 0, 0.0, 0.0, 0.0, 0, 0, 0], "deviation": [0.0, 0.0, 0.0, 0.0, 0.0, 0.0, 0.0, 0.0, 0.0, 0.0, 0.0, 0.0]}, "NSP11": {"data": [0, 0.0, 0.0, 0.0, 0, 0, 0.0, 0.0, 0.0, 0, 0, 0], "deviation": [0.0, 0.0, 0.0, 0.0, 0.0, 0.0, 0.0, 0.0, 0.0, 0.0, 0.0, 0.0]}, "NSP12": {"data": [0, 0.0, 0.0, 0.0, 0, 0, 0.0, 0.0, 0.0, 0, 0, 0], "deviation": [0.0, 0.0, 0.0, 0.0, 0.0, 0.0, 0.0, 0.0, 0.0, 0.0, 0.0, 0.0]}, "M": {"data": [0, 0.0, 0.0, 0.0, 0, 0, 0.0, 0.0, 0.0, 0, 0, 0], "deviation": [0.0, 0.0, 0.0, 0.0, 0.0, 0.0, 0.0, 0.0, 0.0, 0.0, 0.0, 0.0]}, "NSP13": {"data": [0, 0.0, 0.0, 0.0, 0, 0, 0.0, 0.0, 0.0, 0, 0, 0], "deviation": [0.0, 0.0, 0.0, 0.0, 0.0, 0.0, 0.0, 0.0, 0.0, 0.0, 0.0, 0.0]}, "N": {"data": [0, 0.0, 0.0, 0.0, 0, 0, 0.0, 0.0, 0.0, 0, 0, 0], "deviation": [0.0, 0.0, 0.0, 0.0, 0.0, 0.0, 0.0, 0.0, 0.0, 0.0, 0.0, 0.0]}, "NSP14": {"data": [0, 0.0, 0.0, 0.0, 0, 0, 0.0, 0.0, 0.0, 0, 0, 0], "deviation": [0.0, 0.0, 0.0, 0.0, 0.0, 0.0, 0.0, 0.0, 0.0, 0.0, 0.0, 0.0]}, "NS3": {"data": [0, 0.0, 0.0, 0.0, 0, 0, 0.0, 0.0, 0.0, 0, 0, 0], "deviation": [0.0, 0.0, 0.0, 0.0, 0.0, 0.0, 0.0, 0.0, 0.0, 0.0, 0.0, 0.0]}, "NSP15": {"data": [0, 0.0, 0.0, 0.0, 0, 0, 0.0, 0.0, 0.0, 0, 0, 0], "deviation": [0.0, 0.0, 0.0, 0.0, 0.0, 0.0, 0.0, 0.0, 0.0, 0.0, 0.0, 0.0]}, "NSP16": {"data": [0, 0.0, 0.0, 0.0, 0, 0, 0.0, 0.0, 0.0, 0, 0, 0], "deviation": [0.0, 0.0, 0.0, 0.0, 0.0, 0.0, 0.0, 0.0, 0.0, 0.0, 0.0, 0.0]}, "NS9b": {"data": [0, 0.0, 0.0, 0.0, 0, 0, 0.0, 0.0, 0.0, 0, 0, 0], "deviation": [0.0, 0.0, 0.0, 0.0, 0.0, 0.0, 0.0, 0.0, 0.0, 0.0, 0.0, 0.0]}, "NS6": {"data": [0, 0.0, 0.0, 0.0, 0, 0, 0.0, 0.0, 0.0, 0, 0, 0], "deviation": [0.0, 0.0, 0.0, 0.0, 0.0, 0.0, 0.0, 0.0, 0.0, 0.0, 0.0, 0.0]}, "NS9c": {"data": [0, 0.0, 0.0, 0.0, 0, 0, 0.0, 0.0, 0.0, 0, 0, 0], "deviation": [0.0, 0.0, 0.0, 0.0, 0.0, 0.0, 0.0, 0.0, 0.0, 0.0, 0.0, 0.0]}, "NSP1": {"data": [0, 0.0, 0.0, 0.0, 0, 0, 0.0, 0.0, 0.0, 0, 0, 0], "deviation": [0.0, 0.0, 0.0, 0.0, 0.0, 0.0, 0.0, 0.0, 1.5, 0.0, 0.0, 0.0]}, "NSP2": {"data": [0, 0.0, 0.0, 0.0, 0, 0, 0.0, 0.0, 0.0, 0, 0, 0], "deviation": [0.0, 0.0, 0.0, 0.0, 0.0, 0.0, 0.0, 0.0, 0.0, 0.0, 0.0, 0.0]}, "NS8": {"data": [0, 0.0, 0.0, 0.0, 0, 0, 0.0, 0.0, 0.0, 0, 0, 0], "deviation": [0.0, 0.0, 0.0, 0.0, 0.5163977794943222, 0.0, 0.0, 0.0, 0.0, 0.0, 0.0, 0.0]}, "NSP3": {"data": [0, 0.0, 0.0, 0.0, 0, 0, 0.0, 0.0, 0.0, 0, 0, 0], "deviation": [0.0, 0.0, 0.0, 0.0, 0.0, 0.0, 0.0, 0.0, 0.0, 0.0, 0.0, 0.0]}}, "missense": {"NSP4": {"data": [0, 0.0, 0.0, 0.0, 0, 0, 0.5, 0.5, 0.0, 1, 1, 0], "deviation": [0.0, 0.0, 0.0, 0.0, 0.41403933560541256, 0.41403933560541256, 0.7071067811865476, 0.7071067811865476, 0.0, 0.6360490582953524, 0.504524979109513, 0.37796447300922725]}, "E": {"data": [0, 0.0, 0.0, 0.0, 0, 0, 0.0, 0.0, 0.0, 0, 0, 0], "deviation": [0.0, 0.0, 0.0, 0.0, 0.2581988897471611, 0.0, 0.0, 0.0, 0.0, 0.2668802563418119, 0.0, 0.0]}, "NS7a": {"data": [0, 0.0, 0.0, 0.0, 0, 0, 0.0, 0.0, 0.0, 0, 0, 0], "deviation": [0.0, 0.0, 0.0, 0.0, 0.2581988897471611, 0.4577377082170635, 0.0, 0.0, 0.5, 0.6558958989042623, 0.0, 0.7867957924694431]}, "NSP5": {"data": [0, 0.0, 0.0, 0.0, 0, 0, 0.0, 0.0, 0.0, 0, 0, 0], "deviation": [0.0, 0.0, 0.0, 0.0, 0.3518657752744984, 0.2581988897471611, 0.0, 0.0, 0.0, 0.19245008972987526, 0.0, 0.37796447300922725]}, "NS7b": {"data": [0, 0.0, 0.0, 0.0, 0, 0, 0.0, 0.5, 0.5, 0, 0, 0], "deviation": [0.0, 0.0, 0.0, 0.0, 0.3518657752744984, 0.0, 0.0, 0.7071067811865476, 0.5773502691896257, 0.2668802563418119, 0.0, 0.5345224838248488]}, "NSP6": {"data": [1, 0.0, 0.0, 0.0, 0, 0, 0.5, 1.0, 0.5, 0, 1, 0], "deviation": [0.5773502691896257, 0.0, 0.0, 0.0, 0.4577377082170635, 0.3518657752744984, 0.7071067811865476, 1.4142135623730951, 0.5773502691896257, 0.642732769590452, 0.8312094145936334, 0.0]}, "NSP7": {"data": [0, 0.0, 0.0, 0.0, 0, 0, 0.0, 0.0, 0.0, 0, 0, 0], "deviation": [0.0, 0.0, 0.0, 0.0, 0.0, 0.0, 0.0, 0.0, 0.0, 0.0, 0.0, 0.0]}, "NSP8": {"data": [0, 0.0, 0.0, 0.0, 0, 1, 0.0, 0.0, 0.0, 0, 0, 0], "deviation": [0.0, 0.0, 0.0, 0.0, 0.3518657752744984, 0.50709255283711, 0.0, 0.0, 0.5, 0.2668802563418119, 0.0, 0.37796447300922725]}, "Spike": {"data": [0, 0.0, 0.5, 2.0, 2, 2, 1.0, 5.0, 5.0, 3, 3, 6], "deviation": [0.5773502691896258, 0.0, 0.7071067811865476, 0.0, 0.8837151016885368, 1.5976172734359604, 1.4142135623730951, 4.242640687119285, 2.6299556396765835, 2.7632096618475472, 2.6934263410283665, 2.410295378065479]}, "NSP9": {"data": [0, 0.0, 0.0, 0.0, 0, 0, 0.0, 0.0, 0.0, 0, 0, 0], "deviation": [0.0, 0.0, 0.0, 0.0, 0.0, 0.0, 0.0, 0.0, 0.0, 0.0, 0.0, 0.0]}, "NSP10": {"data": [0, 0.0, 0.0, 0.0, 0, 0, 0.0, 0.0, 0.0, 0, 0, 0], "deviation": [0.0, 0.0, 0.0, 0.0, 0.0, 0.0, 0.0, 0.0, 0.0, 0.2668802563418119, 0.0, 0.0]}, "NSP11": {"data": [0, 0.0, 0.0, 0.0, 0, 0, 0.0, 0.0, 0.0, 0, 0, 0], "deviation": [0.0, 0.0, 0.0, 0.0, 0.0, 0.0, 0.0, 0.0, 0.0, 0.0, 0.0, 0.0]}, "NSP12": {"data": [0, 0.0, 1.0, 2.5, 1, 1, 0.5, 1.5, 1.0, 1, 1, 2], "deviation": [0.5773502691896258, 0.0, 1.4142135623730951, 2.1213203435596424, 0.816496580927726, 0.560611910581388, 0.7071067811865476, 0.7071067811865476, 0.5, 0.5547001962252291, 0.5222329678670935, 0.5345224838248488]}, "M": {"data": [0, 0.0, 0.0, 0.0, 0, 0, 0.0, 0.0, 0.0, 0, 0, 0], "deviation": [0.0, 0.0, 0.0, 0.0, 0.0, 0.0, 0.0, 0.0, 0.5, 0.32025630761017426, 0.0, 0.37796447300922725]}, "NSP13": {"data": [1, 0.0, 0.0, 0.0, 0, 0, 0.0, 0.5, 0.0, 0, 0, 0], "deviation": [0.5773502691896257, 0.0, 0.0, 0.0, 0.2581988897471611, 0.7037315505489968, 0.0, 0.7071067811865476, 1.0, 0.4236592728681617, 0.0, 0.0]}, "N": {"data": [1, 0.0, 0.5, 1.0, 2, 1, 1.0, 3.0, 3.0, 3, 2, 4], "deviation": [0.5773502691896257, 0.0, 0.7071067811865476, 0.0, 1.0327955589886444, 0.7237468644557459, 1.4142135623730951, 1.4142135623730951, 1.1547005383792515, 1.0715167512214394, 1.044465935734187, 1.6035674514745462]}, "NSP14": {"data": [1, 0.0, 0.0, 0.0, 0, 0, 0.0, 0.5, 0.0, 0, 0, 1], "deviation": [0.5773502691896257, 0.0, 0.0, 0.0, 0.41403933560541256, 0.41403933560541256, 0.0, 0.7071067811865476, 0.5, 0.4921028776234113, 0.4045199174779452, 0.5345224838248488]}, "NS3": {"data": [0, 0.0, 0.0, 1.0, 1, 1, 0.5, 1.0, 0.5, 1, 2, 0], "deviation": [0.5773502691896258, 0.0, 0.0, 1.4142135623730951, 0.6761234037828133, 0.7237468644557459, 0.7071067811865476, 1.4142135623730951, 0.9574271077563381, 0.8182393717706754, 1.044465935734187, 0.37796447300922725]},