{"indel": {"NSP4": {"data": [0.0, 0, 0.0, 0.0, 0.0, 0.0, 0, 0.0, 0, 0], "deviation": [0.0, 0.0, 0.0, 0.0, 0.0, 0.0, 0.0, 0.0, 0.0, 0.0]}, "E": {"data": [0.0, 0, 0.0, 0.0, 0.0, 0.0, 0, 0.0, 0, 0], "deviation": [0.0, 0.0, 0.0, 0.0, 0.0, 0.0, 0.0, 0.0, 0.0, 0.0]}, "NS7a": {"data": [0.0, 0, 0.0, 0.0, 0.0, 0.0, 0, 0.0, 0, 0], "deviation": [0.0, 0.0, 0.0, 0.0, 0.0, 0.0, 0.0, 0.0, 0.20851441405707477, 0.0]}, "NSP5": {"data": [0.0, 0, 0.0, 0.0, 0.0, 0.0, 0, 0.0, 0, 0], "deviation": [0.0, 0.0, 0.0, 0.0, 0.0, 0.0, 0.0, 0.0, 0.0, 0.0]}, "NS7b": {"data": [0.0, 0, 0.0, 0.0, 0.0, 0.0, 0, 0.0, 0, 0], "deviation": [0.0, 0.0, 0.0, 0.0, 0.0, 0.0, 0.0, 0.0, 0.0, 0.0]}, "NSP6": {"data": [0.0, 0, 0.0, 0.0, 0.0, 0.0, 0, 0.0, 3, 3], "deviation": [0.0, 0.0, 0.0, 0.0, 0.0, 0.0, 1.3732131246511905, 1.5447859516333116, 1.3469332756346388, 0.0]}, "NSP7": {"data": [0.0, 0, 0.0, 0.0, 0.0, 0.0, 0, 0.0, 0, 0], "deviation": [0.0, 0.0, 0.0, 0.0, 0.0, 0.0, 0.0, 0.0, 0.0, 0.0]}, "NSP8": {"data": [0.0, 0, 0.0, 0.0, 0.0, 0.0, 0, 0.0, 0, 0], "deviation": [0.0, 0.0, 0.0, 0.0, 0.0, 0.0, 0.0, 0.0, 0.0, 0.0]}, "Spike": {"data": [0.0, 0, 0.0, 0.0, 0.0, 0.0, 0, 0.0, 3, 3], "deviation": [0.0, 0.0, 0.0, 0.0, 0.0, 0.0, 1.0555973258234952, 1.1547005383792517, 1.4555332614196126, 1.4090046549415864]}, "NSP9": {"data": [0.0, 0, 0.0, 0.0, 0.0, 0.0, 0, 0.0, 0, 0], "deviation": [0.0, 0.0, 0.0, 0.0, 0.0, 0.0, 0.0, 0.0, 0.0, 0.0]}, "NSP10": {"data": [0.0, 0, 0.0, 0.0, 0.0, 0.0, 0, 0.0, 0, 0], "deviation": [0.0, 0.0, 0.0, 0.0, 0.0, 0.0, 0.0, 0.0, 0.0, 0.0]}, "NSP11": {"data": [0.0, 0, 0.0, 0.0, 0.0, 0.0, 0, 0.0, 0, 0], "deviation": [0.0, 0.0, 0.0, 0.0, 0.0, 0.0, 0.0, 0.0, 0.0, 0.0]}, "NSP12": {"data": [0.0, 0, 0.0, 0.0, 0.0, 0.0, 0, 0.0, 0, 0], "deviation": [0.0, 0.0, 0.0, 0.0, 0.0, 0.0, 0.0, 0.0, 0.0, 0.0]}, "M": {"data": [0.0, 0, 0.0, 0.0, 0.0, 0.0, 0, 0.0, 0, 0], "deviation": [0.0, 0.0, 0.0, 0.0, 0.0, 0.0, 0.0, 0.0, 0.0, 0.0]}, "NSP13": {"data": [0.0, 0, 0.0, 0.0, 0.0, 0.0, 0, 0.0, 0, 0], "deviation": [0.0, 0.0, 0.0, 0.0, 0.0, 0.0, 0.0, 0.0, 0.0, 0.0]}, "N": {"data": [0.0, 0, 0.0, 0.0, 0.0, 0.0, 0, 0.0, 0, 0], "deviation": [0.0, 0.0, 0.0, 0.0, 0.0, 0.0, 0.0, 0.45226701686664544, 0.34435022157509093, 0.4696682183138621]}, "NSP14": {"data": [0.0, 0, 0.0, 0.0, 0.0, 0.0, 0, 0.0, 0, 0], "deviation": [0.0, 0.0, 0.0, 0.0, 0.0, 0.0, 0.0, 0.0, 0.0, 0.0]}, "NS3": {"data": [0.0, 0, 0.0, 0.0, 0.0, 0.5, 1, 0.0, 0, 0], "deviation": [0.0, 0.0, 0.0, 0.0, 0.0, 0.7071067811865476, 0.45773770821706344, 1.1547005383792515, 0.0, 0.0]}, "NSP15": {"data": [0.0, 0, 0.0, 0.0, 0.0, 0.0, 0, 0.0, 0, 0], "deviation": [0.0, 0.0, 0.0, 0.0, 0.0, 0.0, 0.0, 0.0, 0.0, 0.0]}, "NSP16": {"data": [0.0, 0, 0.0, 0.0, 0.0, 0.0, 0, 0.0, 0, 0], "deviation": [0.0, 0.0, 0.0, 0.0, 0.0, 0.0, 0.0, 0.0, 0.0, 0.0]}, "NS9b": {"data": [0.0, 0, 0.0, 0.0, 0.0, 0.0, 0, 0.0, 0, 0], "deviation": [0.0, 0.0, 0.0, 0.0, 0.0, 0.0, 0.0, 0.0, 0.0, 0.0]}, "NS6": {"data": [0.0, 0, 0.0, 0.0, 0.0, 0.0, 0, 0.0, 0, 0], "deviation": [0.0, 0.0, 0.0, 0.0, 0.0, 0.0, 0.0, 0.0, 0.0, 0.0]}, "NS9c": {"data": [0.0, 0, 0.0, 0.0, 0.0, 0.0, 0, 0.0, 0, 0], "deviation": [0.0, 0.0, 0.0, 0.0, 0.0, 0.0, 0.0, 0.0, 0.0, 0.0]}, "NSP1": {"data": [0.0, 0, 0.0, 0.0, 0.0, 0.0, 0, 0.0, 0, 0], "deviation": [0.0, 0.0, 0.0, 0.0, 0.0, 0.0, 0.2581988897471611, 0.28867513459481287, 0.0, 0.0]}, "NSP2": {"data": [0.0, 0, 0.0, 0.0, 0.0, 0.0, 0, 0.0, 0, 0], "deviation": [0.0, 0.0, 0.0, 0.0, 0.0, 0.0, 0.0, 0.0, 0.0, 0.0]}, "NS8": {"data": [0.0, 0, 0.0, 0.0, 0.0, 0.0, 0, 0.0, 0, 0], "deviation": [0.0, 0.0, 0.0, 0.0, 0.0, 0.0, 0.0, 0.0, 0.0, 0.0]}, "NSP3": {"data": [0.0, 0, 0.0, 0.0, 0.0, 0.0, 0, 0.0, 0, 0], "deviation": [0.0, 0.0, 0.0, 0.0, 0.0, 0.0, 0.0, 0.0, 0.0, 0.0]}}, "missense": {"NSP4": {"data": [0.5, 0, 0.5, 0.0, 0.0, 0.5, 1, 1.0, 0, 0], "deviation": [0.7071067811865476, 0.447213595499958, 0.7071067811865476, 0.0, 0.0, 0.7071067811865476, 0.45773770821706344, 0.7929614610987591, 0.730477130336511, 0.9393364366277241]}, "E": {"data": [0.0, 0, 0.0, 0.0, 0.0, 0.0, 0, 0.0, 0, 0], "deviation": [0.0, 0.0, 0.0, 0.0, 0.0, 0.0, 0.3518657752744984, 0.49236596391733095, 0.44897775854487953, 0.4696682183138621]}, "NS7a": {"data": [0.0, 0, 0.0, 0.0, 0.0, 0.5, 0, 0.0, 0, 0], "deviation": [0.0, 0.0, 0.0, 0.0, 0.0, 0.7071067811865476, 0.0, 0.0, 0.0, 0.0]}, "NSP5": {"data": [0.0, 0, 0.0, 0.0, 0.0, 0.0, 0, 0.0, 0, 0], "deviation": [0.0, 0.0, 0.0, 0.0, 0.0, 0.0, 0.4577377082170635, 0.45226701686664544, 0.34435022157509093, 0.4696682183138621]}, "NS7b": {"data": [0.0, 0, 0.0, 0.0, 0.0, 0.0, 0, 0.0, 0, 0], "deviation": [0.0, 0.0, 0.0, 0.0, 0.0, 0.0, 0.0, 0.0, 0.0, 0.0]}, "NSP6": {"data": [0.0, 0, 0.0, 0.0, 0.0, 0.5, 1, 0.0, 0, 0], "deviation": [0.0, 0.447213595499958, 0.0, 0.0, 0.0, 0.7071067811865476, 0.6399404734221844, 0.674199862463242, 0.7029019463944166, 0.3321055820775357]}, "NSP7": {"data": [0.0, 0, 0.0, 0.0, 0.0, 0.0, 0, 0.0, 0, 0], "deviation": [0.0, 0.0, 0.0, 0.0, 0.0, 0.0, 0.0, 0.0, 0.0, 0.0]}, "NSP8": {"data": [0.0, 0, 0.0, 0.0, 0.0, 0.0, 0, 0.0, 0, 0], "deviation": [0.0, 0.0, 0.0, 0.0, 0.0, 0.0, 0.3518657752744984, 0.28867513459481287, 0.0, 0.0]}, "Spike": {"data": [1.0, 1, 1.5, 0.5, 0.0, 3.5, 7, 5.0, 6, 7], "deviation": [1.4142135623730951, 0.5477225575051661, 0.7071067811865476, 0.7071067811865476, 0.0, 4.949747468305833, 2.007130147392398, 1.0298573010888745, 1.9691293395130818, 0.8574929257125442]}, "NSP9": {"data": [0.0, 0, 0.0, 0.0, 0.0, 0.0, 0, 0.0, 0, 0], "deviation": [0.0, 0.0, 0.0, 0.0, 0.0, 0.0, 0.3518657752744984, 0.0, 0.0, 0.0]}, "NSP10": {"data": [0.0, 0, 0.0, 0.0, 0.0, 0.0, 0, 0.0, 0, 0], "deviation": [0.0, 0.0, 0.0, 0.0, 0.0, 0.0, 0.2581988897471611, 0.0, 0.0, 0.0]}, "NSP11": {"data": [0.0, 0, 0.0, 0.0, 0.0, 0.0, 0, 0.0, 0, 0], "deviation": [0.0, 0.0, 0.0, 0.0, 0.0, 0.0, 0.0, 0.0, 0.0, 0.0]}, "NSP12": {"data": [0.5, 0, 1.0, 0.5, 0.0, 0.0, 0, 1.0, 1, 1], "deviation": [0.7071067811865476, 0.8944271909999159, 0.0, 0.7071067811865476, 0.0, 0.0, 0.9102589898327995, 0.4264014327112209, 0.583027399541909, 0.5144957554275266]}, "M": {"data": [0.0, 0, 0.0, 0.0, 0.0, 0.0, 0, 0.0, 0, 1], "deviation": [0.0, 0.0, 0.0, 0.0, 0.0, 0.0, 0.41403933560541256, 0.5149286505444373, 0.5068698018697019, 0.6063390625908325]}, "NSP13": {"data": [0.0, 0, 0.0, 0.0, 0.0, 0.5, 1, 0.0, 0, 0], "deviation": [0.0, 0.0, 0.0, 0.0, 0.0, 0.7071067811865476, 0.7037315505489968, 0.28867513459481287, 0.491026190103531, 0.24253562503633297]}, "N": {"data": [0.0, 0, 0.0, 0.0, 0.5, 1.5, 1, 2.0, 3, 3], "deviation": [0.0, 0.5477225575051661, 0.0, 0.0, 0.7071067811865476, 0.7071067811865476, 0.45773770821706344, 0.937436866561092, 1.37308976184048, 1.21872643265298]}, "NSP14": {"data": [0.5, 0, 0.0, 0.0, 0.0, 0.0, 0, 0.0, 0, 0], "deviation": [0.7071067811865476, 0.0, 0.0, 0.0, 0.0, 0.0, 0.2581988897471611, 0.28867513459481287, 0.47047196889696474, 0.3929526239966879]}, "NS3": {"data": [0.5, 0, 1.0, 1.0, 0.0, 1.0, 2, 0.5, 0, 0], "deviation": [0.7071067811865476, 1.0954451150103321, 1.4142135623730951, 1.4142135623730951, 0.0, 1.4142135623730951, 0.5936168397046637, 0.6685579234215214, 0.6349504353380415, 0.3929526239966879]}, "NSP15": {"data": [0.0, 0, 0.0, 0.0, 0.0, 0.0, 0, 0.0, 0, 0], "deviation": [0.0, 0.0, 0.0, 0.0, 0.0, 0.0, 0.41403933560541256, 0.5149286505444373, 0.42174116783665, 0.3929526239966879]}, "NSP16": {"data": [0.0, 0, 0.0, 0.0, 0.0, 0.0, 0, 0.0, 0, 0], "deviation": [0.0, 0.0, 0.0, 0.0, 0.0, 0.0, 0.0, 0.3892494720807615, 0.0, 0.3321055820775357]}, "NS9b": {"data": [0.0, 0, 0.0, 0.0, 0.0, 0.0, 0, 0.0, 0, 0], "deviation": [0.0, 0.0, 0.0, 0.0, 0.0, 0.0, 0.0, 0.0, 0.0, 0.0]}, "NS6": {"data": [0.0, 0, 0.0, 0.0, 0.0, 0.0, 0, 0.0, 0, 0], "deviation": [0.0, 0.0, 0.0, 0.0, 0.0, 0.0, 0.0, 0.0, 0.2881040655200304, 0.0]}, "NS9c": {"data": [0.0, 0, 0.0, 0.0, 0.0, 0.0, 0, 0.0, 0, 0], "deviation": [0.0, 0.0, 0.0, 0.0, 0.0, 0.0, 0.0, 0.0, 0.0, 0.0]}, "NSP1": {"data": [0.0, 0, 0.0, 0.0, 0.0, 0.0, 0, 0.0, 0, 0], "deviation": [0.0, 0.0, 0.0, 0.0, 0.0, 0.0, 0.0, 0.28867513459481287, 0.20851441405707477, 0.0]},