{"indel": {"NSP4": {"data": [0.0, 0.0, 0, 0, 0], "deviation": [0.0, 0.0, 0.0, 0.0, 0.0]}, "E": {"data": [0.0, 0.0, 0, 0, 0], "deviation": [0.0, 0.0, 0.0, 0.0, 0.0]}, "NS7a": {"data": [0.0, 0.0, 0, 0, 0], "deviation": [0.0, 0.0, 0.0, 0.20851441405707477, 0.0]}, "NSP5": {"data": [0.0, 0.0, 0, 0, 0], "deviation": [0.0, 0.0, 0.0, 0.0, 0.0]}, "NS7b": {"data": [0.0, 0.0, 0, 0, 0], "deviation": [0.0, 0.0, 0.0, 0.0, 0.0]}, "NSP6": {"data": [0.0, 0.0, 0, 3, 3], "deviation": [0.0, 0.0, 1.4411533842457842, 1.3469332756346388, 0.0]}, "NSP7": {"data": [0.0, 0.0, 0, 0, 0], "deviation": [0.0, 0.0, 0.0, 0.0, 0.0]}, "NSP8": {"data": [0.0, 0.0, 0, 0, 0], "deviation": [0.0, 0.0, 0.0, 0.0, 0.0]}, "Spike": {"data": [0.0, 0.0, 0, 3, 3], "deviation": [0.0, 0.0, 1.0794638322992416, 1.4555332614196126, 1.4090046549415864]}, "NSP9": {"data": [0.0, 0.0, 0, 0, 0], "deviation": [0.0, 0.0, 0.0, 0.0, 0.0]}, "NSP10": {"data": [0.0, 0.0, 0, 0, 0], "deviation": [0.0, 0.0, 0.0, 0.0, 0.0]}, "NSP11": {"data": [0.0, 0.0, 0, 0, 0], "deviation": [0.0, 0.0, 0.0, 0.0, 0.0]}, "NSP12": {"data": [0.0, 0.0, 0, 0, 0], "deviation": [0.0, 0.0, 0.0, 0.0, 0.0]}, "M": {"data": [0.0, 0.0, 0, 0, 0], "deviation": [0.0, 0.0, 0.0, 0.0, 0.0]}, "NSP13": {"data": [0.0, 0.0, 0, 0, 0], "deviation": [0.0, 0.0, 0.0, 0.0, 0.0]}, "N": {"data": [0.0, 0.0, 0, 0, 0], "deviation": [0.0, 0.0, 0.32025630761017426, 0.34435022157509093, 0.4696682183138621]}, "NSP14": {"data": [0.0, 0.0, 0, 0, 0], "deviation": [0.0, 0.0, 0.0, 0.0, 0.0]}, "NS3": {"data": [0.0, 0.0, 0, 0, 0], "deviation": [0.0, 0.5, 0.8473185457363235, 0.0, 0.0]}, "NSP15": {"data": [0.0, 0.0, 0, 0, 0], "deviation": [0.0, 0.0, 0.0, 0.0, 0.0]}, "NSP16": {"data": [0.0, 0.0, 0, 0, 0], "deviation": [0.0, 0.0, 0.0, 0.0, 0.0]}, "NS9b": {"data": [0.0, 0.0, 0, 0, 0], "deviation": [0.0, 0.0, 0.0, 0.0, 0.0]}, "NS6": {"data": [0.0, 0.0, 0, 0, 0], "deviation": [0.0, 0.0, 0.0, 0.0, 0.0]}, "NS9c": {"data": [0.0, 0.0, 0, 0, 0], "deviation": [0.0, 0.0, 0.0, 0.0, 0.0]}, "NSP1": {"data": [0.0, 0.0, 0, 0, 0], "deviation": [0.0, 0.0, 0.2668802563418119, 0.0, 0.0]}, "NSP2": {"data": [0.0, 0.0, 0, 0, 0], "deviation": [0.0, 0.0, 0.0, 0.0, 0.0]}, "NS8": {"data": [0.0, 0.0, 0, 0, 0], "deviation": [0.0, 0.0, 0.0, 0.0, 0.0]}, "NSP3": {"data": [0.0, 0.0, 0, 0, 0], "deviation": [0.0, 0.0, 0.0, 0.0, 0.0]}}, "missense": {"NSP4": {"data": [0.0, 0.0, 1, 0, 0], "deviation": [0.5175491695067657, 0.5, 0.622466374565235, 0.730477130336511, 0.9393364366277241]}, "E": {"data": [0.0, 0.0, 0, 0, 0], "deviation": [0.0, 0.0, 0.4236592728681617, 0.44897775854487953, 0.4696682183138621]}, "NS7a": {"data": [0.0, 0.0, 0, 0, 0], "deviation": [0.0, 0.5, 0.0, 0.0, 0.0]}, "NSP5": {"data": [0.0, 0.0, 0, 0, 0], "deviation": [0.0, 0.0, 0.44657608470472243, 0.34435022157509093, 0.4696682183138621]}, "NS7b": {"data": [0.0, 0.0, 0, 0, 0], "deviation": [0.0, 0.0, 0.0, 0.0, 0.0]}, "NSP6": {"data": [0.0, 0.0, 1, 0, 0], "deviation": [0.3535533905932738, 0.5, 0.668800005452637, 0.7029019463944166, 0.3321055820775357]}, "NSP7": {"data": [0.0, 0.0, 0, 0, 0], "deviation": [0.0, 0.0, 0.0, 0.0, 0.0]}, "NSP8": {"data": [0.0, 0.0, 0, 0, 0], "deviation": [0.0, 0.0, 0.32025630761017426, 0.0, 0.0]}, "Spike": {"data": [1.0, 0.5, 6, 6, 7], "deviation": [0.7559289460184544, 3.366501646120693, 1.8171390431098833, 1.9691293395130818, 0.8574929257125442]}, "NSP9": {"data": [0.0, 0.0, 0, 0, 0], "deviation": [0.0, 0.0, 0.2668802563418119, 0.0, 0.0]}, "NSP10": {"data": [0.0, 0.0, 0, 0, 0], "deviation": [0.0, 0.0, 0.19245008972987526, 0.0, 0.0]}, "NSP11": {"data": [0.0, 0.0, 0, 0, 0], "deviation": [0.0, 0.0, 0.0, 0.0, 0.0]}, "NSP12": {"data": [1.0, 0.0, 1, 1, 1], "deviation": [0.7071067811865476, 0.5, 0.7510676161988108, 0.583027399541909, 0.5144957554275266]}, "M": {"data": [0.0, 0.0, 0, 0, 1], "deviation": [0.0, 0.0, 0.4653216269680752, 0.5068698018697019, 0.6063390625908325]}, "NSP13": {"data": [0.0, 0.0, 0, 0, 0], "deviation": [0.0, 0.5, 0.6979824404521128, 0.491026190103531, 0.24253562503633297]}, "N": {"data": [0.0, 1.0, 1, 3, 3], "deviation": [0.4629100498862757, 0.816496580927726, 0.8915558282417287, 1.37308976184048, 1.21872643265298]}, "NSP14": {"data": [0.0, 0.0, 0, 0, 0], "deviation": [0.3535533905932738, 0.0, 0.2668802563418119, 0.47047196889696474, 0.3929526239966879]}, "NS3": {"data": [0.5, 1.0, 1, 0, 0], "deviation": [0.9910312089651149, 1.1547005383792515, 0.8473185457363234, 0.6349504353380415, 0.3929526239966879]}, "NSP15": {"data": [0.0, 0.0, 0, 0, 0], "deviation": [0.0, 0.0, 0.4653216269680752, 0.42174116783665, 0.3929526239966879]}, "NSP16": {"data": [0.0, 0.0, 0, 0, 0], "deviation": [0.0, 0.0, 0.2668802563418119, 0.0, 0.3321055820775357]}, "NS9b": {"data": [0.0, 0.0, 0, 0, 0], "deviation": [0.0, 0.0, 0.0, 0.0, 0.0]}, "NS6": {"data": [0.0, 0.0, 0, 0, 0], "deviation": [0.0, 0.0, 0.0, 0.2881040655200304, 0.0]}, "NS9c": {"data": [0.0, 0.0, 0, 0, 0], "deviation": [0.0, 0.0, 0.0, 0.0, 0.0]}, "NSP1": {"data": [0.0, 0.0, 0, 0, 0], "deviation": [0.0, 0.0, 0.19245008972987526, 0.20851441405707477, 0.0]}, "NSP2": {"data": [0.5, 1.0, 1, 0, 0], "deviation": [0.7440238091428449, 0.5, 0.5547001962252291, 0.42174116783665, 0.3321055820775357]}, "NS8": {"data": [0.0, 1.0, 1, 2, 2], "deviation": [0.7440238091428449, 0.5, 0.7357380928771741, 1.64905051133457, 1.7149858514250884]}, "NSP3": {"data": [0.0, 0.5, 1, 3, 2], "deviation": [0.3535533905932738, 0.5773502691896257, 1.0912759462588695, 1.166054799083818, 1.1757350641945108]}}, "labels": ["03/2020", "04/2020", "01/2021", "02/2021", "03/2021"]}