{"indel": {"NSP4": {"data": [0, 0, 0.0, 0.0], "deviation": [0.0, 0.0, 0.0, 0.0]}, "E": {"data": [0, 0, 0.0, 0.0], "deviation": [0.0, 0.0, 0.0, 0.0]}, "NS7a": {"data": [0, 0, 0.0, 0.0], "deviation": [0.0, 0.0, 0.0, 0.0]}, "NSP5": {"data": [0, 0, 0.0, 0.0], "deviation": [0.0, 0.0, 0.0, 0.0]}, "NS7b": {"data": [0, 0, 0.0, 0.0], "deviation": [0.0, 0.0, 0.0, 0.0]}, "NSP6": {"data": [0, 0, 0.0, 0.0], "deviation": [0.0, 0.0, 1.5491933384829668, 0.0]}, "NSP7": {"data": [0, 0, 0.0, 0.0], "deviation": [0.0, 0.0, 0.0, 0.0]}, "NSP8": {"data": [0, 0, 0.0, 0.0], "deviation": [0.0, 0.0, 0.0, 0.0]}, "Spike": {"data": [0, 0, 0.0, 0.0], "deviation": [0.0, 0.0, 1.5491933384829668, 0.0]}, "NSP9": {"data": [0, 0, 0.0, 0.0], "deviation": [0.0, 0.0, 0.0, 0.0]}, "NSP10": {"data": [0, 0, 0.0, 0.0], "deviation": [0.0, 0.20851441405707477, 0.0, 0.0]}, "NSP11": {"data": [0, 0, 0.0, 0.0], "deviation": [0.0, 0.0, 0.0, 0.0]}, "NSP12": {"data": [0, 0, 0.0, 0.0], "deviation": [0.0, 0.0, 0.0, 0.0]}, "M": {"data": [0, 0, 0.0, 0.0], "deviation": [0.0, 0.0, 0.0, 0.0]}, "NSP13": {"data": [0, 0, 0.0, 0.0], "deviation": [0.0, 0.0, 0.0, 0.0]}, "N": {"data": [0, 0, 0.0, 0.0], "deviation": [0.0, 0.0, 0.0, 0.0]}, "NSP14": {"data": [0, 0, 0.0, 0.0], "deviation": [0.0, 0.0, 0.0, 0.0]}, "NS3": {"data": [0, 0, 0.0, 0.0], "deviation": [0.0, 0.0, 0.0, 0.0]}, "NSP15": {"data": [0, 0, 0.0, 0.0], "deviation": [0.0, 0.0, 0.0, 0.0]}, "NSP16": {"data": [0, 0, 0.0, 0.0], "deviation": [0.0, 0.0, 0.0, 0.0]}, "NS9b": {"data": [0, 0, 0.0, 0.0], "deviation": [0.0, 0.0, 0.0, 0.0]}, "NS6": {"data": [0, 0, 0.0, 0.0], "deviation": [0.0, 0.0, 0.0, 0.0]}, "NS9c": {"data": [0, 0, 0.0, 0.0], "deviation": [0.0, 0.0, 0.0, 0.0]}, "NSP1": {"data": [0, 0, 0.0, 0.0], "deviation": [0.0, 0.0, 0.0, 0.0]}, "NSP2": {"data": [0, 0, 0.0, 0.0], "deviation": [0.0, 0.0, 0.0, 0.0]}, "NS8": {"data": [0, 0, 0.0, 0.0], "deviation": [0.0, 0.0, 0.0, 0.0]}, "NSP3": {"data": [0, 0, 0.0, 0.0], "deviation": [0.0, 0.0, 0.0, 0.0]}}, "missense": {"NSP4": {"data": [1, 0, 0.0, 0.0], "deviation": [0.5270462766947299, 0.47047196889696474, 0.0, 0.0]}, "E": {"data": [0, 0, 0.0, 0.0], "deviation": [0.44095855184409843, 0.0, 0.0, 0.0]}, "NS7a": {"data": [0, 0, 0.0, 0.0], "deviation": [0.5, 0.38755338788158983, 0.0, 0.0]}, "NSP5": {"data": [0, 0, 0.5, 0.0], "deviation": [0.0, 0.730477130336511, 0.5477225575051661, 0.0]}, "NS7b": {"data": [0, 0, 0.0, 0.0], "deviation": [0.0, 0.0, 0.0, 0.0]}, "NSP6": {"data": [0, 0, 0.0, 0.0], "deviation": [0.44095855184409843, 0.2881040655200304, 0.408248290463863, 0.0]}, "NSP7": {"data": [0, 0, 0.0, 0.0], "deviation": [0.0, 0.0, 0.0, 0.0]}, "NSP8": {"data": [0, 0, 0.0, 0.0], "deviation": [0.0, 0.0, 0.0, 0.0]}, "Spike": {"data": [3, 1, 2.5, 0.5], "deviation": [1.0540925533894598, 0.5068698018697019, 0.983192080250175, 0.7071067811865476]}, "NSP9": {"data": [0, 0, 0.0, 0.0], "deviation": [0.0, 0.0, 0.0, 0.0]}, "NSP10": {"data": [0, 0, 0.0, 0.0], "deviation": [0.0, 1.6681153124565982, 0.0, 0.0]}, "NSP11": {"data": [0, 0, 0.0, 0.0], "deviation": [0.0, 0.0, 0.0, 0.0]}, "NSP12": {"data": [1, 1, 1.0, 1.0], "deviation": [1.5, 1.1609591237233643, 0.0, 1.4142135623730951]}, "M": {"data": [0, 0, 0.0, 0.0], "deviation": [0.0, 0.0, 0.0, 0.0]}, "NSP13": {"data": [0, 0, 1.0, 0.0], "deviation": [1.0, 1.0425720702853738, 0.752772652709081, 0.0]}, "N": {"data": [2, 1, 3.0, 1.0], "deviation": [0.44095855184409843, 0.8979555170897592, 1.3662601021279464, 1.4142135623730951]}, "NSP14": {"data": [0, 0, 0.0, 0.0], "deviation": [0.0, 0.38755338788158983, 0.408248290463863, 0.0]}, "NS3": {"data": [1, 1, 1.0, 0.0], "deviation": [0.5270462766947299, 0.7927537436201203, 0.752772652709081, 0.0]}, "NSP15": {"data": [0, 0, 0.0, 0.0], "deviation": [0.44095855184409843, 0.0, 0.0, 0.0]}, "NSP16": {"data": [0, 0, 0.0, 0.0], "deviation": [0.0, 0.2881040655200304, 0.0, 0.0]}, "NS9b": {"data": [0, 0, 0.0, 0.0], "deviation": [0.0, 0.0, 0.0, 0.0]}, "NS6": {"data": [0, 0, 0.0, 0.0], "deviation": [0.0, 0.0, 0.0, 0.0]}, "NS9c": {"data": [0, 0, 0.0, 0.0], "deviation": [0.0, 0.0, 0.0, 0.0]}, "NSP1": {"data": [0, 0, 0.0, 0.0], "deviation": [0.5, 0.0, 0.0, 0.0]}, "NSP2": {"data": [0, 1, 0.0, 0.0], "deviation": [0.44095855184409843, 0.7518094115561123, 0.5163977794943223, 0.0]}, "NS8": {"data": [1, 0, 0.5, 0.5], "deviation": [0.5270462766947299, 0.2881040655200304, 1.4719601443879744, 0.7071067811865476]}, "NSP3": {"data": [0, 1, 1.0, 0.5], "deviation": [0.8819171036881969, 0.7952427724875442, 1.3291601358251257, 0.7071067811865476]}}, "labels": ["10/2020", "11/2020", "12/2020", "01/2021"]}