{"indel": {"NSP4": {"data": [0.0, 0.0, 0.0, 0, 0.0, 0, 0, 0, 0.0, 0, 0], "deviation": [0.0, 0.0, 0.0, 0.0, 0.0, 0.0, 0.0, 0.0, 0.0, 0.0, 0.0]}, "E": {"data": [0.0, 0.0, 0.0, 0, 0.0, 0, 0, 0, 0.0, 0, 0], "deviation": [0.0, 0.0, 0.0, 0.0, 0.0, 0.0, 0.0, 0.0, 0.0, 0.0, 0.0]}, "NS7a": {"data": [0.0, 0.0, 0.0, 0, 0.0, 0, 0, 0, 0.0, 0, 0], "deviation": [0.0, 0.0, 0.0, 0.0, 0.0, 0.0, 0.0, 0.0, 0.0, 0.0, 0.0]}, "NSP5": {"data": [0.0, 0.0, 0.0, 0, 0.0, 0, 0, 0, 0.0, 0, 0], "deviation": [0.0, 0.0, 0.0, 0.0, 0.0, 0.0, 0.0, 0.0, 0.0, 0.0, 0.0]}, "NS7b": {"data": [0.0, 0.0, 0.0, 0, 0.0, 0, 0, 0, 0.0, 0, 0], "deviation": [0.0, 0.0, 0.0, 0.0, 0.0, 0.0, 0.0, 0.0, 0.0, 0.0, 0.0]}, "NSP6": {"data": [0.0, 0.0, 0.0, 0, 0.0, 0, 0, 3, 1.5, 3, 3], "deviation": [0.0, 0.0, 0.0, 0.0, 0.0, 0.0, 1.0, 1.513574937328539, 2.1213203435596424, 1.3228756555322954, 1.7320508075688772]}, "NSP7": {"data": [0.0, 0.0, 0.0, 0, 0.0, 0, 0, 0, 0.0, 0, 0], "deviation": [0.0, 0.0, 0.0, 0.0, 0.0, 0.0, 0.0, 0.0, 0.0, 0.0, 0.0]}, "NSP8": {"data": [0.0, 0.0, 0.0, 0, 0.0, 0, 0, 0, 0.0, 0, 0], "deviation": [0.0, 0.0, 0.0, 0.0, 0.0, 0.0, 0.0, 0.0, 0.0, 0.0, 0.0]}, "Spike": {"data": [0.0, 0.0, 0.0, 0, 0.0, 0, 0, 0, 0.0, 0, 0], "deviation": [0.0, 0.0, 0.0, 0.0, 0.0, 0.0, 0.0, 0.0, 0.0, 0.0, 0.0]}, "NSP9": {"data": [0.0, 0.0, 0.0, 0, 0.0, 0, 0, 0, 0.0, 0, 0], "deviation": [0.0, 0.0, 0.0, 0.0, 0.0, 0.0, 0.0, 0.0, 0.0, 0.0, 0.0]}, "NSP10": {"data": [0.0, 0.0, 0.0, 0, 0.0, 0, 0, 0, 0.0, 0, 0], "deviation": [0.0, 0.0, 0.0, 0.0, 0.0, 0.0, 0.0, 0.0, 0.0, 0.0, 0.0]}, "NSP11": {"data": [0.0, 0.0, 0.0, 0, 0.0, 0, 0, 0, 0.0, 0, 0], "deviation": [0.0, 0.0, 0.0, 0.0, 0.0, 0.0, 0.0, 0.0, 0.0, 0.0, 0.0]}, "NSP12": {"data": [0.0, 0.0, 0.0, 0, 0.0, 0, 0, 0, 0.0, 0, 0], "deviation": [0.0, 0.0, 0.0, 0.0, 0.0, 0.0, 0.0, 0.0, 0.0, 0.0, 0.0]}, "M": {"data": [0.0, 0.0, 0.0, 0, 0.0, 0, 0, 0, 0.0, 0, 0], "deviation": [0.0, 0.0, 0.0, 0.0, 0.0, 0.0, 0.0, 0.0, 0.0, 0.0, 0.0]}, "NSP13": {"data": [0.0, 0.0, 0.0, 0, 0.0, 0, 0, 0, 0.0, 0, 0], "deviation": [0.0, 0.0, 0.0, 0.0, 0.0, 0.0, 0.0, 0.0, 0.0, 0.0, 0.0]}, "N": {"data": [0.0, 0.0, 0.0, 0, 0.0, 0, 0, 0, 0.0, 0, 0], "deviation": [0.0, 0.0, 0.0, 0.0, 0.0, 0.0, 0.0, 0.0, 0.0, 0.0, 0.0]}, "NSP14": {"data": [0.0, 0.0, 0.0, 0, 0.0, 0, 0, 0, 0.0, 0, 0], "deviation": [0.0, 0.0, 0.0, 0.0, 0.0, 0.0, 0.0, 0.0, 0.0, 0.0, 0.0]}, "NS3": {"data": [0.0, 0.0, 0.0, 0, 0.0, 0, 0, 0, 0.0, 0, 0], "deviation": [0.0, 0.0, 0.0, 0.0, 0.0, 0.0, 0.0, 0.0, 0.0, 0.0, 0.0]}, "NSP15": {"data": [0.0, 0.0, 0.0, 0, 0.0, 0, 0, 0, 0.0, 0, 0], "deviation": [0.0, 0.0, 0.0, 0.0, 0.0, 0.0, 0.0, 0.0, 0.0, 0.0, 0.0]}, "NSP16": {"data": [0.0, 0.0, 0.0, 0, 0.0, 0, 0, 0, 0.0, 0, 0], "deviation": [0.0, 0.0, 0.0, 0.0, 0.0, 0.0, 0.0, 0.0, 0.0, 0.0, 0.0]}, "NS9b": {"data": [0.0, 0.0, 0.0, 0, 0.0, 0, 0, 0, 0.0, 0, 0], "deviation": [0.0, 0.0, 0.0, 0.0, 0.0, 0.0, 0.0, 0.0, 0.0, 0.0, 0.0]}, "NS6": {"data": [0.0, 0.0, 0.0, 0, 0.0, 0, 0, 0, 0.0, 0, 0], "deviation": [0.0, 0.0, 0.0, 0.0, 0.0, 0.0, 0.0, 0.0, 0.0, 0.0, 0.0]}, "NS9c": {"data": [0.0, 0.0, 0.0, 0, 0.0, 0, 0, 0, 0.0, 0, 0], "deviation": [0.0, 0.0, 0.0, 0.0, 0.0, 0.0, 0.0, 0.0, 0.0, 0.0, 0.0]}, "NSP1": {"data": [0.0, 0.0, 0.0, 0, 0.0, 0, 0, 0, 0.0, 0, 0], "deviation": [0.0, 0.0, 0.0, 0.0, 0.0, 0.0, 0.0, 0.0, 0.0, 0.0, 0.0]}, "NSP2": {"data": [0.0, 0.0, 0.0, 0, 0.0, 0, 0, 0, 0.0, 0, 0], "deviation": [0.0, 0.0, 0.0, 0.0, 0.0, 0.0, 0.0, 0.0, 0.0, 0.0, 0.0]}, "NS8": {"data": [0.0, 0.0, 0.0, 0, 0.0, 0, 0, 0, 0.0, 0, 0], "deviation": [0.0, 0.0, 0.0, 0.0, 0.0, 0.0, 0.0, 0.0, 0.0, 0.0, 0.0]}, "NSP3": {"data": [0.0, 0.0, 0.0, 0, 0.0, 0, 0, 0, 0.0, 0, 0], "deviation": [0.0, 0.0, 0.0, 0.0, 0.0, 0.0, 0.0, 0.0, 0.0, 0.0, 0.0]}}, "missense": {"NSP4": {"data": [0.0, 0.0, 0.0, 0, 0.0, 0, 0, 0, 0.0, 0, 0], "deviation": [0.0, 0.0, 0.0, 0.0, 0.0, 0.0, 0.3333333333333333, 0.30151134457776363, 0.0, 0.0, 1.1547005383792517]}, "E": {"data": [0.0, 0.0, 0.0, 0, 0.0, 0, 0, 0, 0.0, 0, 0], "deviation": [0.0, 0.0, 0.0, 0.0, 0.0, 0.0, 0.0, 0.0, 0.0, 0.0, 0.0]}, "NS7a": {"data": [0.0, 0.0, 0.0, 0, 0.0, 0, 0, 0, 0.0, 0, 0], "deviation": [0.0, 0.0, 0.0, 0.5773502691896258, 0.0, 0.447213595499958, 0.0, 0.0, 0.0, 0.3333333333333333, 0.0]}, "NSP5": {"data": [0.0, 0.0, 0.0, 0, 0.0, 0, 0, 0, 0.0, 0, 0], "deviation": [0.0, 0.0, 0.0, 0.0, 0.0, 0.0, 0.44095855184409843, 0.0, 0.0, 0.0, 0.5773502691896258]}, "NS7b": {"data": [0.0, 0.0, 0.0, 0, 0.0, 0, 0, 0, 0.0, 0, 0], "deviation": [0.0, 0.5, 0.28867513459481287, 0.0, 0.408248290463863, 0.5477225575051661, 0.3333333333333333, 0.4045199174779452, 0.0, 0.0, 0.0]}, "NSP6": {"data": [0.0, 0.0, 0.0, 0, 1.0, 1, 0, 0, 0.0, 0, 0], "deviation": [0.0, 0.0, 0.0, 0.0, 0.5163977794943222, 0.4472135954999579, 0.5270462766947299, 0.4045199174779452, 0.0, 0.3333333333333333, 0.0]}, "NSP7": {"data": [0.0, 0.0, 0.0, 0, 0.0, 0, 0, 0, 0.0, 0, 0], "deviation": [0.0, 0.0, 0.28867513459481287, 0.0, 0.0, 0.0, 0.0, 0.0, 0.0, 0.0, 0.0]}, "NSP8": {"data": [0.0, 0.0, 0.0, 0, 0.0, 0, 0, 0, 0.0, 0, 0], "deviation": [0.0, 0.0, 0.0, 0.0, 0.408248290463863, 0.0, 0.0, 0.0, 0.0, 0.3333333333333333, 0.0]}, "Spike": {"data": [0.5, 1.0, 1.0, 1, 1.5, 3, 1, 12, 5.5, 6, 7], "deviation": [0.7071067811865476, 0.5, 0.28867513459481287, 0.0, 0.816496580927726, 0.5477225575051661, 3.7416573867739413, 4.570657402486987, 7.7781745930520225, 3.570714214271425, 4.58257569495584]}, "NSP9": {"data": [0.0, 0.0, 0.0, 0, 0.0, 1, 0, 0, 0.0, 0, 0], "deviation": [0.0, 0.0, 0.0, 0.0, 0.0, 0.5477225575051661, 0.3333333333333333, 0.30151134457776363, 0.0, 0.44095855184409843, 0.0]}, "NSP10": {"data": [0.0, 0.0, 0.0, 0, 0.0, 0, 0, 0, 0.0, 0, 0], "deviation": [0.0, 0.0, 0.0, 0.0, 0.0, 0.0, 0.0, 0.0, 0.0, 0.0, 0.5773502691896258]}, "NSP11": {"data": [0.0, 0.0, 0.0, 0, 0.0, 0, 0, 0, 0.0, 0, 0], "deviation": [0.0, 0.0, 0.0, 0.0, 0.0, 0.0, 0.0, 0.0, 0.0, 0.0, 0.0]}, "NSP12": {"data": [0.5, 1.0, 1.0, 1, 1.0, 1, 1, 1, 0.5, 1, 1], "deviation": [0.7071067811865476, 0.0, 0.28867513459481287, 0.0, 0.0, 0.0, 0.0, 0.40451991747794525, 0.7071067811865476, 0.33333333333333337, 0.0]}, "M": {"data": [0.0, 0.0, 0.0, 0, 0.0, 0, 0, 0, 0.0, 0, 0], "deviation": [0.0, 0.0, 0.0, 0.0, 0.0, 0.0, 0.3333333333333333, 0.30151134457776363, 0.0, 0.44095855184409843, 0.0]}, "NSP13": {"data": [0.0, 0.0, 0.0, 0, 0.0, 0, 0, 1, 0.5, 1, 1], "deviation": [0.0, 0.5, 0.0, 0.5773502691896258, 0.8366600265340756, 0.447213595499958, 0.5270462766947299, 0.0, 0.7071067811865476, 0.44095855184409843, 0.5773502691896257]}, "N": {"data": [0.0, 0.0, 0.0, 2, 0.5, 3, 2, 3, 1.5, 3, 3], "deviation": [0.0, 0.0, 1.2673044646258476, 1.5275252316519468, 1.2649110640673518, 0.8366600265340756, 1.1666666666666667, 0.8738628975053029, 2.1213203435596424, 0.6666666666666667, 2.081665999466133]}, "NSP14": {"data": [0.0, 0.0, 0.0, 0, 0.5, 0, 0, 0, 0.0, 0, 0], "deviation": [0.0, 0.0, 0.28867513459481287, 0.5773502691896258, 0.816496580927726, 0.447213595499958, 0.3333333333333333, 0.0, 0.0, 0.0, 0.0]}, "NS3": {"data": [0.0, 0.0, 0.0, 0, 0.0, 0, 1, 1, 0.5, 0, 1], "deviation": [0.0, 0.0, 0.28867513459481287, 0.0, 1.224744871391589, 0.8944271909999159, 0.8333333333333334, 0.30151134457776363, 0.7071067811865476, 0.5270462766947299, 1.0]}, "NSP15": {"data": [0.0, 0.0, 0.0, 0, 0.0, 0, 0, 0, 0.0, 0, 0], "deviation": [0.0, 0.0, 0.0, 0.0, 0.5163977794943223, 0.0, 0.0, 0.0, 0.0, 0.0, 0.0]}, "NSP16": {"data": [0.0, 0.0, 0.0, 0, 0.0, 0, 0, 0, 0.0, 0, 0], "deviation": [0.0, 0.0, 0.0, 0.0, 0.0, 0.0, 0.3333333333333333, 0.0, 0.0, 0.0, 0.0]}, "NS9b": {"data": [0.0, 0.0, 0.0, 0, 0.0, 0, 0, 0, 0.0, 0, 0], "deviation": [0.0, 0.0, 0.0, 0.0, 0.0, 0.0, 0.0, 0.0, 0.0, 0.0, 0.0]}, "NS6": {"data": [0.0, 0.0, 0.0, 0, 0.0, 0, 0, 0, 0.0, 0, 0], "deviation": [0.0, 0.0, 0.28867513459481287, 0.5773502691896258, 0.0, 0.0, 0.0, 0.0, 0.0, 0.0, 0.0]}, "NS9c": {"data": [0.0, 0.0, 0.0, 0, 0.0, 0, 0, 0, 0.0, 0, 0], "deviation": [0.0, 0.0, 0.0, 0.0, 0.0, 0.0, 0.0, 0.0, 0.0, 0.0, 0.0]}, "NSP1": {"data": [0.0, 0.0, 0.0, 0, 0.0, 0, 0, 0, 0.0, 0, 0],