{"indel": {"NSP4": {"data": [0, 0, 0, 0.0, 0, 0.0, 0], "deviation": [0.0, 0.0, 0.0, 0.0, 0.0, 0.0, 0.0]}, "E": {"data": [0, 0, 0, 0.0, 0, 0.0, 0], "deviation": [0.0, 0.0, 0.0, 0.0, 0.0, 0.0, 0.0]}, "NS7a": {"data": [0, 0, 0, 0.0, 0, 0.0, 0], "deviation": [0.0, 0.0, 0.0, 0.0, 0.0, 0.0, 0.0]}, "NSP5": {"data": [0, 0, 0, 0.0, 0, 0.0, 0], "deviation": [0.0, 0.0, 0.0, 0.0, 0.0, 0.0, 0.0]}, "NS7b": {"data": [0, 0, 0, 0.0, 0, 0.0, 0], "deviation": [0.0, 0.0, 0.0, 0.0, 0.0, 0.0, 0.0]}, "NSP6": {"data": [3, 3, 3, 3.0, 3, 0.0, 0], "deviation": [1.345724938371916, 0.8358339730012274, 0.0, 1.3568010505999362, 1.0330506647252728, 0.8072073527955749, 0.0]}, "NSP7": {"data": [0, 0, 0, 0.0, 0, 0.0, 0], "deviation": [0.0, 0.0, 0.0, 0.0, 0.0, 0.0, 0.0]}, "NSP8": {"data": [0, 0, 0, 0.0, 0, 0.0, 0], "deviation": [0.0, 0.0, 0.0, 0.0, 0.0, 0.0, 0.0]}, "Spike": {"data": [3, 3, 3, 3.0, 3, 2.0, 2], "deviation": [1.345724938371916, 0.8358339730012274, 0.0, 0.9045340337332909, 0.8316847989130756, 0.4835140349784235, 0.1889822365046136]}, "NSP9": {"data": [0, 0, 0, 0.0, 0, 0.0, 0], "deviation": [0.0, 0.0, 0.0, 0.0, 0.0, 0.0, 0.0]}, "NSP10": {"data": [0, 0, 0, 0.0, 0, 0.0, 0], "deviation": [0.0, 0.0, 0.0, 0.0, 0.0, 0.0, 0.0]}, "NSP11": {"data": [0, 0, 0, 0.0, 0, 0.0, 0], "deviation": [0.0, 0.0, 0.0, 0.0, 0.0, 0.0, 0.0]}, "NSP12": {"data": [0, 0, 0, 0.0, 0, 0.0, 0], "deviation": [0.0, 0.0, 0.0, 0.0, 0.0, 0.0, 0.0]}, "M": {"data": [0, 0, 0, 0.0, 0, 0.0, 0], "deviation": [0.0, 0.0, 0.0, 0.0, 0.0, 0.0, 0.0]}, "NSP13": {"data": [0, 0, 0, 0.0, 0, 0.0, 0], "deviation": [0.0, 0.0, 0.0, 0.0, 0.0, 0.0, 0.0]}, "N": {"data": [0, 0, 0, 0.0, 0, 0.0, 0], "deviation": [0.0, 0.0, 0.0, 0.0, 0.0, 0.0, 0.0]}, "NSP14": {"data": [0, 0, 0, 0.0, 0, 0.0, 0], "deviation": [0.0, 0.0, 0.0, 0.0, 0.0, 0.0, 0.0]}, "NS3": {"data": [0, 0, 0, 0.0, 0, 0.0, 0], "deviation": [0.0, 0.0, 0.0, 0.0, 0.0, 0.0, 0.0]}, "NSP15": {"data": [0, 0, 0, 0.0, 0, 0.0, 0], "deviation": [0.0, 0.0, 0.0, 0.0, 0.0, 0.0, 0.0]}, "NSP16": {"data": [0, 0, 0, 0.0, 0, 0.0, 0], "deviation": [0.0, 0.0, 0.0, 0.0, 0.0, 0.0, 0.13245323570650439]}, "NS9b": {"data": [0, 0, 0, 0.0, 0, 0.0, 0], "deviation": [0.0, 0.0, 0.0, 0.0, 0.0, 0.0, 0.0]}, "NS6": {"data": [0, 0, 0, 0.0, 0, 0.0, 0], "deviation": [0.0, 0.0, 0.0, 0.0, 0.0, 0.0, 0.0]}, "NS9c": {"data": [0, 0, 0, 0.0, 0, 0.0, 0], "deviation": [0.0, 0.0, 0.0, 0.0, 0.0, 0.0, 0.0]}, "NSP1": {"data": [0, 0, 0, 0.0, 0, 0.0, 0], "deviation": [0.0, 0.0, 0.0, 0.0, 0.0, 0.0, 1.0605124783763649]}, "NSP2": {"data": [0, 0, 0, 0.0, 0, 0.0, 0], "deviation": [0.0, 0.0, 0.0, 0.0, 0.0, 0.0, 0.0]}, "NS8": {"data": [0, 0, 0, 0.0, 0, 0.0, 0], "deviation": [0.0, 0.0, 0.0, 0.0, 0.0, 0.0, 0.0]}, "NSP3": {"data": [0, 0, 0, 0.0, 0, 0.0, 0], "deviation": [0.0, 0.0, 0.0, 0.0, 0.0, 0.0, 0.0]}}, "missense": {"NSP4": {"data": [0, 0, 0, 0.0, 0, 1.0, 2], "deviation": [0.41905817746174695, 0.2655235910086697, 0.0, 0.45226701686664544, 0.491026190103531, 0.5978846572278104, 0.7891812323819286]}, "E": {"data": [0, 0, 0, 0.0, 0, 0.0, 0], "deviation": [0.0, 0.0, 0.0, 0.0, 0.0, 0.23543547789870936, 0.0]}, "NS7a": {"data": [0, 0, 0, 0.0, 0, 2.0, 2], "deviation": [0.0, 0.15742552040162258, 0.0, 0.778498944161523, 0.0, 0.7097680882266099, 0.26490647141300877]}, "NSP5": {"data": [0, 0, 0, 0.0, 0, 0.0, 0], "deviation": [0.41905817746174695, 0.25147336810083787, 0.30151134457776363, 0.45226701686664544, 0.0, 0.19418390934515434, 0.4949620881155235]}, "NS7b": {"data": [0, 0, 0, 0.0, 0, 0.0, 1], "deviation": [0.0, 0.0, 0.0, 0.0, 0.0, 0.4660413824283704, 0.4981167541368988]}, "NSP6": {"data": [0, 0, 0, 0.0, 0, 2.0, 2], "deviation": [0.41905817746174695, 0.2908665206904486, 0.30151134457776363, 0.45226701686664544, 0.491026190103531, 0.6103679378930738, 0.49496208811552345]}, "NSP7": {"data": [0, 0, 0, 0.0, 0, 0.0, 0], "deviation": [0.0, 0.0, 0.0, 0.0, 0.0, 0.32260253903223585, 0.4113063728303113]}, "NSP8": {"data": [0, 0, 0, 0.0, 0, 0.0, 0], "deviation": [0.30040622902833486, 0.3442406686365121, 0.0, 0.674199862463242, 0.0, 0.13867504905630726, 0.0]}, "Spike": {"data": [7, 7, 7, 8.0, 8, 9.0, 10], "deviation": [1.3497967326646614, 0.9245885460517566, 0.40451991747794525, 0.7929614610987591, 0.5146087196961899, 0.7129485436850859, 0.9422550671282283]}, "NSP9": {"data": [0, 0, 0, 0.0, 0, 0.0, 0], "deviation": [0.0, 0.0, 0.0, 0.0, 0.0, 0.0, 0.0]}, "NSP10": {"data": [0, 0, 0, 0.0, 0, 0.0, 0], "deviation": [0.0, 0.0, 0.0, 0.0, 0.0, 0.0, 0.2577130964857056]}, "NSP11": {"data": [0, 0, 0, 0.0, 0, 0.0, 0], "deviation": [0.0, 0.0, 0.0, 0.0, 0.0, 0.0, 0.0]}, "NSP12": {"data": [1, 1, 1, 1.0, 2, 3.0, 2], "deviation": [0.0, 0.1809941055901207, 0.30151134457776363, 0.49236596391733095, 0.2881040655200304, 0.5950398290787309, 0.6252818913170464]}, "M": {"data": [0, 0, 0, 0.0, 1, 1.0, 1], "deviation": [0.41905817746174695, 0.27861132433374247, 0.30151134457776363, 0.28867513459481287, 0.34435022157509093, 0.24175701748921175, 0.13245323570650439]}, "NSP13": {"data": [0, 0, 0, 1.0, 1, 1.0, 1], "deviation": [0.48890120703870477, 0.31867300701650275, 0.0, 0.5149286505444373, 0.45769658728016, 0.36432130747865443, 0.18563715383027588]}, "N": {"data": [4, 4, 4, 4.0, 4, 3.0, 4], "deviation": [0.9499679070317291, 0.6006453349539452, 0.30151134457776363, 1.5666989036012806, 0.973969507115348, 1.1030945092009392, 1.1473517508158737]}, "NSP14": {"data": [0, 0, 0, 0.0, 0, 1.0, 1], "deviation": [0.15617376188860604, 0.1809941055901207, 0.4045199174779452, 0.49236596391733095, 0.34435022157509093, 0.23543547789870936, 0.450563556889583]}, "NS3": {"data": [0, 0, 0, 0.0, 0, 1.0, 2], "deviation": [1.2653930267688067, 0.8074041358214102, 0.4045199174779452, 0.9045340337332909, 1.0798184593432083, 0.49545445110743724, 0.720275636462322]}, "NSP15": {"data": [0, 0, 0, 0.0, 0, 0.0, 0], "deviation": [0.0, 0.12909025073869204, 0.0, 0.0, 0.20851441405707477, 0.0, 0.2252817784447915]}, "NSP16": {"data": [0, 0, 0, 0.0, 0, 0.0, 0], "deviation": [0.4012176588288427, 0.3974351611353121, 0.0, 0.45226701686664544, 0.0, 0.0, 3.9735970711951314]}, "NS9b": {"data": [0, 0, 0, 0.0, 0, 0.0, 0], "deviation": [0.0, 0.0, 0.0, 0.0, 0.0, 0.0, 0.0]}, "NS6": {"data": [0, 0, 0, 0.0, 0, 0.0, 0], "deviation": [0.21808478995509087, 0.12909025073869204, 0.0, 0.0, 0.0, 0.0, 0.0]}, "NS9c": {"data": [0, 0, 0, 0.0, 0, 0.0, 0], "deviation": [0.0, 0.0, 0.0, 0.0, 0.0, 0.0, 0.0]}, "NSP1": {"data": [0, 0, 0, 0.0, 1, 0.0, 0], "deviation": [0.0, 0.0, 0.0, 0.3892494720807615, 0.34435022157509093, 0.269069117598525, 0.2252817784447915]}, "NSP2": {"data": [1, 1, 1, 0.0, 1, 0.0, 0], "deviation": [0.21808478995509087, 0.2729300519812033, 0.40451991747794525, 0.5149286505444373, 0.41702882811414954, 0.605094011867236, 0.4533362818715847]}, "NS8": {"data": [5, 5, 5, 3.5, 5, 0.0, 0], "deviation": [2.242874897286527, 1.3685065367054536, 0.40451991747794525, 0.9962049198956219, 0.7029019463944166, 1.237151157468375, 0.450563556889583]}, "NSP3": {"data": [3, 3, 3, 3.0, 3, 1.0, 4], "deviation": [1.0394651532774193, 0.7030160673423199, 0.0, 0.45226701686664544, 0.4264014327112209, 1.281025230440697, 1.0763462747917816]}}, "labels": ["02/2021", "03/2021", "04/2021", "05/2021", "06/2021", "07/2021", "08/2021"]}