{"indel": {"NSP4": {"data": [0.0, 0, 0.0, 0, 0.0, 0, 0, 0.0, 0.0, 0.0, 0, 0, 0, 0], "deviation": [0.0, 0.0, 0.0, 0.0, 0.0, 0.0, 0.0, 0.0, 0.0, 0.0, 0.0, 0.0, 0.0, 0.0]}, "E": {"data": [0.0, 0, 0.0, 0, 0.0, 0, 0, 0.0, 0.0, 0.0, 0, 0, 0, 0], "deviation": [0.0, 0.0, 0.0, 0.0, 0.0, 0.0, 0.0, 0.0, 0.0, 0.0, 0.0, 0.0, 0.0, 0.0]}, "NS7a": {"data": [0.0, 0, 0.0, 0, 0.0, 0, 0, 0.0, 0.0, 0.0, 0, 0, 0, 0], "deviation": [0.0, 0.0, 0.0, 0.0, 0.0, 0.0, 0.0, 0.0, 0.0, 0.0, 0.0, 0.0, 0.0, 0.0]}, "NSP5": {"data": [0.0, 0, 0.0, 0, 0.0, 0, 0, 0.0, 0.0, 0.0, 0, 0, 0, 0], "deviation": [0.0, 0.0, 0.0, 0.0, 0.0, 0.0, 0.0, 0.0, 0.0, 0.0, 0.0, 0.0, 0.0, 0.0]}, "NS7b": {"data": [0.0, 0, 0.0, 0, 0.0, 0, 0, 0.0, 0.0, 0.0, 0, 0, 0, 0], "deviation": [0.0, 0.0, 0.0, 0.0, 0.0, 0.0, 0.0, 0.0, 0.0, 0.0, 0.0, 0.0, 0.0, 0.0]}, "NSP6": {"data": [0.0, 0, 0.0, 0, 0.0, 0, 0, 1.5, 0.0, 0.0, 0, 0, 0, 0], "deviation": [0.0, 0.0, 0.0, 0.0, 1.231174022502185, 1.3397282541141675, 1.1383903894630696, 1.535298947157477, 0.8629920305282343, 0.0, 0.0, 0.0, 0.0, 0.0]}, "NSP7": {"data": [0.0, 0, 0.0, 0, 0.0, 0, 0, 0.0, 0.0, 0.0, 0, 0, 0, 0], "deviation": [0.0, 0.0, 0.0, 0.0, 0.0, 0.0, 0.0, 0.0, 0.0, 0.0, 0.0, 0.0, 0.0, 0.0]}, "NSP8": {"data": [0.0, 0, 0.0, 0, 0.0, 0, 0, 0.0, 0.0, 0.0, 0, 0, 0, 0], "deviation": [0.0, 0.0, 0.0, 0.0, 0.0, 0.0, 0.0, 0.0, 0.0, 0.0, 0.0, 0.0, 0.0, 0.0]}, "Spike": {"data": [0.0, 0, 0.0, 0, 0.0, 0, 0, 0.0, 0.0, 0.0, 0, 0, 0, 0], "deviation": [0.0, 0.0, 0.0, 0.0, 1.231174022502185, 1.3397282541141675, 1.2464067100146399, 1.2867960816866657, 1.5365455935221581, 0.0, 0.0, 0.0, 0.0, 0.0]}, "NSP9": {"data": [0.0, 0, 0.0, 0, 0.0, 0, 0, 0.0, 0.0, 0.0, 0, 0, 0, 0], "deviation": [0.0, 0.0, 0.0, 0.0, 0.0, 0.0, 0.0, 0.0, 0.0, 0.0, 0.0, 0.0, 0.0, 0.0]}, "NSP10": {"data": [0.0, 0, 0.0, 0, 0.0, 0, 0, 0.0, 0.0, 0.0, 0, 0, 0, 0], "deviation": [0.0, 0.0, 0.0, 0.0, 0.0, 0.0, 0.0, 0.0, 0.0, 0.0, 0.0, 0.0, 0.0, 0.0]}, "NSP11": {"data": [0.0, 0, 0.0, 0, 0.0, 0, 0, 0.0, 0.0, 0.0, 0, 0, 0, 0], "deviation": [0.0, 0.0, 0.0, 0.0, 0.0, 0.0, 0.0, 0.0, 0.0, 0.0, 0.0, 0.0, 0.0, 0.0]}, "NSP12": {"data": [0.0, 0, 0.0, 0, 0.0, 0, 0, 0.0, 0.0, 0.0, 0, 0, 0, 0], "deviation": [0.0, 0.0, 0.0, 0.0, 0.0, 0.0, 0.0, 0.0, 0.0, 0.0, 0.0, 0.5882352941176471, 0.0, 0.0]}, "M": {"data": [0.0, 0, 0.0, 0, 0.0, 0, 0, 0.0, 0.0, 0.0, 0, 0, 0, 0], "deviation": [0.0, 0.0, 0.0, 0.0, 0.0, 0.0, 0.0, 0.0, 0.0, 0.0, 0.0, 0.0, 0.0, 0.0]}, "NSP13": {"data": [0.0, 0, 0.0, 0, 0.0, 0, 0, 0.0, 0.0, 0.0, 0, 0, 0, 0], "deviation": [0.0, 0.0, 0.0, 0.0, 0.0, 0.0, 0.0, 0.0, 0.0, 0.0, 0.0, 0.0, 0.0, 0.0]}, "N": {"data": [0.0, 0, 0.0, 0, 0.0, 0, 0, 0.0, 0.0, 0.0, 0, 0, 0, 0], "deviation": [0.0, 0.0, 0.0, 0.0, 0.0, 0.0, 0.0, 0.0, 0.0, 0.0, 0.0, 0.0, 0.0, 0.0]}, "NSP14": {"data": [0.0, 0, 0.0, 0, 0.0, 0, 0, 0.0, 0.0, 0.0, 0, 0, 0, 0], "deviation": [0.0, 0.0, 0.0, 0.0, 0.0, 0.0, 0.0, 0.0, 0.0, 0.0, 0.18561729852738684, 0.20306191350203903, 0.0, 0.0]}, "NS3": {"data": [0.0, 0, 0.0, 0, 0.0, 0, 0, 0.0, 0.0, 0.0, 0, 0, 0, 0], "deviation": [0.0, 0.0, 0.0, 0.0, 0.0, 0.0, 0.0, 0.0, 0.0, 0.0, 0.0, 0.0, 0.0, 0.0]}, "NSP15": {"data": [0.0, 0, 0.0, 0, 0.0, 0, 0, 0.0, 0.0, 0.0, 0, 0, 0, 0], "deviation": [0.0, 0.0, 0.0, 0.0, 0.0, 0.0, 3.9404164399756163, 0.0, 0.0, 0.0, 0.0, 0.0, 0.0, 0.0]}, "NSP16": {"data": [0.0, 0, 0.0, 0, 0.0, 0, 0, 0.0, 0.0, 0.0, 0, 0, 0, 0], "deviation": [0.0, 0.0, 0.0, 0.0, 0.0, 0.0, 0.0, 0.0, 0.0, 0.0, 0.0, 0.0, 0.0, 0.0]}, "NS9b": {"data": [0.0, 0, 0.0, 0, 0.0, 0, 0, 0.0, 0.0, 0.0, 0, 0, 0, 0], "deviation": [0.0, 0.0, 0.0, 0.0, 0.0, 0.0, 0.0, 0.0, 0.0, 0.0, 0.0, 0.0, 0.0, 0.0]}, "NS6": {"data": [0.0, 0, 0.0, 0, 0.0, 0, 0, 0.0, 0.0, 0.0, 0, 0, 0, 0], "deviation": [0.0, 0.0, 0.0, 0.0, 0.0, 0.0, 0.0, 0.0, 0.0, 0.0, 0.0, 0.0, 0.0, 0.0]}, "NS9c": {"data": [0.0, 0, 0.0, 0, 0.0, 0, 0, 0.0, 0.0, 0.0, 0, 0, 0, 0], "deviation": [0.0, 0.0, 0.0, 0.0, 0.0, 0.0, 0.0, 0.0, 0.0, 0.0, 0.0, 0.0, 0.0, 0.0]}, "NSP1": {"data": [0.0, 0, 0.0, 0, 0.0, 0, 0, 0.0, 0.0, 0.0, 0, 0, 0, 0], "deviation": [0.0, 0.0, 0.0, 0.0, 0.0, 0.0, 0.0, 0.0, 0.0, 0.0, 0.0, 0.0, 0.0, 0.0]}, "NSP2": {"data": [0.0, 0, 0.0, 0, 0.0, 0, 0, 0.0, 0.0, 0.0, 0, 0, 0, 0], "deviation": [0.0, 0.0, 0.0, 0.0, 0.0, 0.0, 0.0, 0.0, 0.0, 0.0, 0.0, 0.0, 0.0, 0.0]}, "NS8": {"data": [0.0, 0, 0.0, 0, 0.0, 0, 0, 0.0, 0.0, 0.0, 0, 0, 0, 0], "deviation": [0.0, 0.0, 0.0, 0.0, 0.0, 0.0, 0.0, 0.0, 0.0, 0.0, 0.0, 0.0, 0.0, 0.0]}, "NSP3": {"data": [0.0, 0, 0.0, 0, 0.0, 0, 0, 0.0, 0.0, 0.0, 0, 0, 0, 0], "deviation": [0.0, 0.0, 0.0, 0.0, 0.0, 0.0, 0.0, 0.0, 0.0, 0.0, 0.0, 0.0, 0.0, 0.0]}}, "missense": {"NSP4": {"data": [0.0, 0, 0.0, 0, 0.0, 0, 0, 0.0, 0.0, 0.0, 0, 1, 2, 2], "deviation": [0.0, 0.0, 0.0, 0.2773500981126146, 0.0, 0.32025630761017426, 0.1458479422322764, 0.9625003513801573, 0.5037323235074892, 0.408248290463863, 0.38275135458908033, 0.9722208491229937, 0.7107449317320733, 0.3018420418877855]}, "E": {"data": [0.0, 0, 0.0, 0, 0.0, 0, 1, 1.0, 1.0, 1.0, 1, 0, 0, 0], "deviation": [0.0, 0.0, 0.0, 0.0, 0.5712405705774793, 0.4803844614152614, 0.4237017130659008, 0.21320071635561044, 0.24652091345879923, 0.408248290463863, 0.3241018617760822, 0.494296575135511, 0.322541312174585, 0.07018624063435965]}, "NS7a": {"data": [0.0, 0, 0.0, 0, 0.0, 0, 0, 0.0, 0.0, 0.0, 0, 0, 0, 0], "deviation": [0.0, 0.0, 0.0, 0.0, 0.0, 0.0, 0.22677279367959727, 0.9625003513801573, 0.1590849625452554, 0.0, 0.18561729852738684, 1.1110810741806996, 0.9045014044010388, 0.948819529076146]}, "NSP5": {"data": [0.0, 0, 0.0, 0, 0.0, 0, 1, 1.0, 1.0, 0.0, 1, 1, 0, 0], "deviation": [0.0, 0.0, 0.2672612419124244, 0.0, 0.41039134083406165, 0.4653216269680752, 0.41562515927789784, 0.3750901767477265, 0.4281549758167985, 0.408248290463863, 0.4970501217477084, 0.5533139127510073, 0.4351784410944452, 0.4781730501939804]}, "NS7b": {"data": [0.0, 0, 0.0, 0, 0.0, 0, 0, 0.0, 0.0, 0.0, 0, 0, 1, 1], "deviation": [0.0, 0.0, 0.0, 0.0, 0.0, 0.0, 0.1458479422322764, 0.21320071635561044, 0.11322770341445958, 0.0, 0.152477210493529, 0.5008403165516762, 0.41245314416674667, 0.2987561395884834]}, "NSP6": {"data": [0.0, 0, 0.0, 0, 0.0, 0, 0, 0.0, 0.0, 0.0, 0, 1, 1, 2], "deviation": [0.0, 0.0, 0.0, 0.3755338080994054, 0.0, 0.2668802563418119, 0.649378456384752, 0.0, 0.19355241528469094, 0.408248290463863, 0.3620668957178907, 0.6356503177163668, 0.6954042297699274, 0.5595320680709256]}, "NSP7": {"data": [0.0, 0, 0.0, 0, 0.0, 0, 0, 0.0, 0.0, 0.0, 0, 0, 0, 0], "deviation": [0.0, 0.0, 0.0, 0.0, 0.0, 0.19245008972987526, 0.0, 0.29424494316824984, 0.0, 0.0, 0.0, 0.058823529411764705, 0.0, 0.07018624063435965]}, "NSP8": {"data": [0.0, 0, 0.0, 1, 0.0, 1, 0, 0.0, 0.0, 0.0, 0, 0, 0, 0], "deviation": [0.0, 0.0, 0.49724515809884684, 0.5188745216627708, 0.5026246899500346, 0.5773502691896258, 0.2470016552005457, 0.0, 0.0, 0.0, 0.1084652289093281, 0.1540027262000491, 0.0, 0.09901233962757897]}, "Spike": {"data": [0.5, 1, 1.0, 1, 1.0, 1, 6, 7.0, 7.0, 7.0, 5, 6, 5, 6], "deviation": [0.7071067811865476, 0.8944271909999159, 0.4258153136263201, 0.5547001962252291, 2.458069417888334, 2.70801280154532, 2.982769593180607, 7.092462922217522, 2.627247780935575, 1.0954451150103321, 2.5987499688427556, 1.6727541652917686, 1.6231630830126906, 0.9219134456699966]}, "NSP9": {"data": [0.0, 0, 0.0, 0, 0.0, 0, 0, 0.0, 0.0, 0.0, 0, 0, 0, 0], "deviation": [0.0, 0.0, 0.0, 0.0, 0.0, 0.0, 0.10369516947304253, 0.0, 0.1590849625452554, 0.0, 0.1084652289093281, 0.1306167901419042, 0.13322025842794805, 0.09901233962757897]}, "NSP10": {"data": [0.0, 0, 0.0, 0, 0.0, 0, 0, 0.0, 0.0, 0.0, 0, 0, 0, 0], "deviation": [0.0, 0.0, 0.0, 0.0, 0.0, 0.0, 0.20398095044388956, 0.0, 0.2518661617537446, 0.0, 0.2130214807490179, 0.1643436726886295, 0.10910500922184507, 0.2903947702136338]}, "NSP11": {"data": [0.0, 0, 0.0, 0, 0.0, 0, 0, 0.0, 0.0, 0.0, 0, 0, 0, 0], "deviation": [0.0, 0.0, 0.0, 0.0, 0.0, 0.0, 0.0, 0.0, 0.0, 0.0, 0.0, 0.0, 0.0, 0.0]}, "NSP12": {"data": [0.5, 1, 1.0, 1, 1.0, 1, 1, 1.0, 1.0, 1.0, 1, 2, 2, 2],