{"indel": {"NSP4": {"data": [0, 0.0, 0.0, 0.0, 0.0, 0], "deviation": [0.0, 0.0, 0.0, 0.0, 0.0, 0.0]}, "E": {"data": [0, 0.0, 0.0, 0.0, 0.0, 0], "deviation": [0.0, 0.0, 0.0, 0.0, 0.0, 0.0]}, "NS7a": {"data": [0, 0.0, 0.0, 0.0, 0.0, 0], "deviation": [0.0, 0.0, 0.0, 0.0, 0.0, 0.0]}, "NSP5": {"data": [0, 0.0, 0.0, 0.0, 0.0, 0], "deviation": [0.0, 0.0, 0.0, 0.0, 0.0, 0.0]}, "NS7b": {"data": [0, 0.0, 0.0, 0.0, 0.0, 0], "deviation": [0.0, 0.0, 0.0, 0.0, 0.0, 0.0]}, "NSP6": {"data": [0, 0.0, 1.5, 1.5, 0.0, 0], "deviation": [0.0, 0.0, 2.1213203435596424, 2.1213203435596424, 0.0, 0.0]}, "NSP7": {"data": [0, 0.0, 0.0, 0.0, 0.0, 0], "deviation": [0.0, 0.0, 0.0, 0.0, 0.0, 0.0]}, "NSP8": {"data": [0, 0.0, 0.0, 0.0, 0.0, 0], "deviation": [0.0, 0.0, 0.0, 0.0, 0.0, 0.0]}, "Spike": {"data": [0, 1.0, 1.0, 1.5, 0.5, 1], "deviation": [1.3416407864998738, 1.4142135623730951, 1.4142135623730951, 2.1213203435596424, 0.7071067811865476, 0.2182178902359924]}, "NSP9": {"data": [0, 0.0, 0.0, 0.0, 0.0, 0], "deviation": [0.0, 0.0, 0.0, 0.0, 0.0, 0.0]}, "NSP10": {"data": [0, 0.0, 0.0, 0.0, 0.0, 0], "deviation": [0.0, 0.0, 0.0, 0.0, 0.0, 0.0]}, "NSP11": {"data": [0, 0.0, 0.0, 0.0, 0.0, 0], "deviation": [0.0, 0.0, 0.0, 0.0, 0.0, 0.0]}, "NSP12": {"data": [0, 0.0, 0.0, 0.0, 0.0, 0], "deviation": [0.0, 0.0, 0.0, 0.0, 0.0, 0.0]}, "M": {"data": [0, 0.0, 0.0, 0.0, 0.0, 0], "deviation": [0.0, 0.0, 0.0, 0.0, 0.0, 0.0]}, "NSP13": {"data": [0, 0.0, 0.0, 0.0, 0.0, 0], "deviation": [0.0, 0.0, 0.0, 0.0, 0.0, 0.0]}, "N": {"data": [0, 0.0, 0.0, 0.0, 0.0, 0], "deviation": [0.0, 0.0, 0.0, 0.0, 0.0, 0.0]}, "NSP14": {"data": [0, 0.0, 0.0, 0.0, 0.0, 0], "deviation": [0.0, 0.0, 0.0, 0.0, 0.0, 0.0]}, "NS3": {"data": [0, 0.0, 0.0, 0.0, 0.0, 0], "deviation": [0.0, 0.0, 0.0, 0.0, 0.0, 0.0]}, "NSP15": {"data": [0, 0.0, 0.0, 0.0, 0.0, 0], "deviation": [0.0, 0.0, 0.0, 0.0, 0.0, 0.0]}, "NSP16": {"data": [0, 0.0, 0.0, 0.0, 0.0, 0], "deviation": [0.0, 0.0, 0.0, 0.0, 0.0, 0.0]}, "NS9b": {"data": [0, 0.0, 0.0, 0.0, 0.0, 0], "deviation": [0.0, 0.0, 0.0, 0.0, 0.0, 0.0]}, "NS6": {"data": [0, 0.0, 0.0, 0.0, 0.0, 0], "deviation": [0.0, 0.0, 0.0, 0.0, 0.0, 0.0]}, "NS9c": {"data": [0, 0.0, 0.0, 0.0, 0.0, 0], "deviation": [0.0, 0.0, 0.0, 0.0, 0.0, 0.0]}, "NSP1": {"data": [0, 0.0, 0.0, 0.0, 0.0, 0], "deviation": [0.0, 0.0, 0.0, 0.0, 0.0, 0.0]}, "NSP2": {"data": [0, 0.0, 0.0, 0.0, 0.0, 0], "deviation": [0.0, 0.0, 0.0, 0.0, 0.0, 0.0]}, "NS8": {"data": [0, 0.0, 0.0, 0.0, 0.0, 0], "deviation": [0.0, 0.0, 0.0, 0.0, 0.0, 0.0]}, "NSP3": {"data": [0, 0.0, 0.0, 0.0, 0.0, 0], "deviation": [0.0, 0.0, 0.0, 0.0, 0.0, 0.0]}}, "missense": {"NSP4": {"data": [0, 0.5, 0.5, 0.0, 1.0, 2], "deviation": [0.447213595499958, 0.7071067811865476, 0.7071067811865476, 0.0, 1.4142135623730951, 0.2182178902359924]}, "E": {"data": [0, 0.0, 0.0, 0.0, 0.0, 0], "deviation": [0.0, 0.0, 0.0, 0.0, 0.0, 0.21821789023599236]}, "NS7a": {"data": [0, 0.0, 0.0, 0.0, 0.0, 0], "deviation": [0.0, 0.0, 0.0, 0.0, 0.0, 0.0]}, "NSP5": {"data": [0, 0.0, 0.5, 0.0, 0.0, 0], "deviation": [0.5477225575051661, 0.0, 0.7071067811865476, 0.0, 0.0, 0.0]}, "NS7b": {"data": [0, 0.0, 0.0, 0.0, 0.0, 0], "deviation": [0.0, 0.0, 0.0, 0.0, 0.0, 0.0]}, "NSP6": {"data": [0, 0.0, 0.0, 0.0, 1.0, 2], "deviation": [1.3038404810405297, 0.0, 0.0, 0.0, 1.4142135623730951, 0.2182178902359924]}, "NSP7": {"data": [0, 0.0, 0.0, 0.0, 0.0, 0], "deviation": [0.0, 0.0, 0.0, 0.0, 0.0, 0.0]}, "NSP8": {"data": [0, 0.5, 0.5, 1.0, 0.0, 0], "deviation": [0.5477225575051661, 0.7071067811865476, 0.7071067811865476, 1.4142135623730951, 0.0, 0.0]}, "Spike": {"data": [1, 2.5, 2.5, 1.5, 4.5, 9], "deviation": [0.8366600265340756, 0.7071067811865476, 2.1213203435596424, 2.1213203435596424, 6.363961030678928, 0.8135752957807666]}, "NSP9": {"data": [0, 0.5, 0.0, 0.0, 0.0, 0], "deviation": [0.447213595499958, 0.7071067811865476, 0.0, 0.0, 0.0, 0.0]}, "NSP10": {"data": [0, 0.0, 0.0, 0.0, 0.0, 0], "deviation": [0.0, 0.0, 0.0, 0.0, 0.0, 0.21821789023599236]}, "NSP11": {"data": [0, 0.0, 0.0, 0.0, 0.0, 0], "deviation": [0.0, 0.0, 0.0, 0.0, 0.0, 0.0]}, "NSP12": {"data": [1, 1.5, 1.0, 0.5, 0.5, 1], "deviation": [0.0, 0.7071067811865476, 0.0, 0.7071067811865476, 0.7071067811865476, 0.0]}, "M": {"data": [0, 0.0, 0.0, 0.0, 0.0, 0], "deviation": [0.0, 0.0, 0.0, 0.0, 0.0, 0.21821789023599236]}, "NSP13": {"data": [1, 0.5, 1.5, 0.5, 1.0, 2], "deviation": [0.8366600265340756, 0.7071067811865476, 0.7071067811865476, 0.7071067811865476, 1.4142135623730951, 0.5477225575051661]}, "N": {"data": [1, 1.0, 1.5, 2.0, 0.5, 1], "deviation": [1.7888543819998317, 0.0, 0.7071067811865476, 2.8284271247461903, 0.7071067811865476, 0.4364357804719848]}, "NSP14": {"data": [0, 0.0, 0.0, 0.0, 0.5, 1], "deviation": [0.447213595499958, 0.0, 0.0, 0.0, 0.7071067811865476, 0.0]}, "NS3": {"data": [2, 2.5, 2.5, 0.0, 2.0, 4], "deviation": [1.3038404810405297, 0.7071067811865476, 0.7071067811865476, 0.0, 2.8284271247461903, 0.6546536707079771]}, "NSP15": {"data": [0, 0.5, 0.0, 0.5, 0.5, 1], "deviation": [0.0, 0.7071067811865476, 0.0, 0.7071067811865476, 0.7071067811865476, 0.4023739080814782]}, "NSP16": {"data": [0, 0.0, 0.5, 0.0, 0.0, 0], "deviation": [0.0, 0.0, 0.7071067811865476, 0.0, 0.0, 0.0]}, "NS9b": {"data": [0, 0.0, 0.0, 0.0, 0.0, 0], "deviation": [0.0, 0.0, 0.0, 0.0, 0.0, 0.0]}, "NS6": {"data": [0, 0.0, 0.0, 0.0, 0.0, 0], "deviation": [0.0, 0.0, 0.0, 0.0, 0.0, 0.0]}, "NS9c": {"data": [0, 0.0, 0.0, 0.0, 0.0, 0], "deviation": [0.0, 0.0, 0.0, 0.0, 0.0, 0.0]}, "NSP1": {"data": [0, 0.0, 0.0, 0.0, 0.0, 0], "deviation": [0.0, 0.0, 0.0, 0.0, 0.0, 0.0]}, "NSP2": {"data": [1, 1.5, 1.5, 0.5, 0.0, 0], "deviation": [0.8366600265340756, 0.7071067811865476, 0.7071067811865476, 0.7071067811865476, 0.0, 0.4364357804719847]}, "NS8": {"data": [0, 0.0, 0.5, 1.5, 1.5, 3], "deviation": [0.447213595499958, 0.0, 0.7071067811865476, 2.1213203435596424, 2.1213203435596424, 0.9023778112773575]}, "NSP3": {"data": [0, 0.0, 0.5, 0.5, 2.5, 4], "deviation": [0.447213595499958, 0.0, 0.7071067811865476, 0.7071067811865476, 3.5355339059327378, 0.6015852075182383]}}, "labels": ["w01/2021", "w02/2021", "w03/2021", "w04/2021", "w16/2021", "w26/2021"]}