{"indel": {"NSP4": {"data": [0.0, 0.0, 0, 0.0], "deviation": [0.0, 0.0, 0.0, 0.0]}, "E": {"data": [0.0, 0.0, 0, 0.0], "deviation": [0.0, 0.0, 0.0, 0.0]}, "NS7a": {"data": [0.0, 0.0, 0, 0.0], "deviation": [0.0, 0.0, 0.0, 0.0]}, "NSP5": {"data": [0.0, 0.0, 0, 0.0], "deviation": [0.0, 0.0, 0.0, 0.0]}, "NS7b": {"data": [0.0, 0.0, 0, 0.0], "deviation": [0.0, 0.0, 0.0, 0.0]}, "NSP6": {"data": [0.0, 0.0, 0, 0.0], "deviation": [1.2649110640673518, 0.0, 0.0, 0.0]}, "NSP7": {"data": [0.0, 0.0, 0, 0.0], "deviation": [0.0, 0.0, 0.0, 0.0]}, "NSP8": {"data": [0.0, 0.0, 0, 0.0], "deviation": [0.0, 0.0, 0.0, 0.0]}, "Spike": {"data": [0.0, 0.5, 1, 1.0], "deviation": [1.3333333333333333, 0.7071067811865476, 0.0, 0.23570226039551584]}, "NSP9": {"data": [0.0, 0.0, 0, 0.0], "deviation": [0.0, 0.0, 0.0, 0.0]}, "NSP10": {"data": [0.0, 0.0, 0, 0.0], "deviation": [0.0, 0.0, 0.0, 0.0]}, "NSP11": {"data": [0.0, 0.0, 0, 0.0], "deviation": [0.0, 0.0, 0.0, 0.0]}, "NSP12": {"data": [0.0, 0.0, 0, 0.0], "deviation": [0.0, 0.0, 0.0, 0.0]}, "M": {"data": [0.0, 0.0, 0, 0.0], "deviation": [0.0, 0.0, 0.0, 0.0]}, "NSP13": {"data": [0.0, 0.0, 0, 0.0], "deviation": [0.0, 0.0, 0.0, 0.0]}, "N": {"data": [0.0, 0.0, 0, 0.0], "deviation": [0.0, 0.0, 0.0, 0.0]}, "NSP14": {"data": [0.0, 0.0, 0, 0.0], "deviation": [0.0, 0.0, 0.0, 0.0]}, "NS3": {"data": [0.0, 0.0, 0, 0.0], "deviation": [0.0, 0.0, 0.0, 0.0]}, "NSP15": {"data": [0.0, 0.0, 0, 0.0], "deviation": [0.0, 0.0, 0.0, 0.0]}, "NSP16": {"data": [0.0, 0.0, 0, 0.0], "deviation": [0.0, 0.0, 0.0, 0.0]}, "NS9b": {"data": [0.0, 0.0, 0, 0.0], "deviation": [0.0, 0.0, 0.0, 0.0]}, "NS6": {"data": [0.0, 0.0, 0, 0.0], "deviation": [0.0, 0.0, 0.0, 0.0]}, "NS9c": {"data": [0.0, 0.0, 0, 0.0], "deviation": [0.0, 0.0, 0.0, 0.0]}, "NSP1": {"data": [0.0, 0.0, 0, 0.0], "deviation": [0.0, 0.0, 0.0, 0.0]}, "NSP2": {"data": [0.0, 0.0, 0, 0.0], "deviation": [0.0, 0.0, 0.0, 0.0]}, "NS8": {"data": [0.0, 0.0, 0, 0.0], "deviation": [0.0, 0.0, 0.0, 0.0]}, "NSP3": {"data": [0.0, 0.0, 0, 0.0], "deviation": [0.0, 0.0, 0.0, 0.0]}}, "missense": {"NSP4": {"data": [0.0, 1.0, 2, 2.0], "deviation": [0.48304589153964794, 1.4142135623730951, 0.0, 0.23570226039551584]}, "E": {"data": [0.0, 0.0, 0, 0.0], "deviation": [0.0, 0.0, 0.0, 0.23570226039551584]}, "NS7a": {"data": [0.0, 0.0, 0, 0.0], "deviation": [0.0, 0.0, 0.0, 0.0]}, "NSP5": {"data": [0.0, 0.0, 0, 0.0], "deviation": [0.48304589153964794, 0.0, 0.0, 0.0]}, "NS7b": {"data": [0.0, 0.0, 0, 0.0], "deviation": [0.0, 0.0, 0.0, 0.0]}, "NSP6": {"data": [0.0, 1.0, 2, 2.0], "deviation": [0.966091783079296, 1.4142135623730951, 0.0, 0.23570226039551584]}, "NSP7": {"data": [0.0, 0.0, 0, 0.0], "deviation": [0.0, 0.0, 0.0, 0.0]}, "NSP8": {"data": [0.5, 0.0, 0, 0.0], "deviation": [0.699205898780101, 0.0, 0.0, 0.0]}, "Spike": {"data": [2.0, 4.5, 9, 9.0], "deviation": [1.1972189997378648, 6.363961030678928, 0.5773502691896257, 0.8574929257125442]}, "NSP9": {"data": [0.0, 0.0, 0, 0.0], "deviation": [0.42163702135578396, 0.0, 0.0, 0.0]}, "NSP10": {"data": [0.0, 0.0, 0, 0.0], "deviation": [0.0, 0.0, 0.0, 0.23570226039551584]}, "NSP11": {"data": [0.0, 0.0, 0, 0.0], "deviation": [0.0, 0.0, 0.0, 0.0]}, "NSP12": {"data": [1.0, 0.5, 1, 1.0], "deviation": [0.31622776601683794, 0.7071067811865476, 0.0, 0.0]}, "M": {"data": [0.0, 0.0, 0, 0.0], "deviation": [0.0, 0.0, 0.0, 0.23570226039551584]}, "NSP13": {"data": [1.0, 1.0, 2, 2.0], "deviation": [0.7378647873726218, 1.4142135623730951, 0.0, 0.5940885257860046]}, "N": {"data": [1.0, 0.5, 1, 1.0], "deviation": [1.4907119849998598, 0.7071067811865476, 0.0, 0.4714045207910317]}, "NSP14": {"data": [0.0, 0.5, 1, 1.0], "deviation": [0.31622776601683794, 0.7071067811865476, 0.0, 0.0]}, "NS3": {"data": [2.0, 2.0, 4, 4.0], "deviation": [1.1972189997378648, 2.8284271247461903, 0.0, 0.7071067811865476]}, "NSP15": {"data": [0.0, 0.5, 1, 1.0], "deviation": [0.42163702135578396, 0.7071067811865476, 0.5773502691896257, 0.3834824944236852]}, "NSP16": {"data": [0.0, 0.0, 0, 0.0], "deviation": [0.31622776601683794, 0.0, 0.0, 0.0]}, "NS9b": {"data": [0.0, 0.0, 0, 0.0], "deviation": [0.0, 0.0, 0.0, 0.0]}, "NS6": {"data": [0.0, 0.0, 0, 0.0], "deviation": [0.0, 0.0, 0.0, 0.0]}, "NS9c": {"data": [0.0, 0.0, 0, 0.0], "deviation": [0.0, 0.0, 0.0, 0.0]}, "NSP1": {"data": [0.0, 0.0, 0, 0.0], "deviation": [0.0, 0.0, 0.0, 0.0]}, "NSP2": {"data": [1.0, 0.0, 0, 0.0], "deviation": [0.7378647873726218, 0.0, 0.0, 0.4714045207910317]}, "NS8": {"data": [0.0, 1.5, 3, 3.0], "deviation": [0.97182531580755, 2.1213203435596424, 0.0, 0.970142500145332]}, "NSP3": {"data": [0.0, 2.5, 3, 4.0], "deviation": [0.48304589153964794, 3.5355339059327378, 0.5773502691896257, 0.6156987634551992]}}, "labels": ["01/2021", "04/2021", "06/2021", "07/2021"]}