{"indel": {"NSP4": {"data": [0, 0.0, 0, 0.0, 0], "deviation": [0.0, 0.0, 0.0, 0.0, 0.0]}, "E": {"data": [0, 0.0, 0, 0.0, 0], "deviation": [0.0, 0.0, 0.0, 0.0, 0.0]}, "NS7a": {"data": [0, 0.0, 0, 0.0, 0], "deviation": [0.0, 0.0, 0.0, 0.0, 0.0]}, "NSP5": {"data": [0, 0.0, 0, 0.0, 0], "deviation": [0.0, 0.0, 0.0, 0.0, 0.0]}, "NS7b": {"data": [0, 0.0, 0, 0.0, 0], "deviation": [0.0, 0.0, 0.0, 0.0, 0.0]}, "NSP6": {"data": [0, 1.5, 0, 0.0, 0], "deviation": [0.0, 2.1213203435596424, 0.0, 0.0, 0.0]}, "NSP7": {"data": [0, 0.0, 0, 0.0, 0], "deviation": [0.0, 0.0, 0.0, 0.0, 0.0]}, "NSP8": {"data": [0, 0.0, 0, 0.0, 0], "deviation": [0.0, 0.0, 0.0, 0.0, 0.0]}, "Spike": {"data": [0, 0.0, 0, 2.0, 2], "deviation": [0.0, 0.0, 1.1547005383792517, 0.0, 0.0]}, "NSP9": {"data": [0, 0.0, 0, 0.0, 0], "deviation": [0.0, 0.0, 0.0, 0.0, 0.0]}, "NSP10": {"data": [0, 0.0, 0, 0.0, 0], "deviation": [0.0, 0.0, 0.0, 0.0, 0.0]}, "NSP11": {"data": [0, 0.0, 0, 0.0, 0], "deviation": [0.0, 0.0, 0.0, 0.0, 0.0]}, "NSP12": {"data": [0, 0.0, 0, 0.0, 0], "deviation": [0.0, 0.0, 0.0, 0.0, 0.0]}, "M": {"data": [0, 0.0, 0, 0.0, 0], "deviation": [0.0, 0.0, 0.0, 0.0, 0.0]}, "NSP13": {"data": [0, 0.0, 0, 0.0, 0], "deviation": [0.0, 0.0, 0.0, 0.0, 0.0]}, "N": {"data": [0, 0.0, 0, 0.0, 0], "deviation": [0.0, 0.0, 0.0, 0.0, 0.0]}, "NSP14": {"data": [0, 0.0, 0, 0.0, 0], "deviation": [0.0, 0.0, 0.0, 0.0, 0.0]}, "NS3": {"data": [0, 0.0, 0, 0.0, 0], "deviation": [0.0, 0.0, 0.0, 0.0, 0.0]}, "NSP15": {"data": [0, 0.0, 0, 0.0, 0], "deviation": [0.0, 0.0, 0.0, 0.0, 0.0]}, "NSP16": {"data": [0, 0.0, 0, 0.0, 0], "deviation": [0.0, 0.0, 0.0, 0.0, 0.0]}, "NS9b": {"data": [0, 0.0, 0, 0.0, 0], "deviation": [0.0, 0.0, 0.0, 0.0, 0.0]}, "NS6": {"data": [0, 0.0, 0, 0.0, 0], "deviation": [0.0, 0.0, 0.0, 0.0, 0.0]}, "NS9c": {"data": [0, 0.0, 0, 0.0, 0], "deviation": [0.0, 0.0, 0.0, 0.0, 0.0]}, "NSP1": {"data": [0, 0.0, 0, 0.0, 0], "deviation": [0.0, 0.0, 0.0, 0.0, 0.0]}, "NSP2": {"data": [0, 0.0, 0, 0.0, 0], "deviation": [0.0, 0.0, 0.0, 0.0, 0.0]}, "NS8": {"data": [0, 0.0, 0, 0.0, 0], "deviation": [0.0, 0.0, 0.0, 0.0, 0.0]}, "NSP3": {"data": [0, 0.0, 0, 0.0, 0], "deviation": [0.0, 0.0, 0.0, 0.0, 0.0]}}, "missense": {"NSP4": {"data": [0, 1.0, 1, 2.0, 2], "deviation": [0.894427190999916, 1.4142135623730951, 1.1547005383792515, 0.3651483716701107, 0.30151134457776363]}, "E": {"data": [0, 0.5, 0, 0.0, 0], "deviation": [0.0, 0.7071067811865476, 0.0, 0.0, 0.0]}, "NS7a": {"data": [0, 0.0, 0, 2.0, 2], "deviation": [0.0, 0.0, 1.1547005383792517, 0.0, 0.0]}, "NSP5": {"data": [0, 0.5, 1, 0.0, 0], "deviation": [0.0, 0.7071067811865476, 0.5773502691896257, 0.25, 0.0]}, "NS7b": {"data": [0, 0.0, 0, 1.0, 0], "deviation": [0.0, 0.0, 0.5773502691896258, 0.4472135954999579, 0.0]}, "NSP6": {"data": [1, 0.0, 0, 1.0, 2], "deviation": [0.4472135954999579, 0.0, 0.5773502691896258, 0.4472135954999579, 0.46709936649691375]}, "NSP7": {"data": [0, 0.0, 0, 0.0, 0], "deviation": [0.0, 0.0, 0.0, 0.0, 0.0]}, "NSP8": {"data": [0, 0.0, 0, 0.0, 0], "deviation": [0.0, 0.0, 0.0, 0.0, 0.0]}, "Spike": {"data": [0, 5.5, 3, 9.0, 10], "deviation": [1.3416407864998738, 3.5355339059327378, 3.4641016151377544, 0.4472135954999579, 0.0]}, "NSP9": {"data": [0, 0.0, 0, 0.0, 0], "deviation": [0.0, 0.0, 0.0, 0.0, 0.0]}, "NSP10": {"data": [0, 0.0, 0, 0.0, 0], "deviation": [0.0, 0.0, 0.0, 0.0, 0.0]}, "NSP11": {"data": [0, 0.0, 0, 0.0, 0], "deviation": [0.0, 0.0, 0.0, 0.0, 0.0]}, "NSP12": {"data": [1, 1.5, 1, 2.0, 2], "deviation": [0.4472135954999579, 0.7071067811865476, 0.5773502691896257, 0.3415650255319866, 0.30151134457776363]}, "M": {"data": [0, 0.0, 0, 1.0, 1], "deviation": [0.0, 0.0, 0.5773502691896258, 0.0, 0.0]}, "NSP13": {"data": [0, 0.0, 0, 1.0, 1], "deviation": [0.0, 0.0, 0.5773502691896258, 0.0, 0.0]}, "N": {"data": [1, 2.0, 2, 4.0, 5], "deviation": [0.8944271909999159, 1.4142135623730951, 1.1547005383792515, 0.6020797289396148, 0.30151134457776363]}, "NSP14": {"data": [0, 0.0, 0, 1.0, 0], "deviation": [0.447213595499958, 0.0, 0.5773502691896258, 0.4031128874149275, 0.0]}, "NS3": {"data": [0, 1.5, 1, 1.0, 2], "deviation": [0.0, 2.1213203435596424, 0.5773502691896257, 0.47871355387816905, 0.0]}, "NSP15": {"data": [0, 0.0, 0, 0.0, 0], "deviation": [0.0, 0.0, 0.0, 0.3415650255319866, 0.0]}, "NSP16": {"data": [0, 0.5, 0, 0.0, 0], "deviation": [0.447213595499958, 0.7071067811865476, 0.0, 0.0, 0.0]}, "NS9b": {"data": [0, 0.0, 0, 0.0, 0], "deviation": [0.0, 0.0, 0.0, 0.0, 0.0]}, "NS6": {"data": [0, 0.0, 0, 0.0, 0], "deviation": [0.0, 0.0, 0.0, 0.0, 0.0]}, "NS9c": {"data": [0, 0.0, 0, 0.0, 0], "deviation": [0.0, 0.0, 0.0, 0.0, 0.0]}, "NSP1": {"data": [0, 0.0, 0, 0.0, 0], "deviation": [0.0, 0.0, 0.0, 0.25, 0.0]}, "NSP2": {"data": [0, 2.0, 0, 1.0, 1], "deviation": [0.894427190999916, 0.0, 0.5773502691896258, 0.4472135954999579, 0.30151134457776363]}, "NS8": {"data": [0, 0.0, 0, 0.0, 0], "deviation": [0.0, 0.0, 0.0, 0.0, 0.0]}, "NSP3": {"data": [1, 1.5, 2, 4.0, 3], "deviation": [0.5477225575051661, 0.7071067811865476, 1.7320508075688772, 1.1672617529928753, 0.30151134457776363]}}, "labels": ["03/2020", "12/2020", "01/2021", "07/2021", "08/2021"]}