{"indel": {"NSP4": {"data": [0, 0.0, 0.0, 0.0, 0.0, 0.0, 0], "deviation": [0.0, 0.0, 0.0, 0.0, 0.0, 0.0, 0.0]}, "E": {"data": [0, 0.0, 0.0, 0.0, 0.0, 0.0, 0], "deviation": [0.0, 0.0, 0.0, 0.0, 0.0, 0.0, 0.0]}, "NS7a": {"data": [0, 0.0, 0.0, 0.0, 0.0, 0.0, 0], "deviation": [0.0, 0.0, 0.0, 0.0, 0.0, 0.0, 0.0]}, "NSP5": {"data": [0, 0.0, 0.0, 0.0, 0.0, 0.0, 0], "deviation": [0.0, 0.0, 0.0, 0.0, 0.0, 0.0, 0.0]}, "NS7b": {"data": [0, 0.0, 0.0, 0.0, 0.0, 0.0, 0], "deviation": [0.0, 0.0, 0.0, 0.0, 0.0, 0.0, 0.0]}, "NSP6": {"data": [0, 0.0, 1.5, 0.0, 0.0, 0.0, 0], "deviation": [0.0, 0.0, 2.1213203435596424, 0.0, 0.0, 0.0, 0.0]}, "NSP7": {"data": [0, 0.0, 0.0, 0.0, 0.0, 0.0, 0], "deviation": [0.0, 0.0, 0.0, 0.0, 0.0, 0.0, 0.0]}, "NSP8": {"data": [0, 0.0, 0.0, 0.0, 0.0, 0.0, 0], "deviation": [0.0, 0.0, 0.0, 0.0, 0.0, 0.0, 0.0]}, "Spike": {"data": [0, 0.0, 0.0, 0.0, 1.0, 2.0, 2], "deviation": [0.0, 0.0, 0.0, 0.0, 1.4142135623730951, 0.0, 0.0]}, "NSP9": {"data": [0, 0.0, 0.0, 0.0, 0.0, 0.0, 0], "deviation": [0.0, 0.0, 0.0, 0.0, 0.0, 0.0, 0.0]}, "NSP10": {"data": [0, 0.0, 0.0, 0.0, 0.0, 0.0, 0], "deviation": [0.0, 0.0, 0.0, 0.0, 0.0, 0.0, 0.0]}, "NSP11": {"data": [0, 0.0, 0.0, 0.0, 0.0, 0.0, 0], "deviation": [0.0, 0.0, 0.0, 0.0, 0.0, 0.0, 0.0]}, "NSP12": {"data": [0, 0.0, 0.0, 0.0, 0.0, 0.0, 0], "deviation": [0.0, 0.0, 0.0, 0.0, 0.0, 0.0, 0.0]}, "M": {"data": [0, 0.0, 0.0, 0.0, 0.0, 0.0, 0], "deviation": [0.0, 0.0, 0.0, 0.0, 0.0, 0.0, 0.0]}, "NSP13": {"data": [0, 0.0, 0.0, 0.0, 0.0, 0.0, 0], "deviation": [0.0, 0.0, 0.0, 0.0, 0.0, 0.0, 0.0]}, "N": {"data": [0, 0.0, 0.0, 0.0, 0.0, 0.0, 0], "deviation": [0.0, 0.0, 0.0, 0.0, 0.0, 0.0, 0.0]}, "NSP14": {"data": [0, 0.0, 0.0, 0.0, 0.0, 0.0, 0], "deviation": [0.0, 0.0, 0.0, 0.0, 0.0, 0.0, 0.0]}, "NS3": {"data": [0, 0.0, 0.0, 0.0, 0.0, 0.0, 0], "deviation": [0.0, 0.0, 0.0, 0.0, 0.0, 0.0, 0.0]}, "NSP15": {"data": [0, 0.0, 0.0, 0.0, 0.0, 0.0, 0], "deviation": [0.0, 0.0, 0.0, 0.0, 0.0, 0.0, 0.0]}, "NSP16": {"data": [0, 0.0, 0.0, 0.0, 0.0, 0.0, 0], "deviation": [0.0, 0.0, 0.0, 0.0, 0.0, 0.0, 0.0]}, "NS9b": {"data": [0, 0.0, 0.0, 0.0, 0.0, 0.0, 0], "deviation": [0.0, 0.0, 0.0, 0.0, 0.0, 0.0, 0.0]}, "NS6": {"data": [0, 0.0, 0.0, 0.0, 0.0, 0.0, 0], "deviation": [0.0, 0.0, 0.0, 0.0, 0.0, 0.0, 0.0]}, "NS9c": {"data": [0, 0.0, 0.0, 0.0, 0.0, 0.0, 0], "deviation": [0.0, 0.0, 0.0, 0.0, 0.0, 0.0, 0.0]}, "NSP1": {"data": [0, 0.0, 0.0, 0.0, 0.0, 0.0, 0], "deviation": [0.0, 0.0, 0.0, 0.0, 0.0, 0.0, 0.0]}, "NSP2": {"data": [0, 0.0, 0.0, 0.0, 0.0, 0.0, 0], "deviation": [0.0, 0.0, 0.0, 0.0, 0.0, 0.0, 0.0]}, "NS8": {"data": [0, 0.0, 0.0, 0.0, 0.0, 0.0, 0], "deviation": [0.0, 0.0, 0.0, 0.0, 0.0, 0.0, 0.0]}, "NSP3": {"data": [0, 0.0, 0.0, 0.0, 0.0, 0.0, 0], "deviation": [0.0, 0.0, 0.0, 0.0, 0.0, 0.0, 0.0]}}, "missense": {"NSP4": {"data": [0, 1.0, 1.0, 0.5, 2.0, 2.0, 2], "deviation": [0.0, 1.4142135623730951, 1.4142135623730951, 0.7071067811865476, 1.4142135623730951, 0.3651483716701107, 0.30151134457776363]}, "E": {"data": [0, 0.0, 0.5, 0.0, 0.0, 0.0, 0], "deviation": [0.0, 0.0, 0.7071067811865476, 0.0, 0.0, 0.0, 0.0]}, "NS7a": {"data": [0, 0.0, 0.0, 0.0, 1.0, 2.0, 2], "deviation": [0.0, 0.0, 0.0, 0.0, 1.4142135623730951, 0.0, 0.0]}, "NSP5": {"data": [0, 0.0, 0.5, 0.5, 0.5, 0.0, 0], "deviation": [0.0, 0.0, 0.7071067811865476, 0.7071067811865476, 0.7071067811865476, 0.25, 0.0]}, "NS7b": {"data": [0, 0.0, 0.0, 0.0, 0.5, 1.0, 0], "deviation": [0.0, 0.0, 0.0, 0.0, 0.7071067811865476, 0.4472135954999579, 0.0]}, "NSP6": {"data": [1, 0.5, 0.0, 0.0, 0.5, 1.0, 2], "deviation": [0.0, 0.7071067811865476, 0.0, 0.0, 0.7071067811865476, 0.4472135954999579, 0.46709936649691375]}, "NSP7": {"data": [0, 0.0, 0.0, 0.0, 0.0, 0.0, 0], "deviation": [0.0, 0.0, 0.0, 0.0, 0.0, 0.0, 0.0]}, "NSP8": {"data": [0, 0.0, 0.0, 0.0, 0.0, 0.0, 0], "deviation": [0.0, 0.0, 0.0, 0.0, 0.0, 0.0, 0.0]}, "Spike": {"data": [0, 1.5, 5.5, 1.5, 6.0, 9.0, 10], "deviation": [0.0, 2.1213203435596424, 3.5355339059327378, 2.1213203435596424, 4.242640687119285, 0.4472135954999579, 0.0]}, "NSP9": {"data": [0, 0.0, 0.0, 0.0, 0.0, 0.0, 0], "deviation": [0.0, 0.0, 0.0, 0.0, 0.0, 0.0, 0.0]}, "NSP10": {"data": [0, 0.0, 0.0, 0.0, 0.0, 0.0, 0], "deviation": [0.0, 0.0, 0.0, 0.0, 0.0, 0.0, 0.0]}, "NSP11": {"data": [0, 0.0, 0.0, 0.0, 0.0, 0.0, 0], "deviation": [0.0, 0.0, 0.0, 0.0, 0.0, 0.0, 0.0]}, "NSP12": {"data": [1, 1.5, 1.5, 0.5, 1.5, 2.0, 2], "deviation": [0.0, 0.7071067811865476, 0.7071067811865476, 0.7071067811865476, 0.7071067811865476, 0.3415650255319866, 0.30151134457776363]}, "M": {"data": [0, 0.0, 0.0, 0.0, 0.5, 1.0, 1], "deviation": [0.0, 0.0, 0.0, 0.0, 0.7071067811865476, 0.0, 0.0]}, "NSP13": {"data": [0, 0.0, 0.0, 0.0, 0.5, 1.0, 1], "deviation": [0.0, 0.0, 0.0, 0.0, 0.7071067811865476, 0.0, 0.0]}, "N": {"data": [1, 2.0, 2.0, 1.0, 3.0, 4.0, 5], "deviation": [0.0, 1.4142135623730951, 1.4142135623730951, 1.4142135623730951, 1.4142135623730951, 0.6020797289396148, 0.30151134457776363]}, "NSP14": {"data": [0, 0.5, 0.0, 0.0, 0.5, 1.0, 0], "deviation": [0.0, 0.7071067811865476, 0.0, 0.0, 0.7071067811865476, 0.4031128874149275, 0.0]}, "NS3": {"data": [0, 0.0, 1.5, 0.5, 1.5, 1.0, 2], "deviation": [0.0, 0.0, 2.1213203435596424, 0.7071067811865476, 0.7071067811865476, 0.47871355387816905, 0.0]}, "NSP15": {"data": [0, 0.0, 0.0, 0.0, 0.0, 0.0, 0], "deviation": [0.0, 0.0, 0.0, 0.0, 0.0, 0.3415650255319866, 0.0]}, "NSP16": {"data": [0, 0.5, 0.5, 0.0, 0.0, 0.0, 0], "deviation": [0.0, 0.7071067811865476, 0.7071067811865476, 0.0, 0.0, 0.0, 0.0]}, "NS9b": {"data": [0, 0.0, 0.0, 0.0, 0.0, 0.0, 0], "deviation": [0.0, 0.0, 0.0, 0.0, 0.0, 0.0, 0.0]}, "NS6": {"data": [0, 0.0, 0.0, 0.0, 0.0, 0.0, 0], "deviation": [0.0, 0.0, 0.0, 0.0, 0.0, 0.0, 0.0]}, "NS9c": {"data": [0, 0.0, 0.0, 0.0, 0.0, 0.0, 0], "deviation": [0.0, 0.0, 0.0, 0.0, 0.0, 0.0, 0.0]}, "NSP1": {"data": [0, 0.0, 0.0, 0.0, 0.0, 0.0, 0], "deviation": [0.0, 0.0, 0.0, 0.0, 0.0, 0.25, 0.0]}, "NSP2": {"data": [0, 1.0, 2.0, 0.0, 0.5, 1.0, 1], "deviation": [0.0, 1.4142135623730951, 0.0, 0.0, 0.7071067811865476, 0.4472135954999579, 0.30151134457776363]}, "NS8": {"data": [0, 0.0, 0.0, 0.0, 0.0, 0.0, 0], "deviation": [0.0, 0.0, 0.0, 0.0, 0.0, 0.0, 0.0]}, "NSP3": {"data": [2, 1.0, 1.5, 1.0, 3.5, 4.0, 3], "deviation": [0.5773502691896257, 0.0, 0.7071067811865476, 1.4142135623730951, 2.1213203435596424, 1.1672617529928753, 0.30151134457776363]}}, "labels": ["w11/2020", "w12/2020", "w53/2020", "w03/2021", "w04/2021", "w29/2021", "w33/2021"]}