{"indel": {"NSP4": {"data": [0.0, 0.0, 0, 0, 0.0, 0, 0, 0, 0.0, 0.0], "deviation": [0.0, 0.0, 0.0, 0.0, 0.0, 0.0, 0.0, 0.0, 0.0, 0.0]}, "E": {"data": [0.0, 0.0, 0, 0, 0.0, 0, 0, 0, 0.0, 0.0], "deviation": [0.0, 0.0, 0.0, 0.0, 0.0, 0.0, 0.0, 0.0, 0.0, 0.0]}, "NS7a": {"data": [0.0, 0.0, 0, 0, 0.0, 0, 0, 0, 0.0, 0.0], "deviation": [0.0, 0.0, 0.0, 0.0, 0.0, 0.0, 0.0, 0.0, 0.0, 0.0]}, "NSP5": {"data": [0.0, 0.0, 0, 0, 0.0, 0, 0, 0, 0.0, 0.0], "deviation": [0.0, 0.0, 0.0, 0.0, 0.0, 0.0, 0.0, 0.0, 0.0, 0.0]}, "NS7b": {"data": [0.0, 0.0, 0, 0, 0.0, 0, 0, 0, 0.0, 0.0], "deviation": [0.0, 0.0, 0.0, 0.0, 0.0, 0.0, 0.37796447300922725, 0.0, 0.0, 0.0]}, "NSP6": {"data": [0.0, 0.0, 0, 0, 0.0, 0, 0, 0, 0.0, 0.0], "deviation": [0.0, 0.0, 0.0, 0.0, 0.0, 0.0, 0.0, 0.0, 0.5182002205050366, 0.75]}, "NSP7": {"data": [0.0, 0.0, 0, 0, 0.0, 0, 0, 0, 0.0, 0.0], "deviation": [0.0, 0.0, 0.0, 0.0, 0.0, 0.0, 0.0, 0.0, 0.0, 0.0]}, "NSP8": {"data": [0.0, 0.0, 0, 0, 0.0, 0, 0, 0, 0.0, 0.0], "deviation": [0.0, 0.0, 0.0, 0.0, 0.0, 0.0, 0.0, 0.0, 0.0, 0.0]}, "Spike": {"data": [0.0, 0.0, 0, 0, 0.0, 0, 0, 0, 0.0, 0.0], "deviation": [0.0, 0.0, 0.0, 0.48507125007266594, 0.3086066999241838, 0.0, 0.0, 0.0, 0.5182002205050366, 0.75]}, "NSP9": {"data": [0.0, 0.0, 0, 0, 0.0, 0, 0, 0, 0.0, 0.0], "deviation": [0.0, 0.0, 0.0, 0.0, 0.0, 0.0, 0.0, 0.0, 0.0, 0.0]}, "NSP10": {"data": [0.0, 0.0, 0, 0, 0.0, 0, 0, 0, 0.0, 0.0], "deviation": [0.0, 0.0, 0.0, 0.0, 0.0, 0.0, 0.0, 0.0, 0.0, 0.0]}, "NSP11": {"data": [0.0, 0.0, 0, 0, 0.0, 0, 0, 0, 0.0, 0.0], "deviation": [0.0, 0.0, 0.0, 0.0, 0.0, 0.0, 0.0, 0.0, 0.0, 0.0]}, "NSP12": {"data": [0.0, 0.0, 0, 0, 0.0, 0, 0, 0, 0.0, 0.0], "deviation": [0.0, 0.0, 0.0, 0.0, 0.0, 0.0, 0.0, 0.0, 0.0, 0.0]}, "M": {"data": [0.0, 0.0, 0, 0, 0.0, 0, 0, 0, 0.0, 0.0], "deviation": [0.0, 0.0, 0.0, 0.0, 0.0, 0.0, 0.0, 0.0, 0.0, 0.0]}, "NSP13": {"data": [0.0, 0.0, 0, 0, 0.0, 0, 0, 0, 0.0, 0.0], "deviation": [0.0, 0.0, 0.0, 0.0, 0.0, 0.0, 0.0, 0.0, 0.0, 0.0]}, "N": {"data": [0.0, 0.0, 0, 0, 0.0, 0, 0, 0, 0.0, 0.0], "deviation": [0.0, 0.0, 0.0, 0.0, 0.0, 0.0, 0.0, 0.0, 0.0, 0.0]}, "NSP14": {"data": [0.0, 0.0, 0, 0, 0.0, 0, 0, 0, 0.0, 0.0], "deviation": [0.0, 0.0, 0.0, 0.0, 0.0, 0.0, 0.0, 0.0, 0.0, 0.0]}, "NS3": {"data": [0.0, 0.0, 0, 0, 0.0, 0, 0, 0, 0.0, 0.0], "deviation": [0.0, 0.0, 0.0, 0.0, 0.0, 0.0, 0.0, 0.0, 0.0, 0.0]}, "NSP15": {"data": [0.0, 0.0, 0, 0, 0.0, 0, 0, 0, 0.0, 0.0], "deviation": [0.0, 0.0, 0.0, 0.0, 0.0, 0.0, 0.0, 0.10721125348377948, 0.0, 0.0]}, "NSP16": {"data": [0.0, 0.0, 0, 0, 0.0, 0, 0, 0, 0.0, 0.0], "deviation": [0.0, 0.0, 0.0, 0.0, 0.0, 0.0, 0.0, 0.0, 0.0, 0.0]}, "NS9b": {"data": [0.0, 0.0, 0, 0, 0.0, 0, 0, 0, 0.0, 0.0], "deviation": [0.0, 0.0, 0.0, 0.0, 0.0, 0.0, 0.0, 0.0, 0.0, 0.0]}, "NS6": {"data": [0.0, 0.0, 0, 0, 0.0, 0, 0, 0, 0.0, 0.0], "deviation": [0.0, 0.0, 0.0, 0.0, 0.0, 0.0, 0.0, 0.0, 0.0, 0.0]}, "NS9c": {"data": [0.0, 0.0, 0, 0, 0.0, 0, 0, 0, 0.0, 0.0], "deviation": [0.0, 0.0, 0.0, 0.0, 0.0, 0.0, 0.0, 0.0, 0.0, 0.0]}, "NSP1": {"data": [0.0, 0.0, 0, 0, 0.0, 0, 0, 0, 0.0, 0.0], "deviation": [0.0, 0.0, 0.0, 0.9963167462326072, 0.4629100498862757, 0.7745966692414834, 0.0, 0.0, 0.24618298195866548, 0.5]}, "NSP2": {"data": [0.0, 0.0, 0, 0, 0.0, 0, 0, 0, 0.0, 0.0], "deviation": [0.0, 0.0, 0.0, 0.0, 0.0, 0.0, 0.0, 0.0, 0.0, 0.0]}, "NS8": {"data": [0.0, 0.0, 0, 0, 0.0, 0, 0, 0, 0.0, 0.0], "deviation": [0.0, 0.0, 0.0, 0.0, 0.0, 0.0, 0.0, 0.0, 0.0, 0.0]}, "NSP3": {"data": [0.0, 0.0, 0, 0, 0.0, 0, 0, 0, 0.0, 0.0], "deviation": [0.0, 0.0, 0.0, 0.24253562503633297, 0.0, 0.0, 0.0, 0.0, 0.0, 0.0]}}, "missense": {"NSP4": {"data": [0.5, 0.0, 0, 0, 0.0, 0, 0, 0, 0.0, 0.0], "deviation": [0.7071067811865476, 0.4629100498862757, 0.5773502691896258, 0.0, 0.1543033499620919, 0.2581988897471611, 0.0, 0.27358051425739716, 0.447734520074341, 0.6291528696058958]}, "E": {"data": [0.0, 0.0, 0, 0, 0.0, 0, 0, 0, 0.0, 0.0], "deviation": [0.0, 0.0, 0.0, 0.0, 0.0, 0.0, 0.0, 0.10721125348377948, 0.1727334068350122, 0.0]}, "NS7a": {"data": [0.0, 0.0, 0, 0, 0.0, 0, 0, 0, 0.0, 0.0], "deviation": [0.0, 0.0, 0.0, 0.3321055820775357, 0.34165002367328795, 0.0, 0.0, 0.23409011577637517, 0.3102747109746398, 0.0]}, "NSP5": {"data": [0.0, 0.0, 0, 0, 0.0, 0, 0, 0, 0.0, 0.0], "deviation": [0.0, 0.0, 0.0, 0.0, 0.0, 0.0, 0.37796447300922725, 0.23409011577637517, 0.24043472671155017, 0.3415650255319866]}, "NS7b": {"data": [0.0, 0.0, 0, 0, 0.0, 0, 0, 0, 0.0, 0.0], "deviation": [0.0, 0.0, 0.0, 0.0, 0.0, 0.0, 3.4016802570830453, 0.10721125348377948, 0.0, 0.0]}, "NSP6": {"data": [0.0, 0.0, 0, 0, 0.0, 1, 1, 1, 1.0, 1.0], "deviation": [0.0, 0.3535533905932738, 0.0, 0.6242642728467978, 0.4771187236136979, 0.4879500364742666, 0.5345224838248488, 0.5844825812037117, 0.6682963763331705, 0.6191391873668903]}, "NSP7": {"data": [0.0, 0.0, 0, 0, 0.0, 0, 0, 0, 0.0, 0.0], "deviation": [0.0, 0.0, 0.0, 0.0, 0.1543033499620919, 0.2581988897471611, 0.37796447300922725, 0.10721125348377948, 0.0, 0.25]}, "NSP8": {"data": [0.5, 0.0, 1, 0, 0.0, 0, 0, 0, 0.0, 0.0], "deviation": [0.7071067811865476, 0.4629100498862757, 0.0, 0.3321055820775357, 0.4915074349923197, 0.3518657752744984, 0.0, 0.38965505413580775, 0.2666375275454884, 0.0]}, "Spike": {"data": [0.5, 1.0, 1, 1, 1.0, 2, 2, 2, 2.0, 3.0], "deviation": [0.7071067811865476, 0.0, 0.0, 0.6183469424008423, 0.7054623445856902, 0.8338093878327919, 1.1547005383792515, 1.0524852527061175, 1.9920588265155144, 2.74469184669852]}, "NSP9": {"data": [0.0, 0.0, 0, 0, 0.0, 0, 0, 0, 0.0, 0.0], "deviation": [0.0, 0.0, 0.0, 0.0, 0.0, 0.2581988897471611, 0.0, 0.21442250696755896, 0.1727334068350122, 0.0]}, "NSP10": {"data": [0.0, 0.0, 0, 0, 0.0, 0, 0, 0, 0.0, 0.0], "deviation": [0.0, 0.0, 0.0, 0.0, 0.0, 0.0, 0.0, 0.2106493822826957, 0.1727334068350122, 0.0]}, "NSP11": {"data": [0.0, 0.0, 0, 0, 0.0, 0, 0, 0, 0.0, 0.0], "deviation": [0.0, 0.0, 0.0, 0.0, 0.0, 0.0, 0.0, 0.0, 0.0, 0.0]}, "NSP12": {"data": [0.0, 1.0, 0, 0, 0.0, 1, 1, 1, 1.0, 0.0], "deviation": [0.0, 0.5175491695067657, 0.0, 0.7122871199007256, 0.5868279263112164, 0.6324555320336759, 0.5773502691896257, 0.604270642916238, 0.6016682325041451, 0.6191391873668903]}, "M": {"data": [0.0, 0.0, 0, 0, 0.0, 0, 0, 0, 0.0, 0.0], "deviation": [0.0, 0.0, 0.0, 0.0, 0.0, 0.0, 0.0, 0.10721125348377948, 0.20989507868443238, 0.3415650255319866]}, "NSP13": {"data": [0.0, 0.0, 1, 1, 1.0, 1, 0, 0, 0.0, 0.0], "deviation": [0.0, 0.9161253813129043, 0.5773502691896257, 0.5144957554275266, 0.6559829181085238, 0.5163977794943222, 0.0, 0.494016591227913, 0.5127738906546071, 0.5]}, "N": {"data": [1.0, 1.0, 1, 2, 1.0, 1, 1, 2, 2.0, 1.5], "deviation": [0.0, 0.5175491695067657, 0.0, 1.0, 0.706696030770716, 0.6399404734221844, 0.5345224838248488, 0.783927016007287, 0.8648807131730063, 0.8139410298049853]}, "NSP14": {"data": [0.0, 0.0, 0, 1, 0.0, 0, 0, 0, 0.0, 0.0], "deviation": [0.0, 0.0, 0.0, 0.8313702367707394, 0.7309326135027754, 1.01418510567422, 0.37796447300922725, 0.9237141304036101, 0.6605782590758164, 0.7274384280931732]}, "NS3": {"data": [0.5, 1.0, 0, 0, 1.0, 1, 1, 1, 1.0, 1.0], "deviation": [0.7071067811865476, 0.9258200997725514, 0.0, 0.7952062255644573, 0.7213357077339458, 0.7745966692414834, 0.7559289460184544, 1.4926533087179792, 1.243069364605791, 0.9287087810503355]}, "NSP15": {"data": [0.0, 0.0, 0, 0, 0.0, 0, 0, 0, 0.0, 0.0], "deviation": [0.0, 0.3535533905932738, 0.0, 0.4696682183138621, 0.4152997322366327, 0.6399404734221844, 0.37796447300922725, 0.5673086289311754, 0.4406500813258681, 0.3415650255319866]}, "NSP16": {"data": [0.0, 0.0, 0, 0, 0.0, 0, 1, 0, 0.0, 0.0], "deviation": [0.0, 0.0, 0.0, 0.3321055820775357, 0.32777006756156785, 0.3518657752744984, 0.5345224838248488, 0.2106493822826957, 0.20989507868443238, 0.25]}, "NS9b": {"data": [0.0, 0.0, 0, 0, 0.0, 0, 0, 0, 0.0, 0.0], "deviation": [0.0, 0.0, 0.0, 0.0, 0.0, 0.0, 0.0, 0.0, 0.0, 0.0]}, "NS6": {"data": [0.0, 0.0, 0, 0, 0.0, 0, 0, 0, 0.0, 0.0], "deviation": [0.0, 0.0, 0.0, 0.0, 0.0, 0.0, 0.0, 0.0, 0.12309149097933274, 0.0]},