{"indel": {"NSP4": {"data": [0.0, 0.0], "deviation": [0.0, 0.0]}, "E": {"data": [0.0, 0.0], "deviation": [0.0, 0.0]}, "NS7a": {"data": [0.0, 0.0], "deviation": [0.0, 0.0]}, "NSP5": {"data": [0.0, 0.0], "deviation": [0.0, 0.0]}, "NS7b": {"data": [0.0, 0.0], "deviation": [0.0, 0.0]}, "NSP6": {"data": [3.0, 1.5], "deviation": [1.224744871391589, 2.1213203435596424]}, "NSP7": {"data": [0.0, 0.0], "deviation": [0.0, 0.0]}, "NSP8": {"data": [0.0, 0.0], "deviation": [0.0, 0.0]}, "Spike": {"data": [3.0, 2.5], "deviation": [0.408248290463863, 0.7071067811865476]}, "NSP9": {"data": [0.0, 0.0], "deviation": [0.0, 0.0]}, "NSP10": {"data": [0.0, 0.0], "deviation": [0.0, 0.0]}, "NSP11": {"data": [0.0, 0.0], "deviation": [0.0, 0.0]}, "NSP12": {"data": [0.0, 0.0], "deviation": [0.0, 0.0]}, "M": {"data": [0.0, 0.0], "deviation": [0.0, 0.0]}, "NSP13": {"data": [0.0, 0.0], "deviation": [0.0, 0.0]}, "N": {"data": [0.0, 0.0], "deviation": [0.0, 0.0]}, "NSP14": {"data": [0.0, 0.0], "deviation": [0.0, 0.0]}, "NS3": {"data": [0.0, 0.0], "deviation": [0.0, 0.0]}, "NSP15": {"data": [0.0, 0.0], "deviation": [0.0, 0.0]}, "NSP16": {"data": [0.0, 0.0], "deviation": [0.0, 0.0]}, "NS9b": {"data": [0.0, 0.0], "deviation": [0.0, 0.0]}, "NS6": {"data": [0.0, 0.0], "deviation": [0.0, 0.0]}, "NS9c": {"data": [0.0, 0.0], "deviation": [0.0, 0.0]}, "NSP1": {"data": [0.0, 0.0], "deviation": [0.0, 0.0]}, "NSP2": {"data": [0.0, 0.0], "deviation": [0.0, 0.0]}, "NS8": {"data": [0.0, 0.0], "deviation": [0.0, 0.0]}, "NSP3": {"data": [0.0, 0.0], "deviation": [0.0, 0.0]}}, "missense": {"NSP4": {"data": [0.0, 1.0], "deviation": [0.816496580927726, 1.4142135623730951]}, "E": {"data": [1.0, 0.5], "deviation": [0.5163977794943222, 0.7071067811865476]}, "NS7a": {"data": [0.0, 1.0], "deviation": [0.816496580927726, 1.4142135623730951]}, "NSP5": {"data": [1.0, 1.5], "deviation": [1.224744871391589, 2.1213203435596424]}, "NS7b": {"data": [0.0, 0.5], "deviation": [0.408248290463863, 0.7071067811865476]}, "NSP6": {"data": [0.0, 1.5], "deviation": [0.816496580927726, 2.1213203435596424]}, "NSP7": {"data": [0.0, 0.0], "deviation": [0.0, 0.0]}, "NSP8": {"data": [0.0, 0.5], "deviation": [0.408248290463863, 0.7071067811865476]}, "Spike": {"data": [8.0, 8.0], "deviation": [0.983192080250175, 0.0]}, "NSP9": {"data": [0.0, 0.5], "deviation": [0.0, 0.7071067811865476]}, "NSP10": {"data": [0.0, 0.0], "deviation": [0.0, 0.0]}, "NSP11": {"data": [0.0, 0.0], "deviation": [0.0, 0.0]}, "NSP12": {"data": [1.0, 1.5], "deviation": [0.5163977794943222, 0.7071067811865476]}, "M": {"data": [0.0, 0.5], "deviation": [0.408248290463863, 0.7071067811865476]}, "NSP13": {"data": [0.0, 0.5], "deviation": [0.408248290463863, 0.7071067811865476]}, "N": {"data": [2.0, 2.5], "deviation": [1.3662601021279464, 2.1213203435596424]}, "NSP14": {"data": [0.0, 0.5], "deviation": [0.408248290463863, 0.7071067811865476]}, "NS3": {"data": [2.5, 2.5], "deviation": [1.632993161855452, 2.1213203435596424]}, "NSP15": {"data": [0.0, 0.0], "deviation": [0.408248290463863, 0.0]}, "NSP16": {"data": [0.0, 0.0], "deviation": [0.0, 0.0]}, "NS9b": {"data": [0.0, 0.0], "deviation": [0.0, 0.0]}, "NS6": {"data": [0.0, 0.0], "deviation": [0.0, 0.0]}, "NS9c": {"data": [0.0, 0.0], "deviation": [0.0, 0.0]}, "NSP1": {"data": [0.0, 0.0], "deviation": [0.0, 0.0]}, "NSP2": {"data": [1.0, 0.5], "deviation": [0.6324555320336759, 0.7071067811865476]}, "NS8": {"data": [0.5, 0.0], "deviation": [1.169045194450012, 0.0]}, "NSP3": {"data": [2.0, 2.5], "deviation": [1.7511900715418263, 0.7071067811865476]}}, "labels": ["w21/2021", "w22/2021"]}