{"indel": {"NSP4": {"data": [0.0, 0.0, 0, 0, 0.0], "deviation": [0.0, 0.0, 0.0, 0.0, 0.0]}, "E": {"data": [0.0, 0.0, 0, 0, 0.0], "deviation": [0.0, 0.0, 0.0, 0.0, 0.0]}, "NS7a": {"data": [0.0, 0.0, 0, 0, 0.0], "deviation": [0.0, 0.0, 0.0, 0.0, 0.0]}, "NSP5": {"data": [0.0, 0.0, 0, 0, 0.0], "deviation": [0.0, 0.0, 0.0, 0.0, 0.0]}, "NS7b": {"data": [0.0, 0.0, 0, 0, 0.0], "deviation": [0.0, 0.0, 0.0, 0.0, 0.0]}, "NSP6": {"data": [0.0, 0.0, 0, 0, 1.5], "deviation": [0.0, 0.0, 0.0, 0.9023778112773576, 1.6431676725154984]}, "NSP7": {"data": [0.0, 0.0, 0, 0, 0.0], "deviation": [0.0, 0.0, 0.0, 0.0, 0.0]}, "NSP8": {"data": [0.0, 0.0, 0, 0, 0.0], "deviation": [0.0, 0.0, 0.0, 0.0, 0.0]}, "Spike": {"data": [0.0, 0.0, 0, 0, 0.0], "deviation": [0.0, 0.0, 0.0, 0.9734572654303052, 1.5491933384829668]}, "NSP9": {"data": [0.0, 0.0, 0, 0, 0.0], "deviation": [0.0, 0.0, 0.0, 0.0, 0.0]}, "NSP10": {"data": [0.0, 0.0, 0, 0, 0.0], "deviation": [0.0, 0.0, 0.0, 0.0, 0.0]}, "NSP11": {"data": [0.0, 0.0, 0, 0, 0.0], "deviation": [0.0, 0.0, 0.0, 0.0, 0.0]}, "NSP12": {"data": [0.0, 0.0, 0, 0, 0.0], "deviation": [0.0, 0.0, 0.0, 0.0, 0.0]}, "M": {"data": [0.0, 0.0, 0, 0, 0.0], "deviation": [0.0, 0.0, 0.0, 0.0, 0.0]}, "NSP13": {"data": [0.0, 0.0, 0, 0, 0.0], "deviation": [0.0, 0.0, 0.0, 0.0, 0.0]}, "N": {"data": [0.0, 0.0, 0, 0, 0.0], "deviation": [0.0, 0.0, 0.0, 0.0, 0.0]}, "NSP14": {"data": [0.0, 0.0, 0, 0, 0.0], "deviation": [0.0, 0.0, 0.0, 0.0, 0.0]}, "NS3": {"data": [0.0, 0.0, 0, 0, 0.0], "deviation": [0.0, 0.0, 0.0, 0.0, 0.0]}, "NSP15": {"data": [0.0, 0.0, 0, 0, 0.0], "deviation": [0.0, 0.0, 0.0, 0.0, 0.0]}, "NSP16": {"data": [0.0, 0.0, 0, 0, 0.0], "deviation": [0.0, 0.0, 0.0, 0.0, 0.0]}, "NS9b": {"data": [0.0, 0.0, 0, 0, 0.0], "deviation": [0.0, 0.0, 0.0, 0.0, 0.0]}, "NS6": {"data": [0.0, 0.0, 0, 0, 0.0], "deviation": [0.0, 0.0, 0.0, 0.0, 0.0]}, "NS9c": {"data": [0.0, 0.0, 0, 0, 0.0], "deviation": [0.0, 0.0, 0.0, 0.0, 0.0]}, "NSP1": {"data": [0.0, 0.0, 0, 0, 0.0], "deviation": [0.0, 0.0, 0.0, 0.0, 0.0]}, "NSP2": {"data": [0.0, 0.0, 0, 0, 0.0], "deviation": [0.0, 0.0, 0.0, 0.0, 0.0]}, "NS8": {"data": [0.0, 0.0, 0, 0, 0.0], "deviation": [0.0, 0.0, 0.0, 0.0, 0.0]}, "NSP3": {"data": [0.0, 0.0, 0, 0, 0.0], "deviation": [0.0, 0.0, 0.0, 0.0, 0.0]}}, "missense": {"NSP4": {"data": [1.0, 0.0, 0, 1, 0.0], "deviation": [1.4142135623730951, 0.5163977794943223, 0.447213595499958, 0.7684244858645451, 0.5163977794943223]}, "E": {"data": [0.0, 0.0, 0, 0, 0.0], "deviation": [0.0, 0.0, 0.0, 0.0, 0.408248290463863]}, "NS7a": {"data": [0.5, 0.0, 0, 0, 0.0], "deviation": [0.7071067811865476, 0.408248290463863, 0.5477225575051661, 0.3585685828003181, 0.0]}, "NSP5": {"data": [0.0, 0.0, 0, 0, 0.0], "deviation": [0.0, 0.0, 0.0, 0.0, 0.0]}, "NS7b": {"data": [0.0, 0.0, 0, 0, 0.0], "deviation": [0.0, 0.0, 0.447213595499958, 0.21821789023599236, 0.0]}, "NSP6": {"data": [0.0, 0.0, 0, 0, 0.0], "deviation": [0.0, 0.0, 0.447213595499958, 0.49761335152811925, 0.0]}, "NSP7": {"data": [0.0, 0.0, 0, 0, 0.0], "deviation": [0.0, 0.5163977794943223, 0.0, 0.30079260375911915, 0.0]}, "NSP8": {"data": [1.0, 0.0, 0, 0, 0.0], "deviation": [1.4142135623730951, 0.0, 0.0, 0.4364357804719847, 0.0]}, "Spike": {"data": [3.0, 3.0, 3, 3, 5.0], "deviation": [1.4142135623730951, 0.5163977794943222, 0.8366600265340756, 1.4589624493356326, 3.777124126457412]}, "NSP9": {"data": [0.0, 0.0, 0, 0, 0.0], "deviation": [0.0, 0.0, 0.0, 0.0, 0.0]}, "NSP10": {"data": [0.0, 0.0, 0, 0, 0.0], "deviation": [0.0, 0.0, 0.447213595499958, 0.0, 0.0]}, "NSP11": {"data": [0.0, 0.0, 0, 0, 0.0], "deviation": [0.0, 0.0, 0.0, 0.0, 0.0]}, "NSP12": {"data": [1.0, 1.0, 1, 1, 1.0], "deviation": [0.0, 1.0327955589886444, 0.8944271909999159, 0.5976143046671968, 0.983192080250175]}, "M": {"data": [0.0, 0.0, 0, 0, 0.0], "deviation": [0.0, 0.0, 0.0, 0.0, 0.0]}, "NSP13": {"data": [0.0, 0.0, 0, 0, 2.0], "deviation": [0.0, 1.3291601358251257, 0.894427190999916, 0.4780914437337575, 1.0327955589886444]}, "N": {"data": [1.0, 1.5, 1, 3, 2.0], "deviation": [0.0, 0.983192080250175, 0.4472135954999579, 1.4800257398019099, 1.0327955589886444]}, "NSP14": {"data": [0.0, 0.0, 0, 0, 0.0], "deviation": [0.0, 0.0, 0.0, 0.21821789023599236, 0.0]}, "NS3": {"data": [0.0, 0.5, 1, 1, 0.5], "deviation": [0.0, 1.169045194450012, 1.0954451150103321, 0.6546536707079771, 1.4719601443879744]}, "NSP15": {"data": [0.0, 0.0, 0, 0, 0.0], "deviation": [0.0, 0.0, 0.0, 0.21821789023599236, 0.408248290463863]}, "NSP16": {"data": [0.0, 0.0, 0, 0, 0.0], "deviation": [0.0, 0.0, 0.447213595499958, 0.3585685828003181, 0.5163977794943223]}, "NS9b": {"data": [0.0, 0.0, 0, 0, 0.0], "deviation": [0.0, 0.0, 0.0, 0.0, 0.0]}, "NS6": {"data": [0.0, 0.0, 0, 0, 0.0], "deviation": [0.0, 0.408248290463863, 0.0, 0.0, 0.0]}, "NS9c": {"data": [0.0, 0.0, 0, 0, 0.0], "deviation": [0.0, 0.0, 0.0, 0.0, 0.0]}, "NSP1": {"data": [0.0, 0.0, 0, 0, 0.0], "deviation": [0.0, 0.0, 0.0, 0.21821789023599236, 0.0]}, "NSP2": {"data": [0.0, 0.0, 1, 1, 0.5], "deviation": [0.0, 0.5163977794943223, 0.8366600265340756, 0.5895922723535711, 0.5477225575051661]}, "NS8": {"data": [1.0, 0.0, 1, 0, 1.0], "deviation": [0.0, 0.5163977794943223, 0.5477225575051661, 0.9206622874969125, 1.3662601021279464]}, "NSP3": {"data": [1.5, 0.0, 0, 2, 1.0], "deviation": [2.1213203435596424, 0.5163977794943223, 0.8944271909999159, 1.4192553379451192, 1.3662601021279464]}}, "labels": ["10/2020", "11/2020", "12/2020", "01/2021", "02/2021"]}