{"indel": {"NSP4": {"data": [0.0, 0, 0.0, 0.0, 0.0, 0.0, 0, 0, 0.0, 0.0, 0.0, 0, 0], "deviation": [0.0, 0.0, 0.0, 0.0, 0.0, 0.0, 0.0, 0.0, 0.0, 0.0, 0.0, 0.0, 1.2085330172987934]}, "E": {"data": [0.0, 0, 0.0, 0.0, 0.0, 0.0, 0, 0, 0.0, 0.0, 0.0, 0, 0], "deviation": [0.0, 0.0, 0.0, 0.0, 0.0, 0.0, 0.0, 0.0, 0.0, 0.0, 0.0, 0.0, 0.0]}, "NS7a": {"data": [0.0, 0, 0.0, 0.0, 0.0, 0.0, 0, 0, 0.0, 0.0, 0.0, 0, 0], "deviation": [0.0, 0.0, 0.0, 0.0, 0.0, 0.0, 0.0, 0.0, 0.0, 0.0, 0.0, 0.0, 0.0]}, "NSP5": {"data": [0.0, 0, 0.0, 0.0, 0.0, 0.0, 0, 0, 0.0, 0.0, 0.0, 0, 0], "deviation": [0.0, 0.0, 0.0, 0.0, 0.0, 0.0, 0.0, 0.0, 0.0, 0.0, 0.0, 0.0, 0.0]}, "NS7b": {"data": [0.0, 0, 0.0, 0.0, 0.0, 0.0, 0, 0, 0.0, 0.0, 0.0, 0, 0], "deviation": [0.0, 0.0, 0.0, 0.0, 0.0, 0.0, 0.0, 0.0, 0.0, 0.0, 0.0, 0.0, 0.0]}, "NSP6": {"data": [0.0, 0, 0.0, 0.0, 0.0, 0.0, 3, 3, 3.0, 3.0, 3.0, 3, 3], "deviation": [0.0, 0.22941573387056177, 0.0, 0.0, 0.0, 0.0, 1.460954260673022, 0.9023778112773575, 0.5475078906117533, 0.695184062817833, 1.33820978062621, 1.497458917368972, 1.481069416318173]}, "NSP7": {"data": [0.0, 0, 0.0, 0.0, 0.0, 0.0, 0, 0, 0.0, 0.0, 0.0, 0, 0], "deviation": [0.0, 0.0, 0.0, 0.0, 0.0, 0.0, 0.0, 0.0, 0.0, 0.0, 0.0, 0.0, 0.0]}, "NSP8": {"data": [0.0, 0, 0.0, 0.0, 0.0, 0.0, 0, 0, 0.0, 0.0, 0.0, 0, 0], "deviation": [0.0, 0.0, 0.0, 0.0, 0.0, 0.0, 0.0, 0.0, 0.0, 0.0, 0.0, 0.0, 0.0]}, "Spike": {"data": [0.0, 0, 0.0, 0.0, 0.0, 1.5, 3, 3, 3.0, 3.0, 3.0, 3, 3], "deviation": [0.0, 0.0, 0.0, 0.0, 0.0, 2.1213203435596424, 0.8643121965600912, 0.9023778112773575, 0.5475078906117533, 0.7400002126437698, 1.33820978062621, 1.496101908556157, 1.4736400056775758]}, "NSP9": {"data": [0.0, 0, 0.0, 0.0, 0.0, 0.0, 0, 0, 0.0, 0.0, 0.0, 0, 0], "deviation": [0.0, 0.0, 0.0, 0.0, 0.0, 0.0, 0.0, 0.0, 0.0, 0.0, 0.0, 0.0, 0.0]}, "NSP10": {"data": [0.0, 0, 0.0, 0.0, 0.0, 0.0, 0, 0, 0.0, 0.0, 0.0, 0, 0], "deviation": [0.0, 0.0, 0.0, 0.0, 0.0, 0.0, 0.0, 0.0, 0.0, 0.0, 0.0, 0.0, 0.0]}, "NSP11": {"data": [0.0, 0, 0.0, 0.0, 0.0, 0.0, 0, 0, 0.0, 0.0, 0.0, 0, 0], "deviation": [0.0, 0.0, 0.0, 0.0, 0.0, 0.0, 0.0, 0.0, 0.0, 0.0, 0.0, 0.0, 0.0]}, "NSP12": {"data": [0.0, 0, 0.0, 0.0, 0.0, 0.0, 0, 0, 0.0, 0.0, 0.0, 0, 0], "deviation": [0.0, 0.0, 0.0, 0.0, 0.0, 0.0, 0.0, 0.0, 0.0, 0.0, 0.0, 0.0, 0.0]}, "M": {"data": [0.0, 0, 0.0, 0.0, 0.0, 0.0, 0, 0, 0.0, 0.0, 0.0, 0, 0], "deviation": [0.0, 0.0, 0.0, 0.0, 0.0, 0.0, 0.0, 0.0, 0.0, 0.0, 0.0, 0.0, 0.0]}, "NSP13": {"data": [0.0, 0, 0.0, 0.0, 0.0, 0.0, 0, 0, 0.0, 0.0, 0.0, 0, 0], "deviation": [0.0, 0.0, 0.0, 0.0, 0.0, 0.0, 0.0, 0.0, 0.0, 0.0, 0.0, 0.0, 0.0]}, "N": {"data": [0.0, 0, 0.0, 0.0, 0.0, 0.0, 0, 0, 0.0, 0.0, 0.0, 0, 0], "deviation": [0.0, 0.0, 0.0, 0.0, 0.0, 0.0, 0.0, 0.0, 0.0, 0.0, 0.0, 0.0, 0.0]}, "NSP14": {"data": [0.0, 0, 0.0, 0.0, 0.0, 0.0, 0, 0, 0.0, 0.0, 0.0, 0, 0], "deviation": [0.0, 0.0, 0.0, 0.0, 0.0, 0.0, 0.0, 0.0, 0.0, 0.0, 0.0, 0.0, 0.0]}, "NS3": {"data": [0.0, 0, 0.0, 0.0, 0.0, 0.0, 0, 0, 0.0, 0.0, 0.0, 0, 0], "deviation": [0.0, 0.0, 0.0, 0.0, 0.0, 0.0, 0.0, 0.0, 0.0, 0.0, 0.0, 0.0, 0.0]}, "NSP15": {"data": [0.0, 0, 0.0, 0.0, 0.0, 0.0, 0, 0, 0.0, 0.0, 0.0, 0, 0], "deviation": [0.0, 0.0, 0.0, 0.0, 0.0, 0.0, 0.0, 0.0, 0.0, 0.0, 0.0, 0.0, 0.0]}, "NSP16": {"data": [0.0, 0, 0.0, 0.0, 0.0, 0.0, 0, 0, 0.0, 0.0, 0.0, 0, 0], "deviation": [0.0, 0.0, 0.0, 0.0, 0.0, 0.0, 0.0, 0.0, 0.0, 0.0, 0.0, 0.0, 0.0]}, "NS9b": {"data": [0.0, 0, 0.0, 0.0, 0.0, 0.0, 0, 0, 0.0, 0.0, 0.0, 0, 0], "deviation": [0.0, 0.0, 0.0, 0.0, 0.0, 0.0, 0.0, 0.0, 0.0, 0.0, 0.0, 0.0, 0.0]}, "NS6": {"data": [0.0, 0, 0.0, 0.0, 0.0, 0.0, 0, 0, 0.0, 0.0, 0.0, 0, 0], "deviation": [0.0, 0.0, 0.0, 0.0, 0.0, 0.0, 0.0, 0.0, 0.0, 0.0, 0.0, 0.0, 0.0]}, "NS9c": {"data": [0.0, 0, 0.0, 0.0, 0.0, 0.0, 0, 0, 0.0, 0.0, 0.0, 0, 0], "deviation": [0.0, 0.0, 0.0, 0.0, 0.0, 0.0, 0.0, 0.0, 0.0, 0.0, 0.0, 0.0, 0.0]}, "NSP1": {"data": [1.5, 0, 0.0, 0.0, 0.0, 0.0, 0, 0, 0.0, 0.0, 0.0, 0, 0], "deviation": [2.1213203435596424, 0.6882472016116853, 0.0, 0.0, 0.0, 0.0, 0.0, 0.0, 0.0, 0.0, 0.0, 0.0, 0.0]}, "NSP2": {"data": [0.0, 0, 0.0, 0.0, 0.0, 0.0, 0, 0, 0.0, 0.0, 0.0, 0, 0], "deviation": [0.0, 0.0, 0.0, 0.0, 0.0, 0.0, 0.0, 0.0, 0.0, 0.0, 0.0, 0.0, 0.0]}, "NS8": {"data": [0.0, 0, 0.0, 0.0, 0.0, 0.0, 0, 0, 0.0, 0.0, 0.0, 0, 0], "deviation": [0.0, 0.0, 0.0, 0.0, 0.0, 0.0, 0.0, 0.0, 0.0, 0.0, 0.0, 0.0, 0.0]}, "NSP3": {"data": [0.0, 0, 0.0, 0.0, 0.0, 0.0, 0, 0, 0.0, 0.0, 0.0, 0, 0], "deviation": [0.0, 0.0, 0.0, 0.0, 0.0, 0.0, 0.0, 0.0, 0.0, 0.0, 0.0, 0.0, 0.0]}}, "missense": {"NSP4": {"data": [0.0, 0, 0.5, 0.0, 0.0, 0.0, 0, 0, 0.0, 0.0, 0.0, 1, 1], "deviation": [0.0, 0.0, 0.7071067811865476, 0.5149286505444373, 0.2672612419124244, 0.0, 0.0, 0.3585685828003181, 0.272138863686403, 0.2466667375479233, 0.5060808657892385, 0.6639982706701465, 10.049869133156243]}, "E": {"data": [0.0, 0, 0.0, 0.0, 0.0, 0.0, 0, 0, 0.0, 0.0, 0.0, 0, 0], "deviation": [0.0, 0.22941573387056177, 0.0, 0.28867513459481287, 0.0, 0.0, 0.0, 0.0, 0.10660035817780522, 0.15427299619963397, 0.12698881144557275, 0.2827309831743975, 0.24730672707615137]}, "NS7a": {"data": [0.0, 0, 0.5, 0.0, 0.0, 0.0, 0, 0, 0.0, 0.0, 0.0, 0, 0], "deviation": [0.0, 0.0, 0.7071067811865476, 0.45226701686664544, 0.0, 0.0, 0.0, 0.0, 0.272138863686403, 0.4773248075871465, 1.2888648057599867, 1.5231012797785646, 1.4785578951296303]}, "NSP5": {"data": [0.0, 0, 0.0, 0.0, 0.0, 0.0, 0, 0, 0.0, 0.0, 0.0, 0, 0], "deviation": [0.0, 0.0, 0.0, 0.0, 0.3631365196012815, 0.0, 0.2881040655200304, 0.30079260375911915, 0.4535647728106717, 0.2900346796414221, 0.3051295834932054, 0.393526952028024, 0.4821075949427676]}, "NS7b": {"data": [0.0, 0, 0.0, 0.0, 0.0, 0.5, 0, 0, 0.0, 0.0, 0.0, 0, 0], "deviation": [0.0, 0.22941573387056177, 0.0, 0.0, 0.0, 0.7071067811865476, 0.34435022157509093, 0.0, 0.0, 0.08980265101338746, 0.12698881144557275, 0.23214871613876037, 0.2975667459037852]}, "NSP6": {"data": [0.0, 1, 0.0, 2.0, 1.5, 0.0, 0, 0, 0.0, 0.0, 0.0, 1, 0], "deviation": [0.0, 0.6069769786668839, 0.0, 0.9653072991634227, 0.825420305855557, 0.0, 0.0, 0.4364357804719847, 0.35336862267336805, 0.3565541586952456, 0.4680007574320761, 0.5864643380204833, 0.6254752594244962]}, "NSP7": {"data": [0.0, 0, 0.0, 0.0, 0.0, 0.0, 0, 0, 0.0, 0.0, 0.0, 0, 0], "deviation": [0.0, 0.0, 0.0, 0.0, 0.0, 0.0, 0.0, 0.0, 0.0, 0.0, 0.0, 0.09712639418692767, 0.1175716034538484]}, "NSP8": {"data": [0.0, 0, 0.0, 0.0, 0.0, 0.5, 0, 0, 0.0, 0.0, 0.0, 0, 0], "deviation": [0.0, 0.0, 0.0, 0.0, 0.0, 0.7071067811865476, 0.2881040655200304, 0.0, 0.10660035817780522, 0.0, 0.16303357853844866, 0.17952016085013617, 0.24107633744969026]}, "Spike": {"data": [0.0, 1, 1.5, 3.0, 4.0, 6.5, 7, 7, 7.0, 7.0, 7.0, 7, 7], "deviation": [0.0, 0.512989176042577, 2.1213203435596424, 1.044465935734187, 1.6172150801252798, 0.7071067811865476, 1.440520327600152, 1.2382783747337807, 0.8190521320308775, 0.9614930691942485, 1.0101498445685295, 0.8302832921928008, 0.9706181244843325]}, "NSP9": {"data": [0.0, 0, 0.0, 0.0, 0.0, 0.5, 0, 0, 0.0, 0.0, 0.0, 0, 0], "deviation": [0.0, 0.0, 0.0, 0.0, 0.49724515809884684, 0.7071067811865476, 0.0, 0.0, 0.0, 0.0, 0.0, 0.11867013046504324, 0.0]}, "NSP10": {"data": [0.0, 0, 0.0, 0.0, 0.0, 0.0, 0, 0, 0.0, 0.0, 0.0, 0, 0], "deviation": [0.0, 0.0, 0.0, 0.0, 0.0, 0.0, 0.0, 0.21821789023599236, 0.0, 0.0, 0.14622842147587847, 0.0, 0.06819943394704735]}, "NSP11": {"data": [0.0, 0, 0.0, 0.0, 0.0, 0.0, 0, 0, 0.0, 0.0, 0.0, 0, 0], "deviation": [0.0, 0.0, 0.0, 0.0, 0.0, 0.0, 0.0, 0.0, 0.0, 0.0, 0.0, 0.0, 0.0]}, "NSP12": {"data": [0.5, 1, 0.5, 0.0, 0.5, 1.0, 1, 1, 1.0, 1.0, 1.0, 1, 1], "deviation": [0.7071067811865476, 0.3746343246326776, 0.7071067811865476, 0.7977240352174656, 0.646206172658864, 0.0, 0.0, 0.30079260375911915, 0.272138863686403, 0.3565541586952456, 0.5162769934357498, 0.5375958081963583, 0.6326616891094071]}, "M": {"data": [0.0, 0, 0.0, 0.0, 0.0, 0.0, 0, 0, 0.0, 0.0, 0.0, 0, 0],