{"indel": {"NSP4": {"data": [0.0, 0.0, 0, 0.0, 0.0, 0.0, 0, 0, 0, 0.0, 0.0, 0.0, 0], "deviation": [0.0, 0.0, 0.0, 0.28867513459481287, 0.0, 0.0, 0.0, 0.0, 0.0, 0.13608276348795434, 0.0, 0.0, 0.0]}, "E": {"data": [0.0, 0.0, 0, 0.0, 0.0, 0.0, 0, 0, 0, 0.0, 0.0, 0.0, 0], "deviation": [0.0, 0.0, 0.0, 0.0, 0.0, 0.0, 0.0, 0.0, 0.0, 0.0, 0.0, 0.0, 0.0]}, "NS7a": {"data": [0.0, 0.0, 0, 0.0, 0.0, 0.0, 0, 0, 0, 0.0, 0.0, 0.0, 0], "deviation": [0.0, 0.0, 0.0, 0.0, 0.0, 0.0, 0.0, 0.0, 0.3849001794597505, 0.0, 0.0, 0.0, 0.0]}, "NSP5": {"data": [0.0, 0.0, 0, 0.0, 0.0, 0.0, 0, 0, 0, 0.0, 0.0, 0.0, 0], "deviation": [0.0, 0.0, 0.0, 0.0, 0.0, 0.0, 0.0, 0.0, 0.0, 0.0, 0.0, 0.0, 0.0]}, "NS7b": {"data": [0.0, 0.0, 0, 0.0, 0.0, 0.0, 0, 0, 0, 0.0, 0.0, 0.0, 0], "deviation": [0.0, 0.0, 0.0, 0.0, 0.0, 0.0, 0.0, 0.0, 0.0, 0.0, 0.13130643285972254, 0.18257418583505536, 0.0]}, "NSP6": {"data": [0.0, 0.0, 0, 0.0, 0.0, 0.0, 0, 0, 0, 0.0, 3.0, 3.0, 0], "deviation": [0.0, 0.0, 0.0, 0.0, 0.0, 0.0, 0.0, 1.1338934190276817, 0.0, 1.2946430507791782, 1.5049826499895307, 1.137147065368355, 0.0]}, "NSP7": {"data": [0.0, 0.0, 0, 0.0, 0.0, 0.0, 0, 0, 0, 0.0, 0.0, 0.0, 0], "deviation": [0.0, 0.0, 0.0, 0.0, 0.0, 0.0, 0.0, 0.0, 0.0, 0.0, 0.0, 0.0, 0.0]}, "NSP8": {"data": [0.0, 0.0, 0, 0.0, 0.0, 0.0, 0, 0, 0, 0.0, 0.0, 0.0, 0], "deviation": [0.0, 0.0, 0.0, 0.0, 0.0, 0.0, 0.0, 0.0, 0.0, 0.0, 0.0, 0.0, 0.0]}, "Spike": {"data": [0.0, 0.0, 0, 0.0, 0.0, 0.0, 0, 0, 0, 0.0, 0.0, 0.0, 0], "deviation": [0.0, 0.0, 0.0, 0.0, 0.0, 0.0, 0.0, 0.0, 0.0, 0.9547776073645672, 1.5442651944939996, 2.171921126401773, 0.0]}, "NSP9": {"data": [0.0, 0.0, 0, 0.0, 0.0, 0.0, 0, 0, 0, 0.0, 0.0, 0.0, 0], "deviation": [0.0, 0.0, 0.0, 0.0, 0.0, 0.0, 0.0, 0.0, 0.0, 0.0, 0.0, 0.0, 0.0]}, "NSP10": {"data": [0.0, 0.0, 0, 0.0, 0.0, 0.0, 0, 0, 0, 0.0, 0.0, 0.0, 0], "deviation": [0.0, 0.0, 0.0, 0.0, 0.0, 0.0, 0.0, 0.0, 0.0, 0.0, 0.0, 0.0, 0.0]}, "NSP11": {"data": [0.0, 0.0, 0, 0.0, 0.0, 0.0, 0, 0, 0, 0.0, 0.0, 0.0, 0], "deviation": [0.0, 0.0, 0.0, 0.0, 0.0, 0.0, 0.0, 0.0, 0.0, 0.0, 0.0, 0.0, 0.0]}, "NSP12": {"data": [0.0, 0.0, 0, 0.0, 0.0, 0.0, 0, 0, 0, 0.0, 0.0, 0.0, 0], "deviation": [0.0, 0.0, 0.0, 0.0, 0.0, 0.0, 0.0, 0.0, 0.0, 0.0, 0.0, 0.0, 0.0]}, "M": {"data": [0.0, 0.0, 0, 0.0, 0.0, 0.0, 0, 0, 0, 0.0, 0.0, 0.0, 0], "deviation": [0.0, 0.0, 0.0, 0.0, 0.0, 0.0, 0.0, 0.0, 0.0, 0.0, 0.0, 0.0, 0.0]}, "NSP13": {"data": [0.0, 0.0, 0, 0.0, 0.0, 0.0, 0, 0, 0, 0.0, 0.0, 0.0, 0], "deviation": [0.0, 0.0, 0.0, 0.0, 0.0, 0.0, 0.0, 0.0, 0.0, 0.0, 0.0, 0.0, 0.0]}, "N": {"data": [0.0, 0.0, 0, 0.0, 0.0, 0.0, 0, 0, 0, 0.0, 0.0, 0.0, 0], "deviation": [0.0, 0.0, 0.0, 0.0, 0.0, 0.0, 0.0, 0.0, 0.0, 0.0, 0.18405922400991942, 0.0, 0.0]}, "NSP14": {"data": [0.0, 0.0, 0, 0.0, 0.0, 0.0, 0, 0, 0, 0.0, 0.0, 0.0, 0], "deviation": [0.0, 0.0, 0.0, 0.0, 0.0, 0.0, 0.0, 0.0, 0.0, 8.027468565639296, 0.0, 0.0, 0.0]}, "NS3": {"data": [0.0, 0.0, 0, 0.0, 0.0, 0.0, 0, 0, 0, 0.0, 0.0, 0.0, 0], "deviation": [0.0, 0.0, 0.0, 0.0, 0.0, 0.0, 0.0, 0.0, 0.0, 0.0, 0.0, 0.0, 0.0]}, "NSP15": {"data": [0.0, 0.0, 0, 0.0, 0.0, 0.0, 0, 0, 0, 0.0, 0.0, 0.0, 0], "deviation": [0.0, 0.0, 0.0, 0.0, 0.0, 0.0, 0.0, 0.0, 0.0, 0.0, 0.0, 0.0, 0.0]}, "NSP16": {"data": [0.0, 0.0, 0, 0.0, 0.0, 0.0, 0, 0, 0, 0.0, 0.0, 0.0, 0], "deviation": [0.0, 0.0, 0.0, 0.0, 0.0, 0.0, 0.0, 0.0, 0.0, 0.0, 0.0, 0.0, 0.0]}, "NS9b": {"data": [0.0, 0.0, 0, 0.0, 0.0, 0.0, 0, 0, 0, 0.0, 0.0, 0.0, 0], "deviation": [0.0, 0.0, 0.0, 0.0, 0.0, 0.0, 0.0, 0.0, 0.0, 0.0, 0.0, 0.0, 0.0]}, "NS6": {"data": [0.0, 0.0, 0, 0.0, 0.0, 0.0, 0, 0, 0, 0.0, 0.0, 0.0, 0], "deviation": [0.0, 0.0, 0.0, 0.0, 0.0, 0.0, 0.0, 0.0, 0.0, 0.0, 0.0, 0.0, 0.0]}, "NS9c": {"data": [0.0, 0.0, 0, 0.0, 0.0, 0.0, 0, 0, 0, 0.0, 0.0, 0.0, 0], "deviation": [0.0, 0.0, 0.0, 0.0, 0.0, 0.0, 0.0, 0.0, 0.0, 0.0, 0.0, 0.0, 0.0]}, "NSP1": {"data": [0.0, 0.0, 0, 0.0, 0.0, 0.0, 0, 0, 0, 0.0, 0.0, 0.0, 0], "deviation": [0.0, 0.0, 0.0, 0.0, 0.0, 0.0, 0.0, 0.0, 0.0, 0.0, 0.0, 0.9643054793328016, 0.0]}, "NSP2": {"data": [0.0, 0.0, 0, 0.0, 0.0, 0.0, 0, 0, 0, 0.0, 0.0, 0.0, 0], "deviation": [0.0, 0.0, 0.0, 0.0, 0.0, 0.0, 0.0, 0.0, 0.0, 0.0, 0.0, 0.0, 0.0]}, "NS8": {"data": [0.0, 0.0, 0, 0.0, 0.0, 0.0, 0, 0, 0, 0.0, 0.0, 0.0, 0], "deviation": [0.0, 0.0, 0.0, 0.0, 0.0, 0.0, 0.0, 0.0, 0.0, 0.0, 0.0, 0.0, 0.0]}, "NSP3": {"data": [0.0, 0.0, 0, 0.0, 0.0, 0.0, 0, 0, 0, 0.0, 0.0, 0.0, 0], "deviation": [0.0, 0.0, 0.0, 0.0, 0.0, 0.0, 0.0, 0.0, 0.0, 0.0, 0.0, 0.0, 0.0]}}, "missense": {"NSP4": {"data": [0.0, 0.0, 0, 0.0, 0.0, 0.0, 0, 0, 0, 0.0, 0.0, 0.0, 0], "deviation": [0.0, 0.0, 0.0, 0.621581560508061, 0.5, 0.0, 0.0, 0.9511897312113418, 0.775331929653101, 0.6811836617185656, 0.6544556208862591, 0.4842341981115023, 0.447213595499958]}, "E": {"data": [0.0, 0.0, 0, 0.0, 0.0, 0.0, 0, 0, 0, 0.0, 0.0, 0.0, 0], "deviation": [0.0, 0.0, 0.0, 0.0, 0.0, 0.0, 0.447213595499958, 0.0, 0.4803844614152614, 0.46581233568409464, 0.34783923802698247, 0.466091599699399, 0.0]}, "NS7a": {"data": [0.0, 0.0, 0, 0.0, 0.0, 0.0, 0, 0, 0, 0.0, 0.0, 0.0, 0], "deviation": [0.0, 0.0, 0.0, 0.0, 0.0, 0.0, 0.0, 0.37796447300922725, 0.19245008972987526, 0.3585825031987472, 0.4734320764739993, 0.49013251785356093, 0.0]}, "NSP5": {"data": [0.0, 0.0, 0, 0.0, 1.0, 0.5, 0, 0, 1, 1.0, 0.0, 0.0, 0], "deviation": [0.0, 0.5163977794943223, 0.0, 0.3892494720807615, 0.5, 0.7071067811865476, 0.447213595499958, 0.37796447300922725, 0.7060987881136028, 0.5669687195963273, 0.5028653529707439, 0.34574590364176044, 0.0]}, "NS7b": {"data": [0.0, 0.0, 0, 0.0, 0.0, 0.0, 0, 0, 0, 0.0, 0.0, 0.0, 0], "deviation": [0.0, 0.0, 0.0, 0.0, 0.5, 0.0, 0.0, 0.37796447300922725, 0.0, 0.0, 0.13130643285972254, 0.0, 0.0]}, "NSP6": {"data": [0.5, 0.0, 0, 0.0, 0.0, 0.0, 0, 0, 0, 0.0, 0.0, 0.0, 0], "deviation": [0.7071067811865476, 0.408248290463863, 0.0, 0.0, 0.0, 0.0, 0.0, 0.37796447300922725, 0.32025630761017426, 0.6563669781935203, 0.573934742744521, 0.5683207771559354, 0.0]}, "NSP7": {"data": [0.0, 0.0, 0, 0.0, 0.0, 0.0, 0, 0, 0, 0.0, 0.0, 0.0, 0], "deviation": [0.0, 0.0, 0.0, 0.28867513459481287, 0.0, 0.0, 0.0, 0.0, 0.19245008972987526, 0.19062587709298626, 0.13130643285972254, 0.0, 0.0]}, "NSP8": {"data": [0.0, 0.0, 0, 0.0, 0.0, 0.0, 0, 0, 0, 0.0, 0.0, 0.0, 0], "deviation": [0.0, 0.0, 0.0, 0.0, 0.0, 0.0, 0.0, 0.0, 0.0, 0.19062587709298626, 0.13130643285972254, 0.2537081317024624, 0.447213595499958]}, "Spike": {"data": [0.5, 1.0, 1, 1.0, 1.5, 1.0, 2, 2, 3, 3.0, 5.0, 7.0, 5], "deviation": [0.7071067811865476, 0.408248290463863, 0.8944271909999159, 0.6685579234215214, 1.2909944487358056, 0.0, 0.4472135954999579, 1.3972762620115438, 0.992851945536184, 1.927131671159867, 2.470883072485369, 1.659524928558094, 1.51657508881031]}, "NSP9": {"data": [0.0, 0.0, 0, 0.0, 0.0, 0.0, 0, 0, 0, 0.0, 0.0, 0.0, 0], "deviation": [0.0, 0.0, 0.0, 0.0, 0.0, 0.0, 0.447213595499958, 0.0, 0.19245008972987526, 0.0, 0.25560859370538297, 0.0, 0.0]}, "NSP10": {"data": [0.0, 0.0, 0, 0.0, 0.0, 0.0, 0, 0, 0, 0.0, 0.0, 0.0, 0], "deviation": [0.0, 0.0, 0.0, 0.0, 0.0, 0.0, 0.0, 0.0, 0.0, 0.0, 0.0, 0.0, 0.0]}, "NSP11": {"data": [0.0, 0.0, 0, 0.0, 0.0, 0.0, 0, 0, 0, 0.0, 0.0, 0.0, 0], "deviation": [0.0, 0.0, 0.0, 0.0, 0.0, 0.0, 0.0, 0.0, 0.0, 0.0, 0.0, 0.0, 0.0]}, "NSP12": {"data": [0.5, 1.0, 1, 1.0, 1.0, 1.0, 0, 1, 1, 1.0, 1.0, 1.0, 0], "deviation": [0.7071067811865476, 0.0, 0.4472135954999579, 0.0, 0.5, 0.0, 0.5477225575051661, 0.7867957924694432, 0.5063696835418333, 0.9248491292906565, 0.5126942699095282, 0.4497764451088036, 0.5477225575051661]}, "M": {"data": [1.0, 0.0, 0, 0.0, 0.0, 0.0, 0, 0, 1, 0.0, 0.0, 1.0, 0], "deviation": [1.4142135623730951, 0.0, 0.447213595499958, 0.0, 0.0, 0.0, 0.0, 0.5345224838248488, 0.6201736729460423, 0.7203248742951349, 0.5673086289311754, 0.5349830806219241, 0.5477225575051661]}, "NSP13": {"data": [0.0, 0.0, 0, 0.0, 0.5, 0.0, 0, 0, 0, 0.0, 0.0, 0.0, 0],