{"indel": {"NSP4": {"data": [0.0, 0.0, 0.0, 0.0, 0, 0, 0.0, 0.0], "deviation": [0.0, 0.0, 0.0, 0.0, 0.0, 0.0, 0.0, 0.0]}, "E": {"data": [0.0, 0.0, 0.0, 0.0, 0, 0, 0.0, 0.0], "deviation": [0.0, 0.0, 0.0, 0.0, 0.0, 0.0, 0.0, 0.0]}, "NS7a": {"data": [0.0, 0.0, 0.0, 0.0, 0, 0, 0.0, 0.0], "deviation": [0.0, 0.0, 0.0, 0.0, 0.0, 0.0, 0.0, 0.0]}, "NSP5": {"data": [0.0, 0.0, 0.0, 0.0, 0, 0, 0.0, 0.0], "deviation": [0.0, 0.0, 0.0, 0.0, 0.0, 0.0, 0.0, 0.0]}, "NS7b": {"data": [0.0, 0.0, 0.0, 0.0, 0, 0, 0.0, 0.0], "deviation": [0.0, 0.0, 0.0, 0.0, 0.0, 0.0, 0.0, 0.0]}, "NSP6": {"data": [0.0, 3.0, 3.0, 3.0, 3, 3, 3.0, 0.0], "deviation": [1.2649110640673518, 1.224744871391589, 0.0, 0.0, 1.4012980994907414, 0.0, 1.5526475085202969, 0.0]}, "NSP7": {"data": [0.0, 0.0, 0.0, 0.0, 0, 0, 0.0, 0.0], "deviation": [0.0, 0.0, 0.0, 0.0, 0.0, 0.0, 0.0, 0.0]}, "NSP8": {"data": [0.0, 0.0, 0.0, 0.0, 0, 0, 0.0, 0.0], "deviation": [0.0, 0.0, 0.0, 0.0, 0.0, 0.0, 0.0, 0.0]}, "Spike": {"data": [0.0, 3.0, 3.0, 3.0, 3, 3, 0.0, 2.0], "deviation": [1.2649110640673518, 1.224744871391589, 0.0, 0.621581560508061, 1.3751033019046572, 1.3416407864998738, 1.3887301496588271, 0.5773502691896257]}, "NSP9": {"data": [0.0, 0.0, 0.0, 0.0, 0, 0, 0.0, 0.0], "deviation": [0.0, 0.0, 0.0, 0.0, 0.0, 0.0, 0.0, 0.0]}, "NSP10": {"data": [0.0, 0.0, 0.0, 0.0, 0, 0, 0.0, 0.0], "deviation": [0.42163702135578396, 0.408248290463863, 0.0, 0.28867513459481287, 0.30151134457776363, 0.0, 0.0, 0.3892494720807615]}, "NSP11": {"data": [0.0, 0.0, 0.0, 0.0, 0, 0, 0.0, 0.0], "deviation": [0.0, 0.0, 0.0, 0.0, 0.0, 0.0, 0.0, 0.0]}, "NSP12": {"data": [0.0, 0.0, 0.0, 0.0, 0, 0, 0.0, 0.0], "deviation": [0.0, 0.0, 0.0, 0.0, 0.0, 0.0, 0.0, 0.0]}, "M": {"data": [0.0, 0.0, 0.0, 0.0, 0, 0, 0.0, 0.0], "deviation": [0.0, 0.0, 0.0, 0.0, 0.0, 0.0, 0.0, 0.0]}, "NSP13": {"data": [0.0, 0.0, 0.0, 0.0, 0, 0, 0.0, 0.0], "deviation": [0.0, 0.0, 0.0, 0.0, 0.0, 0.0, 0.0, 0.0]}, "N": {"data": [0.0, 0.0, 0.0, 0.0, 0, 0, 0.0, 0.0], "deviation": [0.0, 0.0, 0.0, 0.28867513459481287, 0.0, 0.0, 0.0, 0.0]}, "NSP14": {"data": [0.0, 0.0, 0.0, 0.0, 0, 0, 0.0, 0.0], "deviation": [0.0, 0.0, 0.0, 0.0, 0.0, 0.0, 0.0, 0.0]}, "NS3": {"data": [0.0, 0.0, 0.0, 0.0, 0, 0, 0.0, 0.0], "deviation": [0.0, 0.0, 0.0, 0.0, 0.0, 0.0, 0.0, 0.0]}, "NSP15": {"data": [0.0, 0.0, 0.0, 0.0, 0, 0, 0.0, 0.0], "deviation": [0.0, 0.0, 0.0, 0.0, 0.0, 0.0, 0.0, 0.0]}, "NSP16": {"data": [0.0, 0.0, 0.0, 0.0, 0, 0, 0.0, 0.0], "deviation": [0.0, 0.0, 0.0, 0.0, 0.0, 0.0, 0.0, 0.0]}, "NS9b": {"data": [0.0, 0.0, 0.0, 0.0, 0, 0, 0.0, 0.0], "deviation": [0.0, 0.0, 0.0, 0.0, 0.0, 0.0, 0.0, 0.0]}, "NS6": {"data": [0.0, 0.0, 0.0, 0.0, 0, 0, 0.0, 0.0], "deviation": [0.42163702135578396, 0.0, 0.0, 0.0, 0.0, 0.0, 0.0, 0.0]}, "NS9c": {"data": [0.0, 0.0, 0.0, 0.0, 0, 0, 0.0, 0.0], "deviation": [0.0, 0.0, 0.0, 0.0, 0.0, 0.0, 0.0, 0.0]}, "NSP1": {"data": [0.0, 0.0, 0.0, 0.0, 0, 0, 0.0, 0.0], "deviation": [0.0, 0.0, 0.0, 0.0, 0.0, 0.0, 0.0, 0.0]}, "NSP2": {"data": [0.0, 0.0, 0.0, 0.0, 0, 0, 0.0, 0.0], "deviation": [0.0, 0.0, 0.0, 0.0, 0.0, 0.0, 0.0, 0.0]}, "NS8": {"data": [0.0, 0.0, 0.0, 0.0, 0, 0, 0.0, 0.0], "deviation": [0.0, 0.0, 0.0, 0.0, 0.0, 0.0, 0.0, 0.0]}, "NSP3": {"data": [0.0, 0.0, 0.0, 0.0, 0, 0, 0.0, 0.0], "deviation": [0.0, 0.0, 0.0, 0.0, 0.0, 0.894427190999916, 0.0, 0.0]}}, "missense": {"NSP4": {"data": [0.5, 0.0, 0.0, 0.0, 0, 0, 1.5, 2.0], "deviation": [0.5270462766947299, 0.0, 0.0, 1.2401124093721456, 0.9244162777371754, 1.3416407864998738, 1.3024701806293193, 0.49236596391733095]}, "E": {"data": [0.0, 0.0, 0.0, 0.0, 0, 0, 0.0, 0.0], "deviation": [0.0, 0.0, 0.0, 0.0, 0.30151134457776363, 0.0, 0.0, 0.0]}, "NS7a": {"data": [0.0, 0.0, 0.0, 0.0, 0, 0, 0.0, 2.0], "deviation": [0.0, 0.0, 0.408248290463863, 0.28867513459481287, 0.46709936649691375, 0.0, 0.3535533905932738, 0.6685579234215214]}, "NSP5": {"data": [0.0, 0.0, 0.0, 0.0, 0, 0, 0.0, 0.0], "deviation": [0.42163702135578396, 0.5163977794943223, 0.408248290463863, 0.28867513459481287, 0.0, 0.447213595499958, 0.0, 0.0]}, "NS7b": {"data": [0.0, 0.0, 0.0, 0.0, 0, 0, 0.0, 1.0], "deviation": [0.31622776601683794, 0.0, 0.0, 0.0, 0.0, 0.447213595499958, 0.4629100498862757, 0.49236596391733095]}, "NSP6": {"data": [0.0, 0.0, 1.0, 0.0, 1, 1, 0.5, 1.0], "deviation": [0.0, 0.408248290463863, 0.5163977794943222, 0.49236596391733095, 0.5222329678670935, 0.5477225575051661, 0.5345224838248488, 0.5149286505444373]}, "NSP7": {"data": [0.0, 0.0, 0.0, 0.0, 0, 0, 0.0, 0.0], "deviation": [0.0, 0.0, 0.0, 0.0, 0.0, 0.0, 0.0, 0.0]}, "NSP8": {"data": [0.0, 0.0, 0.0, 0.0, 0, 0, 0.0, 0.0], "deviation": [0.0, 0.0, 0.0, 0.0, 0.4045199174779452, 0.0, 0.0, 0.0]}, "Spike": {"data": [2.0, 6.5, 7.0, 7.0, 8, 7, 8.0, 8.5], "deviation": [2.057506581601462, 2.250925735484551, 0.408248290463863, 0.7929614610987591, 1.044465935734187, 1.3038404810405297, 3.295017884191656, 0.90033663737852]}, "NSP9": {"data": [0.0, 0.0, 0.0, 0.0, 0, 0, 0.0, 0.0], "deviation": [0.31622776601683794, 0.0, 0.0, 0.0, 0.30151134457776363, 0.0, 0.3535533905932738, 0.28867513459481287]}, "NSP10": {"data": [0.0, 0.0, 0.0, 0.0, 0, 0, 0.0, 0.0], "deviation": [4.43345864484553, 4.08248290463863, 0.0, 2.8867513459481287, 3.0, 0.0, 0.0, 3.892494720807615]}, "NSP11": {"data": [0.0, 0.0, 0.0, 0.0, 0, 0, 0.0, 0.0], "deviation": [0.0, 0.0, 0.0, 0.0, 0.0, 0.0, 0.0, 0.0]}, "NSP12": {"data": [1.0, 1.0, 1.0, 1.0, 1, 1, 1.5, 2.0], "deviation": [0.0, 0.0, 0.5163977794943222, 0.49236596391733095, 0.0, 0.4472135954999579, 0.9258200997725514, 0.8660254037844386]}, "M": {"data": [0.0, 0.0, 0.0, 0.0, 0, 0, 0.0, 1.0], "deviation": [0.0, 0.0, 0.0, 0.3892494720807615, 0.504524979109513, 0.0, 0.0, 0.5149286505444373]}, "NSP13": {"data": [0.0, 0.0, 0.5, 1.5, 1, 0, 1.0, 1.0], "deviation": [0.42163702135578396, 0.408248290463863, 0.816496580927726, 0.9962049198956219, 0.8738628975053029, 0.5477225575051661, 0.6408699444616557, 0.49236596391733095]}, "N": {"data": [3.0, 4.0, 4.0, 4.0, 4, 4, 3.5, 4.0], "deviation": [0.9189365834726815, 0.816496580927726, 0.0, 0.9653072991634227, 1.2135597524338357, 1.0954451150103321, 1.4880476182856899, 0.9045340337332909]}, "NSP14": {"data": [1.0, 0.5, 0.0, 0.5, 0, 0, 0.0, 1.0], "deviation": [0.5163977794943222, 0.5477225575051661, 0.408248290463863, 0.5222329678670935, 0.46709936649691375, 0.447213595499958, 0.5175491695067657, 0.28867513459481287]}, "NS3": {"data": [0.0, 0.5, 1.0, 0.0, 0, 1, 1.0, 2.0], "deviation": [1.0749676997731399, 0.816496580927726, 0.5163977794943222, 0.45226701686664544, 0.8090398349558905, 0.8366600265340756, 1.5979898086569353, 0.5149286505444373]}, "NSP15": {"data": [0.0, 0.0, 0.0, 0.0, 0, 0, 0.0, 0.0], "deviation": [0.31622776601683794, 0.0, 0.0, 0.28867513459481287, 0.9341987329938275, 0.447213595499958, 0.7559289460184544, 0.28867513459481287]}, "NSP16": {"data": [0.0, 0.0, 0.0, 0.0, 0, 0, 0.0, 0.0], "deviation": [0.42163702135578396, 0.408248290463863, 0.0, 0.28867513459481287, 0.4045199174779452, 0.447213595499958, 0.5175491695067657, 0.0]}, "NS9b": {"data": [0.0, 0.0, 0.0, 0.0, 0, 0, 0.0, 0.0], "deviation": [0.0, 0.0, 0.0, 0.0, 0.0, 0.0, 0.0, 0.0]}, "NS6": {"data": [0.0, 0.0, 0.0, 0.0, 0, 0, 0.0, 0.0], "deviation": [2.9514591494904874, 0.0, 0.0, 0.0, 0.0, 0.0, 0.0, 0.28867513459481287]}, "NS9c": {"data": [0.0, 0.0, 0.0, 0.0, 0, 0, 0.0, 0.0], "deviation": [0.0, 0.0, 0.0, 0.0, 0.0, 0.0, 0.0, 0.0]}, "NSP1": {"data": [0.0, 0.0, 0.0, 0.0, 0, 0, 0.0, 0.0], "deviation": [0.0, 0.0, 0.0, 0.28867513459481287, 0.0, 0.0, 0.4629100498862757, 0.0]}, "NSP2": {"data": [1.0, 1.0, 0.0, 0.0, 0, 0, 0.0, 1.0], "deviation": [0.4216370213557839, 0.408248290463863, 0.0, 0.6685579234215214, 0.504524979109513, 0.447213595499958, 0.4629100498862757, 0.5149286505444373]}, "NS8": {"data": [0.5, 3.0, 3.0, 3.0, 3, 3, 1.5, 0.0], "deviation": [1.1972189997378648, 1.3662601021279464, 0.408248290463863, 0.90033663737852, 1.4893561757289013, 1.4142135623730951, 1.1952286093343936, 0.8660254037844386]}, "NSP3": {"data": [3.0, 3.0, 3.5, 3.0, 3, 3, 3.0, 3.0],