{"indel": {"NSP4": {"data": [0, 0.0, 0.0, 0, 0.0, 0], "deviation": [0.0, 0.0, 0.0, 0.0, 0.0, 0.0]}, "E": {"data": [0, 0.0, 0.0, 0, 0.0, 0], "deviation": [0.0, 0.0, 0.0, 0.0, 0.0, 0.0]}, "NS7a": {"data": [0, 0.0, 0.0, 0, 0.0, 0], "deviation": [0.0, 0.0, 0.0, 0.0, 0.0, 0.0]}, "NSP5": {"data": [0, 0.0, 0.0, 0, 0.0, 0], "deviation": [0.0, 0.0, 0.0, 0.0, 0.0, 0.0]}, "NS7b": {"data": [0, 0.0, 0.0, 0, 0.0, 1], "deviation": [0.0, 0.5, 0.38025419651629616, 0.0, 0.5066403971048989, 0.0]}, "NSP6": {"data": [0, 0.0, 3.0, 3, 3.0, 3], "deviation": [0.0, 1.5, 1.4361406616345072, 1.5, 0.7164977208318386, 0.0]}, "NSP7": {"data": [0, 0.0, 0.0, 0, 0.0, 0], "deviation": [0.0, 0.0, 0.0, 0.0, 0.0, 0.0]}, "NSP8": {"data": [0, 0.0, 0.0, 0, 0.0, 0], "deviation": [0.0, 0.0, 0.0, 0.0, 0.0, 0.0]}, "Spike": {"data": [0, 0.0, 6.0, 0, 6.0, 6], "deviation": [0.0, 3.0, 2.276028896934865, 1.5811388300841898, 2.591120171531129, 0.0]}, "NSP9": {"data": [0, 0.0, 0.0, 0, 0.0, 0], "deviation": [0.0, 0.0, 0.0, 0.0, 0.0, 0.0]}, "NSP10": {"data": [0, 0.0, 0.0, 0, 0.0, 0], "deviation": [0.0, 0.0, 0.0, 0.0, 0.0, 0.0]}, "NSP11": {"data": [0, 0.0, 0.0, 0, 0.0, 0], "deviation": [0.0, 0.0, 0.0, 0.0, 0.0, 0.0]}, "NSP12": {"data": [0, 0.0, 0.0, 0, 0.0, 0], "deviation": [0.0, 0.0, 0.0, 0.0, 0.0, 0.0]}, "M": {"data": [0, 0.0, 0.0, 0, 0.0, 0], "deviation": [0.0, 0.0, 0.0, 0.0, 0.0, 0.0]}, "NSP13": {"data": [0, 0.0, 0.0, 0, 0.0, 0], "deviation": [0.0, 0.0, 0.0, 0.0, 0.0, 0.0]}, "N": {"data": [0, 0.0, 0.0, 0, 0.0, 0], "deviation": [0.0, 0.0, 0.125, 0.0, 0.0, 0.0]}, "NSP14": {"data": [0, 0.0, 0.0, 0, 0.0, 0], "deviation": [0.0, 0.0, 0.0, 0.0, 0.0, 0.0]}, "NS3": {"data": [0, 0.0, 0.0, 0, 0.0, 0], "deviation": [0.0, 0.0, 0.125, 0.0, 0.0, 0.0]}, "NSP15": {"data": [0, 0.0, 0.0, 0, 0.0, 0], "deviation": [0.0, 0.0, 0.0, 0.0, 0.0, 0.0]}, "NSP16": {"data": [0, 0.0, 0.0, 0, 0.0, 0], "deviation": [0.0, 0.0, 0.0, 0.0, 0.0, 0.0]}, "NS9b": {"data": [0, 0.0, 0.0, 0, 0.0, 0], "deviation": [0.0, 0.0, 0.0, 0.0, 0.0, 0.0]}, "NS6": {"data": [0, 0.0, 0.0, 0, 0.0, 0], "deviation": [0.0, 0.0, 1.125, 0.0, 0.0, 0.0]}, "NS9c": {"data": [0, 0.0, 0.0, 0, 0.0, 0], "deviation": [0.0, 0.0, 0.0, 0.0, 0.0, 0.0]}, "NSP1": {"data": [0, 0.0, 0.0, 0, 0.0, 0], "deviation": [0.0, 0.0, 0.0, 0.0, 0.0, 0.0]}, "NSP2": {"data": [0, 0.0, 0.0, 0, 0.0, 0], "deviation": [0.0, 0.0, 0.0, 0.0, 0.0, 0.0]}, "NS8": {"data": [0, 0.0, 0.0, 0, 0.0, 0], "deviation": [0.0, 0.0, 0.0, 0.0, 0.0, 0.0]}, "NSP3": {"data": [0, 0.0, 0.0, 0, 0.0, 0], "deviation": [0.0, 0.0, 0.0, 0.0, 0.0, 0.0]}}, "missense": {"NSP4": {"data": [0, 0.0, 0.0, 0, 0.0, 0], "deviation": [0.5773502691896258, 0.0, 0.9320942029508622, 0.44095855184409843, 0.0, 0.0]}, "E": {"data": [0, 0.0, 0.0, 0, 0.0, 0], "deviation": [0.0, 0.5, 0.125, 0.5, 0.17149858514250885, 0.0]}, "NS7a": {"data": [0, 0.0, 0.0, 0, 0.0, 0], "deviation": [0.0, 0.0, 0.8236039173646594, 0.5, 0.38695299497594743, 0.0]}, "NSP5": {"data": [0, 0.0, 0.0, 0, 0.0, 0], "deviation": [0.5773502691896258, 0.0, 0.21304202581158665, 0.44095855184409843, 0.3270349700838643, 0.0]}, "NS7b": {"data": [0, 0.0, 0.0, 0, 0.0, 0], "deviation": [0.0, 0.0, 0.35038244411336755, 0.0, 0.0, 0.0]}, "NSP6": {"data": [0, 0.5, 0.0, 0, 0.0, 0], "deviation": [0.5773502691896258, 1.4142135623730951, 0.6354288640515485, 0.7071067811865476, 0.41042563012190475, 0.0]}, "NSP7": {"data": [0, 0.0, 0.0, 0, 0.0, 0], "deviation": [0.0, 0.0, 0.0, 0.0, 0.0, 0.0]}, "NSP8": {"data": [0, 0.0, 0.0, 0, 0.0, 0], "deviation": [0.0, 0.0, 0.17536809360305042, 0.0, 0.3270349700838643, 0.0]}, "Spike": {"data": [2, 2.5, 9.0, 6, 9.0, 9], "deviation": [0.5773502691896257, 3.593976442141304, 1.8542502656381223, 2.6457513110645907, 2.0588489939856327, 1.1547005383792515]}, "NSP9": {"data": [0, 0.0, 0.0, 0, 0.0, 0], "deviation": [0.0, 0.0, 0.17536809360305042, 0.0, 0.17149858514250885, 0.0]}, "NSP10": {"data": [0, 0.0, 0.0, 0, 0.0, 0], "deviation": [0.0, 0.0, 0.0, 0.0, 0.0, 0.0]}, "NSP11": {"data": [0, 0.0, 0.0, 0, 0.0, 0], "deviation": [0.0, 0.0, 0.0, 0.0, 0.0, 0.0]}, "NSP12": {"data": [1, 1.0, 1.0, 1, 1.0, 1], "deviation": [1.5275252316519468, 0.5, 0.5107961417363079, 0.33333333333333337, 0.3429971702850177, 0.0]}, "M": {"data": [0, 0.0, 0.0, 0, 0.0, 0], "deviation": [0.0, 0.0, 0.524924408768191, 0.5270462766947299, 0.38695299497594743, 0.0]}, "NSP13": {"data": [0, 0.0, 1.0, 0, 1.0, 1], "deviation": [1.1547005383792517, 0.5, 0.4260840516231733, 0.3333333333333333, 0.47485807993381707, 0.0]}, "N": {"data": [2, 1.0, 1.0, 2, 1.0, 1], "deviation": [1.5275252316519468, 0.816496580927726, 1.474653577828764, 0.8819171036881968, 1.348399724926484, 0.5773502691896257]}, "NSP14": {"data": [1, 0.0, 0.0, 0, 0.0, 0], "deviation": [0.5773502691896257, 0.5, 0.491747370293402, 0.0, 0.17149858514250885, 0.0]}, "NS3": {"data": [1, 0.0, 1.0, 0, 0.0, 0], "deviation": [0.5773502691896257, 0.5, 0.6354288640515485, 1.3944333775567928, 0.5970814340265321, 0.0]}, "NSP15": {"data": [0, 0.0, 0.0, 0, 0.0, 0], "deviation": [0.0, 0.5, 0.21304202581158665, 0.3333333333333333, 0.0, 0.0]}, "NSP16": {"data": [0, 0.0, 0.0, 0, 0.0, 1], "deviation": [0.0, 0.0, 0.0, 0.0, 0.2879022412812366, 0.5773502691896257]}, "NS9b": {"data": [0, 0.0, 0.0, 0, 0.0, 0], "deviation": [0.0, 0.0, 0.0, 0.0, 0.0, 0.0]}, "NS6": {"data": [0, 0.0, 0.0, 0, 0.0, 0], "deviation": [0.0, 0.0, 0.21304202581158665, 0.0, 0.0, 0.0]}, "NS9c": {"data": [0, 0.0, 0.0, 0, 0.0, 0], "deviation": [0.0, 0.0, 0.0, 0.0, 0.0, 0.0]}, "NSP1": {"data": [0, 0.0, 0.0, 0, 0.0, 0], "deviation": [0.0, 0.0, 0.125, 0.3333333333333333, 0.3270349700838643, 0.0]}, "NSP2": {"data": [0, 0.0, 1.0, 0, 1.0, 1], "deviation": [0.5773502691896258, 1.0, 0.5554563403470574, 0.5, 0.5066403971048989, 0.0]}, "NS8": {"data": [0, 0.0, 0.0, 0, 0.0, 0], "deviation": [0.5773502691896258, 1.0, 0.9256861462017465, 1.3333333333333333, 1.533058178830518, 0.0]}, "NSP3": {"data": [1, 1.0, 1.0, 2, 1.0, 1], "deviation": [0.5773502691896257, 0.0, 1.4796905510896956, 1.1666666666666667, 1.0410470527944005, 0.5773502691896257]}}, "labels": ["11/2020", "12/2020", "01/2021", "02/2021", "03/2021", "04/2021"]}