{"indel": {"NSP4": {"data": [0.0, 0.0, 0, 0, 0, 0.0, 0, 0.0, 0, 0.0, 0.0, 0, 0.0, 0.0, 0.0, 0, 0, 0, 0.0], "deviation": [0.0, 0.0, 0.0, 0.0, 0.0, 0.0, 0.0, 0.0, 0.0, 0.0, 0.0, 0.0, 0.0, 0.0, 0.0, 0.029049644688706338, 0.11762651198231291, 0.025691749776935398, 0.1210825778220408]}, "E": {"data": [0.0, 0.0, 0, 0, 0, 0.0, 0, 0.0, 0, 0.0, 0.0, 0, 0.0, 0.0, 0.0, 0, 0, 0, 0.0], "deviation": [0.0, 0.0, 0.0, 0.0, 0.0, 0.0, 0.0, 0.0, 0.0, 0.0, 0.0, 0.0, 0.0, 0.0, 0.0, 0.0, 0.0, 0.0, 0.0]}, "NS7a": {"data": [0.0, 0.0, 0, 0, 0, 0.0, 0, 0.0, 0, 0.0, 0.0, 0, 0.0, 0.0, 0.0, 0, 0, 0, 0.0], "deviation": [0.0, 0.21995972299756325, 0.0, 0.0, 0.10050378152592121, 0.0, 0.0, 1.1547005383792517, 0.0, 0.0, 0.0, 0.0, 0.0, 1.9032450378497794, 0.06533670217118065, 0.33720313282683373, 0.10882010557721641, 0.8571915084854933, 0.09876864943633401]}, "NSP5": {"data": [0.0, 0.0, 0, 0, 0, 0.0, 0, 0.0, 0, 0.0, 0.0, 0, 0.0, 0.0, 0.0, 0, 0, 0, 0.0], "deviation": [0.0, 0.0, 0.0, 0.0, 0.0, 0.0, 0.0, 0.0, 0.0, 0.0, 0.0, 0.0, 0.0, 0.0, 0.0, 0.0, 0.0, 0.0, 0.4705918538536189]}, "NS7b": {"data": [0.0, 0.0, 0, 0, 0, 0.0, 0, 0.0, 0, 0.0, 0.0, 0, 0.0, 0.0, 0.0, 0, 0, 0, 0.0], "deviation": [0.0, 0.0, 0.0, 0.0, 0.0, 0.0, 0.0, 0.0, 0.0, 0.0, 0.0, 0.0, 0.0, 0.0, 0.03272099955018442, 0.029049644688706338, 0.0, 0.0, 0.0]}, "NSP6": {"data": [0.0, 0.0, 0, 0, 0, 0.0, 0, 0.0, 0, 0.0, 0.0, 0, 0.0, 3.0, 3.0, 3, 3, 3, 3.0], "deviation": [0.0, 0.0, 0.0, 0.0, 0.0, 0.0, 0.0, 0.0, 0.0, 0.0, 1.1658898710318497, 0.8729943901870235, 1.1409434899367712, 1.4294349767818346, 1.3515943246944468, 1.0821124378213112, 1.5573975243180802, 0.8801404361281775, 1.4411795741109323]}, "NSP7": {"data": [0.0, 0.0, 0, 0, 0, 0.0, 0, 0.0, 0, 0.0, 0.0, 0, 0.0, 0.0, 0.0, 0, 0, 0, 0.0], "deviation": [0.0, 0.0, 0.0, 0.0, 0.0, 0.0, 0.0, 0.0, 0.0, 0.0, 0.0, 0.0, 0.0, 0.0, 0.0, 0.0, 0.0, 0.0, 0.0]}, "NSP8": {"data": [0.0, 0.0, 0, 0, 0, 0.0, 0, 0.0, 0, 0.0, 0.0, 0, 0.0, 0.0, 0.0, 0, 0, 0, 0.0], "deviation": [0.0, 0.0, 0.0, 0.0, 0.0, 0.0, 0.0, 0.0, 0.0, 0.0, 0.0, 0.0, 0.0, 0.0, 0.0, 0.0, 0.0, 0.0, 0.0]}, "Spike": {"data": [0.0, 0.0, 0, 0, 0, 0.0, 0, 0.0, 0, 0.0, 0.0, 0, 0.0, 0.0, 0.0, 0, 0, 0, 0.0], "deviation": [0.0, 0.0, 0.14704292441876154, 0.0, 0.0, 0.0, 0.1443214031708876, 0.0, 0.09578262852211514, 0.0, 0.8401963574888113, 1.8793169582538687, 3.837478680130125, 4.340743887099125, 4.121850621373952, 4.118776903880986, 3.144766715630505, 4.022055330295962, 6.837943520357804]}, "NSP9": {"data": [0.0, 0.0, 0, 0, 0, 0.0, 0, 0.0, 0, 0.0, 0.0, 0, 0.0, 0.0, 0.0, 0, 0, 0, 0.0], "deviation": [0.0, 0.0, 0.0, 0.0, 0.0, 0.0, 0.0, 0.0, 0.0, 0.0, 0.0, 0.0, 0.0, 0.0, 0.0, 0.0, 0.0, 0.0, 0.0]}, "NSP10": {"data": [0.0, 0.0, 0, 0, 0, 0.0, 0, 0.0, 0, 0.0, 0.0, 0, 0.0, 0.0, 0.0, 0, 0, 0, 0.0], "deviation": [0.0, 0.0, 0.0, 0.0, 0.0, 0.0, 0.0, 0.0, 0.0, 0.0, 0.0, 0.0, 0.0, 0.0, 0.0, 0.0, 0.0, 0.051383499553870796, 0.0]}, "NSP11": {"data": [0.0, 0.0, 0, 0, 0, 0.0, 0, 0.0, 0, 0.0, 0.0, 0, 0.0, 0.0, 0.0, 0, 0, 0, 0.0], "deviation": [0.0, 0.0, 0.0, 0.0, 0.0, 0.0, 0.0, 0.0, 0.0, 0.0, 0.0, 0.0, 0.0, 0.0, 0.0, 0.0, 0.0, 0.0, 0.0]}, "NSP12": {"data": [0.0, 0.0, 0, 0, 0, 0.0, 0, 0.0, 0, 0.0, 0.0, 0, 0.0, 0.0, 0.0, 0, 0, 0, 0.0], "deviation": [0.0, 0.0, 0.0, 0.0, 0.0, 0.0, 0.0, 0.0, 0.0, 0.0, 0.0, 0.0, 0.0, 0.0, 0.0, 0.0, 0.0, 0.10276699910774159, 6.002323532231375]}, "M": {"data": [0.0, 0.0, 0, 0, 0, 0.0, 0, 0.0, 0, 0.0, 0.0, 0, 0.0, 0.0, 0.0, 0, 0, 0, 0.0], "deviation": [0.0, 0.0, 0.0, 0.0, 0.0, 0.0, 0.0, 0.0, 0.0, 0.0, 0.0, 0.0, 0.0, 0.0, 0.0, 0.0, 0.0, 0.10276699910774159, 0.0]}, "NSP13": {"data": [0.0, 0.0, 0, 0, 0, 0.0, 0, 0.0, 0, 0.0, 0.0, 0, 0.0, 0.0, 0.0, 0, 0, 0, 0.0], "deviation": [0.0, 0.0, 0.0, 0.0, 0.0, 0.0, 0.0, 0.0, 0.0, 0.0, 0.0, 0.0, 0.0, 0.0, 0.0, 0.0, 0.0, 0.0, 2.5107099634133827]}, "N": {"data": [0.0, 0.0, 0, 0, 0, 0.0, 0, 0.0, 0, 0.0, 0.0, 0, 0.0, 0.0, 0.0, 0, 0, 0, 0.0], "deviation": [0.0, 0.0, 0.0, 0.07602859212697055, 0.0, 0.0, 0.0, 0.0, 0.5746957711326909, 0.0, 0.0, 0.0, 0.0, 0.052851642258169, 0.4403346192498657, 0.5622740166425177, 0.6269191519121364, 0.6894768431383759, 2.312000514514736]}, "NSP14": {"data": [0.0, 0.0, 0, 0, 0, 0.0, 0, 0.0, 0, 0.0, 0.0, 0, 0.0, 0.0, 0.0, 0, 0, 0, 0.0], "deviation": [0.0, 0.0, 0.0, 0.0, 0.0, 0.0, 0.0, 0.0, 0.0, 0.0, 0.0, 0.0, 0.0, 1.110994261208869, 0.0, 0.0, 0.0, 0.0, 0.03137279025690793]}, "NS3": {"data": [0.0, 0.0, 0, 0, 0, 0.0, 0, 0.0, 0, 0.0, 0.0, 0, 0.0, 0.0, 0.0, 0, 0, 0, 0.0], "deviation": [0.0, 0.0, 0.0, 0.0, 0.0, 0.0, 0.41039134083406165, 0.0, 0.0, 0.0, 0.0, 0.0, 0.0, 0.052851642258169, 0.0, 0.3016376784928483, 1.0401528304700376, 0.3249133845584055, 2.579907174127199]}, "NSP15": {"data": [0.0, 0.0, 0, 0, 0, 0.0, 0, 0.0, 0, 0.0, 0.0, 0, 0.0, 0.0, 0.0, 0, 0, 0, 0.0], "deviation": [0.0, 0.0, 0.0, 0.0, 0.0, 0.0, 0.0, 0.0, 0.0, 0.0, 0.0, 0.16275769175423188, 0.0, 0.211406569032676, 0.0, 0.0, 0.0, 0.051383499553870796, 1.0980476589917776]}, "NSP16": {"data": [0.0, 0.0, 0, 0, 0, 0.0, 0, 0.0, 0, 0.0, 0.0, 0, 0.0, 0.0, 0.0, 0, 0, 0, 0.0], "deviation": [0.0, 0.0, 0.0, 0.0, 0.0, 0.0, 0.0, 0.0, 0.0, 0.0, 0.0, 0.0, 0.0, 0.0, 0.0, 0.0, 0.0, 1.8137251574272848, 0.0]}, "NS9b": {"data": [0.0, 0.0, 0, 0, 0, 0.0, 0, 0.0, 0, 0.0, 0.0, 0, 0.0, 0.0, 0.0, 0, 0, 0, 0.0], "deviation": [0.0, 0.0, 0.0, 0.0, 0.0, 0.0, 0.0, 0.0, 0.0, 0.0, 0.0, 0.0, 0.0, 0.0, 0.0, 0.0, 0.0, 0.0, 0.0]}, "NS6": {"data": [0.0, 0.0, 0, 0, 0, 0.0, 0, 0.0, 0, 0.0, 0.0, 0, 0.0, 0.0, 0.0, 0, 0, 0, 0.0], "deviation": [0.0, 0.0, 0.0, 0.0, 0.0, 0.0, 0.0, 0.0, 0.0, 0.0, 0.0, 0.0, 0.0, 0.0, 0.0, 0.26303133454268474, 0.23137852352807736, 0.0, 0.0]}, "NS9c": {"data": [0.0, 0.0, 0, 0, 0, 0.0, 0, 0.0, 0, 0.0, 0.0, 0, 0.0, 0.0, 0.0, 0, 0, 0, 0.0], "deviation": [0.0, 0.0, 0.0, 0.0, 0.0, 0.0, 0.0, 0.0, 0.0, 0.0, 0.0, 0.0, 0.0, 0.0, 0.0, 0.0, 0.0, 0.0, 0.0]}, "NSP1": {"data": [0.0, 0.0, 0, 0, 0, 0.0, 0, 0.0, 0, 0.0, 0.0, 0, 0.0, 0.0, 0.0, 0, 0, 0, 0.0], "deviation": [0.0, 0.0, 0.5562908047590391, 0.0, 1.0284551802193704, 0.8274439780288528, 0.5129891760425771, 0.0, 0.0, 0.0, 0.0, 0.0, 0.22485950669875843, 0.19031278689695447, 0.09816299865055328, 0.2654508146928486, 0.28071081315608587, 0.5107099009573389, 0.7574232150457221]}, "NSP2": {"data": [0.0, 0.0, 0, 0, 0, 0.0, 0, 0.0, 0, 0.0, 0.0, 0, 0.0, 0.0, 0.0, 0, 0, 0, 0.0], "deviation": [0.0, 0.08998276110179976, 0.0, 0.0, 0.0, 0.0, 0.0, 0.0, 0.0, 0.23570226039551584, 0.0, 0.0, 0.0, 0.052851642258169, 0.0, 0.041065048849004776, 0.0, 0.0628276753703766, 3.636369049084271]}, "NS8": {"data": [0.0, 0.0, 0, 0, 0, 0.0, 0, 0.0, 0, 0.0, 0.0, 0, 0.0, 0.0, 0.0, 0, 0, 0, 0.0], "deviation": [0.0, 0.0, 0.0, 0.0, 0.19790700347467463, 0.0, 0.0, 0.0, 0.0, 0.0, 0.0, 0.0, 0.0, 0.4246320152827014, 0.09249935186479566, 0.11605127434899136, 0.02570872483645304, 0.0363216197792823, 0.04434596401322282]}, "NSP3": {"data": [0.0, 0.0, 0, 0, 0, 0.0, 0, 0.0, 0, 0.0, 0.0, 0, 0.0, 0.0, 0.0, 0, 0, 0, 0.0], "deviation": [0.0, 0.0, 3.4555087238408966, 0.0, 0.0, 0.0, 0.10259783520851541, 0.0, 0.0, 0.0, 0.09712858623572641, 0.08137884587711594, 0.0, 0.052851642258169, 0.03272099955018442, 0.041065048849004776, 0.02570872483645304, 2.895347490092544, 5.645894256030081]}}, "missense": {"NSP4": {"data": [0.0, 0.0, 0, 0, 0, 0.0, 0, 0.0, 0, 0.0, 0.0, 0, 0.0, 0.0, 0.0, 0, 0, 0, 1.0], "deviation": [0.0, 0.21584796374868806, 0.19315550258435146, 0.07602859212697055, 0.17229219690157924, 0.0, 0.2626422720087394, 0.347442816738851, 0.4670596859661964, 0.5745131499601417, 0.4247508650896776, 0.5488096691751453, 0.6680300918699325, 0.9748090719669363, 0.9904167960659147, 1.0575254759504298, 1.45248667634012, 0.9300788052195522, 0.917854375227972]}, "E": {"data": [0.0, 0.0, 0, 0, 0, 0.0, 0, 0.0, 0, 0.0, 0.0, 0, 0.0, 0.0, 0.0, 0, 0, 0, 0.0],