{"indel": {"NSP4": {"data": [0.0, 0.0, 0.0, 0.0, 0.0, 0, 0, 0.0, 0, 0, 0, 0.0, 0, 0.0, 0, 0, 0, 0], "deviation": [0.0, 0.0, 0.0, 0.0, 0.0, 0.0, 0.0, 0.0, 0.0, 0.0, 0.0, 0.0, 0.0, 0.0, 0.0, 0.0, 0.0, 0.0]}, "E": {"data": [0.0, 0.0, 0.0, 0.0, 0.0, 0, 0, 0.0, 0, 0, 0, 0.0, 0, 0.0, 0, 0, 0, 0], "deviation": [0.0, 0.0, 0.0, 0.0, 0.0, 0.0, 0.0, 0.0, 0.0, 0.0, 0.0, 0.0, 0.0, 0.0, 0.0, 0.0, 0.0, 0.0]}, "NS7a": {"data": [0.0, 0.0, 0.0, 0.0, 0.0, 0, 0, 0.0, 0, 0, 0, 0.0, 0, 0.0, 0, 0, 0, 0], "deviation": [0.0, 0.0, 0.0, 0.0, 0.0, 0.0, 0.0, 0.0, 0.0, 0.0, 0.0, 0.0, 0.0, 0.0, 0.0, 0.0, 0.0, 0.0]}, "NSP5": {"data": [0.0, 0.0, 0.0, 0.0, 0.0, 0, 0, 0.0, 0, 0, 0, 0.0, 0, 0.0, 0, 0, 0, 0], "deviation": [0.0, 0.0, 0.0, 0.0, 0.0, 0.0, 0.0, 0.0, 0.0, 0.0, 0.0, 0.0, 0.0, 0.0, 0.0, 0.0, 0.0, 0.0]}, "NS7b": {"data": [0.0, 0.0, 0.0, 0.0, 0.0, 0, 0, 0.0, 0, 0, 0, 0.0, 0, 0.0, 0, 0, 0, 0], "deviation": [0.0, 0.0, 0.0, 0.0, 0.0, 0.0, 0.0, 0.0, 0.0, 0.14586499149789456, 0.0, 0.0, 0.0, 0.0, 0.0, 0.0, 0.0, 0.0]}, "NSP6": {"data": [0.0, 0.0, 0.0, 0.0, 0.0, 0, 0, 0.0, 0, 0, 0, 0.0, 0, 3.0, 0, 0, 0, 0], "deviation": [0.5938459911664722, 1.5, 0.0, 0.0, 0.0, 0.0, 0.0, 0.0, 0.0, 0.0, 0.0, 0.9212405823270683, 1.3690123934602754, 1.432495504172548, 1.5102390267133938, 1.1464872392184406, 0.0, 0.0]}, "NSP7": {"data": [0.0, 0.0, 0.0, 0.0, 0.0, 0, 0, 0.0, 0, 0, 0, 0.0, 0, 0.0, 0, 0, 0, 0], "deviation": [0.0, 0.0, 0.0, 0.0, 0.0, 0.0, 0.0, 0.0, 0.0, 0.0, 0.0, 0.0, 0.0, 0.0, 0.0, 0.0, 0.0, 0.0]}, "NSP8": {"data": [0.0, 0.0, 0.0, 0.0, 0.0, 0, 0, 0.0, 0, 0, 0, 0.0, 0, 0.0, 0, 0, 0, 0], "deviation": [0.0, 0.0, 0.0, 0.0, 0.0, 0.0, 0.0, 0.0, 0.0, 0.0, 0.0, 0.0, 0.0, 0.0, 0.0, 0.0, 0.0, 0.0]}, "Spike": {"data": [0.0, 0.0, 0.0, 0.0, 0.0, 0, 0, 0.0, 0, 0, 0, 0.0, 3, 3.0, 3, 0, 0, 0], "deviation": [0.0, 0.0, 0.0, 0.0, 0.0, 0.0, 0.0, 0.0, 0.6546536707079772, 1.164936384854794, 1.730788379698843, 1.969838358316422, 1.8502607941694416, 1.6359442516975382, 1.618011256505839, 1.2996992779325605, 0.8848928490016609, 0.35498298322501404]}, "NSP9": {"data": [0.0, 0.0, 0.0, 0.0, 0.0, 0, 0, 0.0, 0, 0, 0, 0.0, 0, 0.0, 0, 0, 0, 0], "deviation": [0.0, 0.0, 0.0, 0.0, 0.0, 0.0, 0.0, 0.0, 0.0, 0.0, 0.0, 0.0, 0.0, 0.0, 0.0, 0.0, 0.0, 0.0]}, "NSP10": {"data": [0.0, 0.0, 0.0, 0.0, 0.0, 0, 0, 0.0, 0, 0, 0, 0.0, 0, 0.0, 0, 0, 0, 0], "deviation": [0.0, 0.0, 0.0, 0.0, 0.0, 0.0, 0.0, 0.0, 0.0, 0.0, 0.0, 0.0, 0.0, 0.0, 0.0, 0.0, 0.0, 0.0]}, "NSP11": {"data": [0.0, 0.0, 0.0, 0.0, 0.0, 0, 0, 0.0, 0, 0, 0, 0.0, 0, 0.0, 0, 0, 0, 0], "deviation": [0.0, 0.0, 0.0, 0.0, 0.0, 0.0, 0.0, 0.0, 0.0, 0.0, 0.0, 0.0, 0.0, 0.0, 0.0, 0.0, 0.0, 0.0]}, "NSP12": {"data": [0.0, 0.0, 0.0, 0.0, 0.0, 0, 0, 0.0, 0, 0, 0, 0.0, 0, 0.0, 0, 0, 0, 0], "deviation": [0.0, 0.0, 0.0, 0.0, 0.0, 0.0, 0.0, 0.0, 0.21821789023599236, 0.0, 0.0, 0.0, 0.0, 0.0, 0.0, 0.0, 0.0, 0.0]}, "M": {"data": [0.0, 0.0, 0.0, 0.0, 0.0, 0, 0, 0.0, 0, 0, 0, 0.0, 0, 0.0, 0, 0, 0, 0], "deviation": [0.0, 0.0, 0.0, 0.0, 0.0, 0.0, 0.0, 0.0, 0.0, 0.0, 0.0, 0.0, 0.0, 0.0, 0.0, 0.0, 0.0, 0.0]}, "NSP13": {"data": [0.0, 0.0, 0.0, 0.0, 0.0, 0, 0, 0.0, 0, 0, 0, 0.0, 0, 0.0, 0, 0, 0, 0], "deviation": [0.0, 0.0, 0.0, 0.0, 0.0, 0.0, 0.0, 0.0, 0.0, 0.0, 0.0, 0.0, 0.0, 0.0, 0.0, 0.0, 0.0, 0.0]}, "N": {"data": [0.0, 0.0, 0.0, 0.0, 0.0, 0, 0, 0.0, 0, 0, 0, 0.0, 0, 0.0, 0, 0, 0, 0], "deviation": [0.0, 0.0, 0.0, 0.0, 0.0, 0.0, 0.0, 0.0, 0.0, 0.0, 0.0, 0.0, 0.0, 0.0, 0.0, 0.0, 0.0, 0.0]}, "NSP14": {"data": [0.0, 0.0, 0.0, 0.0, 0.0, 0, 0, 0.0, 0, 0, 0, 0.0, 0, 0.0, 0, 0, 0, 0], "deviation": [0.0, 0.0, 0.0, 0.0, 7.576530344210177, 0.0, 0.0, 0.0, 0.0, 0.0, 0.0, 0.0, 0.0, 0.0, 0.0, 0.0, 0.0, 0.0]}, "NS3": {"data": [0.0, 0.0, 0.0, 0.0, 0.0, 0, 0, 0.0, 0, 0, 0, 0.0, 0, 0.0, 0, 0, 0, 0], "deviation": [0.0, 0.0, 0.0, 0.0, 0.0, 0.0, 0.0, 0.0, 0.0, 0.0, 0.0, 0.0, 0.0, 0.0, 0.11704114719613055, 0.0, 0.0, 0.0]}, "NSP15": {"data": [0.0, 0.0, 0.0, 0.0, 0.0, 0, 0, 0.0, 0, 0, 0, 0.0, 0, 0.0, 0, 0, 0, 0], "deviation": [0.0, 0.0, 0.0, 0.0, 0.0, 0.0, 0.0, 0.0, 0.0, 0.0, 0.0, 0.0, 0.0, 0.0, 0.0, 0.0, 0.0, 0.0]}, "NSP16": {"data": [0.0, 0.0, 0.0, 0.0, 0.0, 0, 0, 0.0, 0, 0, 0, 0.0, 0, 0.0, 0, 0, 0, 0], "deviation": [0.0, 0.0, 0.0, 0.0, 0.0, 0.0, 0.0, 0.0, 0.0, 0.0, 0.0, 0.0, 0.0, 0.0, 0.0, 0.0, 0.0, 0.0]}, "NS9b": {"data": [0.0, 0.0, 0.0, 0.0, 0.0, 0, 0, 0.0, 0, 0, 0, 0.0, 0, 0.0, 0, 0, 0, 0], "deviation": [0.0, 0.0, 0.0, 0.0, 0.0, 0.0, 0.0, 0.0, 0.0, 0.0, 0.0, 0.0, 0.0, 0.0, 0.0, 0.0, 0.0, 0.0]}, "NS6": {"data": [0.0, 0.0, 0.0, 0.0, 0.0, 0, 0, 0.0, 0, 0, 0, 0.0, 0, 0.0, 0, 0, 0, 0], "deviation": [0.0, 0.0, 0.0, 0.0, 0.0, 0.0, 0.0, 0.0, 0.0, 0.0, 0.0, 0.0, 0.0, 0.0, 0.0, 0.0, 0.0, 0.0]}, "NS9c": {"data": [0.0, 0.0, 0.0, 0.0, 0.0, 0, 0, 0.0, 0, 0, 0, 0.0, 0, 0.0, 0, 0, 0, 0], "deviation": [0.0, 0.0, 0.0, 0.0, 0.0, 0.0, 0.0, 0.0, 0.0, 0.0, 0.0, 0.0, 0.0, 0.0, 0.0, 0.0, 0.0, 0.0]}, "NSP1": {"data": [0.0, 0.0, 0.0, 0.0, 0.0, 0, 0, 0.0, 0, 0, 0, 0.0, 0, 0.0, 0, 0, 0, 0], "deviation": [0.0, 0.0, 0.0, 0.0, 0.0, 0.0, 0.0, 0.0, 0.0, 0.0, 0.0, 0.0, 0.0, 0.0, 0.0, 0.0, 0.0, 0.0]}, "NSP2": {"data": [0.0, 0.0, 0.0, 0.0, 0.0, 0, 0, 0.0, 0, 0, 0, 0.0, 0, 0.0, 0, 0, 0, 0], "deviation": [0.0, 0.0, 0.0, 0.0, 0.0, 0.0, 0.0, 0.0, 0.0, 0.0, 0.0, 0.0, 0.0, 0.0, 0.0, 0.0, 0.0, 0.0]}, "NS8": {"data": [0.0, 0.0, 0.0, 0.0, 0.0, 0, 0, 0.0, 0, 0, 0, 0.0, 0, 0.0, 0, 0, 0, 0], "deviation": [0.0, 0.0, 0.0, 0.0, 0.0, 0.0, 0.0, 0.0, 0.0, 0.0, 0.0, 0.24779731389167603, 0.0854357657716761, 0.0, 0.2340822943922611, 0.0, 0.0, 0.0]}, "NSP3": {"data": [0.0, 0.0, 0.0, 0.0, 0.0, 0, 0, 0.0, 0, 0, 0, 0.0, 0, 0.0, 0, 0, 0, 0], "deviation": [0.0, 0.0, 0.0, 0.0, 0.0, 0.0, 0.0, 0.0, 0.0, 0.0, 0.12803687993289598, 0.0, 0.0, 0.0, 0.0, 0.0, 0.0, 0.0]}}, "missense": {"NSP4": {"data": [0.0, 0.0, 0.0, 0.0, 0.0, 0, 1, 1.0, 1, 1, 1, 1.0, 2, 0.0, 0, 0, 2, 2], "deviation": [0.1414213562373095, 0.0, 0.0, 0.36794648440311994, 0.4104140790860576, 0.49259218307188896, 0.3929526239966879, 0.4688072309384954, 0.511766315719159, 0.5311743225741171, 0.8464002851033019, 0.9676794452565012, 1.157841449711779, 0.9928854505589302, 0.914536753424254, 1.0271235650443504, 1.1849699507205942, 1.1641543847751936]}, "E": {"data": [0.0, 0.0, 0.0, 0.0, 0.0, 0, 0, 0.0, 0, 0, 0, 0.0, 0, 0.0, 0, 0, 0, 0], "deviation": [0.27404751561786966, 0.0, 0.0, 0.0, 0.0, 0.0, 0.24253562503633297, 0.2672612419124244, 0.0, 0.14586499149789456, 0.0, 0.2930106877878258, 0.2727419099081622, 0.09534625892455924, 0.1998858121516967, 0.14284180084530063, 0.10720765041027999, 0.12308426284632322]}, "NS7a": {"data": [0.0, 0.0, 0.0, 0.0, 0.0, 0, 0, 0.0, 0, 0, 0, 0.0, 0, 0.0, 0, 0, 2, 2], "deviation": [0.0, 0.0, 0.0, 0.19611613513818404, 0.3087092781885836, 0.24253562503633297, 0.0, 0.3631365196012815, 0.21821789023599236, 0.14586499149789456, 0.30027309973793775, 0.38331426344633135, 0.4225045445524271, 0.387459809855867, 0.4300366343107469, 0.7963889722924367, 1.074737718764427, 1.0617460884375274]}, "NSP5": {"data": [0.0, 0.0, 0.5, 0.0, 0.0, 0, 1, 1.0, 1, 1, 0, 0.0, 0, 0.0, 0, 0, 0, 0], "deviation": [0.2398979374820952, 0.0, 0.7071067811865476, 0.4019184762342502, 0.4247443953937941, 0.5072996561958923, 0.48507125007266594, 0.6112498455021266, 0.5732115042211109, 0.6044852398366635, 0.6224401127731656, 0.753282291393018, 0.5290001262133172, 0.3671225714736217, 0.2964785715342602, 0.44908268473852203, 0.5780871061050621, 0.5551234699962638]}, "NS7b": {"data": [0.0, 0.0, 0.0, 0.0, 0.0, 0, 0, 0.0, 0, 0, 0, 0.0, 0, 0.0, 0, 0, 0, 1], "deviation": [0.0, 0.0, 0.0, 0.0, 0.14433756729740643, 0.3321055820775357, 0.0, 0.2672612419124244, 0.0, 0.14586499149789456, 0.12803687993289598, 0.10206207261596575, 0.0854357657716761, 0.0, 0.11704114719613055, 0.33096235809261876, 0.4977432603996657, 0.5443350493206979]}, "NSP6": {"data": [0.0, 0.0, 0.0, 0.0, 0.0, 0, 0, 0.0, 0, 0, 0, 1.0, 1, 0.0, 0, 1, 1, 1],