{"indel": {"NSP4": {"data": [0, 0, 0.0, 0, 0, 0, 0.0, 0.0, 0.0, 0, 0.0, 0.0], "deviation": [0.0, 0.0, 0.0, 0.0, 0.0, 0.0, 0.0, 0.0, 0.0, 0.0, 0.0, 0.0]}, "E": {"data": [0, 0, 0.0, 0, 0, 0, 0.0, 0.0, 0.0, 0, 0.0, 0.0], "deviation": [0.0, 0.0, 0.0, 0.0, 0.0, 0.0, 0.0, 0.0, 0.0, 0.0, 0.0, 0.0]}, "NS7a": {"data": [0, 0, 0.0, 0, 0, 0, 0.0, 0.0, 0.0, 0, 0.0, 0.0], "deviation": [0.0, 0.0, 0.0, 0.0, 0.0, 0.0, 0.0, 0.0, 0.0, 0.15249857033260467, 0.17149858514250885, 0.0]}, "NSP5": {"data": [0, 0, 0.0, 0, 0, 0, 0.0, 0.0, 0.0, 0, 0.0, 0.0], "deviation": [0.0, 0.0, 0.0, 0.0, 0.0, 0.0, 0.0, 0.0, 0.0, 0.0, 0.0, 0.0]}, "NS7b": {"data": [0, 0, 0.0, 0, 0, 0, 0.0, 0.0, 0.0, 0, 0.0, 0.0], "deviation": [0.0, 0.0, 0.0, 0.0, 0.0, 0.0, 0.0, 0.0, 0.0, 0.0, 0.0, 0.0]}, "NSP6": {"data": [0, 0, 0.0, 0, 0, 0, 0.0, 0.0, 0.0, 3, 3.0, 1.5], "deviation": [0.0, 0.0, 0.0, 0.0, 0.0, 0.0, 0.0, 1.02469507659596, 1.4957081457098698, 1.1206310514564426, 0.8637067238437097, 2.1213203435596424]}, "NSP7": {"data": [0, 0, 0.0, 0, 0, 0, 0.0, 0.0, 0.0, 0, 0.0, 0.0], "deviation": [0.0, 0.0, 0.0, 0.0, 0.0, 0.0, 0.0, 0.0, 0.0, 0.0, 0.0, 0.0]}, "NSP8": {"data": [0, 0, 0.0, 0, 0, 0, 0.0, 0.0, 0.0, 0, 0.0, 0.0], "deviation": [0.0, 0.0, 0.0, 0.0, 0.0, 0.0, 0.0, 0.0, 0.0, 0.0, 0.0, 0.0]}, "Spike": {"data": [0, 0, 0.0, 0, 0, 0, 0.0, 0.0, 0.0, 3, 3.0, 1.5], "deviation": [0.0, 0.7752323662456804, 0.5074162634049248, 0.0, 0.0, 0.0, 0.0, 1.0307764064044151, 1.4957081457098698, 1.175610394928716, 1.1411130695216645, 2.1213203435596424]}, "NSP9": {"data": [0, 0, 0.0, 0, 0, 0, 0.0, 0.0, 0.0, 0, 0.0, 0.0], "deviation": [0.0, 0.0, 0.0, 0.0, 0.0, 0.0, 0.0, 0.0, 0.0, 0.0, 0.0, 0.0]}, "NSP10": {"data": [0, 0, 0.0, 0, 0, 0, 0.0, 0.0, 0.0, 0, 0.0, 0.0], "deviation": [0.0, 0.0, 0.0, 0.0, 0.0, 0.0, 0.0, 0.0, 0.0, 0.0, 0.0, 0.0]}, "NSP11": {"data": [0, 0, 0.0, 0, 0, 0, 0.0, 0.0, 0.0, 0, 0.0, 0.0], "deviation": [0.0, 0.0, 0.0, 0.0, 0.0, 0.0, 0.0, 0.0, 0.0, 0.0, 0.0, 0.0]}, "NSP12": {"data": [0, 0, 0.0, 0, 0, 0, 0.0, 0.0, 0.0, 0, 0.0, 0.0], "deviation": [0.0, 0.0, 0.0, 0.0, 0.0, 0.0, 0.0, 0.0, 0.0, 0.0, 0.0, 0.0]}, "M": {"data": [0, 0, 0.0, 0, 0, 0, 0.0, 0.0, 0.0, 0, 0.0, 0.0], "deviation": [0.0, 0.0, 0.0, 0.0, 0.0, 0.0, 0.0, 0.0, 0.0, 0.0, 0.0, 0.0]}, "NSP13": {"data": [0, 0, 0.0, 0, 0, 0, 0.0, 0.0, 0.0, 0, 0.0, 0.0], "deviation": [0.0, 0.0, 0.0, 0.0, 0.0, 0.0, 0.0, 0.0, 0.0, 0.0, 0.0, 0.0]}, "N": {"data": [0, 0, 0.0, 0, 0, 0, 0.0, 0.0, 0.0, 0, 0.0, 0.0], "deviation": [0.0, 0.0, 0.0, 0.0, 0.0, 0.0, 0.0, 0.0, 0.0, 0.15249857033260467, 0.4305615452020461, 0.0]}, "NSP14": {"data": [0, 0, 0.0, 0, 0, 0, 0.0, 0.0, 0.0, 0, 0.0, 0.0], "deviation": [0.0, 0.0, 0.0, 0.0, 0.0, 0.0, 0.0, 0.0, 0.0, 0.0, 0.0, 0.0]}, "NS3": {"data": [0, 0, 0.0, 0, 0, 0, 0.0, 0.0, 0.0, 0, 0.0, 0.0], "deviation": [0.0, 0.0, 0.0, 0.0, 0.0, 0.0, 0.0, 0.25, 0.6966391622992348, 0.25776963111323353, 0.23883257361061286, 0.0]}, "NSP15": {"data": [0, 0, 0.0, 0, 0, 0, 0.0, 0.0, 0.0, 0, 0.0, 0.0], "deviation": [0.0, 0.0, 0.0, 0.0, 0.0, 0.0, 0.0, 0.0, 0.0, 0.0, 0.0, 0.0]}, "NSP16": {"data": [0, 0, 0.0, 0, 0, 0, 0.0, 0.0, 0.0, 0, 0.0, 0.0], "deviation": [0.0, 0.0, 0.0, 0.0, 0.0, 0.0, 0.0, 0.0, 0.0, 0.0, 0.0, 0.0]}, "NS9b": {"data": [0, 0, 0.0, 0, 0, 0, 0.0, 0.0, 0.0, 0, 0.0, 0.0], "deviation": [0.0, 0.0, 0.0, 0.0, 0.0, 0.0, 0.0, 0.0, 0.0, 0.0, 0.0, 0.0]}, "NS6": {"data": [0, 0, 0.0, 0, 0, 0, 0.0, 0.0, 0.0, 0, 0.0, 0.0], "deviation": [0.0, 0.0, 0.0, 0.0, 0.0, 0.0, 0.0, 0.0, 0.0, 0.0, 0.0, 0.0]}, "NS9c": {"data": [0, 0, 0.0, 0, 0, 0, 0.0, 0.0, 0.0, 0, 0.0, 0.0], "deviation": [0.0, 0.0, 0.0, 0.0, 0.0, 0.0, 0.0, 0.0, 0.0, 0.0, 0.0, 0.0]}, "NSP1": {"data": [0, 0, 0.0, 0, 0, 0, 0.0, 0.0, 0.0, 0, 0.0, 0.0], "deviation": [0.0, 0.0, 0.0, 0.0, 0.0, 0.0, 0.0, 0.0, 0.0, 0.45749571099781394, 0.5144957554275266, 0.0]}, "NSP2": {"data": [0, 0, 0.0, 0, 0, 0, 0.0, 0.0, 0.0, 0, 0.0, 0.0], "deviation": [0.0, 0.0, 0.0, 0.0, 0.0, 0.0, 0.0, 0.25, 0.0, 0.0, 0.0, 0.0]}, "NS8": {"data": [0, 0, 0.0, 0, 0, 0, 0.0, 0.0, 0.0, 0, 0.0, 0.0], "deviation": [0.0, 0.0, 0.0, 0.0, 0.0, 0.0, 0.0, 0.0, 0.0, 0.0, 0.0, 0.0]}, "NSP3": {"data": [0, 0, 0.0, 0, 0, 0, 0.0, 0.0, 0.0, 0, 0.0, 0.0], "deviation": [0.0, 0.0, 0.0, 0.0, 0.0, 0.0, 0.0, 0.0, 0.0, 0.0, 0.0, 0.0]}}, "missense": {"NSP4": {"data": [0, 0, 0.0, 0, 0, 0, 0.0, 0.0, 0.0, 0, 0.0, 0.0], "deviation": [0.0, 0.25788071477756375, 0.40257789993644877, 0.46709936649691375, 0.37796447300922725, 0.5773502691896258, 0.0, 0.3415650255319866, 0.5379477252503637, 0.514464100968123, 0.8569730754521467, 0.0]}, "E": {"data": [0, 0, 0.0, 0, 0, 0, 0.0, 0.0, 0.0, 0, 1.0, 0.5], "deviation": [0.0, 0.0, 0.0, 0.0, 0.0, 0.0, 0.0, 0.25, 0.4184519575964803, 0.5024855165595915, 0.5066403971048989, 0.7071067811865476]}, "NS7a": {"data": [0, 0, 0.0, 0, 0, 0, 1.0, 0.0, 0.0, 0, 0.0, 0.0], "deviation": [0.0, 0.0, 0.18257418583505536, 0.0, 0.0, 0.0, 0.5175491695067657, 0.25, 0.3505098327538656, 1.6863729779019843, 0.23883257361061286, 0.0]}, "NSP5": {"data": [0, 0, 0.0, 0, 0, 0, 0.0, 1.0, 0.0, 0, 0.0, 0.0], "deviation": [0.0, 0.25788071477756375, 0.30512857662936466, 0.6030226891555273, 0.4879500364742666, 0.5773502691896258, 0.5175491695067657, 0.51234753829798, 0.27404751561786966, 0.29390259873217905, 0.4932702180563817, 0.0]}, "NS7b": {"data": [0, 0, 0.0, 0, 0, 0, 0.0, 0.0, 0.0, 0, 0.0, 0.0], "deviation": [0.0, 0.1856953381770519, 0.18257418583505536, 0.0, 0.0, 0.0, 0.0, 0.0, 0.1979486637221574, 0.15249857033260467, 0.17149858514250885, 0.0]}, "NSP6": {"data": [0, 0, 0.0, 0, 0, 0, 0.0, 0.0, 0.0, 0, 0.0, 0.0], "deviation": [0.5773502691896258, 0.3844258722192448, 0.18257418583505536, 0.0, 0.37796447300922725, 0.0, 0.7071067811865476, 0.6191391873668903, 0.7722218143851187, 0.350604603563426, 0.2879022412812366, 0.0]}, "NSP7": {"data": [0, 0, 0.0, 0, 0, 0, 0.0, 0.0, 0.0, 0, 0.0, 0.0], "deviation": [0.0, 0.0, 0.0, 0.0, 0.0, 0.5773502691896258, 0.0, 0.0, 0.1979486637221574, 0.15249857033260467, 0.0, 0.0]}, "NSP8": {"data": [0, 0, 0.0, 0, 0, 0, 0.0, 0.0, 0.0, 0, 0.0, 0.0], "deviation": [0.5773502691896258, 0.3844258722192448, 0.3790490217894517, 0.4045199174779452, 0.0, 0.0, 0.0, 0.0, 0.2398979374820952, 0.0, 0.17149858514250885, 0.0]}, "Spike": {"data": [1, 1, 1.0, 1, 2, 3, 4.0, 3.0, 7.0, 7, 6.0, 3.0], "deviation": [1.0, 0.25788071477756375, 0.8193072487266861, 0.5222329678670935, 1.0690449676496976, 0.5773502691896257, 0.0, 1.7320508075688772, 1.8445728447507397, 1.113194797781282, 1.0084314782600803, 4.242640687119285]}, "NSP9": {"data": [0, 0, 0.0, 0, 0, 0, 0.0, 0.0, 0.0, 0, 0.0, 0.5], "deviation": [0.0, 0.0, 0.0, 0.30151134457776363, 0.0, 0.0, 0.0, 0.0, 0.1414213562373095, 0.15249857033260467, 0.0, 0.7071067811865476]}, "NSP10": {"data": [0, 0, 0.0, 0, 0, 0, 0.0, 0.5, 0.0, 0, 0.0, 0.0], "deviation": [0.0, 0.0, 0.0, 0.0, 0.0, 0.0, 0.0, 0.5163977794943222, 0.0, 0.0, 0.23883257361061286, 0.0]}, "NSP11": {"data": [0, 0, 0.0, 0, 0, 0, 0.0, 0.0, 0.0, 0, 0.0, 0.0], "deviation": [0.0, 0.0, 0.0, 0.0, 0.0, 0.0, 0.0, 0.0, 0.0, 0.0, 0.0, 0.0]}, "NSP12": {"data": [0, 0, 0.0, 1, 1, 0, 1.0, 1.0, 1.0, 1, 1.0, 0.5], "deviation": [0.5773502691896258, 0.9029235493443457, 0.8583598366625749, 0.7862453931068965, 0.8997354108424372, 0.5773502691896258, 0.3535533905932738, 0.6831300510639732, 0.8332380897952963, 0.658028196523304, 0.4959730887990136, 0.7071067811865476]}, "M": {"data": [0, 0, 0.0, 0, 0, 0, 0.0, 0.0, 0.0, 1, 1.0, 0.5], "deviation": [0.0, 0.0, 0.0, 0.0, 0.0, 0.0, 0.3535533905932738, 0.0, 0.44308749769345207, 0.5024855165595915, 0.5788919281935353, 0.7071067811865476]}, "NSP13": {"data": [0, 0, 0.0, 0, 0, 0, 0.0, 0.0, 0.0, 0, 0.0, 0.0], "deviation": [0.0, 0.35093120317179816, 0.34574590364176044, 0.46709936649691375, 0.4879500364742666, 0.0, 0.3535533905932738, 0.5773502691896257, 0.8703740692415896, 0.6663897542282751, 0.5004454343867811, 0.0]}, "N": {"data": [1, 1, 1.0, 1, 1, 2, 2.0, 2.0, 2.0, 2, 2.0, 1.0],