{"indel": {"NSP4": {"data": [0.0, 0, 0, 0.0, 0, 0, 0, 0, 0.0, 0.0, 0.0, 0, 0.0, 0.0, 0], "deviation": [0.0, 0.0, 0.0, 0.0, 0.0, 0.0, 0.0, 0.0, 0.03329635791060134, 0.02498438963319538, 0.0712721012046661, 0.0, 0.0, 0.4780893988732936, 0.0]}, "E": {"data": [0.0, 0, 0, 0.0, 0, 0, 0, 0, 0.0, 0.0, 0.0, 0, 0.0, 0.0, 0], "deviation": [0.0, 0.0, 0.0, 0.0, 0.0, 0.0, 0.0, 0.0, 0.0, 0.0, 0.0, 0.0, 0.0, 0.0, 0.0]}, "NS7a": {"data": [0.0, 0, 0, 0.0, 0, 0, 0, 0, 0.0, 0.0, 0.0, 0, 0.0, 0.0, 0], "deviation": [0.0, 0.0, 0.0, 0.0, 0.0, 0.0, 0.0, 0.0, 0.4766228785465087, 0.45107291908538083, 0.19631173543540373, 0.17232445809652228, 0.09316664641392325, 0.16541949602153216, 0.0]}, "NSP5": {"data": [0.0, 0, 0, 0.0, 0, 0, 0, 0, 0.0, 0.0, 0.0, 0, 0.0, 0.0, 0], "deviation": [0.0, 0.0, 0.0, 0.0, 0.0, 0.0, 0.0, 0.0, 0.0, 0.0, 0.0, 0.0, 0.0, 0.0, 0.0]}, "NS7b": {"data": [0.0, 0, 0, 0.0, 0, 0, 0, 0, 0.0, 0.0, 0.0, 0, 0.0, 0.0, 0], "deviation": [0.0, 0.0, 0.0, 0.0, 0.0, 0.0, 0.0, 0.0, 0.09988907373180403, 0.0, 0.0, 0.0, 0.0, 0.0, 0.0]}, "NSP6": {"data": [0.0, 0, 0, 0.0, 0, 0, 0, 0, 0.0, 3.0, 3.0, 3, 3.0, 0.0, 0], "deviation": [0.0, 0.0, 0.0, 0.0, 0.0, 0.0, 0.0, 0.952792787554746, 1.490035216352404, 0.9855203764065609, 0.8013002110225781, 0.4123625667972062, 1.495096267225816, 0.6481768857067146, 0.27049484886024655]}, "NSP7": {"data": [0.0, 0, 0, 0.0, 0, 0, 0, 0, 0.0, 0.0, 0.0, 0, 0.0, 0.0, 0], "deviation": [0.0, 0.0, 0.0, 0.0, 0.0, 0.0, 0.0, 0.0, 0.0, 0.0, 0.0, 0.0, 0.0, 0.0, 0.0]}, "NSP8": {"data": [0.0, 0, 0, 0.0, 0, 0, 0, 0, 0.0, 0.0, 0.0, 0, 0.0, 0.0, 0], "deviation": [0.0, 0.0, 0.0, 0.0, 0.0, 0.0, 0.0, 0.0, 0.0, 0.0, 0.0, 0.0, 0.0, 0.0, 0.0]}, "Spike": {"data": [0.0, 0, 0, 0.0, 0, 0, 0, 2, 2.0, 3.0, 3.0, 3, 3.0, 2.0, 2], "deviation": [0.0, 0.0, 0.894427190999916, 0.7669649888473704, 0.894427190999916, 0.9416472308615167, 0.7559289460184545, 1.2365724152269053, 1.2460252517784602, 0.5887051312987592, 0.7416325368109552, 0.1861598115090607, 0.5782307934990147, 0.38467231001159186, 0.09049462146804038]}, "NSP9": {"data": [0.0, 0, 0, 0.0, 0, 0, 0, 0, 0.0, 0.0, 0.0, 0, 0.0, 0.0, 0], "deviation": [0.0, 0.0, 0.0, 0.0, 0.0, 0.0, 0.0, 0.0, 0.0, 0.0, 0.0, 0.0, 0.0, 0.0, 0.0]}, "NSP10": {"data": [0.0, 0, 0, 0.0, 0, 0, 0, 0, 0.0, 0.0, 0.0, 0, 0.0, 0.0, 0], "deviation": [0.0, 0.0, 0.0, 0.0, 0.0, 0.0, 0.0, 0.0, 0.0, 0.0, 0.0, 0.0, 0.0, 0.0, 0.0]}, "NSP11": {"data": [0.0, 0, 0, 0.0, 0, 0, 0, 0, 0.0, 0.0, 0.0, 0, 0.0, 0.0, 0], "deviation": [0.0, 0.0, 0.0, 0.0, 0.0, 0.0, 0.0, 0.0, 0.0, 0.0, 0.0, 0.0, 0.0, 0.0, 0.0]}, "NSP12": {"data": [0.0, 0, 0, 0.0, 0, 0, 0, 0, 0.0, 0.0, 0.0, 0, 0.0, 0.0, 0], "deviation": [0.0, 0.0, 0.0, 0.0, 0.0, 0.0, 0.0, 0.0, 0.09988907373180403, 0.0, 0.038166250668409236, 0.0660237163117603, 0.0, 0.0, 0.0]}, "M": {"data": [0.0, 0, 0, 0.0, 0, 0, 0, 0, 0.0, 0.0, 0.0, 0, 0.0, 0.0, 0], "deviation": [0.0, 0.0, 0.0, 0.0, 0.0, 0.0, 0.0, 0.0, 0.03329635791060134, 0.0, 0.0, 0.0, 0.0, 0.0, 0.0]}, "NSP13": {"data": [0.0, 0, 0, 0.0, 0, 0, 0, 0, 0.0, 0.0, 0.0, 0, 0.0, 0.0, 0], "deviation": [0.0, 0.0, 0.0, 0.0, 0.0, 0.0, 0.0, 0.0, 0.05760694029733437, 0.0, 0.0, 0.0, 0.0, 0.0, 0.0]}, "N": {"data": [0.0, 0, 0, 0.0, 0, 0, 0, 0, 0.0, 0.0, 0.0, 0, 0.0, 0.0, 0], "deviation": [0.0, 0.0, 0.0, 0.0, 0.0, 0.0, 0.0, 0.0, 0.0, 0.0, 0.026997462357801944, 0.029578550313870456, 0.0, 0.0597611748591617, 0.0]}, "NSP14": {"data": [0.0, 0, 0, 0.0, 0, 0, 0, 0, 0.0, 0.0, 0.0, 0, 0.0, 0.0, 0], "deviation": [0.0, 0.0, 0.0, 0.0, 0.0, 0.0, 0.0, 0.0, 0.09988907373180403, 0.0, 0.0, 0.0, 0.0, 0.0, 0.0]}, "NS3": {"data": [0.0, 0, 0, 0.0, 0, 0, 0, 0, 0.0, 0.0, 0.0, 0, 0.0, 0.0, 0], "deviation": [0.0, 0.0, 0.0, 0.0, 0.0, 0.0, 0.0, 0.1490521636791844, 0.0742874685541321, 0.02498438963319538, 0.08535478876603982, 0.029578550313870456, 0.5907943824021452, 0.0, 0.0]}, "NSP15": {"data": [0.0, 0, 0, 0.0, 0, 0, 0, 0, 0.0, 0.0, 0.0, 0, 0.0, 0.0, 0], "deviation": [0.0, 0.0, 0.0, 0.0, 0.0, 0.0, 0.0, 0.0, 0.0, 0.0, 0.0, 0.0, 0.0, 0.0, 0.0]}, "NSP16": {"data": [0.0, 0, 0, 0.0, 0, 0, 0, 0, 0.0, 0.0, 0.0, 0, 0.0, 0.0, 0], "deviation": [0.0, 0.0, 0.0, 0.0, 0.0, 0.0, 0.0, 0.0, 0.0, 0.0, 0.0, 0.0, 0.0, 0.0, 0.0]}, "NS9b": {"data": [0.0, 0, 0, 0.0, 0, 0, 0, 0, 0.0, 0.0, 0.0, 0, 0.0, 0.0, 0], "deviation": [0.0, 0.0, 0.0, 0.0, 0.0, 0.0, 0.0, 0.0, 0.0, 0.0, 0.0, 0.0, 0.0, 0.0, 0.0]}, "NS6": {"data": [0.0, 0, 0, 0.0, 0, 0, 0, 0, 0.0, 0.0, 0.0, 0, 0.0, 0.0, 0], "deviation": [0.0, 0.0, 0.0, 0.0, 0.0, 0.0, 0.0, 0.0, 0.0, 0.0, 0.0, 0.0, 0.0, 0.0, 0.0]}, "NS9c": {"data": [0.0, 0, 0, 0.0, 0, 0, 0, 0, 0.0, 0.0, 0.0, 0, 0.0, 0.0, 0], "deviation": [0.0, 0.0, 0.0, 0.0, 0.0, 0.0, 0.0, 0.0, 0.0, 0.0, 0.0, 0.0, 0.0, 0.0, 0.0]}, "NSP1": {"data": [0.0, 0, 0, 0.0, 0, 0, 0, 0, 0.0, 0.0, 0.0, 0, 0.0, 0.0, 0], "deviation": [0.0, 0.0, 1.3416407864998738, 0.0, 0.0, 0.0, 0.0, 0.31799936400190804, 0.19944527611747556, 0.25536116032217976, 0.19455581408279657, 0.26259375209384805, 0.2606352926200269, 0.34165329517845294, 0.3518198290608803]}, "NSP2": {"data": [0.0, 0, 0, 0.0, 0, 0, 0, 0, 0.0, 0.0, 0.0, 0, 0.0, 0.0, 0], "deviation": [0.0, 0.0, 0.0, 0.0, 0.0, 0.0, 0.0, 0.0, 0.03329635791060134, 0.0, 0.0, 0.0, 0.0, 0.0, 0.0]}, "NS8": {"data": [0.0, 0, 0, 0.0, 0, 0, 0, 0, 0.0, 0.0, 0.0, 0, 0.0, 0.0, 0], "deviation": [0.0, 0.0, 0.0, 0.0, 0.0, 0.0, 0.0, 0.0, 0.06659271582120269, 0.02498438963319538, 0.06035054559760524, 0.15610327488489922, 0.0, 0.04882400464201465, 0.0]}, "NSP3": {"data": [0.0, 0, 0, 0.0, 0, 0, 0, 0, 0.0, 0.0, 0.0, 0, 0.0, 0.0, 0], "deviation": [0.0, 0.0, 0.0, 0.0, 0.0, 0.0, 0.0, 0.9437715829675951, 0.16627471337195796, 0.0, 0.026997462357801944, 0.17747130188322277, 0.04181210050035454, 0.0, 0.15659872529156416]}}, "missense": {"NSP4": {"data": [0.0, 0, 0, 0.0, 0, 0, 0, 0, 0.0, 0.0, 0.0, 0, 1.0, 2.0, 2], "deviation": [0.0, 0.0, 0.0, 0.3834824944236852, 0.447213595499958, 0.5413902920037097, 0.37796447300922725, 0.5118613512475026, 0.4322325034767761, 0.37863888104633014, 0.4123202070789599, 0.4324719716792993, 0.9490901801391786, 3.958077648769988, 0.6257527739844891]}, "E": {"data": [0.0, 0, 0, 0.0, 0, 0, 0, 0, 0.0, 0.0, 0.0, 0, 0.0, 0.0, 0], "deviation": [0.0, 0.3333333333333333, 0.0, 0.0, 0.0, 0.0, 0.0, 0.20835461246451933, 0.16102274078763387, 0.14013066590611, 0.1494322625289552, 0.0976704950219316, 0.10196890890682254, 0.27138125846136946, 0.2273035195736564]}, "NS7a": {"data": [0.0, 0, 0, 0.0, 0, 0, 0, 0, 0.0, 0.0, 0.0, 0, 1.0, 2.0, 2], "deviation": [0.0, 0.3333333333333333, 0.0, 0.0, 0.0, 0.0, 0.0, 0.3309842319473132, 0.24932510274459435, 0.233036362879132, 0.2793191233305058, 0.407903795692353, 1.1411959273980656, 0.7453091277273589, 0.41672212671208136]}, "NSP5": {"data": [0.0, 0, 1, 0.0, 1, 0, 0, 0, 0.0, 0.0, 0.0, 0, 0.0, 0.0, 0], "deviation": [0.3342186823915959, 0.0, 0.5477225575051661, 0.7047921864945659, 0.5477225575051661, 0.1856953381770519, 0.0, 0.3247533832912938, 0.3041746674525207, 0.1852997135192895, 0.19306772809896341, 0.224865267956992, 0.16559261860618152, 0.22555793619407832, 0.252295487294715]}, "NS7b": {"data": [0.0, 0, 0, 0.0, 0, 0, 0, 0, 0.0, 0.0, 0.0, 0, 0.0, 1.0, 1], "deviation": [0.0, 0.0, 0.0, 0.0, 0.0, 0.0, 0.0, 0.18149869785703643, 0.16102274078763387, 0.1082904942965796, 0.15348982599140149, 0.16996091654804205, 0.5065157849056539, 0.33749677432070435, 0.30508171034551357]}, "NSP6": {"data": [0.0, 0, 0, 0.0, 0, 0, 0, 0, 0.0, 0.0, 0.0, 0, 1.0, 1.0, 1], "deviation": [0.20194093652345885, 0.0, 0.447213595499958, 0.0, 0.0, 0.3844258722192448, 0.0, 0.2937899995586197, 0.44264439114240056, 0.44231172651492556, 0.43144217823345865, 0.43018607007164056, 0.5284457358303144, 0.3879421867987562, 1.9007043431435275]}, "NSP7": {"data": [0.0, 0, 0, 0.0, 0, 0, 0, 0, 0.0, 0.0, 0.0, 0, 0.0, 0.0, 0], "deviation": [0.0, 0.3333333333333333, 0.0, 0.32338083338177726, 0.0, 0.1856953381770519, 0.0, 0.105999788000636, 0.13992545274711896, 0.06110336768718708, 0.06028003230278241, 0.10608518320849021, 0.10196890890682254, 0.09729696677228666, 0.16302737404630935]},