{"indel": {"NSP4": {"data": [0.0, 0, 0.0, 0.0, 0, 0.0, 0, 0.0, 0, 0.0, 0, 0.0, 0.0], "deviation": [0.0, 0.0, 0.0, 0.0, 0.0, 0.0, 0.0, 0.0, 0.0, 0.0, 0.0, 0.0, 0.0]}, "E": {"data": [0.0, 0, 0.0, 0.0, 0, 0.0, 0, 0.0, 0, 0.0, 0, 0.0, 0.0], "deviation": [0.0, 0.0, 0.0, 0.0, 0.0, 0.0, 0.0, 0.0, 0.0, 0.0, 0.0, 0.0, 0.0]}, "NS7a": {"data": [0.0, 0, 0.0, 0.0, 0, 0.0, 0, 0.0, 0, 0.0, 0, 0.0, 0.0], "deviation": [0.0, 0.0, 0.0, 0.0, 0.0, 0.0, 0.0, 0.0, 0.0, 0.0, 0.0, 0.0, 0.0]}, "NSP5": {"data": [0.0, 0, 0.0, 0.0, 0, 0.0, 0, 0.0, 0, 0.0, 0, 0.0, 0.0], "deviation": [0.0, 0.0, 0.0, 0.0, 0.0, 0.0, 0.0, 0.0, 0.0, 0.0, 0.0, 0.0, 0.0]}, "NS7b": {"data": [0.0, 0, 0.0, 0.0, 0, 0.0, 0, 0.0, 0, 0.0, 0, 0.0, 0.0], "deviation": [0.0, 0.0, 0.0, 0.0, 0.0, 0.0, 0.0, 0.0, 0.0, 0.0, 0.0, 0.0, 0.0]}, "NSP6": {"data": [0.0, 0, 0.0, 0.0, 0, 0.0, 3, 3.0, 3, 3.0, 3, 0.0, 0.0], "deviation": [0.0, 0.0, 0.0, 0.0, 0.0, 0.6969320524371696, 1.2862913567871994, 0.7134660317604763, 0.5995866344669509, 1.2394648503368233, 1.5275252316519468, 0.5497716576563573, 0.10540925533894598]}, "NSP7": {"data": [0.0, 0, 0.0, 0.0, 0, 0.0, 0, 0.0, 0, 0.0, 0, 0.0, 0.0], "deviation": [0.0, 0.0, 0.0, 0.0, 0.0, 0.0, 0.0, 0.0, 0.0, 0.0, 0.0, 0.0, 0.0]}, "NSP8": {"data": [0.0, 0, 0.0, 0.0, 0, 0.0, 0, 0.0, 0, 0.0, 0, 0.0, 0.0], "deviation": [0.0, 0.0, 0.0, 0.0, 0.0, 0.0, 0.0, 0.0, 0.0, 0.0, 0.0, 0.0, 0.0]}, "Spike": {"data": [0.0, 0, 0.0, 0.0, 0, 0.0, 3, 3.0, 3, 3.0, 1, 2.0, 2.0], "deviation": [0.0, 0.0, 0.0, 0.0, 0.0, 0.6969320524371696, 1.3188608491398701, 0.6193309837777983, 0.6668043934869908, 1.1314714296070714, 1.1766968108291043, 0.24656561540216973, 0.10540925533894598]}, "NSP9": {"data": [0.0, 0, 0.0, 0.0, 0, 0.0, 0, 0.0, 0, 0.0, 0, 0.0, 0.0], "deviation": [0.0, 0.0, 0.0, 0.0, 0.0, 0.0, 0.0, 0.0, 0.0, 0.0, 0.0, 0.0, 0.0]}, "NSP10": {"data": [0.0, 0, 0.0, 0.0, 0, 0.0, 0, 0.0, 0, 0.0, 0, 0.0, 0.0], "deviation": [0.0, 0.0, 0.0, 0.0, 0.0, 0.0, 0.0, 0.0, 0.0, 0.0, 0.0, 0.0, 0.0]}, "NSP11": {"data": [0.0, 0, 0.0, 0.0, 0, 0.0, 0, 0.0, 0, 0.0, 0, 0.0, 0.0], "deviation": [0.0, 0.0, 0.0, 0.0, 0.0, 0.0, 0.0, 0.0, 0.0, 0.0, 0.0, 0.0, 0.0]}, "NSP12": {"data": [0.0, 0, 0.0, 0.0, 0, 0.0, 0, 0.0, 0, 0.0, 0, 0.0, 0.0], "deviation": [0.0, 0.0, 0.0, 0.0, 0.0, 0.0, 0.0, 0.0, 0.0, 0.0, 0.0, 0.0, 0.0]}, "M": {"data": [0.0, 0, 0.0, 0.0, 0, 0.0, 0, 0.0, 0, 0.0, 0, 0.0, 0.0], "deviation": [0.0, 0.0, 0.0, 0.0, 0.0, 0.0, 0.0, 0.0, 0.0, 0.0, 0.0, 0.0, 0.0]}, "NSP13": {"data": [0.0, 0, 0.0, 0.0, 0, 0.0, 0, 0.0, 0, 0.0, 0, 0.0, 0.0], "deviation": [0.0, 0.0, 0.0, 0.0, 0.0, 0.0, 0.0, 0.0, 0.0, 0.0, 0.0, 0.0, 0.0]}, "N": {"data": [0.0, 0, 0.0, 0.0, 0, 0.0, 0, 0.0, 0, 0.0, 0, 0.0, 0.0], "deviation": [0.0, 0.0, 0.0, 0.0, 0.0, 0.0, 0.0, 0.0, 0.0, 0.0, 0.0, 0.0, 0.0]}, "NSP14": {"data": [0.0, 0, 0.0, 0.0, 0, 0.0, 0, 0.0, 0, 0.0, 0, 0.0, 0.0], "deviation": [0.0, 0.0, 0.0, 0.0, 0.0, 0.0, 0.0, 0.0, 0.0, 0.0, 0.0, 0.0, 0.0]}, "NS3": {"data": [0.0, 0, 0.0, 0.0, 0, 0.0, 0, 0.0, 0, 0.0, 0, 0.0, 0.0], "deviation": [0.0, 0.0, 0.0, 0.0, 0.0, 0.0, 0.0, 0.0, 0.0, 0.0, 0.0, 0.09284766908852593, 0.0]}, "NSP15": {"data": [0.0, 0, 0.0, 0.0, 0, 0.0, 0, 0.0, 0, 0.0, 0, 0.0, 0.0], "deviation": [0.0, 0.0, 0.0, 0.0, 0.0, 0.0, 0.0, 0.0, 0.0, 0.0, 0.0, 0.0, 0.0]}, "NSP16": {"data": [0.0, 0, 0.0, 0.0, 0, 0.0, 0, 0.0, 0, 0.0, 0, 0.0, 0.0], "deviation": [0.0, 0.0, 0.0, 0.0, 0.0, 0.0, 0.0, 0.0, 0.0, 0.0, 0.0, 0.0, 0.0]}, "NS9b": {"data": [0.0, 0, 0.0, 0.0, 0, 0.0, 0, 0.0, 0, 0.0, 0, 0.0, 0.0], "deviation": [0.0, 0.0, 0.0, 0.0, 0.0, 0.0, 0.0, 0.0, 0.0, 0.0, 0.0, 0.0, 0.0]}, "NS6": {"data": [0.0, 0, 0.0, 0.0, 0, 0.0, 0, 0.0, 0, 0.0, 0, 0.0, 0.0], "deviation": [0.0, 0.0, 0.0, 0.0, 0.0, 0.0, 0.0, 0.0, 0.0, 0.0, 0.0, 0.0, 0.0]}, "NS9c": {"data": [0.0, 0, 0.0, 0.0, 0, 0.0, 0, 0.0, 0, 0.0, 0, 0.0, 0.0], "deviation": [0.0, 0.0, 0.0, 0.0, 0.0, 0.0, 0.0, 0.0, 0.0, 0.0, 0.0, 0.0, 0.0]}, "NSP1": {"data": [0.0, 0, 0.0, 0.0, 0, 0.0, 0, 0.0, 0, 0.0, 0, 0.0, 0.0], "deviation": [0.0, 0.0, 0.0, 0.0, 0.0, 0.0, 0.0, 0.08638684255813601, 0.2727272727272727, 0.0, 0.0, 0.611913213707177, 0.0]}, "NSP2": {"data": [0.0, 0, 0.0, 0.0, 0, 0.0, 0, 0.0, 0, 0.0, 0, 0.0, 0.0], "deviation": [0.5163977794943223, 0.0, 0.0, 0.0, 0.0, 0.0, 0.0, 0.0, 0.0, 0.0, 0.0, 0.0, 0.0]}, "NS8": {"data": [0.0, 0, 0.0, 0.0, 0, 0.0, 0, 0.0, 0, 0.0, 0, 0.0, 0.0], "deviation": [0.0, 0.0, 0.0, 0.0, 0.0, 0.0, 0.0, 0.0, 0.0, 0.0, 0.0, 0.0, 0.0]}, "NSP3": {"data": [0.0, 0, 0.0, 0.0, 0, 0.0, 0, 0.0, 0, 0.0, 0, 0.0, 0.0], "deviation": [0.0, 0.0, 0.0, 0.0, 0.0, 0.0, 0.0, 0.0, 0.0, 0.0, 0.0, 0.0, 0.0]}}, "missense": {"NSP4": {"data": [0.0, 0, 0.0, 0.5, 1, 1.0, 0, 0.0, 0, 0.0, 2, 1.0, 1.0], "deviation": [0.0, 0.5773502691896258, 0.48304589153964794, 0.5477225575051661, 0.45773770821706344, 0.4944132324730442, 0.3146266024828463, 0.29088575313698684, 0.3689012798432291, 0.4895784467034156, 0.9488334418036183, 0.6084734012756597, 0.5188097392763941]}, "E": {"data": [0.0, 0, 0.0, 0.0, 0, 0.0, 0, 0.0, 0, 0.0, 0, 0.0, 0.0], "deviation": [0.0, 0.0, 0.0, 0.0, 0.0, 0.0, 0.0, 0.0, 0.0, 0.0, 0.0, 0.18325721921878577, 0.14823135407896973]}, "NS7a": {"data": [0.0, 0, 0.0, 0.0, 0, 0.0, 0, 0.0, 0, 0.0, 0, 2.0, 2.0], "deviation": [0.0, 0.0, 0.0, 0.0, 0.0, 0.2323106841457232, 0.2901294265928297, 0.20758806960775553, 0.28867513459481287, 0.2732763127330939, 1.310705427603288, 0.5570860145311556, 0.2596453934447493]}, "NSP5": {"data": [0.0, 1, 1.0, 0.5, 1, 0.0, 0, 0.0, 0, 0.0, 0, 0.0, 0.0], "deviation": [0.408248290463863, 0.5773502691896257, 0.5163977794943222, 0.5477225575051661, 0.5163977794943222, 0.4944132324730442, 0.4396202830466234, 0.22334316221195186, 0.15614149124834242, 0.0, 0.32025630761017426, 0.4244230584378435, 0.5415334033707359]}, "NS7b": {"data": [0.0, 0, 0.0, 0.0, 0, 0.0, 0, 0.0, 0, 0.0, 0, 0.0, 0.0], "deviation": [0.0, 0.0, 0.0, 0.0, 0.0, 0.0, 0.0, 0.12170929415494246, 0.12802806166228853, 0.0, 0.36201399289824565, 0.4873204893807717, 0.49264249635357604]}, "NSP6": {"data": [0.0, 0, 0.0, 0.5, 1, 1.0, 0, 1.0, 1, 1.0, 1, 2.0, 2.0], "deviation": [0.0, 0.5773502691896258, 0.6992058987801011, 0.816496580927726, 0.7037315505489968, 0.6684499957554019, 0.4396202830466234, 0.5235450579211515, 0.49459892759037977, 0.5517333348917078, 0.5723943812052383, 0.5955230273985374, 0.4947918514685245]}, "NSP7": {"data": [0.0, 0, 0.0, 0.0, 0, 0.0, 0, 0.0, 0, 0.0, 0, 0.0, 0.0], "deviation": [0.0, 0.0, 0.0, 0.0, 0.0, 0.0, 0.0, 0.0, 0.0, 0.0, 0.0, 0.2686799314188285, 0.36446393175876635]}, "NSP8": {"data": [0.0, 0, 0.0, 0.0, 0, 0.0, 0, 0.0, 0, 0.0, 0, 0.0, 0.0], "deviation": [0.0, 0.0, 0.42163702135578396, 0.0, 0.2581988897471611, 0.16666666666666666, 0.0, 0.12170929415494246, 0.0, 0.3425699874501045, 0.2668802563418119, 0.0, 0.0]}, "Spike": {"data": [0.0, 1, 1.0, 1.0, 1, 2.0, 7, 7.0, 7, 7.0, 9, 9.0, 10.0], "deviation": [0.408248290463863, 0.0, 0.31622776601683794, 0.408248290463863, 0.3518657752744984, 1.6494347276066794, 2.05889709287697, 0.8087516478626474, 0.9114363682910213, 1.761973870504723, 1.941450686788302, 0.8329784351730052, 0.8983269231876807]}, "NSP9": {"data": [0.0, 0, 0.0, 0.0, 0, 0.0, 0, 0.0, 0, 0.0, 0, 0.0, 0.0], "deviation": [0.0, 0.0, 0.0, 0.0, 0.0, 0.2323106841457232, 0.2901294265928297, 0.08638684255813601, 0.12802806166228853, 0.0, 0.0, 0.09284766908852593, 0.14823135407896973]}, "NSP10": {"data": [0.0, 0, 0.0, 0.0, 0, 0.0, 0, 0.0, 0, 0.0, 0, 0.0, 0.0], "deviation": [0.0, 0.0, 0.0, 0.0, 0.0, 0.0, 0.0, 0.0, 0.0, 0.0, 0.0, 0.0, 0.0]}, "NSP11": {"data": [0.0, 0, 0.0, 0.0, 0, 0.0, 0, 0.0, 0, 0.0, 0, 0.0, 0.0], "deviation": [0.0, 0.0, 0.0, 0.0, 0.0, 0.0, 0.0, 0.0, 0.0, 0.0, 0.0, 0.0, 0.0]}, "NSP12": {"data": [0.0, 1, 1.0, 1.0, 1, 1.0, 1, 2.0, 2, 2.0, 1, 3.0, 3.0], "deviation": [0.5163977794943223, 0.0, 0.31622776601683794, 0.0, 0.7037315505489968, 0.7616815149120596, 0.6890192121758832, 0.4870676321008994, 0.4476753546270957, 0.4953553834402849, 0.5773502691896258, 0.6429761199722527, 0.6100490146288967]}, "M": {"data": [0.0, 0, 0.0, 0.0, 0, 0.0, 0, 0.0, 0, 0.0, 0, 1.0, 1.0],