{"indel": {"NSP4": {"data": [0.0, 0.0, 0.0, 0, 0.0, 0.0, 0, 0, 0.0, 0.0, 0, 0, 0, 0, 0, 0, 0.0, 0, 0, 0.0], "deviation": [0.0, 0.0, 0.0, 0.0, 0.0, 0.0, 0.0, 0.0, 0.0, 0.0, 0.0, 0.0, 0.0, 0.0, 0.0, 0.0, 0.0, 0.0, 0.0, 0.0]}, "E": {"data": [0.0, 0.0, 0.0, 0, 0.0, 0.0, 0, 0, 0.0, 0.0, 0, 0, 0, 0, 0, 0, 0.0, 0, 0, 0.0], "deviation": [0.0, 0.0, 0.0, 0.0, 0.0, 0.0, 0.0, 0.0, 0.0, 0.0, 0.0, 0.0, 0.0, 0.0, 0.2027119769215384, 0.2351200816463548, 0.2613638335188478, 0.0, 0.0, 0.0]}, "NS7a": {"data": [0.0, 0.0, 0.0, 0, 0.0, 0.0, 0, 0, 0.0, 0.0, 0, 0, 0, 0, 0, 0, 0.0, 0, 0, 0.0], "deviation": [0.0, 0.0, 0.0, 0.0, 0.0, 0.0, 0.0, 0.0, 0.0, 0.7339546572022417, 0.0, 0.0, 0.0, 0.17072248036439638, 0.10774007441457417, 0.4062266064812359, 1.211310671750072, 0.08124310349792571, 0.0, 0.2672612419124244]}, "NSP5": {"data": [0.0, 0.0, 0.0, 0, 0.0, 0.0, 0, 0, 0.0, 0.0, 0, 0, 0, 0, 0, 0, 0.0, 0, 0, 0.0], "deviation": [0.0, 0.0, 0.0, 0.0, 0.0, 0.0, 0.0, 0.0, 0.0, 0.0, 0.0, 0.0, 0.0, 0.0, 0.0, 0.0, 0.0, 0.0, 0.0, 0.0]}, "NS7b": {"data": [0.0, 0.0, 0.0, 0, 0.0, 0.0, 0, 0, 0.0, 0.0, 0, 0, 0, 0, 0, 0, 0.0, 0, 0, 0.0], "deviation": [0.0, 0.0, 0.0, 0.0, 0.0, 0.0, 0.0, 0.0, 0.0, 0.0, 0.0, 0.0, 0.0, 0.0, 0.029894063777797554, 0.06373134568177469, 0.16703827619526526, 0.31231568560534734, 0.0, 0.0]}, "NSP6": {"data": [0.0, 0.0, 0.0, 0, 0.0, 0.0, 0, 0, 0.0, 0.0, 0, 0, 0, 3, 3, 3, 3.0, 3, 0, 0.0], "deviation": [0.0, 0.0, 0.0, 0.0, 0.0, 0.0, 0.0, 0.0, 0.0, 0.0, 0.0, 0.48038446141526137, 1.4819171472698969, 1.2443752797284895, 1.0516119683545904, 0.6324855921518681, 1.3463004642885834, 1.499508191965488, 0.9017138681562635, 0.23099441747183527]}, "NSP7": {"data": [0.0, 0.0, 0.0, 0, 0.0, 0.0, 0, 0, 0.0, 0.0, 0, 0, 0, 0, 0, 0, 0.0, 0, 0, 0.0], "deviation": [0.0, 0.0, 0.0, 0.0, 0.0, 0.0, 0.0, 0.0, 0.0, 0.0, 0.0, 0.0, 0.0, 0.0, 0.029894063777797554, 0.0, 0.0, 0.0, 0.0, 0.0]}, "NSP8": {"data": [0.0, 0.0, 0.0, 0, 0.0, 0.0, 0, 0, 0.0, 0.0, 0, 0, 0, 0, 0, 0, 0.0, 0, 0, 0.0], "deviation": [0.0, 0.0, 0.0, 0.0, 0.0, 0.0, 0.0, 0.0, 0.0, 0.0, 0.14002800840280097, 0.0, 0.0, 0.0, 0.0, 0.0, 0.0, 0.0, 0.0, 0.0]}, "Spike": {"data": [0.0, 0.0, 0.0, 0, 0.0, 0.0, 0, 0, 0.0, 2.0, 2, 2, 2, 3, 3, 3, 3.0, 3, 2, 0.0], "deviation": [0.0, 0.0, 0.0, 0.11867816581938534, 0.0, 0.0, 0.0, 0.7310355363903913, 0.9935915448290938, 1.3931065660947624, 1.0003920799993822, 1.0500305245868344, 1.1398908538299957, 0.8101532129360522, 0.6204030523811469, 0.5187922746693184, 1.0155195360860303, 1.1345151963374949, 1.2233598033996713, 1.0756001343265826]}, "NSP9": {"data": [0.0, 0.0, 0.0, 0, 0.0, 0.0, 0, 0, 0.0, 0.0, 0, 0, 0, 0, 0, 0, 0.0, 0, 0, 0.0], "deviation": [0.0, 0.0, 0.0, 0.0, 0.0, 0.0, 0.0, 0.0, 0.0, 0.0, 0.0, 0.0, 0.0, 0.0, 0.0, 0.0, 0.0, 0.0, 0.0, 0.0]}, "NSP10": {"data": [0.0, 0.0, 0.0, 0, 0.0, 0.0, 0, 0, 0.0, 0.0, 0, 0, 0, 0, 0, 0, 0.0, 0, 0, 0.0], "deviation": [0.0, 0.0, 0.0, 0.0, 0.0, 0.0, 0.0, 0.0, 0.0, 0.0, 0.0, 0.0, 0.0, 0.0, 0.0, 0.0, 0.0, 0.0, 0.0, 0.0]}, "NSP11": {"data": [0.0, 0.0, 0.0, 0, 0.0, 0.0, 0, 0, 0.0, 0.0, 0, 0, 0, 0, 0, 0, 0.0, 0, 0, 0.0], "deviation": [0.0, 0.0, 0.0, 0.0, 0.0, 0.0, 0.0, 0.0, 0.0, 0.0, 0.0, 0.0, 0.0, 0.0, 0.0, 0.0, 0.0, 0.0, 0.0, 0.0]}, "NSP12": {"data": [0.0, 0.0, 0.0, 0, 0.0, 0.0, 0, 0, 0.0, 0.0, 0, 0, 0, 0, 0, 0, 0.0, 0, 0, 0.0], "deviation": [0.0, 0.0, 0.0, 0.0, 0.0, 0.0, 0.0, 0.0, 0.0, 0.0, 0.0, 0.0, 0.0, 0.0, 0.0, 0.0, 0.0, 0.0, 0.0, 0.44543540318737396]}, "M": {"data": [0.0, 0.0, 0.0, 0, 0.0, 0.0, 0, 0, 0.0, 0.0, 0, 0, 0, 0, 0, 0, 0.0, 0, 0, 0.0], "deviation": [0.0, 0.0, 0.0, 0.0, 0.0, 0.0, 0.0, 0.0, 0.0, 0.0, 0.0, 0.0, 0.0, 0.0, 0.0, 0.0, 0.4342995181076896, 0.0, 0.0, 0.0]}, "NSP13": {"data": [0.0, 0.0, 0.0, 0, 0.0, 0.0, 0, 0, 0.0, 0.0, 0, 0, 0, 0, 0, 0, 0.0, 0, 0, 0.0], "deviation": [0.0, 0.0, 0.0, 0.0, 0.0, 0.0, 0.0, 0.0, 0.0, 0.0, 0.0, 0.0, 0.0, 0.0, 0.0, 0.0, 0.0, 0.0, 0.0, 0.0]}, "N": {"data": [0.0, 0.0, 0.0, 0, 0.0, 0.0, 0, 0, 0.0, 0.0, 0, 0, 0, 0, 0, 0, 0.0, 0, 0, 0.0], "deviation": [0.0, 0.0, 0.0, 0.0, 0.0, 0.0, 0.0, 0.0, 0.0, 0.0, 0.0, 0.0, 0.2676097405963245, 0.028903665650803996, 0.04225767895839949, 0.07534621124840583, 0.07453466977992132, 0.0, 0.05732230782253658, 0.12586285862564628]}, "NSP14": {"data": [0.0, 0.0, 0.0, 0, 0.0, 0.0, 0, 0, 0.0, 0.0, 0, 0, 0, 0, 0, 0, 0.0, 0, 0, 0.0], "deviation": [0.0, 0.0, 0.0, 0.0, 0.0, 0.0, 0.0, 0.0, 0.0, 0.0, 0.0, 0.0, 0.0, 0.0, 0.0, 0.0, 0.0, 0.0, 0.0, 0.0]}, "NS3": {"data": [0.0, 0.0, 0.0, 0, 0.0, 0.0, 0, 0, 0.0, 0.0, 0, 0, 0, 0, 0, 0, 0.0, 0, 0, 0.0], "deviation": [0.0, 0.0, 0.0, 0.0, 0.0, 0.0, 0.0, 0.0, 0.0, 0.0, 0.0, 0.0, 0.4218286310095534, 0.10807654297068062, 0.2706756842130933, 0.11419253390798367, 0.03340765523905305, 0.20361574059384205, 0.06615364137018295, 0.19540623539618218]}, "NSP15": {"data": [0.0, 0.0, 0.0, 0, 0.0, 0.0, 0, 0, 0.0, 0.0, 0, 0, 0, 0, 0, 0, 0.0, 0, 0, 0.0], "deviation": [0.0, 0.0, 0.0, 0.0, 0.0, 0.0, 0.0, 0.0, 0.0, 0.0, 0.0, 0.0, 0.0, 0.0, 0.0, 0.02854813347699592, 0.0, 0.040723148118768406, 0.0, 0.0]}, "NSP16": {"data": [0.0, 0.0, 0.0, 0, 0.0, 0.0, 0, 0, 0.0, 0.0, 0, 0, 0, 0, 0, 0, 0.0, 0, 0, 0.0], "deviation": [0.0, 0.0, 0.0, 0.0, 0.0, 0.0, 0.0, 0.0, 0.0, 0.0, 0.0, 0.0, 0.0, 0.0, 0.0, 0.0, 0.0, 0.0, 0.0, 0.0]}, "NS9b": {"data": [0.0, 0.0, 0.0, 0, 0.0, 0.0, 0, 0, 0.0, 0.0, 0, 0, 0, 0, 0, 0, 0.0, 0, 0, 0.0], "deviation": [0.0, 0.0, 0.0, 0.0, 0.0, 0.0, 0.0, 0.0, 0.0, 0.0, 0.0, 0.0, 0.0, 0.0, 0.0, 0.0, 0.0, 0.0, 0.0, 0.0]}, "NS6": {"data": [0.0, 0.0, 0.0, 0, 0.0, 0.0, 0, 0, 0.0, 0.0, 0, 0, 0, 0, 0, 0, 0.0, 0, 0, 0.0], "deviation": [0.0, 0.0, 0.0, 0.0, 0.0, 0.0, 0.0, 0.0, 0.0, 0.0, 0.0, 0.0, 0.05163977794943222, 0.0, 0.0, 0.0, 0.0, 0.0, 0.0, 0.0]}, "NS9c": {"data": [0.0, 0.0, 0.0, 0, 0.0, 0.0, 0, 0, 0.0, 0.0, 0, 0, 0, 0, 0, 0, 0.0, 0, 0, 0.0], "deviation": [0.0, 0.0, 0.0, 0.0, 0.0, 0.0, 0.0, 0.0, 0.0, 0.0, 0.0, 0.0, 0.0, 0.0, 0.0, 0.0, 0.0, 0.0, 0.0, 0.0]}, "NSP1": {"data": [0.0, 0.0, 0.0, 0, 0.0, 0.0, 0, 0, 0.0, 0.0, 0, 0, 0, 0, 0, 0, 0.0, 0, 0, 0.0], "deviation": [0.0, 0.0, 0.0, 0.0, 0.0, 0.0, 0.0, 0.0, 0.4629100498862757, 0.5286741342152261, 0.0, 0.6703675950928769, 0.24159304920883995, 0.12257659134534843, 0.1841448700883662, 0.22635602959602893, 0.24526643980864693, 0.2956688056659397, 0.17506742975935213, 0.20853086347088354]}, "NSP2": {"data": [0.0, 0.0, 0.0, 0, 0.0, 0.0, 0, 0, 0.0, 0.0, 0, 0, 0, 0, 0, 0, 0.0, 0, 0, 0.0], "deviation": [0.0, 0.0, 0.1369140781910376, 0.0, 0.0, 0.0, 0.0, 0.0, 0.0, 0.0, 0.0, 0.0, 0.0, 0.0, 0.05978812755559511, 0.05702636739672528, 0.0, 0.0, 0.0, 0.0]}, "NS8": {"data": [0.0, 0.0, 0.0, 0, 0.0, 0.0, 0, 0, 0.0, 0.0, 0, 0, 0, 0, 0, 0, 0.0, 0, 0, 0.0], "deviation": [0.0, 0.0, 0.0, 0.0, 0.0, 0.0, 9.74834873351908, 0.0, 0.0, 0.0, 0.0, 0.0, 0.0, 0.0, 0.05978812755559511, 0.10281544465895798, 0.0944383151644995, 0.2427099446277448, 0.0739212353984579, 0.0]}, "NSP3": {"data": [0.0, 0.0, 0.0, 0, 0.0, 0.0, 0, 0, 0.0, 0.0, 0, 0, 0, 0, 0, 0, 0.0, 0, 0, 0.0], "deviation": [0.0, 0.0, 0.0, 0.0, 0.0, 0.0, 0.0, 0.0, 0.0, 1.711656060414304, 0.0, 0.0, 0.0, 0.09137848653172537, 0.059707857041588194, 0.2246669468796556, 0.18259239863233095, 0.0, 0.5169005337658852, 0.0]}}, "missense": {"NSP4": {"data": [0.0, 0.0, 0.0, 0, 0.0, 0.0, 0, 0, 0.0, 0.0, 0, 0, 0, 0, 0, 0, 0.0, 0, 1, 2.0], "deviation": [0.0, 0.0, 0.079555728417573, 0.16663312875171465, 0.4031128874149275, 0.42163702135578396, 0.4666937221594376, 0.36551776819519566, 0.26066118021500656, 0.34620634862939775, 0.4338609156373123, 0.5773502691896258, 0.5001532741897322, 0.41171884798610975, 0.45894010736471647, 0.36229943021995276, 0.7383159789930005, 0.9575198951876512, 0.6193445347643166, 0.7102016475142162]}, "E": {"data": [0.0, 0.0, 0.0, 0, 0.0, 0.0, 0, 0, 0.0, 0.0, 0, 0, 0, 0, 0, 0, 0.0, 0, 0, 0.0], "deviation": [0.0, 0.0, 0.0, 0.0, 0.0, 0.0, 0.0, 0.0, 0.0, 0.11432740861710033, 0.14002800840280097, 0.16012815380508713, 0.11485090699593828, 0.09105686511705398, 0.2814980365506597, 0.2774177541236039, 0.3159575288167093, 0.07041729706322507, 0.16024612858699677, 0.24760999007604415]},