{"indel": {"NSP4": {"data": [0, 0, 0, 0.0, 0, 0, 0.0, 0.0, 0.0, 0.0, 0.0], "deviation": [0.0, 0.10720765041027999, 0.0, 0.0, 0.0, 0.0, 0.0, 0.0, 0.0, 0.0, 0.0]}, "E": {"data": [0, 0, 0, 0.0, 0, 0, 0.0, 0.0, 0.0, 0.0, 0.0], "deviation": [0.0, 0.0, 0.0, 0.0, 0.0, 0.0, 0.0, 0.0, 0.0, 0.0, 0.0]}, "NS7a": {"data": [0, 0, 0, 0.0, 0, 0, 0.0, 0.0, 0.0, 0.0, 0.0], "deviation": [0.0, 0.0, 0.8793155726408237, 0.0, 0.0, 0.0, 0.0, 0.0, 0.0, 0.0, 0.0]}, "NSP5": {"data": [0, 0, 0, 0.0, 0, 0, 0.0, 0.0, 0.0, 0.0, 0.0], "deviation": [0.0, 0.0, 0.0, 0.0, 0.0, 0.0, 0.0, 0.0, 0.0, 0.0, 0.0]}, "NS7b": {"data": [0, 0, 0, 0.0, 0, 0, 0.0, 0.0, 0.0, 0.0, 0.0], "deviation": [0.0, 0.0, 0.0, 0.0, 0.09407022031018292, 0.0, 0.0, 0.0, 0.0, 0.0, 0.0]}, "NSP6": {"data": [0, 0, 0, 0.0, 0, 0, 3.0, 0.0, 0.0, 0.0, 0.0], "deviation": [0.0, 0.07602859212697055, 0.0, 1.0606601717798212, 1.1715374513859982, 1.524001524002286, 1.2649110640673518, 1.5, 1.4708710135363803, 1.3929168644626095, 0.0]}, "NSP7": {"data": [0, 0, 0, 0.0, 0, 0, 0.0, 0.0, 0.0, 0.0, 0.0], "deviation": [0.0, 0.0, 0.0, 0.0, 0.0, 0.0, 0.0, 0.0, 0.0, 0.0, 0.0]}, "NSP8": {"data": [0, 0, 0, 0.0, 0, 0, 0.0, 0.0, 0.0, 0.0, 0.0], "deviation": [0.0, 0.0, 0.0, 0.0, 0.0, 0.0, 0.0, 0.0, 0.0, 0.0, 0.0]}, "Spike": {"data": [0, 0, 0, 0.0, 2, 0, 0.5, 2.0, 0.0, 2.0, 2.0], "deviation": [0.0, 0.07602859212697055, 0.08275960816253314, 2.1213203435596424, 1.1209229473823141, 1.2216681702817545, 1.3984117975602022, 1.2583057392117916, 1.248332220738267, 1.203858530857692, 1.0350983390135313]}, "NSP9": {"data": [0, 0, 0, 0.0, 0, 0, 0.0, 0.0, 0.0, 0.0, 0.0], "deviation": [0.0, 0.0, 0.0, 0.0, 0.0, 0.0, 0.0, 0.0, 0.0, 0.0, 0.0]}, "NSP10": {"data": [0, 0, 0, 0.0, 0, 0, 0.0, 0.0, 0.0, 0.0, 0.0], "deviation": [0.0, 0.0, 0.0, 0.0, 0.0, 0.0, 0.0, 0.0, 0.0, 0.0, 0.0]}, "NSP11": {"data": [0, 0, 0, 0.0, 0, 0, 0.0, 0.0, 0.0, 0.0, 0.0], "deviation": [0.0, 0.0, 0.0, 0.0, 0.0, 0.0, 0.0, 0.0, 0.0, 0.0, 0.0]}, "NSP12": {"data": [0, 0, 0, 0.0, 0, 0, 0.0, 0.0, 0.0, 0.0, 0.0], "deviation": [0.0, 0.0, 0.0, 0.0, 0.0, 0.0, 0.0, 0.0, 0.0, 0.0, 0.0]}, "M": {"data": [0, 0, 0, 0.0, 0, 0, 0.0, 0.0, 0.0, 0.0, 0.0], "deviation": [0.0, 0.0, 0.0, 0.0, 0.0, 0.0, 0.0, 0.0, 0.0, 0.0, 0.0]}, "NSP13": {"data": [0, 0, 0, 0.0, 0, 0, 0.0, 0.0, 0.0, 0.0, 0.0], "deviation": [0.0, 0.0, 0.0, 0.0, 0.0, 0.0, 0.0, 0.0, 0.0, 0.0, 0.0]}, "N": {"data": [0, 0, 0, 0.0, 0, 0, 0.0, 0.0, 0.0, 0.0, 0.0], "deviation": [0.0, 0.4561715527618233, 1.041558532128761, 0.0, 0.06666666666666667, 0.0, 0.0, 0.0, 0.0, 0.0, 0.0]}, "NSP14": {"data": [0, 0, 0, 0.0, 0, 0, 0.0, 0.0, 0.0, 0.0, 0.0], "deviation": [0.0, 0.0, 0.0, 0.0, 0.0, 0.0, 0.0, 0.0, 0.0, 0.0, 0.0]}, "NS3": {"data": [0, 0, 0, 0.0, 0, 0, 0.0, 0.0, 0.0, 0.0, 0.0], "deviation": [0.0, 0.07602859212697055, 0.05862103817605492, 0.0, 1.614664936493902, 4.951376478541908, 3.1622776601683795, 0.0, 0.0, 0.0, 0.0]}, "NSP15": {"data": [0, 0, 0, 0.0, 0, 0, 0.0, 0.0, 0.0, 0.0, 0.0], "deviation": [0.0, 0.0, 0.0, 0.0, 0.0, 0.0, 0.0, 0.0, 0.0, 0.0, 0.0]}, "NSP16": {"data": [0, 0, 0, 0.0, 0, 0, 0.0, 0.0, 0.0, 0.0, 0.0], "deviation": [0.0, 0.0, 0.0, 0.0, 0.0, 0.0, 0.0, 0.0, 0.0, 0.0, 0.0]}, "NS9b": {"data": [0, 0, 0, 0.0, 0, 0, 0.0, 0.0, 0.0, 0.0, 0.0], "deviation": [0.0, 0.0, 0.0, 0.0, 0.0, 0.0, 0.0, 0.0, 0.0, 0.0, 0.0]}, "NS6": {"data": [0, 0, 0, 0.0, 0, 0, 0.0, 0.0, 0.0, 0.0, 0.0], "deviation": [0.0, 0.0, 0.0, 0.0, 0.0, 1.4368424162141993, 0.0, 0.0, 0.0, 0.0, 0.0]}, "NS9c": {"data": [0, 0, 0, 0.0, 0, 0, 0.0, 0.0, 0.0, 0.0, 0.0], "deviation": [0.0, 0.0, 0.0, 0.0, 0.0, 0.0, 0.0, 0.0, 0.0, 0.0, 0.0]}, "NSP1": {"data": [0, 0, 0, 0.0, 0, 0, 0.0, 0.0, 0.0, 0.0, 0.0], "deviation": [0.0, 0.7238751001656784, 0.38732128087396095, 0.0, 0.5099408618062319, 0.0, 0.0, 0.0, 0.0, 0.2041241452319315, 0.0]}, "NSP2": {"data": [0, 0, 0, 0.0, 0, 0, 0.0, 0.0, 0.0, 0.0, 0.0], "deviation": [0.0, 0.0, 0.08275960816253314, 0.0, 0.0, 0.0, 0.0, 0.0, 0.0, 0.0, 0.0]}, "NS8": {"data": [0, 0, 0, 0.0, 0, 0, 0.0, 0.0, 0.0, 0.0, 0.0], "deviation": [0.0, 0.0, 0.0, 0.0, 0.0, 0.0, 0.0, 0.0, 0.0, 0.0, 0.0]}, "NSP3": {"data": [0, 0, 0, 0.0, 0, 0, 0.0, 0.0, 0.0, 0.0, 0.0], "deviation": [0.0, 0.0, 0.0, 0.0, 0.06666666666666667, 0.0, 0.0, 0.0, 0.0, 0.0, 0.0]}}, "missense": {"NSP4": {"data": [0, 0, 0, 0.0, 1, 0, 0.0, 1.0, 1.0, 1.0, 2.0], "deviation": [0.3146266024828463, 0.49632335552102513, 0.42336656263361583, 0.0, 0.6295627104182763, 0.5287436926083547, 0.8432740427115678, 1.1547005383792515, 0.8022404524765274, 0.6370220572706061, 0.5175491695067657]}, "E": {"data": [0, 0, 0, 0.0, 0, 0, 0.0, 0.0, 0.0, 0.0, 0.0], "deviation": [0.0, 0.10720765041027999, 0.14234839073244418, 0.0, 0.2718980901524897, 0.373878250552983, 0.5163977794943222, 0.5, 0.40509574683346666, 0.4423258684646914, 0.0]}, "NS7a": {"data": [0, 0, 0, 0.0, 0, 0, 0.0, 1.0, 0.0, 0.0, 0.0], "deviation": [0.0, 0.2251196452661772, 0.11663407531501342, 0.0, 1.2712479807541204, 0.0, 0.6324555320336759, 1.1547005383792515, 1.0848608560193687, 1.1420804814403216, 1.0690449676496976]}, "NSP5": {"data": [0, 0, 0, 0.0, 0, 0, 0.0, 0.5, 0.0, 0.0, 0.0], "deviation": [0.18891859540615819, 0.30211870034919314, 0.23493853086193506, 0.3535533905932738, 0.37118429085533483, 0.44480272297456924, 0.5163977794943222, 0.5773502691896257, 0.4385290096535146, 0.3378319623460881, 0.0]}, "NS7b": {"data": [0, 0, 0, 0.0, 0, 0, 0.0, 0.5, 0.0, 0.0, 0.0], "deviation": [0.13483997249264842, 0.07602859212697055, 0.08275960816253314, 0.0, 0.1855921454276674, 0.0, 0.0, 0.5773502691896257, 0.2667467828369185, 0.38069349381344053, 0.3535533905932738]}, "NSP6": {"data": [0, 0, 0, 0.0, 1, 0, 0.5, 1.0, 1.0, 1.0, 1.0], "deviation": [0.2901294265928297, 0.42283267545724584, 0.45924042244998353, 0.0, 0.529749866101843, 1.27422757542697, 0.699205898780101, 1.0, 0.48304589153964794, 0.8064504441319253, 0.3535533905932738]}, "NSP7": {"data": [0, 0, 0, 0.0, 0, 0, 0.0, 0.0, 0.0, 0.0, 0.0], "deviation": [0.0, 0.0, 0.11663407531501342, 0.0, 0.06666666666666667, 0.0, 0.42163702135578396, 0.0, 0.0, 0.0, 0.0]}, "NSP8": {"data": [0, 0, 0, 0.0, 0, 0, 0.0, 0.0, 0.0, 0.0, 0.0], "deviation": [0.18891859540615819, 0.27668752900728955, 0.3894265520732396, 0.4629100498862757, 0.21611651766199919, 0.4951376478541908, 0.31622776601683794, 0.0, 0.22072142786315224, 0.0, 0.0]}, "Spike": {"data": [1, 1, 1, 1.0, 8, 3, 3.5, 7.5, 6.0, 8.0, 8.0], "deviation": [0.5241635954045977, 0.518316216703065, 0.49713004991333976, 2.7645717829090897, 1.5513946618528107, 1.8251528143415623, 2.4608038433722332, 2.449489742783178, 1.399404635312222, 1.350657381543832, 1.2817398889233114]}, "NSP9": {"data": [0, 0, 0, 0.0, 0, 0, 0.0, 0.0, 0.0, 0.0, 0.0], "deviation": [0.13483997249264842, 0.10720765041027999, 0.19918068940446718, 0.0, 0.19639610121239315, 0.30053715351876426, 0.31622776601683794, 0.5, 0.0, 0.2041241452319315, 0.0]}, "NSP10": {"data": [0, 0, 0, 0.0, 0, 0, 0.0, 0.0, 0.0, 0.0, 0.0], "deviation": [0.0, 0.07602859212697055, 0.14234839073244418, 0.0, 0.13243746652546076, 0.47519096331149147, 0.0, 0.0, 0.0, 0.0, 0.3535533905932738]}, "NSP11": {"data": [0, 0, 0, 0.0, 0, 0, 0.0, 0.0, 0.0, 0.0, 0.0], "deviation": [0.0, 0.0, 0.0, 0.0, 0.0, 0.0, 0.0, 0.0, 0.0, 0.0, 0.0]}, "NSP12": {"data": [1, 1, 1, 1.0, 3, 1, 1.5, 1.5, 3.0, 2.0, 2.5], "deviation": [0.48755557397125276, 0.45712827401700595, 0.4182414841838499, 0.4629100498862757, 0.8457409637576849, 0.8638498475659905, 0.5270462766947299, 0.9574271077563381, 0.9268086959962983, 0.832970935693524, 0.5345224838248488]}, "M": {"data": [0, 0, 0, 0.0, 1, 0, 0.0, 0.5, 1.0, 1.0, 1.0], "deviation": [0.6113406364191519, 0.4430915841021328, 0.153483854258972, 0.0, 0.43757085594021683, 0.0, 0.48304589153964794, 0.5773502691896257, 0.4743416490252569, 0.3586407511783862, 0.0]}, "NSP13": {"data": [0, 0, 0, 0.0, 1, 0, 1.0, 1.5, 1.0, 1.0, 1.0], "deviation": [0.18891859540615819, 0.3583918015596779, 0.40132497701071485, 0.7071067811865476, 0.5345224838248488, 0.3407771005482389, 0.6749485577105528, 0.9574271077563381, 0.563869415688347, 0.6796738348201514, 0.7440238091428449]},