{"indel": {"NSP4": {"data": [0.0, 0, 0.0, 0.0, 0.0, 0.0, 0, 0.0, 0, 0.0, 0.0, 0], "deviation": [0.0, 0.0, 0.0, 0.0, 0.0, 0.0, 0.0, 0.0, 0.0, 0.0, 0.0, 0.0]}, "E": {"data": [0.0, 0, 0.0, 0.0, 0.0, 0.0, 0, 0.0, 0, 0.0, 0.0, 0], "deviation": [0.0, 0.0, 0.0, 0.0, 0.0, 0.0, 0.0, 0.0, 0.0, 0.0, 0.0, 0.0]}, "NS7a": {"data": [0.0, 0, 0.0, 0.0, 0.0, 0.0, 0, 0.0, 0, 0.0, 0.0, 0], "deviation": [0.0, 0.0, 14.432107063270918, 0.0, 0.0, 0.0, 0.0, 0.0, 0.0, 0.0, 0.11785113019775793, 0.0]}, "NSP5": {"data": [0.0, 0, 0.0, 0.0, 0.0, 0.0, 0, 0.0, 0, 0.0, 0.0, 0], "deviation": [0.0, 0.0, 0.0, 0.0, 0.0, 0.0, 0.0, 0.0, 0.0, 0.0, 0.0, 0.0]}, "NS7b": {"data": [0.0, 0, 0.0, 0.0, 0.0, 0.0, 0, 0.0, 0, 0.0, 0.0, 0], "deviation": [0.0, 0.0, 0.0, 0.0, 0.0, 0.0, 0.0, 0.0, 0.0, 0.0, 0.0, 0.0]}, "NSP6": {"data": [0.0, 0, 0.0, 0.0, 0.0, 0.0, 0, 0.0, 0, 3.0, 3.0, 3], "deviation": [0.0, 0.0, 0.8017837257372731, 0.0, 0.0, 0.0, 0.0, 0.0, 1.514634492892204, 1.7011010514730653, 0.4276715718818953, 0.0]}, "NSP7": {"data": [0.0, 0, 0.0, 0.0, 0.0, 0.0, 0, 0.0, 0, 0.0, 0.0, 0], "deviation": [0.0, 0.0, 0.0, 0.0, 0.0, 0.0, 0.0, 0.0, 0.0, 0.0, 0.0, 0.0]}, "NSP8": {"data": [0.0, 0, 0.0, 0.0, 0.0, 0.0, 0, 0.0, 0, 0.0, 0.0, 0], "deviation": [0.0, 0.0, 0.0, 0.0, 0.0, 0.0, 0.0, 0.0, 0.0, 0.38138503569823695, 0.0, 0.0]}, "Spike": {"data": [0.0, 0, 0.0, 0.0, 0.0, 0.0, 0, 0.0, 0, 3.0, 3.0, 3], "deviation": [0.0, 0.0, 0.8017837257372731, 0.0, 0.0, 0.0, 0.0, 0.2672612419124244, 1.4763494989795793, 0.35838577953439654, 0.8349749089592748, 0.0]}, "NSP9": {"data": [0.0, 0, 0.0, 0.0, 0.0, 0.0, 0, 0.0, 0, 0.0, 0.0, 0], "deviation": [0.0, 0.0, 0.0, 0.0, 0.0, 0.0, 0.0, 0.0, 0.0, 0.0, 0.0, 0.0]}, "NSP10": {"data": [0.0, 0, 0.0, 0.0, 0.0, 0.0, 0, 0.0, 0, 0.0, 0.0, 0], "deviation": [0.0, 0.0, 0.0, 0.0, 0.0, 0.0, 0.0, 0.0, 0.0, 0.0, 0.0, 0.0]}, "NSP11": {"data": [0.0, 0, 0.0, 0.0, 0.0, 0.0, 0, 0.0, 0, 0.0, 0.0, 0], "deviation": [0.0, 0.0, 0.0, 0.0, 0.0, 0.0, 0.0, 0.0, 0.0, 0.0, 0.0, 0.0]}, "NSP12": {"data": [0.0, 0, 0.0, 0.0, 0.0, 0.0, 0, 0.0, 0, 0.0, 0.0, 0], "deviation": [0.0, 0.0, 0.0, 0.0, 0.0, 0.0, 0.0, 0.0, 0.0, 0.0, 0.11785113019775793, 0.0]}, "M": {"data": [0.0, 0, 0.0, 0.0, 0.0, 0.0, 0, 0.0, 0, 0.0, 0.0, 0], "deviation": [0.0, 0.0, 0.0, 0.0, 0.0, 0.0, 0.0, 0.0, 0.14002800840280097, 0.0, 0.0, 0.0]}, "NSP13": {"data": [0.0, 0, 0.0, 0.0, 0.0, 0.0, 0, 0.0, 0, 0.0, 0.0, 0], "deviation": [0.0, 0.0, 0.0, 0.0, 0.0, 0.0, 0.0, 0.0, 0.0, 0.0, 0.0, 0.0]}, "N": {"data": [0.0, 0, 0.0, 0.0, 0.0, 0.0, 0, 0.0, 0, 0.0, 0.0, 0], "deviation": [0.0, 0.0, 0.4688072309384954, 0.0, 0.0, 0.0, 0.0, 0.0, 0.0, 0.0, 10.781076564684241, 0.0]}, "NSP14": {"data": [0.0, 0, 0.0, 0.0, 0.0, 0.0, 0, 0.0, 0, 0.0, 0.0, 0], "deviation": [0.0, 1.889822365046136, 0.0, 0.0, 0.0, 0.0, 0.0, 0.0, 0.0, 0.0, 0.0, 0.0]}, "NS3": {"data": [0.0, 0, 0.0, 0.0, 0.0, 0.0, 0, 0.0, 0, 0.0, 0.0, 0], "deviation": [0.0, 0.0, 0.0, 0.0, 0.0, 0.0, 0.0, 0.0, 0.0, 0.0, 0.0, 0.0]}, "NSP15": {"data": [0.0, 0, 0.0, 0.0, 0.0, 0.0, 0, 0.0, 0, 0.0, 0.0, 0], "deviation": [0.0, 0.0, 0.0, 0.0, 0.0, 0.0, 0.0, 0.0, 0.0, 0.0, 0.0, 0.0]}, "NSP16": {"data": [0.0, 0, 0.0, 0.0, 0.0, 0.0, 0, 0.0, 0, 0.0, 0.0, 0], "deviation": [0.0, 0.0, 0.0, 0.0, 0.0, 0.0, 0.0, 0.0, 0.0, 0.0, 0.0, 0.0]}, "NS9b": {"data": [0.0, 0, 0.0, 0.0, 0.0, 0.0, 0, 0.0, 0, 0.0, 0.0, 0], "deviation": [0.0, 0.0, 0.0, 0.0, 0.0, 0.0, 0.0, 0.0, 0.0, 0.0, 0.0, 0.0]}, "NS6": {"data": [0.0, 0, 0.0, 0.0, 0.0, 0.0, 0, 0.0, 0, 0.0, 0.0, 0], "deviation": [0.0, 0.0, 0.0, 0.0, 0.0, 0.0, 0.0, 0.0, 0.0, 0.0, 0.0, 0.0]}, "NS9c": {"data": [0.0, 0, 0.0, 0.0, 0.0, 0.0, 0, 0.0, 0, 0.0, 0.0, 0], "deviation": [0.0, 0.0, 0.0, 0.0, 0.0, 0.0, 0.0, 0.0, 0.0, 0.0, 0.0, 0.0]}, "NSP1": {"data": [0.0, 0, 0.0, 0.0, 0.0, 0.0, 0, 0.0, 0, 0.0, 0.0, 0], "deviation": [0.0, 1.889822365046136, 0.0, 0.0, 0.0, 0.0, 0.0, 0.0, 0.0, 0.8181123128664668, 0.8334506959609603, 0.0]}, "NSP2": {"data": [0.0, 0, 0.0, 0.0, 0.0, 0.0, 0, 0.0, 0, 0.0, 0.0, 0], "deviation": [0.0, 0.0, 0.0, 0.0, 0.0, 0.0, 0.0, 0.0, 0.0, 0.0, 0.0, 0.0]}, "NS8": {"data": [0.0, 0, 0.0, 0.0, 0.0, 0.0, 0, 0.0, 0, 0.0, 0.0, 0], "deviation": [0.0, 0.0, 0.0, 0.0, 0.0, 0.0, 0.0, 0.0, 0.0, 0.0, 0.0, 0.0]}, "NSP3": {"data": [0.0, 0, 0.0, 0.0, 0.0, 0.0, 0, 0.0, 0, 0.0, 0.0, 0], "deviation": [0.0, 0.0, 0.0, 0.0, 0.0, 0.0, 0.0, 0.0, 0.0, 0.0, 0.0, 0.37796447300922725]}}, "missense": {"NSP4": {"data": [0.0, 0, 0.0, 0.0, 0.5, 0.0, 0, 1.0, 0, 0.0, 0.0, 1], "deviation": [0.0, 0.0, 0.0, 0.0, 0.7071067811865476, 0.0, 0.37796447300922725, 0.36313651960128146, 0.27152438232335313, 0.13422001531226763, 0.3164751088516942, 0.5345224838248488]}, "E": {"data": [0.0, 0, 0.0, 0.0, 0.0, 0.0, 0, 0.0, 0, 1.0, 1.0, 1], "deviation": [0.0, 0.0, 0.2672612419124244, 0.0, 0.0, 0.0, 0.0, 0.0, 0.14002800840280097, 0.5022053117460576, 0.2783249696530916, 0.3779644730092272]}, "NS7a": {"data": [0.0, 0, 3.0, 0.0, 0.0, 0.0, 0, 1.0, 0, 0.0, 0.0, 0], "deviation": [0.0, 0.0, 0.9287827316640651, 0.0, 0.0, 0.0, 0.37796447300922725, 3.5339794833885194, 0.19603921176392136, 0.0, 0.11785113019775793, 0.0]}, "NSP5": {"data": [0.0, 0, 1.0, 0.0, 0.0, 0.0, 0, 0.0, 0, 2.0, 2.0, 2], "deviation": [0.0, 0.37796447300922725, 0.3922322702763681, 0.5, 0.0, 0.25, 0.37796447300922725, 0.0, 0.5430487646467062, 0.9834323986607382, 0.5188165176916922, 1.1338934190276817]}, "NS7b": {"data": [0.0, 0, 0.0, 0.0, 0.0, 0.0, 0, 0.0, 0, 0.0, 0.0, 0], "deviation": [0.0, 0.0, 0.0, 0.0, 0.0, 0.5, 0.0, 0.0, 0.0, 0.09534625892455924, 0.16548879560577057, 0.0]}, "NSP6": {"data": [0.0, 0, 0.0, 0.0, 0.0, 0.0, 0, 0.0, 0, 0.0, 0.0, 0], "deviation": [0.0, 0.0, 0.0, 0.0, 0.0, 0.25, 0.37796447300922725, 0.4258153136263201, 0.0, 2.4107764729789634, 2.9490986925824556, 0.4879500364742666]}, "NSP7": {"data": [0.0, 0, 0.0, 0.0, 0.0, 0.0, 0, 0.0, 0, 0.0, 0.0, 0], "deviation": [0.0, 0.0, 0.0, 0.0, 0.0, 0.0, 0.0, 0.0, 0.0, 0.0, 0.0, 0.0]}, "NSP8": {"data": [0.0, 0, 1.0, 0.0, 0.0, 0.0, 0, 0.0, 0, 0.0, 0.0, 0], "deviation": [0.0, 0.0, 0.36313651960128146, 0.0, 0.0, 0.0, 0.0, 0.0, 0.14002800840280097, 1.7180055158410825, 0.16548879560577057, 0.0]}, "Spike": {"data": [1.0, 1, 1.0, 2.0, 0.5, 2.0, 2, 3.0, 4, 8.0, 8.0, 8], "deviation": [1.4142135623730951, 0.5345224838248488, 0.8254203058555571, 0.5, 0.7071067811865476, 0.0, 0.4879500364742666, 0.825420305855557, 2.1022863370952245, 1.1370256620367496, 1.1606990230986765, 1.2535663410560174]}, "NSP9": {"data": [0.0, 0, 0.0, 0.0, 0.0, 0.0, 0, 0.0, 0, 0.0, 0.0, 0], "deviation": [0.0, 0.0, 0.0, 0.0, 0.0, 0.0, 0.0, 0.0, 0.14002800840280097, 0.13422001531226763, 0.0, 0.0]}, "NSP10": {"data": [0.0, 0, 0.0, 0.0, 0.0, 0.0, 0, 0.0, 0, 0.0, 0.0, 0], "deviation": [0.0, 0.0, 0.0, 0.0, 0.0, 0.0, 0.0, 0.0, 0.0, 0.09534625892455924, 0.0, 0.0]}, "NSP11": {"data": [0.0, 0, 0.0, 0.0, 0.0, 0.0, 0, 0.0, 0, 0.0, 0.0, 0], "deviation": [0.0, 0.0, 0.0, 0.0, 0.0, 0.0, 0.0, 0.0, 0.0, 0.0, 0.0, 0.0]}, "NSP12": {"data": [1.5, 1, 1.0, 1.0, 0.5, 1.0, 1, 1.0, 2, 2.0, 1.0, 1], "deviation": [0.7071067811865476, 0.3779644730092272, 0.0, 0.0, 0.7071067811865476, 0.0, 0.3779644730092272, 0.5345224838248488, 0.23763541031440183, 0.5162900956688382, 0.6700325827688016, 0.0]}, "M": {"data": [0.5, 0, 0.0, 0.0, 0.0, 0.0, 0, 0.0, 0, 0.0, 0.0, 0], "deviation": [0.7071067811865476, 0.37796447300922725, 0.0, 0.0, 0.0, 0.0, 0.0, 0.2672612419124244, 0.4401425793945394, 0.13422001531226763, 0.0, 0.37796447300922725]}, "NSP13": {"data": [0.5, 1, 0.0, 0.0, 0.0, 0.0, 0, 0.0, 0, 0.0, 0.0, 0], "deviation": [0.7071067811865476, 0.5345224838248488, 0.0, 0.0, 0.0, 0.0, 0.0, 0.5345224838248488, 0.5048781642974013, 0.5368800612490705, 0.3873488397177316, 0.0]}, "N": {"data": [0.5, 0, 1.0, 1.0, 0.5, 1.0, 2, 2.0, 4, 2.0, 2.0, 2], "deviation": [0.7071067811865476, 1.2535663410560174, 0.2672612419124244, 0.816496580927726, 0.7071067811865476, 0.5439056290693574, 0.0, 0.0, 0.5408780080645201, 1.0916698765039068, 0.6804617322187079, 1.2535663410560174]}, "NSP14": {"data": [0.0, 1, 2.0, 0.0, 0.0, 0.0, 0, 0.0, 0, 1.0, 1.0, 1],