{"indel": {"NSP4": {"data": [0.0, 0.0, 0, 0.0, 0.0, 0.0, 0, 0.0, 0, 0.0, 0.0], "deviation": [0.0, 0.0, 0.0, 0.0, 0.0, 0.0, 0.0, 0.0, 0.0, 0.0, 0.0]}, "E": {"data": [0.0, 0.0, 0, 0.0, 0.0, 0.0, 0, 0.0, 0, 0.0, 0.0], "deviation": [0.0, 0.0, 0.0, 0.0, 0.0, 0.0, 0.0, 0.0, 0.0, 0.0, 0.0]}, "NS7a": {"data": [0.0, 0.0, 0, 0.0, 0.0, 0.0, 0, 0.0, 0, 0.0, 0.0], "deviation": [0.0, 0.0, 0.0, 0.0, 0.0, 0.0, 0.0, 0.0, 0.0, 1.2621297134546448, 0.0]}, "NSP5": {"data": [0.0, 0.0, 0, 0.0, 0.0, 0.0, 0, 0.0, 0, 0.0, 0.0], "deviation": [0.0, 0.0, 0.0, 0.0, 0.0, 0.0, 0.0, 0.0, 0.0, 0.0, 0.0]}, "NS7b": {"data": [0.0, 0.0, 0, 0.0, 0.0, 0.0, 0, 0.0, 0, 0.0, 0.0], "deviation": [0.0, 0.0, 0.0, 0.0, 0.0, 0.0, 0.0, 0.0, 0.0, 0.0, 0.0]}, "NSP6": {"data": [0.0, 0.0, 0, 1.5, 1.5, 0.0, 3, 3.0, 3, 3.0, 0.0], "deviation": [0.0, 0.0, 0.0, 2.1213203435596424, 2.1213203435596424, 0.9216098910540004, 1.4638501094227998, 1.5108002788315478, 0.6882472016116853, 1.490132770157969, 1.4064216928154862]}, "NSP7": {"data": [0.0, 0.0, 0, 0.0, 0.0, 0.0, 0, 0.0, 0, 0.0, 0.0], "deviation": [0.0, 0.0, 0.0, 0.0, 0.0, 0.0, 0.0, 0.0, 0.0, 0.0, 0.0]}, "NSP8": {"data": [0.0, 0.0, 0, 0.0, 0.0, 0.0, 0, 0.0, 0, 0.0, 0.0], "deviation": [0.0, 0.0, 0.0, 0.0, 0.0, 0.0, 0.0, 0.0, 0.0, 0.0, 0.0]}, "Spike": {"data": [0.0, 0.0, 0, 1.5, 1.5, 0.0, 0, 0.0, 1, 1.0, 1.0], "deviation": [0.0, 0.0, 0.0, 2.1213203435596424, 2.1213203435596424, 0.511217187410766, 1.1126972805283737, 1.4672810749524963, 1.416279616889396, 1.1257191657684156, 0.8017837257372732]}, "NSP9": {"data": [0.0, 0.0, 0, 0.0, 0.0, 0.0, 0, 0.0, 0, 0.0, 0.0], "deviation": [0.0, 0.0, 0.0, 0.0, 0.0, 0.0, 0.0, 0.0, 0.0, 0.0, 0.0]}, "NSP10": {"data": [0.0, 0.0, 0, 0.0, 0.0, 0.0, 0, 0.0, 0, 0.0, 0.0], "deviation": [0.0, 0.0, 0.0, 0.0, 0.0, 0.0, 0.0, 0.0, 0.0, 0.0, 0.0]}, "NSP11": {"data": [0.0, 0.0, 0, 0.0, 0.0, 0.0, 0, 0.0, 0, 0.0, 0.0], "deviation": [0.0, 0.0, 0.0, 0.0, 0.0, 0.0, 0.0, 0.0, 0.0, 0.0, 0.0]}, "NSP12": {"data": [0.0, 0.0, 0, 0.0, 0.0, 0.0, 0, 0.0, 0, 0.0, 0.0], "deviation": [0.0, 0.0, 0.0, 0.0, 0.0, 0.0, 0.0, 0.0, 0.0, 0.0, 0.0]}, "M": {"data": [0.0, 0.0, 0, 0.0, 0.0, 0.0, 0, 0.0, 0, 0.0, 0.0], "deviation": [0.0, 0.0, 0.0, 0.0, 0.0, 0.0, 0.0, 0.0, 0.0, 0.0, 0.0]}, "NSP13": {"data": [0.0, 0.0, 0, 0.0, 0.0, 0.0, 0, 0.0, 0, 0.0, 0.0], "deviation": [0.0, 0.0, 0.0, 0.0, 0.0, 0.0, 0.0, 0.0, 0.0, 0.0, 0.0]}, "N": {"data": [0.0, 0.0, 0, 0.0, 0.0, 0.0, 0, 0.0, 0, 0.0, 0.0], "deviation": [0.0, 0.0, 0.0, 0.0, 0.0, 0.0, 0.0, 0.0, 0.0, 0.0, 0.0]}, "NSP14": {"data": [0.0, 0.0, 0, 0.0, 0.0, 0.0, 0, 0.0, 0, 0.0, 0.0], "deviation": [0.0, 0.0, 0.0, 0.0, 0.0, 0.0, 0.0, 0.0, 0.0, 0.0, 0.0]}, "NS3": {"data": [0.0, 0.0, 0, 0.0, 0.0, 0.0, 0, 0.0, 0, 0.0, 0.0], "deviation": [0.0, 0.0, 0.0, 0.0, 0.0, 0.0, 0.0, 1.900067475185134, 2.5235730725761796, 3.265343855656353, 0.0]}, "NSP15": {"data": [0.0, 0.0, 0, 0.0, 0.0, 0.0, 0, 0.0, 0, 0.0, 0.0], "deviation": [0.0, 0.0, 0.0, 0.0, 0.0, 0.0, 0.0, 0.0, 0.0, 0.0, 0.0]}, "NSP16": {"data": [0.0, 0.0, 0, 0.0, 0.0, 0.0, 0, 0.0, 0, 0.0, 0.0], "deviation": [0.0, 0.0, 0.0, 0.0, 0.0, 0.0, 0.0, 0.0, 0.0, 0.0, 0.0]}, "NS9b": {"data": [0.0, 0.0, 0, 0.0, 0.0, 0.0, 0, 0.0, 0, 0.0, 0.0], "deviation": [0.0, 0.0, 0.0, 0.0, 0.0, 0.0, 0.0, 0.0, 0.0, 0.0, 0.0]}, "NS6": {"data": [0.0, 0.0, 0, 0.0, 0.0, 0.0, 0, 0.0, 0, 0.0, 0.0], "deviation": [0.0, 0.0, 0.0, 0.0, 0.0, 0.0, 0.0, 0.0, 0.0, 0.0, 0.0]}, "NS9c": {"data": [0.0, 0.0, 0, 0.0, 0.0, 0.0, 0, 0.0, 0, 0.0, 0.0], "deviation": [0.0, 0.0, 0.0, 0.0, 0.0, 0.0, 0.0, 0.0, 0.0, 0.0, 0.0]}, "NSP1": {"data": [0.0, 0.0, 0, 0.0, 0.0, 0.0, 0, 0.0, 0, 0.0, 0.0], "deviation": [0.0, 0.0, 0.0, 0.0, 0.0, 0.39391929857916763, 0.37796447300922725, 0.0, 0.0, 0.4369505466589374, 0.2672612419124244]}, "NSP2": {"data": [0.0, 0.0, 0, 0.0, 0.0, 0.0, 0, 0.0, 0, 0.0, 0.0], "deviation": [0.0, 0.0, 0.0, 0.0, 0.0, 0.0, 0.0, 0.0, 0.0, 0.0, 0.0]}, "NS8": {"data": [0.0, 0.0, 0, 0.0, 0.0, 0.0, 0, 0.0, 0, 0.0, 0.0], "deviation": [0.0, 0.0, 0.0, 0.0, 0.0, 0.0, 0.0, 1.727334068350122, 0.0, 0.2001507430864005, 0.0]}, "NSP3": {"data": [0.0, 0.0, 0, 0.0, 0.0, 0.0, 0, 0.0, 0, 0.0, 0.0], "deviation": [0.0, 0.0, 0.0, 0.0, 0.0, 0.0, 0.0, 0.12309149097933274, 0.0, 0.0, 0.0]}}, "missense": {"NSP4": {"data": [0.0, 0.0, 0, 0.0, 0.0, 1.0, 2, 1.0, 0, 1.0, 1.5], "deviation": [0.0, 0.0, 2.1908902300206643, 0.0, 0.0, 0.7460320524960589, 1.1126972805283737, 0.9247944394538471, 1.0568628408301075, 0.9853370305278022, 0.744946343668492]}, "E": {"data": [0.0, 0.0, 0, 0.0, 0.0, 0.0, 0, 0.0, 0, 0.0, 0.0], "deviation": [0.0, 0.0, 0.0, 0.0, 0.0, 0.13130643285972254, 0.0, 0.0, 0.0, 0.12648281272371759, 0.0]}, "NS7a": {"data": [0.0, 0.0, 0, 0.0, 0.0, 0.0, 0, 0.0, 0, 0.0, 0.0], "deviation": [0.0, 0.0, 0.447213595499958, 0.0, 0.0, 0.25560859370538297, 0.4879500364742666, 0.5859664182840544, 0.6069769786668839, 0.26049942954462746, 0.0]}, "NSP5": {"data": [0.0, 0.0, 0, 0.0, 0.0, 0.0, 0, 0.0, 0, 0.0, 0.0], "deviation": [0.0, 0.0, 0.5477225575051661, 0.0, 0.0, 0.25560859370538297, 0.0, 0.2666375275454884, 0.8950807732508138, 0.3949424561457079, 0.2672612419124244]}, "NS7b": {"data": [0.0, 0.0, 0, 0.0, 0.0, 0.0, 0, 0.0, 0, 0.0, 0.0], "deviation": [0.0, 0.0, 0.0, 0.0, 0.0, 1.5845785850490368, 0.0, 0.24043472671155017, 0.3153017676423058, 0.36929061361475213, 0.2672612419124244]}, "NSP6": {"data": [0.0, 0.0, 0, 0.0, 0.0, 1.0, 1, 1.0, 0, 0.0, 1.0], "deviation": [0.0, 0.0, 1.0954451150103321, 0.0, 0.0, 0.6349852687984553, 0.4879500364742666, 0.5905234531480936, 0.4524139283588641, 0.5179064758767248, 0.5345224838248488]}, "NSP7": {"data": [0.0, 0.0, 0, 0.0, 0.0, 0.0, 0, 0.0, 0, 0.0, 0.0], "deviation": [0.0, 0.0, 0.0, 0.0, 0.0, 0.2234037956221125, 0.0, 0.1727334068350122, 0.0, 0.0, 0.0]}, "NSP8": {"data": [0.0, 0.0, 0, 0.5, 0.5, 0.0, 0, 0.0, 0, 0.0, 0.0], "deviation": [0.0, 0.0, 0.5477225575051661, 0.7071067811865476, 0.7071067811865476, 0.2831206276062635, 0.37796447300922725, 0.3288746085645837, 0.22941573387056177, 0.19751272670272743, 0.0]}, "Spike": {"data": [0.5, 1.0, 1, 2.0, 4.5, 4.0, 7, 5.5, 8, 9.0, 7.5], "deviation": [0.7071067811865476, 0.0, 2.7386127875258306, 2.8284271247461903, 3.5355339059327378, 1.0732404810043954, 1.632993161855452, 2.1546826547446245, 2.615741818902985, 2.3789194610695508, 2.408775166385979]}, "NSP9": {"data": [0.0, 0.0, 0, 0.0, 0.0, 0.0, 0, 0.0, 0, 0.0, 0.0], "deviation": [0.0, 0.0, 3.286335345030997, 0.0, 0.0, 0.25560859370538297, 0.0, 0.24043472671155017, 0.0, 0.15427299619963397, 0.0]}, "NSP10": {"data": [0.0, 0.0, 0, 0.0, 0.5, 0.0, 0, 0.0, 0, 0.0, 0.0], "deviation": [0.0, 0.0, 1.0954451150103321, 0.0, 0.7071067811865476, 0.18405922400991942, 0.0, 0.12309149097933274, 0.22941573387056177, 0.15427299619963397, 0.0]}, "NSP11": {"data": [0.0, 0.0, 0, 0.0, 0.0, 0.0, 0, 0.0, 0, 0.0, 0.0], "deviation": [0.0, 0.0, 0.0, 0.0, 0.0, 0.0, 0.0, 0.0, 0.0, 0.0, 0.0]}, "NSP12": {"data": [0.0, 0.0, 1, 0.5, 1.0, 1.0, 1, 1.0, 1, 1.0, 1.0], "deviation": [0.0, 0.0, 3.6742346141747673, 0.7071067811865476, 0.0, 0.3810387941055742, 0.3779644730092272, 0.4713221002080447, 0.5823927253578186, 0.4099311347946902, 0.47463114654932337]}, "M": {"data": [0.0, 0.5, 0, 0.0, 0.0, 1.0, 0, 0.0, 0, 0.0, 0.0], "deviation": [0.0, 0.7071067811865476, 0.0, 0.0, 0.0, 0.5477777798229457, 0.4879500364742666, 0.5540694965372187, 0.4775669329409193, 0.3536924479794149, 0.3631365196012815]}, "NSP13": {"data": [0.0, 0.0, 0, 0.5, 1.0, 1.0, 1, 1.0, 1, 1.0, 1.0], "deviation": [0.0, 0.0, 1.6431676725154984, 0.7071067811865476, 0.0, 0.5343607768225627, 0.5345224838248488, 0.6909336273400487, 0.4188539082916955, 0.8691993295151481, 0.6333236937766509]}, "N": {"data": [0.5, 0.0, 0, 2.0, 4.0, 1.0, 2, 2.0, 3, 2.0, 1.0], "deviation": [0.7071067811865476, 0.0, 0.5477225575051661, 2.8284271247461903, 0.0, 0.7263096521655183, 1.0, 1.2217912639947515, 1.335524515310053, 1.2343964485466699, 0.8516306272526402]}, "NSP14": {"data": [0.0, 0.0, 0, 0.0, 1.0, 0.0, 0, 0.0, 0, 0.0, 0.0],