{"indel": {"NSP4": {"data": [0.0, 0.0, 0, 0.0, 0.0, 0, 0, 0.0, 0.0, 0.0, 0.0], "deviation": [0.0, 0.0, 0.0, 0.0, 0.0, 0.0, 0.0, 0.0, 0.0, 0.0, 0.0]}, "E": {"data": [0.0, 0.0, 0, 0.0, 0.0, 0, 0, 0.0, 0.0, 0.0, 0.0], "deviation": [0.0, 0.0, 0.0, 0.0, 0.0, 0.0, 0.0, 0.0, 0.0, 0.0, 0.0]}, "NS7a": {"data": [0.0, 0.0, 0, 0.0, 0.0, 0, 0, 0.0, 0.0, 0.0, 0.0], "deviation": [0.0, 0.0, 0.0, 0.0, 0.0, 0.0, 0.0, 0.0, 0.0, 1.2621297134546448, 0.0]}, "NSP5": {"data": [0.0, 0.0, 0, 0.0, 0.0, 0, 0, 0.0, 0.0, 0.0, 0.0], "deviation": [0.0, 0.0, 0.0, 0.0, 0.0, 0.0, 0.0, 0.0, 0.0, 0.0, 0.0]}, "NS7b": {"data": [0.0, 0.0, 0, 0.0, 0.0, 0, 0, 0.0, 0.0, 0.0, 0.0], "deviation": [0.0, 0.0, 0.0, 0.0, 0.0, 0.0, 0.0, 0.0, 0.0, 0.0, 0.0]}, "NSP6": {"data": [0.0, 0.0, 0, 1.5, 0.0, 0, 3, 1.5, 3.0, 3.0, 0.0], "deviation": [0.0, 0.0, 0.0, 2.1213203435596424, 0.0, 0.8852934865509081, 1.4638501094227998, 1.5118578920369088, 0.0, 1.493494942737041, 1.4064216928154862]}, "NSP7": {"data": [0.0, 0.0, 0, 0.0, 0.0, 0, 0, 0.0, 0.0, 0.0, 0.0], "deviation": [0.0, 0.0, 0.0, 0.0, 0.0, 0.0, 0.0, 0.0, 0.0, 0.0, 0.0]}, "NSP8": {"data": [0.0, 0.0, 0, 0.0, 0.0, 0, 0, 0.0, 0.0, 0.0, 0.0], "deviation": [0.0, 0.0, 0.0, 0.0, 0.0, 0.0, 0.0, 0.0, 0.0, 0.0, 0.0]}, "Spike": {"data": [0.0, 0.0, 0, 1.5, 0.0, 0, 0, 0.0, 1.0, 1.0, 1.0], "deviation": [0.0, 0.0, 0.0, 2.1213203435596424, 0.0, 0.3543222644058669, 1.1126972805283737, 1.4239135373697245, 1.464168996281919, 1.114568665327476, 0.8017837257372732]}, "NSP9": {"data": [0.0, 0.0, 0, 0.0, 0.0, 0, 0, 0.0, 0.0, 0.0, 0.0], "deviation": [0.0, 0.0, 0.0, 0.0, 0.0, 0.0, 0.0, 0.0, 0.0, 0.0, 0.0]}, "NSP10": {"data": [0.0, 0.0, 0, 0.0, 0.0, 0, 0, 0.0, 0.0, 0.0, 0.0], "deviation": [0.0, 0.0, 0.0, 0.0, 0.0, 0.0, 0.0, 0.0, 0.0, 0.0, 0.0]}, "NSP11": {"data": [0.0, 0.0, 0, 0.0, 0.0, 0, 0, 0.0, 0.0, 0.0, 0.0], "deviation": [0.0, 0.0, 0.0, 0.0, 0.0, 0.0, 0.0, 0.0, 0.0, 0.0, 0.0]}, "NSP12": {"data": [0.0, 0.0, 0, 0.0, 0.0, 0, 0, 0.0, 0.0, 0.0, 0.0], "deviation": [0.0, 0.0, 0.0, 0.0, 0.0, 0.0, 0.0, 0.0, 0.0, 0.0, 0.0]}, "M": {"data": [0.0, 0.0, 0, 0.0, 0.0, 0, 0, 0.0, 0.0, 0.0, 0.0], "deviation": [0.0, 0.0, 0.0, 0.0, 0.0, 0.0, 0.0, 0.0, 0.0, 0.0, 0.0]}, "NSP13": {"data": [0.0, 0.0, 0, 0.0, 0.0, 0, 0, 0.0, 0.0, 0.0, 0.0], "deviation": [0.0, 0.0, 0.0, 0.0, 0.0, 0.0, 0.0, 0.0, 0.0, 0.0, 0.0]}, "N": {"data": [0.0, 0.0, 0, 0.0, 0.0, 0, 0, 0.0, 0.0, 0.0, 0.0], "deviation": [0.0, 0.0, 0.0, 0.0, 0.0, 0.0, 0.0, 0.0, 0.0, 0.0, 0.0]}, "NSP14": {"data": [0.0, 0.0, 0, 0.0, 0.0, 0, 0, 0.0, 0.0, 0.0, 0.0], "deviation": [0.0, 0.0, 0.0, 0.0, 0.0, 0.0, 0.0, 0.0, 0.0, 0.0, 0.0]}, "NS3": {"data": [0.0, 0.0, 0, 0.0, 0.0, 0, 0, 0.0, 0.0, 0.0, 0.0], "deviation": [0.0, 0.0, 0.0, 0.0, 0.0, 0.0, 0.0, 1.9290490296335545, 3.5571891671995504, 3.1402545328906304, 0.0]}, "NSP15": {"data": [0.0, 0.0, 0, 0.0, 0.0, 0, 0, 0.0, 0.0, 0.0, 0.0], "deviation": [0.0, 0.0, 0.0, 0.0, 0.0, 0.0, 0.0, 0.0, 0.0, 0.0, 0.0]}, "NSP16": {"data": [0.0, 0.0, 0, 0.0, 0.0, 0, 0, 0.0, 0.0, 0.0, 0.0], "deviation": [0.0, 0.0, 0.0, 0.0, 0.0, 0.0, 0.0, 0.0, 0.0, 0.0, 0.0]}, "NS9b": {"data": [0.0, 0.0, 0, 0.0, 0.0, 0, 0, 0.0, 0.0, 0.0, 0.0], "deviation": [0.0, 0.0, 0.0, 0.0, 0.0, 0.0, 0.0, 0.0, 0.0, 0.0, 0.0]}, "NS6": {"data": [0.0, 0.0, 0, 0.0, 0.0, 0, 0, 0.0, 0.0, 0.0, 0.0], "deviation": [0.0, 0.0, 0.0, 0.0, 0.0, 0.0, 0.0, 0.0, 0.0, 0.0, 0.0]}, "NS9c": {"data": [0.0, 0.0, 0, 0.0, 0.0, 0, 0, 0.0, 0.0, 0.0, 0.0], "deviation": [0.0, 0.0, 0.0, 0.0, 0.0, 0.0, 0.0, 0.0, 0.0, 0.0, 0.0]}, "NSP1": {"data": [0.0, 0.0, 0, 0.0, 0.0, 0, 0, 0.0, 0.0, 0.0, 0.0], "deviation": [0.0, 0.0, 0.0, 0.0, 0.0, 0.4120816918460671, 0.37796447300922725, 0.0, 0.0, 0.4369505466589374, 0.2672612419124244]}, "NSP2": {"data": [0.0, 0.0, 0, 0.0, 0.0, 0, 0, 0.0, 0.0, 0.0, 0.0], "deviation": [0.0, 0.0, 0.0, 0.0, 0.0, 0.0, 0.0, 0.0, 0.0, 0.0, 0.0]}, "NS8": {"data": [0.0, 0.0, 0, 0.0, 0.0, 0, 0, 0.0, 0.0, 0.0, 0.0], "deviation": [0.0, 0.0, 0.0, 0.0, 0.0, 0.0, 0.0, 1.7536809360305043, 0.0, 0.2001507430864005, 0.0]}, "NSP3": {"data": [0.0, 0.0, 0, 0.0, 0.0, 0, 0, 0.0, 0.0, 0.0, 0.0], "deviation": [0.0, 0.0, 0.0, 0.0, 0.0, 0.0, 0.0, 0.125, 0.0, 0.0, 0.0]}}, "missense": {"NSP4": {"data": [0.0, 0.0, 0, 0.0, 0.0, 1, 2, 1.0, 0.0, 1.0, 1.5], "deviation": [0.0, 0.0, 2.1908902300206643, 0.0, 0.0, 0.7203248742951349, 1.1126972805283737, 0.9127350751780702, 1.0289915108550531, 0.9862349230114634, 0.744946343668492]}, "E": {"data": [0.0, 0.0, 0, 0.0, 0.0, 0, 0, 0.0, 0.0, 0.0, 0.0], "deviation": [0.0, 0.0, 0.0, 0.0, 0.0, 0.13736056394868904, 0.0, 0.0, 0.0, 0.12648281272371759, 0.0]}, "NS7a": {"data": [0.0, 0.0, 0, 0.0, 0.0, 0, 0, 0.0, 0.0, 0.0, 0.0], "deviation": [0.0, 0.0, 0.447213595499958, 0.0, 0.0, 0.2666787612158108, 0.4879500364742666, 0.5924039671689078, 0.485071250072666, 0.3126622316895636, 0.0]}, "NSP5": {"data": [0.0, 0.0, 0, 0.0, 0.0, 0, 0, 0.0, 0.0, 0.0, 0.0], "deviation": [0.0, 0.0, 0.5477225575051661, 0.0, 0.0, 0.2666787612158108, 0.0, 0.29378482569650155, 0.9164438231805327, 0.3949424561457079, 0.2672612419124244]}, "NS7b": {"data": [0.0, 0.0, 0, 0.0, 0.0, 0, 0, 0.0, 0.0, 0.0, 0.0], "deviation": [0.0, 0.0, 0.0, 0.0, 0.0, 1.6568895614578312, 0.0, 0.2439750182371333, 0.32338083338177726, 0.36929061361475213, 0.2672612419124244]}, "NSP6": {"data": [0.0, 0.0, 0, 0.0, 0.5, 1, 1, 1.0, 0.0, 0.0, 1.0], "deviation": [0.0, 0.0, 1.0954451150103321, 0.0, 0.7071067811865476, 0.6041703159558139, 0.4879500364742666, 0.5875696513930031, 0.42779263194649864, 0.5179697702828122, 0.5345224838248488]}, "NSP7": {"data": [0.0, 0.0, 0, 0.0, 0.0, 0, 0, 0.0, 0.0, 0.0, 0.0], "deviation": [0.0, 0.0, 0.0, 0.0, 0.0, 0.13736056394868904, 0.0, 0.17536809360305042, 0.0, 0.0, 0.0]}, "NSP8": {"data": [0.0, 0.0, 0, 0.0, 0.0, 0, 0, 0.0, 0.0, 0.0, 0.0], "deviation": [0.0, 0.0, 0.5477225575051661, 0.0, 0.0, 0.23329531793437602, 0.37796447300922725, 0.3145764348029479, 0.23570226039551584, 0.19751272670272743, 0.0]}, "Spike": {"data": [0.5, 1.0, 1, 3.5, 1.5, 4, 7, 6.0, 8.0, 9.0, 7.5], "deviation": [0.7071067811865476, 0.0, 2.7386127875258306, 4.949747468305833, 2.1213203435596424, 1.0405424509180556, 1.632993161855452, 2.268606925175091, 2.478667151852625, 2.3789194610695508, 2.408775166385979]}, "NSP9": {"data": [0.0, 0.0, 0, 0.0, 0.0, 0, 0, 0.0, 0.0, 0.0, 0.0], "deviation": [0.0, 0.0, 3.286335345030997, 0.0, 0.0, 0.1923802475610973, 0.0, 0.2439750182371333, 0.0, 0.15427299619963397, 0.0]}, "NSP10": {"data": [0.0, 0.0, 0, 0.0, 0.0, 0, 0, 0.0, 0.0, 0.0, 0.0], "deviation": [0.0, 0.0, 1.0954451150103321, 0.0, 0.0, 0.13736056394868904, 0.0, 0.125, 0.23570226039551584, 0.15427299619963397, 0.0]}, "NSP11": {"data": [0.0, 0.0, 0, 0.0, 0.0, 0, 0, 0.0, 0.0, 0.0, 0.0], "deviation": [0.0, 0.0, 0.0, 0.0, 0.0, 0.0, 0.0, 0.0, 0.0, 0.0, 0.0]}, "NSP12": {"data": [0.0, 0.0, 1, 0.5, 0.5, 1, 1, 1.0, 1.0, 1.0, 1.0], "deviation": [0.0, 0.0, 3.6742346141747673, 0.7071067811865476, 0.7071067811865476, 0.3949977494378391, 0.3779644730092272, 0.4561636959034744, 0.5745131499601416, 0.4169878122470118, 0.47463114654932337]}, "M": {"data": [0.0, 0.5, 0, 0.0, 0.5, 1, 0, 0.0, 0.0, 0.0, 0.0], "deviation": [0.0, 0.7071067811865476, 0.0, 0.0, 0.7071067811865476, 0.5401177101185857, 0.4879500364742666, 0.5579067311253025, 0.4608885989624768, 0.3616663071155459, 0.3631365196012815]}, "NSP13": {"data": [0.0, 0.0, 0, 0.5, 0.0, 1, 1, 1.0, 1.0, 1.0, 1.0], "deviation": [0.0, 0.0, 1.6431676725154984, 0.7071067811865476, 0.0, 0.5202712254590278, 0.5345224838248488, 0.6835655819026473, 0.4608885989624768, 0.8642444312382376, 0.6333236937766509]}, "N": {"data": [0.5, 0.0, 0, 2.0, 0.5, 1, 2, 2.0, 2.5, 2.0, 1.0], "deviation": [0.7071067811865476, 0.0, 0.5477225575051661, 2.8284271247461903, 0.7071067811865476, 0.6131126419803855, 1.0, 1.1981301569595322, 1.293523333527109, 1.2416783055301956, 0.8516306272526402]}, "NSP14": {"data": [0.0, 0.0, 0, 0.0, 0.5, 0, 0, 0.0, 0.0, 0.0, 0.0],