{"indel": {"NSP4": {"data": [0.0, 0.0, 0, 0.0, 0, 0.0, 0.0, 0, 0, 0, 0.0, 0, 0, 0.0, 0.0, 0.0, 0, 0.0], "deviation": [0.0, 0.0, 0.0, 0.0, 2.012560269840121, 0.22941573387056177, 0.0, 0.1690308509457033, 0.0, 5.422176684690384, 0.0, 0.31799936400190804, 0.0, 0.0, 0.0, 0.0, 0.0, 0.0]}, "E": {"data": [0.0, 0.0, 0, 0.0, 0, 0.0, 0.0, 0, 0, 0, 0.0, 0, 0, 0.0, 0.0, 0.0, 0, 0.0], "deviation": [0.0, 0.0, 0.0, 2.5374702008260748, 1.3065153214945116, 2.2941573387056176, 0.0, 0.3380617018914066, 0.0, 0.0, 0.0, 0.0, 0.0, 0.0, 0.0, 0.0, 0.0, 0.0]}, "NS7a": {"data": [0.0, 0.0, 0, 0.0, 0, 0.0, 0.0, 0, 0, 0, 0.0, 0, 0, 0.0, 0.0, 0.0, 0, 0.0], "deviation": [0.0, 0.0, 0.0, 0.0, 0.07124704998790964, 0.0, 0.0, 0.1690308509457033, 0.20851441405707477, 0.0, 0.0, 3.6039927920216237, 0.0, 0.0, 0.0, 0.0, 0.0, 0.0]}, "NSP5": {"data": [0.0, 0.0, 0, 0.0, 0, 0.0, 0.0, 0, 0, 0, 0.0, 0, 0, 0.0, 0.0, 0.0, 0, 0.0], "deviation": [0.0, 0.0, 0.0, 0.0, 0.21374114996372895, 3.097112407252584, 0.0, 6.589398156677655, 0.0, 0.2581988897471611, 0.0, 0.6359987280038161, 0.0, 0.0, 0.0, 0.0, 0.0, 0.0]}, "NS7b": {"data": [0.0, 0.0, 0, 0.0, 0, 0.0, 0.0, 0, 0, 0, 0.0, 0, 0, 0.0, 0.0, 0.0, 0, 0.0], "deviation": [0.0, 0.0, 0.0, 0.0, 0.245544572653179, 0.0, 0.0, 0.3380617018914066, 0.0, 0.0, 0.0, 0.0, 0.0, 0.0, 0.0, 0.0, 0.0, 0.0]}, "NSP6": {"data": [0.0, 0.0, 0, 0.0, 0, 0.0, 0.0, 0, 0, 0, 0.0, 0, 0, 0.0, 0.0, 0.0, 0, 0.0], "deviation": [0.0, 0.0, 0.0, 3.1641594084218894, 1.9873082223918574, 3.785568162877202, 0.0, 0.0, 0.0, 14.975535605335345, 0.0, 0.0, 0.0, 0.0, 0.5034045580527882, 0.3234983196103153, 0.0, 0.0]}, "NSP7": {"data": [0.0, 0.0, 0, 0.0, 0, 0.0, 0.0, 0, 0, 0, 0.0, 0, 0, 0.0, 0.0, 0.0, 0, 0.0], "deviation": [0.0, 0.0, 0.0, 0.0, 2.4258612186242803, 2.2941573387056176, 0.0, 0.0, 0.0, 0.0, 0.0, 0.0, 0.0, 0.0, 0.0, 0.0, 0.0, 0.0]}, "NSP8": {"data": [0.0, 0.0, 0, 0.0, 0, 0.0, 0.0, 0, 0, 0, 0.0, 0, 0, 0.0, 0.0, 0.0, 0, 0.0], "deviation": [0.0, 0.0, 0.0, 1.4184162865339505, 2.4376616123937023, 0.0, 0.0, 0.0, 0.0, 0.2581988897471611, 0.0, 0.0, 0.0, 0.0, 0.0, 0.0, 0.0, 0.0]}, "Spike": {"data": [0.0, 0.0, 0, 0.0, 0, 0.0, 0.0, 0, 0, 0, 0.0, 0, 0, 0.0, 0.0, 0.0, 0, 0.0], "deviation": [0.0, 0.0, 1.0327955589886444, 0.0, 8.149473159243554, 0.11470786693528089, 2.7940027940041907, 3.211586167968363, 0.0, 0.0, 0.29154240720110036, 6.890838613162084, 0.25028383757418315, 0.9220201457596084, 0.8370311332396319, 0.0, 0.894427190999916, 0.0]}, "NSP9": {"data": [0.0, 0.0, 0, 0.0, 0, 0.0, 0.0, 0, 0, 0, 0.0, 0, 0, 0.0, 0.0, 0.0, 0, 0.0], "deviation": [0.0, 0.0, 0.0, 0.0, 0.0, 0.0, 0.0, 0.0, 0.0, 0.0, 0.0, 0.0, 0.0, 0.0, 0.0, 0.0, 0.0, 0.0]}, "NSP10": {"data": [0.0, 0.0, 0, 0.0, 0, 0.0, 0.0, 0, 0, 0, 0.0, 0, 0, 0.0, 0.0, 0.0, 0, 0.0], "deviation": [0.0, 0.0, 0.0, 0.0, 0.997458699830735, 0.45883146774112354, 0.0, 2.02837021134844, 0.0, 0.0, 0.0, 0.0, 0.0, 0.0, 0.0, 0.0, 0.0, 0.0]}, "NSP11": {"data": [0.0, 0.0, 0, 0.0, 0, 0.0, 0.0, 0, 0, 0, 0.0, 0, 0, 0.0, 0.0, 0.0, 0, 0.0], "deviation": [0.0, 0.0, 0.0, 0.0, 0.0, 0.0, 0.0, 0.0, 0.0, 0.0, 0.0, 0.0, 0.0, 0.0, 0.0, 0.0, 0.0, 0.0]}, "NSP12": {"data": [0.0, 0.0, 0, 0.0, 0, 0.0, 0.0, 0, 0, 0, 0.0, 0, 0, 0.0, 0.0, 0.0, 0, 0.0], "deviation": [0.0, 0.0, 0.0, 0.0, 1.3299341144518257, 0.4714665436214811, 0.0, 2.02837021134844, 0.0, 0.0, 0.0, 5.193989612031165, 0.0, 0.0, 0.0, 0.0, 0.0, 0.0]}, "M": {"data": [0.0, 0.0, 0, 0.0, 0, 0.0, 0.0, 0, 0, 0, 0.0, 0, 0, 0.0, 0.0, 0.0, 0, 0.0], "deviation": [0.0, 0.0, 0.0, 1.091089451179962, 1.0564703974135805, 0.0, 0.0, 0.0, 0.0, 0.0, 0.0, 0.31799936400190804, 0.0, 0.0, 0.0, 0.0, 0.0, 0.0]}, "NSP13": {"data": [0.0, 0.0, 0, 0.0, 0, 0.0, 0.0, 0, 0, 0, 0.0, 0, 0, 0.0, 0.0, 0.0, 0, 0.0], "deviation": [0.0, 0.0, 0.0, 2.29128784747792, 0.07124704998790964, 12.732573229816177, 0.0, 0.1690308509457033, 0.0, 0.0, 0.0, 0.423999152002544, 0.0, 0.0, 0.0, 0.0, 0.0, 0.0]}, "N": {"data": [0.0, 0.0, 0, 0.0, 0, 0.0, 0.0, 0, 0, 0, 0.0, 0, 0, 0.0, 0.0, 0.0, 0, 0.0], "deviation": [0.0, 0.0, 0.0, 1.7457431218879391, 5.867100963680029, 11.876580227268153, 0.0, 5.070925528371099, 0.0, 0.0, 0.0, 0.0, 0.0, 0.09622504486493763, 0.0, 0.0, 0.0, 0.0]}, "NSP14": {"data": [0.0, 0.0, 0, 0.0, 0, 0.0, 0.0, 0, 0, 0, 0.0, 0, 0, 0.0, 0.0, 0.0, 0, 0.0], "deviation": [0.0, 0.0, 0.0, 3.4725999029629833, 5.550009029533954, 0.0, 0.28211260133283195, 0.0, 0.0, 0.0, 0.0, 10.281979436061693, 0.0, 0.0, 0.0, 0.0, 0.0, 0.0]}, "NS3": {"data": [0.0, 0.0, 0, 0.0, 0, 0.0, 0.0, 0, 0, 0, 0.0, 0, 0, 0.0, 0.0, 0.0, 0, 0.0], "deviation": [0.0, 0.0, 0.0, 2.0719626589050124, 2.5648937995647474, 0.0, 0.0, 0.3380617018914066, 0.0, 0.0, 0.0, 0.0, 0.0, 0.0, 0.0, 0.0, 0.0, 0.0]}, "NSP15": {"data": [0.0, 0.0, 0, 0.0, 0, 0.0, 0.0, 0, 0, 0, 0.0, 0, 0, 0.0, 0.0, 0.0, 0, 0.0], "deviation": [0.0, 0.0, 0.0, 0.0, 5.272281699105314, 1.3764944032233706, 0.28211260133283195, 0.1690308509457033, 0.0, 0.0, 0.0, 6.253987492037524, 0.0, 0.0, 0.0, 0.0, 0.0, 0.0]}, "NSP16": {"data": [0.0, 0.0, 0, 0.0, 0, 0.0, 0.0, 0, 0, 0, 0.0, 0, 0, 0.0, 0.0, 0.0, 0, 0.0], "deviation": [0.0, 0.0, 0.0, 5.237229365663818, 2.208658549625199, 5.935323931803435, 0.3810003810005715, 0.7194769341845014, 0.0, 0.0, 0.0, 0.0, 0.0, 0.0, 0.0, 0.0, 0.0, 0.0]}, "NS9b": {"data": [0.0, 0.0, 0, 0.0, 0, 0.0, 0.0, 0, 0, 0, 0.0, 0, 0, 0.0, 0.0, 0.0, 0, 0.0], "deviation": [0.0, 0.0, 0.0, 0.0, 0.0, 0.0, 0.0, 0.0, 0.0, 0.0, 0.0, 0.0, 0.0, 0.0, 0.0, 0.0, 0.0, 0.0]}, "NS6": {"data": [0.0, 0.0, 0, 0.0, 0, 0.0, 0.0, 0, 0, 0, 0.0, 0, 0, 0.0, 0.0, 0.0, 0, 0.0], "deviation": [0.0, 0.0, 0.0, 0.0, 0.0, 0.0, 0.0, 0.0, 0.0, 0.0, 0.0, 0.0, 0.0, 0.0, 0.0, 0.0, 0.0, 0.0]}, "NS9c": {"data": [0.0, 0.0, 0, 0.0, 0, 0.0, 0.0, 0, 0, 0, 0.0, 0, 0, 0.0, 0.0, 0.0, 0, 0.0], "deviation": [0.0, 0.0, 0.0, 0.0, 0.0, 0.0, 0.0, 0.0, 0.0, 0.0, 0.0, 0.0, 0.0, 0.0, 0.0, 0.0, 0.0, 0.0]}, "NSP1": {"data": [0.0, 0.0, 0, 0.0, 0, 0.0, 0.0, 0, 0, 0, 0.0, 0, 0, 0.0, 0.0, 0.0, 0, 0.0], "deviation": [0.0, 0.0, 0.0, 0.3273268353539886, 0.2249578387469882, 0.0, 0.0, 0.7065123239304083, 0.0, 0.0, 0.0, 0.0, 0.0, 0.0, 0.0, 0.0, 0.0, 0.0]}, "NSP2": {"data": [0.0, 0.0, 0, 0.0, 0, 0.0, 0.0, 0, 0, 0, 0.0, 0, 0, 0.0, 0.0, 0.0, 0, 0.0], "deviation": [0.0, 0.0, 0.0, 0.0, 9.186706510208845, 0.0, 0.0, 2.02837021134844, 0.0, 0.0, 0.0, 0.0, 0.0, 0.0, 0.0, 0.0, 0.0, 0.0]}, "NS8": {"data": [0.0, 0.0, 0, 0.0, 0, 0.0, 0.0, 0, 0, 0, 0.0, 0, 0, 0.0, 0.0, 0.0, 0, 0.0], "deviation": [0.0, 0.0, 0.0, 0.0, 0.0, 0.0, 0.0, 0.0, 0.0, 0.0, 0.0, 0.0, 0.0, 0.0, 0.0, 0.0, 0.0, 0.0]}, "NSP3": {"data": [0.0, 0.0, 0, 0.0, 0, 0.0, 0.0, 0, 0, 0, 0.0, 0, 0, 0.0, 0.0, 0.0, 0, 0.0], "deviation": [0.0, 0.0, 0.0, 0.0, 4.700757392835821, 0.0, 3.405481319032327, 2.5354627641855494, 0.0, 0.5163977794943222, 0.0, 19.07996184011448, 0.0, 0.0, 0.0, 0.0, 0.0, 0.0]}}, "missense": {"NSP4": {"data": [0.0, 0.0, 0, 0.0, 0, 0.0, 0.0, 0, 0, 0, 0.0, 0, 0, 1.0, 1.0, 1.0, 0, 1.5], "deviation": [0.0, 0.6749485577105528, 2.086236073022646, 0.21423789866216114, 0.6984465751630452, 5.072042392871704, 0.5588100222175014, 1.2899091232402722, 0.7029019463944166, 0.4879500364742666, 0.49711813161622787, 2.345697820166574, 0.4349991699209008, 0.9115903053100128, 0.9990678885655033, 0.9709881860535381, 1.0954451150103321, 0.9574271077563381]}, "E": {"data": [0.0, 0.0, 0, 0.0, 0, 0.0, 1.0, 0, 0, 0, 0.0, 0, 0, 0.0, 0.0, 0.0, 0, 0.0], "deviation": [0.0, 0.0, 0.2581988897471611, 0.35908821872050734, 0.24406346305361015, 0.4714665436214811, 0.5030315290279452, 0.0, 0.0, 0.2581988897471611, 0.2831206276062635, 0.20835461246451933, 0.1125087900926024, 0.18973301093343714, 0.23379132809659064, 0.25624885305538925, 0.0, 0.0]}, "NS7a": {"data": [0.0, 0.0, 0, 0.0, 0, 0.0, 0.0, 0, 0, 0, 0.0, 0, 0, 0.0, 0.0, 0.0, 0, 0.0], "deviation": [0.0, 0.0, 0.41403933560541256, 0.21423789866216114, 0.7650895788122909, 0.45883146774112354, 0.3288523061170442, 2.27776980709589, 2.66213382866811, 0.3518657752744984, 0.4104650395579806, 0.8990120556478673, 0.2859923532114514, 0.2631123459879528, 0.0, 0.2809501175231142, 0.447213595499958, 1.0]},