{"indel": {"NSP4": {"data": [0.0, 0.0, 0.0, 0.0, 0], "deviation": [0.0, 0.0, 0.0, 0.0, 0.0]}, "E": {"data": [0.0, 0.0, 0.0, 0.0, 0], "deviation": [0.0, 0.0, 0.0, 0.0, 0.0]}, "NS7a": {"data": [0.0, 0.0, 0.0, 0.0, 0], "deviation": [0.0, 0.0, 0.0, 0.0, 0.0]}, "NSP5": {"data": [0.0, 0.0, 0.0, 0.0, 0], "deviation": [0.0, 0.0, 0.0, 0.0, 0.0]}, "NS7b": {"data": [0.0, 0.0, 0.0, 0.0, 0], "deviation": [0.0, 0.0, 0.0, 0.0, 0.0]}, "NSP6": {"data": [0.0, 0.0, 0.0, 0.0, 0], "deviation": [0.0, 0.0, 1.5, 1.0005717880277385, 0.5773502691896258]}, "NSP7": {"data": [0.0, 0.0, 0.0, 0.0, 0], "deviation": [0.0, 0.0, 0.0, 0.0, 0.0]}, "NSP8": {"data": [0.0, 0.0, 0.0, 0.0, 0], "deviation": [0.0, 0.0, 0.0, 0.0, 0.0]}, "Spike": {"data": [0.0, 0.0, 0.0, 0.0, 0], "deviation": [0.0, 0.0, 0.5, 0.6968406003078998, 2.3094010767585034]}, "NSP9": {"data": [0.0, 0.0, 0.0, 0.0, 0], "deviation": [0.0, 0.0, 0.0, 0.0, 0.0]}, "NSP10": {"data": [0.0, 0.0, 0.0, 0.0, 0], "deviation": [0.0, 0.0, 0.0, 0.0, 0.0]}, "NSP11": {"data": [0.0, 0.0, 0.0, 0.0, 0], "deviation": [0.0, 0.0, 0.0, 0.0, 0.0]}, "NSP12": {"data": [0.0, 0.0, 0.0, 0.0, 0], "deviation": [0.0, 0.0, 0.0, 0.0, 0.0]}, "M": {"data": [0.0, 0.0, 0.0, 0.0, 0], "deviation": [0.0, 0.0, 0.0, 0.0, 0.0]}, "NSP13": {"data": [0.0, 0.0, 0.0, 0.0, 0], "deviation": [0.0, 0.0, 0.0, 0.0, 0.0]}, "N": {"data": [0.0, 0.0, 0.0, 0.0, 0], "deviation": [0.0, 0.0, 0.0, 0.0, 0.0]}, "NSP14": {"data": [0.0, 0.0, 0.0, 0.0, 0], "deviation": [0.0, 0.0, 0.0, 0.10314212462587935, 0.0]}, "NS3": {"data": [0.0, 0.0, 0.0, 0.0, 0], "deviation": [0.0, 0.0, 0.0, 0.0, 0.0]}, "NSP15": {"data": [0.0, 0.0, 0.0, 0.0, 0], "deviation": [0.0, 0.0, 0.0, 0.0, 0.0]}, "NSP16": {"data": [0.0, 0.0, 0.0, 0.0, 0], "deviation": [0.0, 0.0, 0.0, 0.10314212462587935, 0.0]}, "NS9b": {"data": [0.0, 0.0, 0.0, 0.0, 0], "deviation": [0.0, 0.0, 0.0, 0.0, 0.0]}, "NS6": {"data": [0.0, 0.0, 0.0, 0.0, 0], "deviation": [0.0, 0.0, 0.0, 0.618852747755276, 0.0]}, "NS9c": {"data": [0.0, 0.0, 0.0, 0.0, 0], "deviation": [0.0, 0.0, 0.0, 0.0, 0.0]}, "NSP1": {"data": [0.0, 0.0, 0.0, 0.0, 0], "deviation": [0.0, 0.0, 0.0, 0.0, 0.0]}, "NSP2": {"data": [0.0, 0.0, 0.0, 0.0, 0], "deviation": [0.0, 0.0, 0.0, 0.8304571734333361, 0.0]}, "NS8": {"data": [0.0, 0.0, 0.0, 0.0, 0], "deviation": [0.0, 0.0, 0.0, 0.1450786515834624, 0.0]}, "NSP3": {"data": [0.0, 0.0, 0.0, 0.0, 0], "deviation": [0.0, 0.0, 0.0, 0.0, 0.0]}}, "missense": {"NSP4": {"data": [0.0, 0.0, 0.0, 2.0, 2], "deviation": [0.0, 0.0, 0.0, 1.1351177629875764, 1.5275252316519468]}, "E": {"data": [0.0, 0.0, 0.0, 0.0, 0], "deviation": [0.0, 0.0, 0.0, 0.10314212462587935, 0.0]}, "NS7a": {"data": [0.5, 1.0, 0.5, 0.0, 0], "deviation": [0.7071067811865476, 0.0, 0.5773502691896257, 0.32316921825641176, 0.0]}, "NSP5": {"data": [0.0, 0.0, 0.0, 0.0, 0], "deviation": [0.0, 0.0, 0.5, 0.4607693525485372, 0.0]}, "NS7b": {"data": [0.0, 0.0, 0.0, 0.0, 0], "deviation": [0.0, 0.0, 0.0, 0.41145794871387054, 0.0]}, "NSP6": {"data": [0.0, 0.0, 0.0, 1.0, 1], "deviation": [0.0, 0.0, 0.0, 0.681235235358087, 1.0]}, "NSP7": {"data": [0.0, 0.0, 0.0, 0.0, 0], "deviation": [0.0, 0.0, 0.0, 0.25037149246073664, 0.0]}, "NSP8": {"data": [0.0, 0.0, 0.0, 0.0, 0], "deviation": [0.0, 0.0, 0.5, 0.17671602026643132, 0.0]}, "Spike": {"data": [0.5, 1.5, 1.5, 4.0, 4], "deviation": [0.7071067811865476, 0.7071067811865476, 2.8722813232690143, 3.2086911544633243, 2.6457513110645907]}, "NSP9": {"data": [0.5, 0.0, 0.0, 0.0, 0], "deviation": [0.7071067811865476, 0.0, 0.0, 0.2958184904168056, 0.5773502691896258]}, "NSP10": {"data": [0.0, 0.0, 0.0, 0.0, 0], "deviation": [0.0, 0.0, 0.0, 0.1450786515834624, 0.0]}, "NSP11": {"data": [0.0, 0.0, 0.0, 0.0, 0], "deviation": [0.0, 0.0, 0.0, 0.0, 0.0]}, "NSP12": {"data": [1.0, 2.0, 2.0, 1.0, 1], "deviation": [1.4142135623730951, 0.0, 0.5, 0.6948679407229925, 0.0]}, "M": {"data": [0.0, 0.0, 0.0, 0.0, 0], "deviation": [0.0, 0.0, 0.0, 0.1450786515834624, 0.0]}, "NSP13": {"data": [0.0, 1.0, 0.0, 1.0, 1], "deviation": [0.0, 1.4142135623730951, 0.0, 0.8399758142741645, 0.5773502691896257]}, "N": {"data": [0.5, 1.0, 1.5, 2.0, 2], "deviation": [0.7071067811865476, 0.0, 1.4142135623730951, 1.3006606560904088, 1.5275252316519468]}, "NSP14": {"data": [0.0, 0.5, 0.0, 0.0, 0], "deviation": [0.0, 0.7071067811865476, 0.5, 1.1678997960671225, 0.0]}, "NS3": {"data": [1.0, 2.0, 2.0, 1.5, 2], "deviation": [1.4142135623730951, 0.0, 1.0, 0.7117827178168559, 1.0]}, "NSP15": {"data": [0.0, 0.0, 0.0, 0.0, 0], "deviation": [0.0, 0.0, 0.5, 0.3019421614530843, 0.0]}, "NSP16": {"data": [0.0, 0.0, 0.0, 0.0, 0], "deviation": [0.0, 0.0, 0.5, 0.2639388044961831, 0.0]}, "NS9b": {"data": [0.0, 0.0, 0.0, 0.0, 0], "deviation": [0.0, 0.0, 0.0, 0.0, 0.0]}, "NS6": {"data": [0.0, 0.0, 0.0, 0.0, 0], "deviation": [0.0, 0.0, 0.0, 1.0314212462587935, 0.0]}, "NS9c": {"data": [0.0, 0.0, 0.0, 0.0, 0], "deviation": [0.0, 0.0, 0.0, 0.0, 0.0]}, "NSP1": {"data": [0.0, 0.0, 0.0, 0.0, 0], "deviation": [0.0, 0.0, 0.0, 0.4869610777910891, 0.5773502691896258]}, "NSP2": {"data": [1.0, 1.0, 1.0, 0.0, 0], "deviation": [1.4142135623730951, 0.0, 0.5, 8.750494315546694, 0.5773502691896258]}, "NS8": {"data": [0.5, 1.0, 1.5, 1.0, 1], "deviation": [0.7071067811865476, 0.0, 1.4142135623730951, 4.190676647253925, 0.5773502691896257]}, "NSP3": {"data": [0.5, 0.0, 0.5, 2.0, 2], "deviation": [0.7071067811865476, 0.0, 1.4142135623730951, 1.1231634899337273, 1.1547005383792515]}}, "labels": ["08/2020", "09/2020", "10/2020", "04/2021", "05/2021"]}