{"indel": {"NSP4": {"data": [0.0, 0, 0, 0.0, 0.0, 0, 0.0, 0, 0, 0.0, 0.0], "deviation": [0.0, 0.0, 0.0, 0.0, 0.0, 0.0, 0.0, 0.0, 0.0, 0.0, 0.0]}, "E": {"data": [0.0, 0, 0, 0.0, 0.0, 0, 0.0, 0, 0, 0.0, 0.0], "deviation": [0.0, 0.0, 0.0, 0.0, 0.0, 0.0, 0.0, 0.0, 0.0, 0.0, 0.0]}, "NS7a": {"data": [0.0, 0, 0, 0.0, 0.0, 0, 0.0, 0, 0, 0.0, 0.0], "deviation": [0.0, 0.0, 0.0, 0.0, 0.0, 0.0, 0.0, 0.0, 0.0, 0.0, 0.0]}, "NSP5": {"data": [0.0, 0, 0, 0.0, 0.0, 0, 0.0, 0, 0, 0.0, 0.0], "deviation": [0.0, 0.0, 0.0, 0.0, 0.0, 0.0, 0.0, 0.0, 0.0, 0.0, 0.0]}, "NS7b": {"data": [0.0, 0, 0, 0.0, 0.0, 0, 0.0, 0, 0, 0.0, 0.0], "deviation": [0.0, 0.0, 0.0, 0.0, 0.0, 0.0, 0.0, 0.0, 0.0, 0.18898223650461363, 0.0]}, "NSP6": {"data": [0.0, 0, 0, 0.0, 0.0, 0, 0.0, 0, 3, 3.0, 3.0], "deviation": [0.0, 0.0, 0.0, 0.17149858514250885, 0.0, 0.0, 0.0, 0.0, 0.9023778112773575, 0.0, 0.0]}, "NSP7": {"data": [0.0, 0, 0, 0.0, 0.0, 0, 0.0, 0, 0, 0.0, 0.0], "deviation": [0.0, 0.0, 0.0, 0.0, 0.0, 0.0, 0.0, 0.0, 0.0, 0.0, 0.0]}, "NSP8": {"data": [0.0, 0, 0, 0.0, 0.0, 0, 0.0, 0, 0, 0.0, 0.0], "deviation": [0.0, 0.0, 0.0, 0.0, 0.0, 0.0, 0.0, 0.0, 0.0, 0.0, 0.0]}, "Spike": {"data": [0.0, 0, 0, 0.0, 0.0, 0, 0.0, 0, 3, 3.0, 3.0], "deviation": [0.0, 0.0, 0.0, 0.17149858514250885, 0.0, 0.0, 0.0, 0.0, 1.2071217242444348, 1.2535663410560174, 0.0]}, "NSP9": {"data": [0.0, 0, 0, 0.0, 0.0, 0, 0.0, 0, 0, 0.0, 0.0], "deviation": [0.0, 0.0, 0.0, 0.0, 0.0, 0.0, 0.0, 0.0, 0.0, 0.0, 0.0]}, "NSP10": {"data": [0.0, 0, 0, 0.0, 0.0, 0, 0.0, 0, 0, 0.0, 0.0], "deviation": [0.0, 0.0, 0.0, 0.0, 0.0, 0.0, 0.0, 0.0, 0.0, 0.0, 0.0]}, "NSP11": {"data": [0.0, 0, 0, 0.0, 0.0, 0, 0.0, 0, 0, 0.0, 0.0], "deviation": [0.0, 0.0, 0.0, 0.0, 0.0, 0.0, 0.0, 0.0, 0.0, 0.0, 0.0]}, "NSP12": {"data": [0.0, 0, 0, 0.0, 0.0, 0, 0.0, 0, 0, 0.0, 0.0], "deviation": [0.0, 0.0, 0.0, 0.0, 0.0, 0.0, 0.0, 0.0, 0.0, 0.0, 0.0]}, "M": {"data": [0.0, 0, 0, 0.0, 0.0, 0, 0.0, 0, 0, 0.0, 0.0], "deviation": [0.0, 0.0, 0.0, 0.0, 0.0, 0.0, 0.0, 0.0, 0.0, 0.0, 0.0]}, "NSP13": {"data": [0.0, 0, 0, 0.0, 0.0, 0, 0.0, 0, 0, 0.0, 0.0], "deviation": [0.0, 0.0, 0.0, 0.0, 0.0, 0.0, 0.0, 0.0, 0.0, 0.0, 0.0]}, "N": {"data": [0.0, 0, 0, 0.0, 0.0, 0, 0.0, 0, 0, 0.0, 0.0], "deviation": [0.0, 0.0, 0.0, 0.0, 0.0, 0.0, 0.0, 0.0, 0.0, 0.0, 0.0]}, "NSP14": {"data": [0.0, 0, 0, 0.0, 0.0, 0, 0.0, 0, 0, 0.0, 0.0], "deviation": [0.0, 0.0, 0.0, 0.0, 0.0, 0.0, 0.0, 0.0, 0.0, 0.0, 0.0]}, "NS3": {"data": [0.0, 0, 0, 0.0, 0.0, 0, 0.0, 0, 0, 0.0, 0.0], "deviation": [0.0, 0.0, 0.0, 0.0, 0.0, 0.0, 0.0, 0.0, 0.0, 0.0, 0.0]}, "NSP15": {"data": [0.0, 0, 0, 0.0, 0.0, 0, 0.0, 0, 0, 0.0, 0.0], "deviation": [0.0, 0.0, 0.0, 0.0, 0.0, 0.0, 0.0, 0.0, 0.0, 0.0, 0.0]}, "NSP16": {"data": [0.0, 0, 0, 0.0, 0.0, 0, 0.0, 0, 0, 0.0, 0.0], "deviation": [0.0, 0.0, 0.0, 0.0, 0.0, 0.0, 0.0, 0.0, 0.0, 0.0, 0.0]}, "NS9b": {"data": [0.0, 0, 0, 0.0, 0.0, 0, 0.0, 0, 0, 0.0, 0.0], "deviation": [0.0, 0.0, 0.0, 0.0, 0.0, 0.0, 0.0, 0.0, 0.0, 0.0, 0.0]}, "NS6": {"data": [0.0, 0, 0, 0.0, 0.0, 0, 0.0, 0, 0, 0.0, 0.0], "deviation": [0.0, 0.0, 0.0, 0.0, 0.0, 0.0, 0.0, 0.0, 0.0, 0.0, 0.0]}, "NS9c": {"data": [0.0, 0, 0, 0.0, 0.0, 0, 0.0, 0, 0, 0.0, 0.0], "deviation": [0.0, 0.0, 0.0, 0.0, 0.0, 0.0, 0.0, 0.0, 0.0, 0.0, 0.0]}, "NSP1": {"data": [0.0, 0, 0, 0.0, 0.0, 0, 0.0, 0, 0, 0.0, 0.0], "deviation": [0.0, 0.0, 0.6877303054053768, 0.5144957554275266, 0.5883484054145521, 0.0, 0.0, 0.0, 0.0, 0.5669467095138409, 0.0]}, "NSP2": {"data": [0.0, 0, 0, 0.0, 0.0, 0, 0.0, 0, 0, 0.0, 0.0], "deviation": [0.0, 0.0, 0.0, 0.0, 0.0, 0.0, 0.0, 0.0, 0.0, 0.0, 0.0]}, "NS8": {"data": [0.0, 0, 0, 0.0, 0.0, 0, 0.0, 0, 0, 0.0, 0.0], "deviation": [0.0, 0.0, 0.3287979746107146, 0.0, 0.0, 0.0, 0.0, 0.0, 0.0, 0.0, 0.0]}, "NSP3": {"data": [0.0, 0, 0, 0.0, 0.0, 0, 0.0, 0, 0, 0.0, 0.0], "deviation": [0.0, 0.0, 0.0, 0.0, 0.0, 0.0, 0.0, 0.0, 0.0, 0.0, 0.0]}}, "missense": {"NSP4": {"data": [0.0, 0, 0, 0.0, 0.0, 0, 0.0, 0, 0, 0.0, 0.0], "deviation": [0.0, 0.21821789023599236, 0.39706127695565785, 0.5066403971048989, 0.7071067811865476, 0.7867957924694431, 0.0, 0.8819171036881969, 0.4364357804719847, 0.18898223650461363, 0.0]}, "E": {"data": [0.0, 0, 0, 0.0, 0.0, 0, 0.0, 0, 1, 1.0, 1.0], "deviation": [0.0, 0.21821789023599236, 0.0, 0.0, 0.0, 0.0, 0.0, 0.0, 0.30079260375911915, 0.314970394174356, 0.0]}, "NS7a": {"data": [0.0, 0, 0, 0.0, 0.0, 0, 0.0, 0, 0, 0.0, 0.0], "deviation": [0.0, 0.0, 0.0, 0.0, 0.0, 0.0, 0.0, 0.0, 0.0, 0.0, 0.0]}, "NSP5": {"data": [0.0, 0, 0, 0.0, 0.0, 0, 0.0, 0, 1, 1.0, 1.0], "deviation": [0.0, 0.0, 0.1643989873053573, 0.3788057036804224, 0.3922322702763681, 0.7867957924694431, 0.0, 0.3333333333333333, 0.3842122429322726, 0.3779644730092272, 0.0]}, "NS7b": {"data": [0.0, 0, 0, 0.0, 0.0, 0, 0.0, 0, 0, 0.0, 0.0], "deviation": [0.0, 0.0, 0.0, 0.0, 0.271746488194703, 0.0, 0.0, 0.0, 0.0, 0.0, 0.0]}, "NSP6": {"data": [0.0, 0, 0, 0.0, 0.0, 0, 0.0, 0, 0, 0.0, 0.0], "deviation": [0.0, 0.3585685828003181, 0.2767247306920301, 0.35949062795357095, 0.4296689244236597, 0.0, 0.5, 0.0, 0.21821789023599236, 0.18898223650461363, 0.0]}, "NSP7": {"data": [0.0, 0, 0, 0.0, 0.0, 0, 0.0, 0, 0, 0.0, 0.0], "deviation": [0.0, 0.0, 0.0, 0.17149858514250885, 0.0, 0.0, 0.0, 0.3333333333333333, 0.21821789023599236, 0.0, 0.0]}, "NSP8": {"data": [0.0, 0, 0, 0.0, 0.0, 0, 0.0, 0, 0, 0.0, 0.0], "deviation": [0.0, 0.0, 0.0, 0.0, 0.0, 0.0, 0.0, 0.3333333333333333, 0.0, 0.0, 0.0]}, "Spike": {"data": [0.5, 1, 1, 1.0, 1.0, 1, 1.5, 2, 8, 8.0, 8.0], "deviation": [0.7071067811865476, 0.30079260375911915, 0.4617501631978198, 0.5205235263972002, 0.7103628541917043, 0.0, 0.5773502691896257, 1.224744871391589, 2.5410908793553326, 2.4933774718103185, 0.0]}, "NSP9": {"data": [0.0, 0, 0, 0.0, 0.0, 0, 0.0, 0, 0, 0.0, 0.0], "deviation": [0.0, 0.0, 0.0, 0.17149858514250885, 0.0, 0.0, 0.0, 0.3333333333333333, 0.0, 0.0, 0.0]}, "NSP10": {"data": [0.0, 0, 0, 0.0, 0.0, 0, 0.0, 0, 0, 0.0, 0.0], "deviation": [0.0, 0.0, 0.0, 0.0, 0.19611613513818404, 0.0, 0.0, 0.0, 0.0, 0.0, 0.0]}, "NSP11": {"data": [0.0, 0, 0, 0.0, 0.0, 0, 0.0, 0, 0, 0.0, 0.0], "deviation": [0.0, 0.0, 0.0, 0.0, 0.0, 0.0, 0.0, 0.0, 0.0, 0.0, 0.0]}, "NSP12": {"data": [0.5, 1, 1, 1.0, 1.0, 1, 1.0, 1, 1, 1.0, 1.0], "deviation": [0.7071067811865476, 0.0, 0.23570226039551584, 0.6183469424008423, 0.3258125936084211, 0.5773502691896257, 0.816496580927726, 0.44095855184409843, 0.4364357804719848, 0.44095855184409843, 0.0]}, "M": {"data": [0.0, 0, 0, 0.0, 0.0, 0, 0.0, 0, 0, 0.0, 0.0], "deviation": [0.0, 0.21821789023599236, 0.1643989873053573, 0.0, 0.271746488194703, 0.37796447300922725, 0.0, 0.0, 0.0, 0.0, 0.0]}, "NSP13": {"data": [0.0, 0, 0, 0.0, 0.0, 0, 0.0, 0, 0, 0.0, 0.0], "deviation": [0.0, 0.0, 0.2767247306920301, 0.17149858514250885, 0.36794648440311994, 0.37796447300922725, 0.0, 0.5, 0.0, 0.18898223650461363, 0.0]}, "N": {"data": [0.0, 0, 0, 1.0, 1.0, 0, 1.0, 2, 2, 2.0, 1.5], "deviation": [0.0, 0.0, 0.547996624351191, 0.6089059766610501, 0.8494342008292706, 1.1126972805283737, 1.2583057392117916, 0.927960727138337, 0.5389584311207966, 0.7052336473499384, 0.7071067811865476]}, "NSP14": {"data": [0.0, 0, 0, 0.0, 0.0, 0, 0.0, 0, 0, 0.5, 0.5], "deviation": [0.0, 0.0, 0.0, 0.17149858514250885, 0.36794648440311994, 0.37796447300922725, 0.0, 0.3333333333333333, 0.49761335152811925, 0.5091750772173156, 0.7071067811865476]}, "NS3": {"data": [0.5, 0, 0, 0.0, 0.0, 1, 1.0, 1, 3, 3.0, 3.0], "deviation": [0.7071067811865476, 0.5773502691896258, 0.6689151272377142, 0.38695299497594743, 0.533493565673837, 0.5345224838248488, 0.5, 0.5, 0.9734572654303052, 1.1655323283657164, 0.0]}, "NSP15": {"data": [0.0, 0, 0, 0.0, 0.0, 0, 0.0, 0, 0, 0.0, 0.0], "deviation": [0.0, 0.0, 0.22924343513512563, 0.17149858514250885, 0.271746488194703, 0.0, 0.0, 0.3333333333333333, 0.21821789023599236, 0.0, 0.0]}, "NSP16": {"data": [0.0, 0, 0, 0.0, 0.0, 0, 0.0, 0, 0, 0.0, 0.0], "deviation": [0.0, 0.0, 0.1643989873053573, 0.0, 0.3258125936084211, 0.0, 0.0, 0.0, 0.21821789023599236, 0.18898223650461363, 0.0]}, "NS9b": {"data": [0.0, 0, 0, 0.0, 0.0, 0, 0.0, 0, 0, 0.0, 0.0],