{"indel": {"NSP4": {"data": [0.0, 0.0, 0.0, 0.0, 0.0, 0, 0.0, 0.0, 0, 0.0, 0, 0.0], "deviation": [0.0, 0.0, 0.0, 0.0, 0.0, 0.0, 0.0702433610856857, 0.04504908873530785, 0.03186264939385831, 0.0, 0.0, 0.0]}, "E": {"data": [0.0, 0.0, 0.0, 0.0, 0.0, 0, 0.0, 0.0, 0, 0.0, 0, 0.0], "deviation": [0.0, 0.0, 0.0, 0.0, 0.0, 0.0, 0.0, 0.0, 0.0, 0.0, 0.0, 0.0]}, "NS7a": {"data": [0.0, 0.0, 0.0, 0.0, 0.0, 0, 0.0, 0.0, 0, 0.0, 0, 0.0], "deviation": [0.0, 0.318222913670292, 0.0, 0.0, 0.0, 0.0, 0.057401001228547036, 0.5576933300376455, 0.588141307578933, 0.6217439768903527, 0.676618111966135, 0.0]}, "NSP5": {"data": [0.0, 0.0, 0.0, 0.0, 0.0, 0, 0.0, 0.0, 0, 0.0, 0, 0.0], "deviation": [0.0, 0.0, 0.0, 0.0, 0.0, 0.0, 0.0, 0.0, 0.0, 0.0, 0.0, 0.0]}, "NS7b": {"data": [0.0, 0.0, 0.0, 0.0, 0.0, 0, 0.0, 0.0, 0, 0.0, 0, 0.0], "deviation": [0.0, 0.0, 0.0, 0.0, 0.0, 0.0, 0.0, 0.0, 0.0, 0.0, 0.3061777805253134, 0.0]}, "NSP6": {"data": [0.0, 0.0, 0.0, 0.0, 0.0, 0, 0.0, 3.0, 3, 3.0, 3, 0.0], "deviation": [0.0, 0.0, 0.0, 0.0, 1.2057554287027505, 0.7161634554901886, 1.348885110012373, 1.1736698292024934, 0.5073802234007353, 0.4380871928960629, 0.7575467649787622, 0.7346521545212072]}, "NSP7": {"data": [0.0, 0.0, 0.0, 0.0, 0.0, 0, 0.0, 0.0, 0, 0.0, 0, 0.0], "deviation": [0.0, 0.0, 0.0, 0.0, 0.0, 0.0, 0.0, 0.0, 0.0, 0.0, 0.0, 0.0]}, "NSP8": {"data": [0.0, 0.0, 0.0, 0.0, 0.0, 0, 0.0, 0.0, 0, 0.0, 0, 0.0], "deviation": [0.0, 0.0, 0.0, 0.0, 0.0, 0.0, 0.0, 0.0, 0.0, 0.0, 0.0, 0.0]}, "Spike": {"data": [0.0, 0.0, 0.0, 0.0, 2.0, 0, 0.0, 3.0, 3, 3.0, 3, 2.0], "deviation": [0.0, 0.3985380038520689, 0.6329502177033884, 0.9956426807977282, 1.1509193649493368, 1.0274390182526412, 1.2986683807066428, 1.1706162292546087, 0.4862582782864437, 0.3624570778423945, 0.28073045687736237, 0.25292015046012173]}, "NSP9": {"data": [0.0, 0.0, 0.0, 0.0, 0.0, 0, 0.0, 0.0, 0, 0.0, 0, 0.0], "deviation": [0.0, 0.0, 0.0, 0.0, 0.0, 0.0, 0.0, 0.0, 0.0, 0.0, 0.0, 0.0]}, "NSP10": {"data": [0.0, 0.0, 0.0, 0.0, 0.0, 0, 0.0, 0.0, 0, 0.0, 0, 0.0], "deviation": [0.0, 0.0, 0.0, 0.0, 0.0, 0.0, 0.0, 0.0, 0.0, 0.0, 0.0, 0.0]}, "NSP11": {"data": [0.0, 0.0, 0.0, 0.0, 0.0, 0, 0.0, 0.0, 0, 0.0, 0, 0.0], "deviation": [0.0, 0.0, 0.0, 0.0, 0.0, 0.0, 0.0, 0.0, 0.0, 0.0, 0.0, 0.0]}, "NSP12": {"data": [0.0, 0.0, 0.0, 0.0, 0.0, 0, 0.0, 0.0, 0, 0.0, 0, 0.0], "deviation": [0.0, 0.0, 0.0, 0.0, 0.0, 0.0, 0.0, 0.0, 0.0, 0.0, 0.0, 0.0]}, "M": {"data": [0.0, 0.0, 0.0, 0.0, 0.0, 0, 0.0, 0.0, 0, 0.0, 0, 0.0], "deviation": [0.0, 0.0, 0.0, 0.0, 0.0, 0.0, 0.0, 0.0, 0.0, 0.0, 0.0, 0.0]}, "NSP13": {"data": [0.0, 0.0, 0.0, 0.0, 0.0, 0, 0.0, 0.0, 0, 0.0, 0, 0.0], "deviation": [0.0, 0.0, 0.0, 0.0, 0.0, 0.0, 0.0, 0.0, 0.0, 0.0, 0.0, 0.0]}, "N": {"data": [0.0, 0.0, 0.0, 0.0, 0.0, 0, 0.0, 0.0, 0, 0.0, 0, 0.0], "deviation": [0.0, 0.0, 0.0, 0.0, 0.0, 0.0, 0.0, 0.045083481733371615, 0.0, 0.0, 0.0, 0.0]}, "NSP14": {"data": [0.0, 0.0, 0.0, 0.0, 0.0, 0, 0.0, 0.0, 0, 0.0, 0, 0.0], "deviation": [0.0, 0.0, 0.0, 0.0, 0.0, 0.0, 0.0, 0.0, 0.0, 0.0, 0.0, 0.0]}, "NS3": {"data": [0.0, 0.0, 0.0, 0.0, 0.0, 0, 0.0, 0.0, 0, 0.0, 0, 0.0], "deviation": [0.0, 0.0, 0.0, 0.0, 0.0, 0.0, 0.3468877686248004, 0.34011771858369144, 0.0, 0.0, 0.0, 0.0]}, "NSP15": {"data": [0.0, 0.0, 0.0, 0.0, 0.0, 0, 0.0, 0.0, 0, 0.0, 0, 0.0], "deviation": [0.0, 0.0, 0.0, 0.0, 0.0, 0.0, 0.0, 0.022541740866685808, 0.0, 0.0, 0.0, 0.0]}, "NSP16": {"data": [0.0, 0.0, 0.0, 0.0, 0.0, 0, 0.0, 0.0, 0, 0.0, 0, 0.0], "deviation": [0.0, 0.0, 0.0, 0.0, 0.0, 0.0, 0.0, 0.0, 0.0, 0.0, 0.0, 0.0]}, "NS9b": {"data": [0.0, 0.0, 0.0, 0.0, 0.0, 0, 0.0, 0.0, 0, 0.0, 0, 0.0], "deviation": [0.0, 0.0, 0.0, 0.0, 0.0, 0.0, 0.0, 0.0, 0.0, 0.0, 0.0, 0.0]}, "NS6": {"data": [0.0, 0.0, 0.0, 0.0, 0.0, 0, 0.0, 0.0, 0, 0.0, 0, 0.0], "deviation": [0.0, 0.0, 0.0, 0.0, 0.0, 0.12216944435630521, 0.04062222318511938, 0.0, 0.0, 0.0, 0.0, 0.0]}, "NS9c": {"data": [0.0, 0.0, 0.0, 0.0, 0.0, 0, 0.0, 0.0, 0, 0.0, 0, 0.0], "deviation": [0.0, 0.0, 0.0, 0.0, 0.0, 0.0, 0.0, 0.0, 0.0, 0.0, 0.0, 0.0]}, "NSP1": {"data": [0.0, 0.0, 0.0, 0.0, 0.0, 0, 0.0, 0.0, 0, 0.0, 0, 0.0], "deviation": [0.22360679774997896, 0.0, 0.0, 0.0, 0.0, 0.0, 0.3951986612256513, 0.16821153806411618, 0.2181510124283528, 0.0, 0.07235746052924216, 0.1786474002526241]}, "NSP2": {"data": [0.0, 0.0, 0.0, 0.0, 0.0, 0, 0.0, 0.0, 0, 0.0, 0, 0.0], "deviation": [0.0, 0.0, 0.0, 0.0, 0.0, 0.0, 0.0, 0.0, 0.0, 0.0, 0.0, 0.0]}, "NS8": {"data": [0.0, 0.0, 0.0, 0.0, 0.0, 0, 0.0, 0.0, 0, 0.0, 0, 0.0], "deviation": [0.0, 0.0, 0.0, 0.0, 0.0, 0.0, 0.1404867221713714, 0.0900981774706157, 0.0953718322637034, 0.05212860351426869, 0.0, 0.11909826683508273]}, "NSP3": {"data": [0.0, 0.0, 0.0, 0.0, 0.0, 0, 0.0, 0.0, 0, 0.0, 0, 0.0], "deviation": [0.0, 0.0, 0.11785113019775793, 0.0, 0.0, 0.0, 0.08104276352781135, 0.0900981774706157, 0.5769927545914754, 0.10425720702853739, 0.0, 0.0]}}, "missense": {"NSP4": {"data": [0.0, 1.0, 0.0, 0.0, 0.0, 0, 0.0, 1.0, 1, 1.0, 1, 2.0], "deviation": [0.0, 0.6492387271075747, 0.6348018556456356, 0.43350052516001597, 0.3258125936084211, 0.47791572202498345, 0.5912217317824127, 0.6354590150754196, 0.5192330766698628, 0.6278530426731517, 0.7913837461517568, 0.5430880224105602]}, "E": {"data": [0.0, 0.0, 0.0, 0.0, 0.0, 0, 0.0, 0.0, 0, 0.0, 0, 0.0], "deviation": [0.0, 0.0, 0.0, 0.0, 0.0, 0.2083729044282493, 0.18305162180152862, 0.124546328721084, 0.14784574141206536, 0.07362047226646508, 0.0, 0.24488405150706904]}, "NS7a": {"data": [0.0, 0.0, 0.0, 0.0, 0.0, 0, 0.0, 0.0, 0, 0.0, 0, 3.0], "deviation": [0.22360679774997896, 0.1369140781910376, 0.0, 0.14744195615489714, 0.0, 0.17145979772029107, 0.40396326396327575, 0.25649925265409235, 0.23980168715037584, 0.30289788232610687, 0.7707808110571092, 0.773706625866073]}, "NSP5": {"data": [0.0, 0.0, 0.0, 0.0, 0.0, 0, 0.0, 0.0, 0, 0.0, 0, 0.0], "deviation": [0.0, 0.4345866967970555, 0.45104642721034555, 0.4978213403988641, 0.19611613513818404, 0.26477164751518606, 0.2823340516236327, 0.21990421575623562, 0.30205369169883556, 0.34964695244165306, 0.4174480594477975, 0.0]}, "NS7b": {"data": [0.0, 0.0, 0.0, 0.0, 0.0, 0, 0.0, 0.0, 0, 0.0, 0, 1.0], "deviation": [0.0, 0.11214990946504513, 0.2012286205947824, 0.14744195615489714, 0.0, 0.2876942444512339, 0.24849875192528711, 0.235757236175372, 0.39233767531458896, 0.12681568415110364, 0.93122555893256, 0.26299784319620856]}, "NSP6": {"data": [0.0, 0.0, 0.0, 0.0, 0.0, 0, 0.0, 0.0, 0, 0.0, 0, 1.0], "deviation": [0.3663475485325232, 0.24426007607005937, 0.4331256273607951, 0.8262013650752302, 0.6972473349922867, 0.4541382164873988, 0.3901838107338613, 0.3195099592999651, 0.3279768540688799, 0.33845602658753204, 0.35463315336240653, 0.17808138726476755]}, "NSP7": {"data": [0.0, 0.0, 0.0, 0.0, 0.0, 0, 0.0, 0.0, 0, 0.0, 0, 0.0], "deviation": [0.22360679774997896, 0.079555728417573, 0.255992346325338, 0.0, 0.0, 0.0, 0.08104276352781135, 0.08102710642574878, 0.15109002378393158, 0.154671941698007, 0.2335818592744067, 0.14456143549296324]}, "NSP8": {"data": [0.0, 0.0, 0.0, 0.0, 0.0, 0, 0.0, 0.0, 0, 0.0, 0, 0.0], "deviation": [0.0, 0.11214990946504513, 0.16548879560577057, 0.2061845709423622, 0.0, 0.46350287628822073, 0.3160940462743067, 0.2817567478863256, 0.2132724135089065, 0.21019436906726213, 0.14356788906650156, 0.11846080498613326]}, "Spike": {"data": [1.0, 1.0, 2.0, 2.0, 3.0, 3, 3.0, 7.0, 7, 7.0, 7, 9.0], "deviation": [0.7539370349250519, 0.6827719514541394, 0.7086266998123983, 0.8331883931925148, 1.6751578570850707, 1.2769040464799144, 2.1814356100232533, 1.9277043728729253, 0.9859124915765056, 0.7506611625901569, 0.8186312161546414, 0.9078597820768203]}, "NSP9": {"data": [0.0, 0.0, 0.0, 0.0, 1.0, 0, 0.0, 0.0, 0, 0.0, 0, 0.0], "deviation": [0.0, 0.1369140781910376, 0.3164751088516942, 0.5472813793767886, 0.508391127441794, 0.4199890158155315, 0.28031255812092465, 0.1691671191081269, 0.09519858628548007, 0.10383021326011764, 0.14356788906650156, 0.13220478450231768]}, "NSP10": {"data": [0.0, 0.0, 0.0, 0.0, 0.0, 0, 0.0, 0.0, 0, 0.0, 0, 0.0],