{"indel": {"NSP4": {"data": [0, 0.0, 0, 0, 0], "deviation": [0.0, 0.0, 0.0, 0.0, 0.0]}, "E": {"data": [0, 0.0, 0, 0, 0], "deviation": [0.0, 0.0, 0.0, 0.0, 0.0]}, "NS7a": {"data": [0, 0.0, 0, 0, 0], "deviation": [0.0, 0.0, 0.0, 0.0, 0.0]}, "NSP5": {"data": [0, 0.0, 0, 0, 0], "deviation": [0.0, 0.0, 0.0, 0.0, 0.0]}, "NS7b": {"data": [0, 0.0, 0, 0, 0], "deviation": [0.0, 0.0, 0.0, 0.0, 0.0]}, "NSP6": {"data": [3, 3.0, 3, 0, 0], "deviation": [0.9045340337332909, 0.0, 1.1338934190276817, 0.0, 0.0]}, "NSP7": {"data": [0, 0.0, 0, 0, 0], "deviation": [0.0, 0.0, 0.0, 0.0, 0.0]}, "NSP8": {"data": [0, 0.0, 0, 0, 0], "deviation": [0.0, 0.0, 0.0, 0.0, 0.0]}, "Spike": {"data": [3, 3.0, 3, 0, 0], "deviation": [1.2135597524338357, 1.5, 1.1338934190276817, 0.0, 0.0]}, "NSP9": {"data": [0, 0.0, 0, 0, 0], "deviation": [0.0, 0.0, 0.0, 0.0, 0.0]}, "NSP10": {"data": [0, 0.0, 0, 0, 0], "deviation": [0.0, 0.0, 0.0, 0.0, 0.0]}, "NSP11": {"data": [0, 0.0, 0, 0, 0], "deviation": [0.0, 0.0, 0.0, 0.0, 0.0]}, "NSP12": {"data": [0, 0.0, 0, 0, 0], "deviation": [0.0, 0.0, 0.0, 0.0, 0.0]}, "M": {"data": [0, 0.0, 0, 0, 0], "deviation": [0.0, 0.0, 0.0, 0.0, 0.0]}, "NSP13": {"data": [0, 0.0, 0, 0, 0], "deviation": [0.0, 0.0, 0.0, 0.0, 0.0]}, "N": {"data": [0, 0.0, 0, 0, 0], "deviation": [0.0, 0.0, 0.0, 0.0, 0.0]}, "NSP14": {"data": [0, 0.0, 0, 0, 0], "deviation": [0.0, 0.0, 0.0, 0.0, 0.0]}, "NS3": {"data": [0, 0.0, 0, 0, 0], "deviation": [0.0, 0.0, 0.0, 0.0, 0.0]}, "NSP15": {"data": [0, 0.0, 0, 0, 0], "deviation": [0.0, 0.0, 0.0, 0.0, 0.0]}, "NSP16": {"data": [0, 0.0, 0, 0, 0], "deviation": [0.0, 0.0, 0.0, 0.0, 0.0]}, "NS9b": {"data": [0, 0.0, 0, 0, 0], "deviation": [0.0, 0.0, 0.0, 0.0, 0.0]}, "NS6": {"data": [0, 0.0, 0, 0, 0], "deviation": [0.0, 0.0, 0.0, 0.0, 0.0]}, "NS9c": {"data": [0, 0.0, 0, 0, 0], "deviation": [0.0, 0.0, 0.0, 0.0, 0.0]}, "NSP1": {"data": [0, 0.0, 0, 0, 0], "deviation": [0.0, 0.0, 0.0, 0.0, 0.0]}, "NSP2": {"data": [0, 0.0, 0, 0, 0], "deviation": [0.0, 0.0, 0.0, 0.0, 0.0]}, "NS8": {"data": [0, 0.0, 0, 0, 0], "deviation": [0.0, 0.0, 0.0, 0.0, 0.0]}, "NSP3": {"data": [0, 0.0, 0, 0, 0], "deviation": [0.0, 0.0, 0.0, 0.0, 0.0]}}, "missense": {"NSP4": {"data": [0, 0.0, 0, 0, 0], "deviation": [0.30151134457776363, 0.5, 0.37796447300922725, 0.0, 0.0]}, "E": {"data": [1, 1.0, 1, 1, 1], "deviation": [0.46709936649691375, 0.5, 0.3779644730092272, 0.0, 0.5773502691896257]}, "NS7a": {"data": [0, 0.0, 0, 0, 0], "deviation": [0.4045199174779452, 0.5, 0.0, 0.37796447300922725, 0.0]}, "NSP5": {"data": [1, 1.0, 1, 1, 1], "deviation": [0.30151134457776363, 0.5, 0.5773502691896257, 0.3779644730092272, 0.5773502691896257]}, "NS7b": {"data": [0, 0.0, 0, 0, 0], "deviation": [0.0, 0.0, 0.0, 0.0, 0.0]}, "NSP6": {"data": [0, 0.0, 0, 0, 0], "deviation": [0.0, 0.0, 0.0, 0.37796447300922725, 0.0]}, "NSP7": {"data": [0, 0.0, 0, 0, 0], "deviation": [0.0, 0.0, 0.0, 0.0, 0.0]}, "NSP8": {"data": [0, 0.0, 0, 0, 0], "deviation": [0.0, 0.0, 0.0, 0.0, 0.0]}, "Spike": {"data": [8, 8.0, 8, 9, 0], "deviation": [2.3664319132398464, 1.7320508075688772, 0.7559289460184544, 2.6726124191242437, 1.1547005383792517]}, "NSP9": {"data": [0, 0.0, 0, 0, 0], "deviation": [0.0, 0.0, 0.0, 0.0, 0.0]}, "NSP10": {"data": [0, 0.0, 0, 0, 0], "deviation": [0.0, 0.0, 0.0, 0.0, 0.0]}, "NSP11": {"data": [0, 0.0, 0, 0, 0], "deviation": [0.0, 0.0, 0.0, 0.0, 0.0]}, "NSP12": {"data": [1, 1.0, 1, 2, 1], "deviation": [0.30151134457776363, 0.5, 0.3779644730092272, 0.4879500364742666, 0.5773502691896257]}, "M": {"data": [0, 0.0, 0, 0, 0], "deviation": [0.0, 0.0, 0.37796447300922725, 0.0, 0.0]}, "NSP13": {"data": [0, 0.0, 0, 0, 0], "deviation": [0.0, 0.0, 0.37796447300922725, 0.37796447300922725, 0.5773502691896258]}, "N": {"data": [2, 2.0, 2, 2, 2], "deviation": [0.40451991747794525, 0.5, 0.0, 0.6900655593423543, 1.0]}, "NSP14": {"data": [0, 0.0, 0, 0, 0], "deviation": [0.0, 0.0, 0.4879500364742666, 0.0, 0.0]}, "NS3": {"data": [1, 1.5, 2, 2, 3], "deviation": [0.7862453931068965, 0.9574271077563381, 1.0690449676496976, 0.7867957924694432, 0.5773502691896257]}, "NSP15": {"data": [0, 0.0, 0, 0, 0], "deviation": [0.0, 0.0, 0.0, 0.37796447300922725, 0.0]}, "NSP16": {"data": [0, 0.0, 0, 0, 0], "deviation": [0.0, 0.0, 0.0, 0.0, 0.0]}, "NS9b": {"data": [0, 0.0, 0, 0, 0], "deviation": [0.0, 0.0, 0.0, 0.0, 0.0]}, "NS6": {"data": [0, 0.0, 0, 0, 0], "deviation": [0.0, 0.0, 0.0, 0.37796447300922725, 0.0]}, "NS9c": {"data": [0, 0.0, 0, 0, 0], "deviation": [0.0, 0.0, 0.0, 0.0, 0.0]}, "NSP1": {"data": [0, 0.0, 0, 0, 0], "deviation": [0.0, 0.0, 0.37796447300922725, 0.0, 0.0]}, "NSP2": {"data": [1, 1.0, 1, 1, 1], "deviation": [0.4472135954999579, 0.5, 0.4879500364742666, 0.3779644730092272, 0.5773502691896257]}, "NS8": {"data": [0, 0.0, 0, 0, 0], "deviation": [0.30151134457776363, 0.0, 0.0, 0.4879500364742666, 0.0]}, "NSP3": {"data": [1, 1.0, 1, 1, 1], "deviation": [0.6324555320336759, 0.816496580927726, 0.5773502691896257, 0.0, 0.0]}}, "labels": ["11/2020", "12/2020", "01/2021", "02/2021", "03/2021"]}