{"indel": {"NSP4": {"data": [0.0, 0.0, 0, 0, 0.0, 0, 0, 0.0, 0, 0.0, 0, 0, 0.0, 0.0, 0.0, 0.0, 0.0, 0.0, 0], "deviation": [0.0, 0.0, 0.0, 0.0, 0.0, 0.0, 0.0, 0.0, 0.0, 0.0, 0.0, 0.07088734611849877, 0.07121022947969818, 0.0, 0.0, 2.1082706645033022, 0.0, 1.7242518370188857, 0.0]}, "E": {"data": [0.0, 0.0, 0, 0, 0.0, 0, 0, 0.0, 0, 0.0, 0, 0, 0.0, 0.0, 0.0, 0.0, 0.0, 0.0, 0], "deviation": [0.0, 0.0, 0.0, 0.0, 0.0, 0.0, 0.0, 0.0, 0.0, 0.0, 0.0, 0.0, 0.0, 0.0, 0.0, 0.0, 0.0, 0.0, 0.0]}, "NS7a": {"data": [0.0, 0.0, 0, 0, 0.0, 0, 0, 0.0, 0, 0.0, 0, 0, 0.0, 0.0, 0.0, 0.0, 0.0, 0.0, 0], "deviation": [0.0, 0.0, 0.0, 0.0, 0.0, 0.0, 0.0, 0.0, 0.0, 0.0, 0.0, 0.0, 0.3034140148700182, 0.03022448657023329, 0.7468414299065762, 0.08547043234472845, 0.5568363378006227, 1.2077853925660496, 1.7300449576688912]}, "NSP5": {"data": [0.0, 0.0, 0, 0, 0.0, 0, 0, 0.0, 0, 0.0, 0, 0, 0.0, 0.0, 0.0, 0.0, 0.0, 0.0, 0], "deviation": [0.0, 0.0, 0.0, 0.0, 0.0, 0.0, 0.0, 0.0, 0.0, 0.0, 0.0, 0.0, 0.0, 0.0, 0.0, 0.0, 0.0, 0.0, 0.0]}, "NS7b": {"data": [0.0, 0.0, 0, 0, 0.0, 0, 0, 0.0, 0, 0.0, 0, 0, 0.0, 0.0, 0.0, 0.0, 0.0, 0.0, 0], "deviation": [0.0, 0.0, 0.0, 0.0, 0.0, 0.0, 0.0, 0.0, 0.0, 0.0, 0.0, 0.0, 0.0, 0.0, 0.026880166528523517, 0.08547043234472845, 0.03210806495339678, 0.0, 0.0]}, "NSP6": {"data": [0.0, 0.0, 0, 0, 0.0, 0, 0, 0.0, 0, 0.0, 0, 0, 3.0, 3.0, 3.0, 3.0, 0.0, 0.0, 0], "deviation": [0.0, 0.0, 0.0, 0.0, 0.0, 0.0, 0.0, 0.0, 0.07235696075226732, 0.0, 1.0288135308293587, 1.4390457683270905, 1.402567298884447, 1.0651133388096063, 0.8969057689475923, 1.3037576926868943, 1.2402074586312168, 0.3426550111860672, 0.3918503704257126]}, "NSP7": {"data": [0.0, 0.0, 0, 0, 0.0, 0, 0, 0.0, 0, 0.0, 0, 0, 0.0, 0.0, 0.0, 0.0, 0.0, 0.0, 0], "deviation": [0.0, 0.0, 0.0, 0.0, 0.0, 0.0, 0.0, 0.0, 0.0, 0.0, 0.0, 0.0, 0.0, 0.0, 0.0, 0.0, 0.0, 0.0, 0.0]}, "NSP8": {"data": [0.0, 0.0, 0, 0, 0.0, 0, 0, 0.0, 0, 0.0, 0, 0, 0.0, 0.0, 0.0, 0.0, 0.0, 0.0, 0], "deviation": [0.0, 0.0, 0.0, 0.0, 0.0, 0.0, 0.0, 0.0, 0.0, 0.0, 0.0, 0.0, 0.0, 0.0, 0.0, 0.0, 0.0, 0.0, 0.0]}, "Spike": {"data": [0.0, 0.0, 0, 0, 0.0, 0, 0, 0.0, 0, 0.0, 0, 0, 3.0, 3.0, 3.0, 3.0, 2.0, 2.0, 2], "deviation": [0.0, 0.0, 0.0, 0.0, 0.0, 0.0, 0.0, 0.0, 0.0, 0.08111071056538127, 4.289054388505862, 2.106536440100836, 1.3882730608085982, 1.308305803947667, 0.8915166108561097, 1.7539134309936388, 4.654959126944578, 9.90517744165575, 7.076845865556511]}, "NSP9": {"data": [0.0, 0.0, 0, 0, 0.0, 0, 0, 0.0, 0, 0.0, 0, 0, 0.0, 0.0, 0.0, 0.0, 0.0, 0.0, 0], "deviation": [0.0, 0.0, 0.0, 0.0, 0.0, 0.0, 0.0, 0.0, 0.0, 0.0, 0.0, 0.0, 0.0, 0.0, 0.0, 0.0, 0.0, 0.0, 0.0]}, "NSP10": {"data": [0.0, 0.0, 0, 0, 0.0, 0, 0, 0.0, 0, 0.0, 0, 0, 0.0, 0.0, 0.0, 0.0, 0.0, 0.0, 0], "deviation": [0.0, 0.0, 0.0, 0.0, 0.0, 0.0, 0.0, 0.0, 0.0, 0.0, 0.0, 0.0, 0.0, 0.0, 0.0, 0.0, 0.0, 0.0, 0.0]}, "NSP11": {"data": [0.0, 0.0, 0, 0, 0.0, 0, 0, 0.0, 0, 0.0, 0, 0, 0.0, 0.0, 0.0, 0.0, 0.0, 0.0, 0], "deviation": [0.0, 0.0, 0.0, 0.0, 0.0, 0.0, 0.0, 0.0, 0.0, 0.0, 0.0, 0.0, 0.0, 0.0, 0.0, 0.0, 0.0, 0.0, 0.0]}, "NSP12": {"data": [0.0, 0.0, 0, 0, 0.0, 0, 0, 0.0, 0, 0.0, 0, 0, 0.0, 0.0, 0.0, 0.0, 0.0, 0.0, 0], "deviation": [0.0, 0.0, 0.0, 0.0, 0.0, 0.0, 0.0, 0.0, 0.0, 0.0, 0.0, 0.026851080677052736, 0.0, 0.03022448657023329, 0.0, 0.0, 0.0, 0.0, 0.0]}, "M": {"data": [0.0, 0.0, 0, 0, 0.0, 0, 0, 0.0, 0, 0.0, 0, 0, 0.0, 0.0, 0.0, 0.0, 0.0, 0.0, 0], "deviation": [0.0, 0.0, 0.0, 0.0, 0.0, 0.0, 0.0, 0.0, 0.0, 0.0, 0.0, 0.0, 0.21674705985866619, 0.20946523711009146, 0.0, 0.0, 0.0, 0.0, 0.0]}, "NSP13": {"data": [0.0, 0.0, 0, 0, 0.0, 0, 0, 0.0, 0, 0.0, 0, 0, 0.0, 0.0, 0.0, 0.0, 0.0, 0.0, 0], "deviation": [0.0, 0.0, 0.0, 0.0, 0.0, 0.0, 0.0, 0.0, 0.0, 0.0, 0.0, 0.0, 0.0, 0.017455436425840954, 0.0, 0.0, 0.0, 0.0, 0.0]}, "N": {"data": [0.0, 0.0, 0, 0, 0.0, 0, 0, 0.0, 0, 0.0, 0, 0, 0.0, 0.0, 0.0, 0.0, 0.0, 0.0, 0], "deviation": [0.0, 0.0, 0.0, 0.0, 0.0, 0.0, 0.0, 0.0, 0.0, 0.0, 0.0, 0.1068215494288447, 0.09048999815846272, 0.052302428425102944, 0.1612809991711411, 0.04027477966587838, 0.4197990098928669, 0.13794014696151086, 0.0]}, "NSP14": {"data": [0.0, 0.0, 0, 0, 0.0, 0, 0, 0.0, 0, 0.0, 0, 0, 0.0, 0.0, 0.0, 0.0, 0.0, 0.0, 0], "deviation": [0.0, 0.0, 0.0, 0.0, 0.0, 0.0, 0.0, 0.0, 0.0, 0.0, 0.0, 2.229247881054097, 0.0, 0.0, 0.0, 0.11396057645963795, 4.473008477135985, 7.528057767808752, 1.8269786059516822]}, "NS3": {"data": [0.0, 0.0, 0, 0, 0.0, 0, 0, 0.0, 0, 0.0, 0, 0, 0.0, 0.0, 0.0, 0.0, 0.0, 0.0, 0], "deviation": [0.0, 0.0, 0.0, 0.0, 0.0, 0.0, 0.0, 0.0, 0.0, 0.0, 0.0, 0.0, 0.07126966450997985, 0.1779872228092585, 0.11694030172696529, 0.14232105570660913, 0.0555553782371035, 0.8594895642066457, 0.0]}, "NSP15": {"data": [0.0, 0.0, 0, 0, 0.0, 0, 0, 0.0, 0, 0.0, 0, 0, 0.0, 0.0, 0.0, 0.0, 0.0, 0.0, 0], "deviation": [0.0, 0.0, 0.7236272269866327, 0.0, 0.0, 0.0, 0.0, 0.0, 0.0, 0.0, 0.0, 0.0, 0.0, 0.0, 0.0, 0.028490144114909487, 0.7063774289747291, 0.0, 0.0]}, "NSP16": {"data": [0.0, 0.0, 0, 0, 0.0, 0, 0, 0.0, 0, 0.0, 0, 0, 0.0, 0.0, 0.0, 0.0, 0.0, 0.0, 0], "deviation": [0.0, 0.0, 1.0251385715643964, 0.0, 0.0, 0.0, 0.0, 0.0, 0.0, 0.0, 0.0, 0.0, 0.0, 0.0, 0.0, 0.0, 0.0, 0.0, 0.0]}, "NS9b": {"data": [0.0, 0.0, 0, 0, 0.0, 0, 0, 0.0, 0, 0.0, 0, 0, 0.0, 0.0, 0.0, 0.0, 0.0, 0.0, 0], "deviation": [0.0, 0.0, 0.0, 0.0, 0.0, 0.0, 0.0, 0.0, 0.0, 0.0, 0.0, 0.0, 0.0, 0.0, 0.0, 0.0, 0.0, 0.0, 0.0]}, "NS6": {"data": [0.0, 0.0, 0, 0, 0.0, 0, 0, 0.0, 0, 0.0, 0, 0, 0.0, 0.0, 0.0, 0.0, 0.0, 0.0, 0], "deviation": [0.0, 0.0, 0.0, 0.0, 0.0, 0.0, 0.0, 0.0, 0.0, 0.0, 0.4657780077916656, 0.0, 0.22674267289879, 0.0, 0.0, 0.0, 0.0, 0.3352666892940008, 0.0]}, "NS9c": {"data": [0.0, 0.0, 0, 0, 0.0, 0, 0, 0.0, 0, 0.0, 0, 0, 0.0, 0.0, 0.0, 0.0, 0.0, 0.0, 0], "deviation": [0.0, 0.0, 0.0, 0.0, 0.0, 0.0, 0.0, 0.0, 0.0, 0.0, 0.0, 0.0, 0.0, 0.0, 0.0, 0.0, 0.0, 0.0, 0.0]}, "NSP1": {"data": [0.0, 0.0, 0, 0, 0.0, 0, 0, 0.0, 0, 0.0, 0, 0, 0.0, 0.0, 0.0, 0.0, 0.0, 0.0, 0], "deviation": [0.0, 0.0, 0.11994247681227022, 0.5510824775851086, 0.23570226039551584, 0.0, 0.5773502691896257, 0.0, 0.051231551957855996, 0.0, 0.34933350584374917, 0.20048931446336418, 0.24120368026208674, 0.4586020637294901, 0.4435146492595815, 0.44554188902774516, 0.2698188836113855, 0.2580585940794697, 0.3753762690015029]}, "NSP2": {"data": [0.0, 0.0, 0, 0, 0.0, 0, 0, 0.0, 0, 0.0, 0, 0, 0.0, 0.0, 0.0, 0.0, 0.0, 0.0, 0], "deviation": [0.0, 0.0, 0.10406470346997883, 0.0, 0.0, 0.0, 0.0, 0.21886227103780637, 0.0, 0.0, 0.0, 0.05370216135410547, 0.0, 0.0, 0.053760333057047034, 0.08054955933175675, 0.0, 0.13983086686170298, 0.0]}, "NS8": {"data": [0.0, 0.0, 0, 0, 0.0, 0, 0, 0.0, 0, 0.0, 0, 0, 0.0, 0.0, 0.0, 0.0, 0.0, 0.0, 0], "deviation": [0.0, 0.0, 0.0, 0.0, 0.0, 0.0, 0.0, 0.0, 0.0, 0.0, 0.0, 0.0, 0.053437157935522187, 0.22217185236573891, 0.053760333057047034, 0.11382162833668841, 0.06421612990679355, 0.0, 0.0]}, "NSP3": {"data": [0.0, 0.0, 0, 0, 0.0, 0, 0, 0.0, 0, 0.0, 0, 0, 0.0, 0.0, 0.0, 0.0, 0.0, 0.0, 0], "deviation": [0.0, 0.0, 0.0, 0.0, 0.0, 0.0, 0.0, 0.0, 0.0, 5.515528318445926, 0.2465956376523445, 0.026851080677052736, 0.1790279063285553, 0.22348962945956755, 0.04652413760064938, 0.049306274411480486, 0.0, 1.7253408952355278, 0.0]}}, "missense": {"NSP4": {"data": [0.0, 0.0, 0, 0, 0.0, 0, 0, 0.0, 0, 0.0, 0, 0, 0.0, 0.0, 0.0, 0.0, 2.0, 2.0, 2], "deviation": [0.0, 0.0, 0.1463558670303326, 0.10975815683276695, 0.20395972785105848, 0.0, 0.4803844614152614, 0.43171969054140713, 0.34094770530659596, 0.4180903989997814, 0.45498380381263176, 0.44895705429594324, 0.5323651217002344, 0.5552663399176998, 0.5575386360080256, 0.7909571524440067, 0.8857524262763928, 0.4223495827549947, 0.3652207518971251]}, "E": {"data": [0.0, 0.0, 0, 0, 0.0, 0, 0, 0.0, 0, 0.0, 0, 0, 0.0, 0.0, 0.0, 0.0, 0.0, 0.0, 0],