{"indel": {"NSP4": {"data": [0, 0.0, 0.0, 0.0, 0, 0, 0.0, 0, 0.0], "deviation": [0.0, 0.0, 0.0, 0.0, 0.0, 0.0, 0.0, 0.0, 0.26111648393354675]}, "E": {"data": [0, 0.0, 0.0, 0.0, 0, 0, 0.0, 0, 0.0], "deviation": [0.0, 0.0, 0.0, 0.0, 0.0, 0.0, 0.0, 0.0, 0.0]}, "NS7a": {"data": [0, 0.0, 0.0, 0.0, 0, 0, 0.0, 0, 0.0], "deviation": [0.0, 0.0, 0.0, 0.0, 1.5469953148212843, 1.2993210896917078, 1.0552897060221726, 1.0866742791369262, 0.17407765595569785]}, "NSP5": {"data": [0, 0.0, 0.0, 0.0, 0, 0, 0.0, 0, 0.0], "deviation": [0.0, 0.0, 0.0, 0.0, 0.0, 0.0, 0.0, 0.0, 0.0]}, "NS7b": {"data": [0, 0.0, 0.0, 0.0, 0, 0, 0.0, 0, 0.0], "deviation": [0.0, 0.0, 0.0, 0.0, 0.0, 0.0, 0.0, 0.0, 0.0]}, "NSP6": {"data": [0, 0.0, 0.0, 3.0, 3, 3, 3.0, 3, 0.0], "deviation": [0.0, 0.611913213707177, 0.9833102026847035, 1.276306889434551, 0.25630729731502827, 0.0, 0.45226701686664544, 1.174499136105138, 1.3935137740422676]}, "NSP7": {"data": [0, 0.0, 0.0, 0.0, 0, 0, 0.0, 0, 0.0], "deviation": [0.0, 0.0, 0.0, 0.0, 0.0, 0.0, 0.0, 0.0, 0.0]}, "NSP8": {"data": [0, 0.0, 0.0, 0.0, 0, 0, 0.0, 0, 0.0], "deviation": [0.0, 0.0, 0.0, 0.0, 0.0, 0.0, 0.0, 0.0, 0.0]}, "Spike": {"data": [0, 0.0, 0.0, 0.0, 0, 0, 0.0, 0, 2.0], "deviation": [0.0, 0.3796747602069841, 0.5500501508124753, 1.3981241472851111, 1.144554189930856, 0.8840320158467209, 1.302136802989528, 1.9983333052656056, 1.1073273920901576]}, "NSP9": {"data": [0, 0.0, 0.0, 0.0, 0, 0, 0.0, 0, 0.0], "deviation": [0.0, 0.0, 0.0, 0.0, 0.0, 0.0, 0.0, 0.0, 0.0]}, "NSP10": {"data": [0, 0.0, 0.0, 0.0, 0, 0, 0.0, 0, 0.0], "deviation": [0.0, 0.0, 0.0, 0.0, 0.0, 0.0, 0.0, 0.0, 0.0]}, "NSP11": {"data": [0, 0.0, 0.0, 0.0, 0, 0, 0.0, 0, 0.0], "deviation": [0.0, 0.0, 0.0, 0.0, 0.0, 0.0, 0.0, 0.0, 0.0]}, "NSP12": {"data": [0, 0.0, 0.0, 0.0, 0, 0, 0.0, 0, 0.0], "deviation": [0.0, 0.0, 0.0, 0.0, 0.0, 0.0, 0.0, 0.0, 0.0]}, "M": {"data": [0, 0.0, 0.0, 0.0, 0, 0, 0.0, 0, 0.0], "deviation": [0.0, 0.0, 0.0, 0.0, 0.0, 0.0, 0.0, 0.0, 0.0]}, "NSP13": {"data": [0, 0.0, 0.0, 0.0, 0, 0, 0.0, 0, 0.0], "deviation": [0.0, 0.0, 0.0, 0.0, 0.0, 0.0, 0.0, 0.0, 0.0]}, "N": {"data": [0, 0.0, 0.0, 0.0, 0, 0, 0.0, 0, 0.0], "deviation": [0.0, 0.0, 0.0, 0.0, 0.8902289109855325, 0.0, 0.0, 0.0, 0.0]}, "NSP14": {"data": [0, 0.0, 0.0, 0.0, 0, 0, 0.0, 0, 0.0], "deviation": [0.0, 0.0, 0.0, 0.0, 0.0, 0.0, 0.0, 0.0, 0.0]}, "NS3": {"data": [0, 0.0, 0.0, 0.0, 0, 0, 0.0, 0, 0.0], "deviation": [0.0, 0.0, 0.0, 0.0, 0.0, 0.0, 0.0, 0.15488835927358974, 0.0]}, "NSP15": {"data": [0, 0.0, 0.0, 0.0, 0, 0, 0.0, 0, 0.0], "deviation": [0.0, 0.0, 0.0, 0.0, 0.0, 0.0, 0.0, 0.0, 0.0]}, "NSP16": {"data": [0, 0.0, 0.0, 0.0, 0, 0, 0.0, 0, 0.0], "deviation": [0.0, 0.0, 0.0, 0.0, 0.0, 0.0, 0.0, 0.0, 0.0]}, "NS9b": {"data": [0, 0.0, 0.0, 0.0, 0, 0, 0.0, 0, 0.0], "deviation": [0.0, 0.0, 0.0, 0.0, 0.0, 0.0, 0.0, 0.0, 0.0]}, "NS6": {"data": [0, 0.0, 0.0, 0.0, 0, 0, 0.0, 0, 0.0], "deviation": [0.0, 0.0, 0.0, 0.0, 0.0, 0.0, 0.0, 0.0, 0.0]}, "NS9c": {"data": [0, 0.0, 0.0, 0.0, 0, 0, 0.0, 0, 0.0], "deviation": [0.0, 0.0, 0.0, 0.0, 0.0, 0.0, 0.0, 0.0, 0.0]}, "NSP1": {"data": [0, 0.0, 0.0, 0.0, 0, 0, 0.0, 0, 0.0], "deviation": [0.0, 0.2785430072655778, 0.0, 0.0, 0.1708715315433522, 0.0, 0.0, 0.0, 0.26111648393354675]}, "NSP2": {"data": [0, 0.0, 0.0, 0.0, 0, 0, 0.0, 0, 0.0], "deviation": [0.0, 0.0, 0.0, 0.0, 0.0, 0.0, 0.0, 0.0, 0.0]}, "NS8": {"data": [0, 0.0, 0.0, 0.0, 0, 0, 0.0, 0, 0.0], "deviation": [0.0, 0.18569533817705186, 0.0, 0.0, 0.0, 0.0, 0.0, 0.0, 0.0]}, "NSP3": {"data": [0, 0.0, 0.0, 0.0, 0, 0, 0.0, 0, 0.0], "deviation": [0.0, 0.0, 0.0, 0.13867504905630726, 0.0, 0.0, 0.6030226891555273, 0.0, 0.0]}}, "missense": {"NSP4": {"data": [0, 1.0, 1.0, 0.0, 0, 0, 0.0, 0, 2.0], "deviation": [0.5773502691896258, 0.5687383127289888, 0.8811485483320292, 0.8227075191960869, 0.27664958622681435, 0.152477210493529, 0.33394939546509295, 0.9609183044037813, 1.0151238943767091]}, "E": {"data": [0, 0.0, 0.0, 0.0, 0, 0, 0.0, 0, 0.0], "deviation": [0.0, 0.0, 0.1543033499620919, 0.0, 0.0854357657716761, 0.0, 0.15075567228888181, 0.1269916634283574, 0.08703882797784893]}, "NS7a": {"data": [0, 0.0, 0.0, 0.0, 0, 0, 0.0, 0, 2.0], "deviation": [0.0, 0.18325721921878577, 0.0, 0.0, 0.24865460222269445, 0.2130214807490179, 0.33394939546509295, 0.7829994240700919, 1.0128425860391037]}, "NSP5": {"data": [1, 0.0, 1.0, 0.0, 0, 0, 0.0, 0, 0.0], "deviation": [1.0, 0.47948935856545477, 0.4849656045851726, 0.41238371915612493, 0.12037939167079068, 0.2630355015392941, 0.4214141098829709, 0.23261919236784867, 0.12262077609651319]}, "NS7b": {"data": [0, 0.0, 0.0, 0.0, 0, 0, 0.0, 0, 1.0], "deviation": [0.0, 0.25449482547176483, 0.1543033499620919, 0.0, 0.0854357657716761, 0.2130214807490179, 0.2908033634511526, 0.37781331744509017, 0.46131895110350246]}, "NSP6": {"data": [0, 0.0, 0.0, 0.0, 0, 0, 0.0, 0, 1.0], "deviation": [0.0, 0.18325721921878577, 0.29710175718617465, 0.0, 0.3223464849090032, 0.2130214807490179, 0.3867520743564635, 0.3628783006310873, 0.46131895110350246]}, "NSP7": {"data": [1, 0.0, 1.0, 0.0, 0, 0, 0.0, 0, 0.0], "deviation": [0.5773502691896257, 0.47737412683503727, 0.4915074349923197, 0.4478876178801744, 0.0854357657716761, 0.1084652289093281, 0.0, 0.0, 0.14960043938525358]}, "NSP8": {"data": [0, 0.0, 0.0, 0.0, 0, 0, 0.0, 0, 0.0], "deviation": [0.0, 0.18325721921878577, 0.0, 0.0, 0.1468869755904545, 0.152477210493529, 0.15075567228888181, 0.2865318361649869, 0.2530178709610778]}, "Spike": {"data": [3, 2.0, 4.0, 7.0, 12, 12, 12.0, 12, 7.5], "deviation": [1.0, 1.6165142872179046, 2.772437763021162, 3.3001553964966015, 2.223696495843066, 1.9540950322228403, 1.4776345304224685, 2.1379207308300296, 2.4374075069789813]}, "NSP9": {"data": [0, 0.0, 0.0, 0.0, 0, 0, 0.0, 0, 0.0], "deviation": [0.0, 0.13073428881844107, 0.21554026870452114, 0.0, 0.0854357657716761, 0.1084652289093281, 0.0, 0.0, 0.0]}, "NSP10": {"data": [0, 0.0, 0.0, 0.0, 0, 0, 0.0, 0, 0.0], "deviation": [0.5773502691896258, 0.31681984248734035, 0.29710175718617465, 0.269069117598525, 0.0, 0.25765588412036844, 0.36998942902446824, 0.26148164551192526, 0.12262077609651319]}, "NSP11": {"data": [0, 0.0, 0.0, 0.0, 0, 0, 0.0, 0, 0.0], "deviation": [0.0, 0.0, 0.0, 0.0, 0.0, 0.0, 0.0, 0.0, 0.0]}, "NSP12": {"data": [1, 4.0, 1.0, 1.0, 1, 1, 1.0, 1, 3.0], "deviation": [1.7320508075688772, 1.411321751216664, 1.2699053893993646, 0.5003769318288821, 0.47782515023273253, 0.5244711889238574, 0.5094249130852176, 0.6919117260161832, 0.830645677469617]}, "M": {"data": [0, 0.0, 0.0, 0.0, 0, 0, 0.0, 0, 1.0], "deviation": [0.0, 0.0, 0.34165002367328795, 0.13867504905630726, 0.20539105952699008, 0.25765588412036844, 0.21070705494148545, 0.449798924377384, 0.5023654433085347]}, "NSP13": {"data": [0, 2.0, 0.0, 0.5, 1, 1, 1.0, 1, 1.0], "deviation": [1.1547005383792517, 0.9838272419378367, 0.9016696346674323, 0.541978388086036, 0.47285707892436096, 0.48564837252552867, 0.39753468608220566, 0.49642195703812453, 0.4145737396553762]}, "N": {"data": [4, 2.0, 5.0, 4.0, 3, 3, 3.0, 3, 5.0], "deviation": [1.0, 1.3467435319798404, 1.2678458964674353, 0.7679476477883045, 0.5788048271299867, 0.4133622471137581, 0.33394939546509295, 0.7394015468433534, 0.9149274818344681]}, "NSP14": {"data": [1, 1.0, 0.0, 0.0, 0, 0, 0.0, 0, 1.0], "deviation": [0.5773502691896257, 0.4913036844405175, 0.44500061986933037, 0.2976782961926058, 0.4995704466561016, 0.5260710030785883, 0.48823364593527946, 0.6336976441897451, 0.589198399219909]}, "NS3": {"data": [0, 2.0, 0.0, 1.0, 1, 1, 1.0, 1, 1.0], "deviation": [1.1547005383792517, 1.0289657986020009, 0.9323829573164005, 0.5196007284865376, 0.46125074979488767, 0.40549447629791857, 0.525763313013358, 0.6476358754031128, 1.0723050290894818]}, "NSP15": {"data": [0, 0.0, 0.0, 0.0, 0, 0, 0.0, 0, 0.0], "deviation": [0.0, 0.30586471419290234, 0.1543033499620919, 0.269069117598525, 0.1689764097447811, 0.18561729852738684, 1.2309864725334123, 0.34864219401590035, 0.14960043938525358]}, "NSP16": {"data": [0, 0.0, 0.0, 0.0, 0, 0, 0.0, 0, 0.0],