{"indel": {"NSP4": {"data": [0.0, 0, 0, 0.0, 0, 0.0, 0.0, 0, 0.0, 0, 0.0], "deviation": [0.0, 0.0, 0.0, 0.0, 0.0, 0.0, 0.0, 0.0, 0.0, 0.0, 0.0]}, "E": {"data": [0.0, 0, 0, 0.0, 0, 0.0, 0.0, 0, 0.0, 0, 0.0], "deviation": [0.0, 0.0, 0.0, 0.0, 0.0, 0.0, 0.0, 0.0, 0.0, 0.0, 0.0]}, "NS7a": {"data": [0.0, 0, 0, 0.0, 0, 0.0, 0.0, 0, 0.0, 0, 0.0], "deviation": [0.0, 0.0, 0.0, 0.0, 0.0, 0.0, 0.0, 0.0, 0.0, 0.0, 0.0]}, "NSP5": {"data": [0.0, 0, 0, 0.0, 0, 0.0, 0.0, 0, 0.0, 0, 0.0], "deviation": [0.0, 0.0, 0.0, 0.0, 0.0, 0.0, 0.0, 0.0, 0.0, 0.0, 0.0]}, "NS7b": {"data": [0.0, 0, 0, 0.0, 0, 0.0, 0.0, 0, 0.0, 0, 0.0], "deviation": [0.0, 0.0, 0.0, 0.0, 0.0, 0.0, 0.11785113019775793, 0.0, 0.3415650255319866, 0.0, 0.0]}, "NSP6": {"data": [0.0, 0, 0, 0.0, 0, 0.0, 3.0, 3, 3.0, 0, 0.0], "deviation": [0.0, 0.0, 0.0, 1.224744871391589, 1.126601424298216, 0.8897019905815168, 3.216253713549625, 0.6780531672081295, 0.75, 0.0, 0.0]}, "NSP7": {"data": [0.0, 0, 0, 0.0, 0, 0.0, 0.0, 0, 0.0, 0, 0.0], "deviation": [0.0, 0.0, 0.0, 0.0, 0.0, 0.0, 0.0, 0.0, 0.0, 0.0, 0.0]}, "NSP8": {"data": [0.0, 0, 0, 0.0, 0, 0.0, 0.0, 0, 0.0, 0, 0.0], "deviation": [0.0, 0.0, 0.0, 0.0, 0.0, 0.0, 0.0, 0.0, 0.0, 0.0, 0.0]}, "Spike": {"data": [0.0, 0, 0, 3.0, 0, 0.0, 1.0, 1, 1.0, 2, 2.0], "deviation": [0.0, 0.0, 1.7320508075688772, 1.224744871391589, 1.3155870289605436, 0.8065963880846673, 1.5102674161325245, 1.2687616393795076, 1.7211914478058505, 1.7638342073763937, 0.0]}, "NSP9": {"data": [0.0, 0, 0, 0.0, 0, 0.0, 0.0, 0, 0.0, 0, 0.0], "deviation": [0.0, 0.0, 0.0, 0.0, 0.0, 0.0, 0.0, 0.0, 0.0, 0.0, 0.0]}, "NSP10": {"data": [0.0, 0, 0, 0.0, 0, 0.0, 0.0, 0, 0.0, 0, 0.0], "deviation": [0.0, 0.0, 0.0, 0.0, 0.0, 0.0, 0.0, 0.0, 0.0, 0.0, 0.0]}, "NSP11": {"data": [0.0, 0, 0, 0.0, 0, 0.0, 0.0, 0, 0.0, 0, 0.0], "deviation": [0.0, 0.0, 0.0, 0.0, 0.0, 0.0, 0.0, 0.0, 0.0, 0.0, 0.0]}, "NSP12": {"data": [0.0, 0, 0, 0.0, 0, 0.0, 0.0, 0, 0.0, 0, 0.0], "deviation": [0.0, 0.0, 0.0, 0.0, 0.0, 0.0, 0.0, 0.0, 0.0, 0.0, 0.0]}, "M": {"data": [0.0, 0, 0, 0.0, 0, 0.0, 0.0, 0, 0.0, 0, 0.0], "deviation": [0.0, 0.0, 0.0, 0.0, 0.0, 0.0, 0.0, 0.0, 0.0, 0.0, 0.0]}, "NSP13": {"data": [0.0, 0, 0, 0.0, 0, 0.0, 0.0, 0, 0.0, 0, 0.0], "deviation": [0.0, 0.0, 0.0, 0.0, 0.0, 0.0, 0.0, 0.0, 0.0, 0.0, 0.0]}, "N": {"data": [0.0, 0, 0, 0.0, 0, 0.0, 0.0, 0, 1.0, 0, 0.0], "deviation": [0.0, 0.0, 0.0, 0.0, 0.0, 0.0, 0.49862879271703475, 0.48765241519834646, 0.47871355387816905, 0.0, 0.0]}, "NSP14": {"data": [0.0, 0, 0, 0.0, 0, 0.0, 0.0, 0, 0.0, 0, 0.0], "deviation": [0.0, 0.0, 0.0, 0.0, 0.0, 0.0, 0.0, 0.0, 0.0, 0.0, 0.0]}, "NS3": {"data": [0.0, 0, 0, 0.0, 0, 0.0, 0.0, 0, 0.0, 0, 0.0], "deviation": [0.0, 0.0, 0.0, 0.0, 0.0, 0.0, 0.11785113019775793, 2.1808478995509084, 0.0, 0.0, 0.0]}, "NSP15": {"data": [0.0, 0, 0, 0.0, 0, 0.0, 0.0, 0, 0.0, 0, 0.0], "deviation": [0.0, 0.0, 0.0, 0.0, 0.0, 0.0, 0.0, 0.0, 0.0, 0.0, 0.0]}, "NSP16": {"data": [0.0, 0, 0, 0.0, 0, 0.0, 0.0, 0, 0.0, 0, 0.0], "deviation": [0.0, 0.0, 0.0, 0.0, 0.0, 0.0, 0.0, 0.0, 0.0, 0.0, 0.0]}, "NS9b": {"data": [0.0, 0, 0, 0.0, 0, 0.0, 0.0, 0, 0.0, 0, 0.0], "deviation": [0.0, 0.0, 0.0, 0.0, 0.0, 0.0, 0.0, 0.0, 0.0, 0.0, 0.0]}, "NS6": {"data": [0.0, 0, 0, 0.0, 0, 0.0, 0.0, 0, 0.0, 0, 0.0], "deviation": [0.0, 0.0, 0.0, 0.0, 0.0, 0.0, 1.0606601717798212, 0.0, 0.0, 0.0, 0.0]}, "NS9c": {"data": [0.0, 0, 0, 0.0, 0, 0.0, 0.0, 0, 0.0, 0, 0.0], "deviation": [0.0, 0.0, 0.0, 0.0, 0.0, 0.0, 0.0, 0.0, 0.0, 0.0, 0.0]}, "NSP1": {"data": [0.0, 0, 0, 0.0, 0, 0.0, 0.0, 0, 0.0, 0, 1.5], "deviation": [0.0, 0.0, 0.0, 0.0, 0.0, 0.0, 0.2620342951428036, 0.4685212856658182, 0.75, 1.0, 2.1213203435596424]}, "NSP2": {"data": [0.0, 0, 0, 0.0, 0, 0.0, 0.0, 0, 0.0, 0, 0.0], "deviation": [0.0, 0.0, 0.0, 0.0, 0.0, 0.0, 0.0, 0.0, 0.0, 0.0, 0.0]}, "NS8": {"data": [0.0, 0, 0, 0.0, 0, 0.0, 0.0, 0, 0.0, 0, 0.0], "deviation": [0.0, 0.0, 0.0, 0.0, 0.0, 0.0, 0.0, 0.3123475237772121, 0.0, 0.0, 0.0]}, "NSP3": {"data": [0.0, 0, 0, 0.0, 0, 0.0, 0.0, 0, 0.0, 0, 0.0], "deviation": [0.0, 5.291502622129181, 0.0, 0.0, 0.0, 0.0, 0.9140487585574111, 0.0, 0.0, 0.0, 0.0]}}, "missense": {"NSP4": {"data": [0.0, 1, 1, 0.0, 0, 0.0, 0.0, 0, 2.0, 0, 1.0], "deviation": [0.3535533905932738, 0.3779644730092272, 0.5773502691896257, 0.0, 0.0, 0.1318658570441865, 0.8881060715737716, 1.0127239288658885, 0.9660917830792959, 0.8660254037844387, 0.0]}, "E": {"data": [0.0, 0, 0, 0.0, 0, 0.0, 0.0, 0, 0.0, 0, 0.0], "deviation": [0.0, 0.0, 0.0, 0.0, 0.2773500981126146, 0.20568688624109513, 0.11785113019775793, 0.15617376188860604, 0.0, 0.0, 0.0]}, "NS7a": {"data": [0.0, 0, 0, 0.0, 0, 0.0, 0.0, 0, 0.0, 0, 0.0], "deviation": [0.0, 0.0, 0.0, 0.0, 0.0, 0.0936585811581694, 0.16548879560577057, 0.5108577196794598, 0.25, 0.0, 0.0]}, "NSP5": {"data": [0.0, 0, 0, 0.0, 0, 0.0, 0.0, 0, 1.0, 0, 0.0], "deviation": [0.0, 0.0, 0.0, 0.0, 0.2773500981126146, 0.2565702389853347, 0.4695334480544922, 0.5024331043932555, 0.5773502691896257, 0.0, 0.0]}, "NS7b": {"data": [0.0, 0, 0, 0.0, 0, 0.0, 0.0, 0, 0.0, 0, 1.0], "deviation": [0.0, 0.0, 0.0, 0.0, 0.2773500981126146, 0.1318658570441865, 0.11785113019775793, 0.0, 0.25, 0.5270462766947299, 0.0]}, "NSP6": {"data": [0.0, 0, 0, 0.0, 0, 0.0, 0.0, 0, 0.0, 0, 1.0], "deviation": [0.3535533905932738, 0.0, 0.0, 0.0, 0.0, 0.0936585811581694, 3.9622386220769896, 0.8496771266264587, 0.3415650255319866, 0.5270462766947299, 0.0]}, "NSP7": {"data": [0.0, 0, 0, 0.0, 0, 0.0, 0.0, 0, 0.0, 0, 0.0], "deviation": [0.0, 0.0, 0.0, 0.0, 0.0, 0.0, 0.11785113019775793, 0.0, 0.0, 0.0, 0.0]}, "NSP8": {"data": [0.0, 0, 0, 0.0, 0, 0.0, 0.0, 0, 0.0, 0, 0.0], "deviation": [0.0, 0.0, 0.0, 0.0, 0.0, 0.1318658570441865, 0.4594257148663298, 0.3312945782245396, 0.25, 0.0, 0.0]}, "Spike": {"data": [0.0, 1, 1, 1.5, 12, 2.0, 6.0, 6, 5.0, 14, 6.5], "deviation": [0.5175491695067657, 0.0, 0.0, 2.875181153713043, 5.068758002934022, 4.726398724172588, 8.639719754337511, 1.6993542532529173, 1.5152007567755943, 16.42237633366269, 0.7071067811865476]}, "NSP9": {"data": [0.0, 0, 0, 0.0, 0, 0.0, 0.0, 0, 0.0, 0, 0.0], "deviation": [0.0, 0.0, 0.0, 0.408248290463863, 0.0, 0.0, 0.11785113019775793, 0.0, 0.0, 0.3333333333333333, 0.0]}, "NSP10": {"data": [0.0, 0, 0, 0.0, 0, 0.0, 0.0, 0, 0.0, 0, 0.0], "deviation": [0.3535533905932738, 0.0, 0.0, 0.0, 0.0, 0.1607794243313157, 0.2012286205947824, 0.21808478995509087, 0.0, 0.0, 0.0]}, "NSP11": {"data": [0.0, 0, 0, 0.0, 0, 0.0, 0.0, 0, 0.0, 0, 0.0], "deviation": [0.0, 0.0, 0.0, 0.0, 0.0, 0.0, 0.0, 0.0, 0.0, 0.0, 0.0]}, "NSP12": {"data": [0.0, 1, 1, 0.0, 0, 0.0, 1.0, 1, 1.0, 0, 2.0], "deviation": [0.4629100498862757, 0.0, 0.5773502691896257, 0.816496580927726, 0.3755338080994054, 0.36465908177988093, 0.5566499393061832, 0.4775445324656172, 0.5439056290693574, 1.3642254619787417, 0.0]}, "M": {"data": [0.0, 0, 0, 0.0, 0, 0.0, 0.0, 1, 1.0, 0, 1.0], "deviation": [0.0, 0.0, 0.0, 0.0, 0.0, 0.1318658570441865, 0.4875203137696194, 0.4987789969564457, 0.4472135954999579, 0.5270462766947299, 0.0]}, "NSP13": {"data": [0.0, 0, 0, 0.0, 0, 0.0, 0.0, 0, 0.0, 0, 0.0], "deviation": [0.0, 0.0, 0.0, 0.0, 0.2773500981126146, 0.2565702389853347, 0.4695334480544922, 0.5296109939172796, 0.4472135954999579, 0.5270462766947299, 0.0]}, "N": {"data": [0.0, 2, 2, 0.0, 0, 0.0, 3.0, 3, 3.0, 0, 4.0], "deviation": [0.4629100498862757, 0.7559289460184544, 1.1547005383792515, 1.632993161855452, 1.1982893790305562, 1.0947929714630298, 2.2824344551932967, 0.9734274372595813, 1.0626225419530053, 2.3979157616563596, 0.0]}, "NSP14": {"data": [0.0, 0, 0, 0.0, 0, 0.0, 0.0, 0, 0.0, 0, 1.0], "deviation": [0.0, 0.4879500364742666, 0.0, 0.0, 0.2773500981126146, 0.4155979151494157, 0.5919054930274396, 0.5936657514041415, 0.4472135954999579, 0.8660254037844387, 0.0]}, "NS3": {"data": [0.0, 0, 0, 0.0, 0, 0.0, 0.0, 0, 0.0, 0, 1.5], "deviation": [0.3535533905932738, 0.0, 0.0, 0.0, 0.5547001962252291, 0.5786261829428571, 0.8608144776577744, 0.745719492152116, 0.47871355387816905, 0.5270462766947299, 0.7071067811865476]}, "NSP15": {"data": [0.0, 0, 0, 0.0, 0, 0.0, 0.0, 0, 1.0, 0, 0.0],