{"indel": {"NSP4": {"data": [0.0, 0, 0, 0, 0, 0, 0, 0.0, 0, 0.0, 0.0, 0, 0, 0.0, 0.0, 0.0, 0, 0, 0, 0.0], "deviation": [0.0, 0.0, 0.0, 0.0, 0.0, 0.0, 0.0, 0.0, 0.0, 0.0, 0.0, 0.0, 0.0, 0.04445536437976259, 0.0, 0.0, 0.0, 0.0, 0.0, 0.3065153948399864]}, "E": {"data": [0.0, 0, 0, 0, 0, 0, 0, 0.0, 0, 0.0, 0.0, 0, 0, 0.0, 0.0, 0.0, 0, 0, 0, 0.0], "deviation": [0.0, 0.0, 0.0, 0.0, 0.0, 0.0, 0.0, 0.0, 0.0, 0.0, 0.0, 0.0, 0.03138824102871723, 0.0, 0.0, 0.0, 0.0, 0.0, 0.0, 0.0]}, "NS7a": {"data": [0.0, 0, 0, 0, 0, 0, 0, 0.0, 0, 0.0, 0.0, 0, 0, 0.0, 0.0, 0.0, 0, 0, 0, 0.0], "deviation": [0.0, 0.0, 1.6352596350653539, 0.0, 0.0, 0.0, 0.0, 0.0, 0.0, 0.0, 0.2834733547569204, 0.04356068418690321, 0.0, 0.04445536437976259, 0.09730722190706423, 0.4812119251037858, 0.11554782054302266, 0.0, 1.4906500366085371, 1.4840083057805356]}, "NSP5": {"data": [0.0, 0, 0, 0, 0, 0, 0, 0.0, 0, 0.0, 0.0, 0, 0, 0.0, 0.0, 0.0, 0, 0, 0, 0.0], "deviation": [0.0, 0.0, 0.0, 0.0, 0.0, 0.0, 0.0, 0.0, 0.0, 0.0, 0.0, 0.0, 0.0, 0.0, 0.0, 0.0, 0.0, 0.0, 0.0, 0.0]}, "NS7b": {"data": [0.0, 0, 0, 0, 0, 0, 0, 0.0, 0, 0.0, 0.0, 0, 0, 0.0, 0.0, 0.0, 0, 0, 0, 0.0], "deviation": [0.0, 0.0, 0.0, 0.0, 0.0, 0.0, 0.0, 0.0, 0.0, 0.0, 0.0, 0.0, 0.0, 0.0, 0.0, 0.0, 0.043726906864214765, 0.0, 0.018528051862016663, 0.024242867382990467]}, "NSP6": {"data": [0.0, 0, 0, 0, 0, 0, 0, 0.0, 0, 0.0, 0.0, 0, 0, 0.0, 3.0, 3.0, 3, 3, 0, 0.0], "deviation": [0.0, 0.0, 0.0, 0.0, 0.0, 0.0, 0.0, 0.0, 0.0, 0.09128709291752768, 0.0, 0.22591722553879282, 0.6966894303053831, 1.0003630574782123, 1.4664273182026326, 0.8778218248268582, 0.8177215519632124, 1.4900654714660408, 0.6736435286122205, 0.30276548501727785]}, "NSP7": {"data": [0.0, 0, 0, 0, 0, 0, 0, 0.0, 0, 0.0, 0.0, 0, 0, 0.0, 0.0, 0.0, 0, 0, 0, 0.0], "deviation": [0.0, 0.0, 0.0, 0.0, 0.0, 0.0, 0.0, 0.0, 0.0, 0.0, 0.0, 0.0, 0.0, 0.0, 0.0, 0.0, 0.0, 0.0, 0.0, 0.0]}, "NSP8": {"data": [0.0, 0, 0, 0, 0, 0, 0, 0.0, 0, 0.0, 0.0, 0, 0, 0.0, 0.0, 0.0, 0, 0, 0, 0.0], "deviation": [0.0, 0.0, 0.0, 0.0, 0.0, 0.0, 0.0, 0.0, 0.0, 0.0, 0.0, 0.0, 0.0, 0.0, 0.0, 0.0, 0.0, 0.0, 0.0, 0.0]}, "Spike": {"data": [0.0, 0, 0, 0, 0, 0, 0, 0.0, 0, 0.0, 0.0, 0, 0, 0.0, 3.0, 3.0, 3, 2, 2, 2.0], "deviation": [0.0, 0.0, 0.34426518632954817, 0.0, 0.0, 0.0, 0.0, 0.0, 0.0, 0.0, 0.2834733547569204, 0.2773160778612615, 0.7375502250228542, 1.0392172452073727, 1.5357830161111934, 1.182548940865971, 1.147696191612149, 1.0142935920740248, 0.46445634790915274, 3.4481710262701055]}, "NSP9": {"data": [0.0, 0, 0, 0, 0, 0, 0, 0.0, 0, 0.0, 0.0, 0, 0, 0.0, 0.0, 0.0, 0, 0, 0, 0.0], "deviation": [0.0, 0.0, 0.0, 0.0, 0.0, 0.0, 0.0, 0.0, 0.0, 0.0, 0.0, 0.0, 0.0, 0.0, 0.0, 0.0, 0.0, 0.0, 0.0, 0.0]}, "NSP10": {"data": [0.0, 0, 0, 0, 0, 0, 0, 0.0, 0, 0.0, 0.0, 0, 0, 0.0, 0.0, 0.0, 0, 0, 0, 0.0], "deviation": [0.0, 0.0, 0.0, 0.0, 0.0, 0.0, 0.0, 0.0, 0.0, 0.0, 0.0, 0.0, 0.0, 0.0, 0.0, 0.0, 0.0, 0.0, 0.0, 0.0]}, "NSP11": {"data": [0.0, 0, 0, 0, 0, 0, 0, 0.0, 0, 0.0, 0.0, 0, 0, 0.0, 0.0, 0.0, 0, 0, 0, 0.0], "deviation": [0.0, 0.0, 0.0, 0.0, 0.0, 0.0, 0.0, 0.0, 0.0, 0.0, 0.0, 0.0, 0.0, 0.0, 0.0, 0.0, 0.0, 0.0, 0.0, 0.0]}, "NSP12": {"data": [0.0, 0, 0, 0, 0, 0, 0, 0.0, 0, 0.0, 0.0, 0, 0, 0.0, 0.0, 0.0, 0, 0, 0, 0.0], "deviation": [0.0, 0.0, 0.0, 0.0, 0.0, 0.0, 0.0, 0.0, 0.0, 0.0, 0.0, 0.0, 0.0, 0.0, 0.0, 0.0, 0.0, 0.0, 0.0, 0.0]}, "M": {"data": [0.0, 0, 0, 0, 0, 0, 0, 0.0, 0, 0.0, 0.0, 0, 0, 0.0, 0.0, 0.0, 0, 0, 0, 0.0], "deviation": [0.0, 0.0, 0.0, 0.0, 0.0, 0.0, 0.0, 0.0, 0.0, 0.0, 0.0, 0.0, 0.0, 0.0, 0.0, 0.0, 0.0, 0.0, 0.0, 0.0]}, "NSP13": {"data": [0.0, 0, 0, 0, 0, 0, 0, 0.0, 0, 0.0, 0.0, 0, 0, 0.0, 0.0, 0.0, 0, 0, 0, 0.0], "deviation": [0.0, 0.0, 0.0, 0.0, 0.0, 0.0, 0.0, 0.0, 0.0, 0.0, 0.0, 0.0, 0.0, 0.025683274846875707, 0.0, 0.0, 0.0, 0.0, 0.0, 0.0]}, "N": {"data": [0.0, 0, 0, 0, 0, 0, 0, 0.0, 0, 0.0, 0.0, 0, 0, 0.0, 0.0, 0.0, 0, 0, 0, 0.0], "deviation": [0.0, 0.0, 0.0, 0.0, 0.0, 0.0, 0.4558423058385518, 0.0, 0.0, 0.09128709291752768, 0.0, 0.04356068418690321, 0.04436778236216214, 0.025683274846875707, 0.03971504051786713, 0.08466666042136634, 0.09779508345467776, 0.0, 0.018528051862016663, 0.1625878288465082]}, "NSP14": {"data": [0.0, 0, 0, 0, 0, 0, 0, 0.0, 0, 0.0, 0.0, 0, 0, 0.0, 0.0, 0.0, 0, 0, 0, 0.0], "deviation": [0.0, 0.0, 0.0, 0.0, 0.0, 0.0, 0.0, 0.0, 0.0, 0.0, 0.0, 0.0, 0.0, 0.0, 0.0945788094004448, 0.0, 0.0, 0.0, 3.2082975289837976, 3.411997495887351]}, "NS3": {"data": [0.0, 0, 0, 0, 0, 0, 0, 0.0, 0, 0.0, 0.0, 0, 0, 0.0, 0.0, 0.0, 0, 0, 0, 0.0], "deviation": [0.0, 0.0, 0.0, 0.0, 0.0, 0.0, 0.0, 0.0, 0.0, 0.0, 0.0, 0.0, 0.09408214054618207, 0.13076321581004693, 0.07943008103573425, 0.0, 0.043726906864214765, 0.04331480818242099, 0.2565962627392198, 0.08208373098050882]}, "NSP15": {"data": [0.0, 0, 0, 0, 0, 0, 0, 0.0, 0, 0.0, 0.0, 0, 0, 0.0, 0.0, 0.0, 0, 0, 0, 0.0], "deviation": [0.0, 0.0, 0.0, 0.0, 0.0, 0.0, 0.0, 0.0, 0.0, 0.0, 0.0, 0.0, 0.0, 0.0, 0.0, 0.0, 0.0, 0.0, 1.3897210424034503, 0.3648466261344727]}, "NSP16": {"data": [0.0, 0, 0, 0, 0, 0, 0, 0.0, 0, 0.0, 0.0, 0, 0, 0.0, 0.0, 0.0, 0, 0, 0, 0.0], "deviation": [0.0, 0.0, 0.0, 0.0, 0.0, 0.0, 0.0, 0.0, 0.0, 0.0, 0.0, 0.0, 0.0, 0.0, 0.0, 0.0, 0.0, 0.0, 0.0, 0.0]}, "NS9b": {"data": [0.0, 0, 0, 0, 0, 0, 0, 0.0, 0, 0.0, 0.0, 0, 0, 0.0, 0.0, 0.0, 0, 0, 0, 0.0], "deviation": [0.0, 0.0, 0.0, 0.0, 0.0, 0.0, 0.0, 0.0, 0.0, 0.0, 0.0, 0.0, 0.0, 0.0, 0.0, 0.0, 0.0, 0.0, 0.0, 0.0]}, "NS6": {"data": [0.0, 0, 0, 0, 0, 0, 0, 0.0, 0, 0.0, 0.0, 0, 0, 0.0, 0.0, 0.0, 0, 0, 0, 0.0], "deviation": [0.0, 0.0, 0.0, 0.0, 0.0, 0.0, 0.0, 0.0, 0.0, 0.0, 0.0, 0.0, 0.0, 0.0, 0.0, 0.2227724114973063, 0.0, 0.0, 0.0, 0.30847055991318084]}, "NS9c": {"data": [0.0, 0, 0, 0, 0, 0, 0, 0.0, 0, 0.0, 0.0, 0, 0, 0.0, 0.0, 0.0, 0, 0, 0, 0.0], "deviation": [0.0, 0.0, 0.0, 0.0, 0.0, 0.0, 0.0, 0.0, 0.0, 0.0, 0.0, 0.0, 0.0, 0.0, 0.0, 0.0, 0.0, 0.0, 0.0, 0.0]}, "NSP1": {"data": [0.0, 0, 0, 0, 0, 0, 0, 0.0, 0, 0.0, 0.0, 0, 0, 0.0, 0.0, 0.0, 0, 0, 0, 0.0], "deviation": [0.0, 0.0, 0.27155551755678514, 0.2917299829957891, 0.0, 0.0, 0.0, 0.15075567228888181, 0.39056673294247163, 0.0, 0.0, 0.0, 0.20053755451869845, 0.27557020800585835, 0.2758158591925884, 0.20558654273640597, 0.22055461481914707, 0.5567879641034592, 0.5586176487790337, 0.5127729693949392]}, "NSP2": {"data": [0.0, 0, 0, 0, 0, 0, 0, 0.0, 0, 0.0, 0.0, 0, 0, 0.0, 0.0, 0.0, 0, 0, 0, 0.0], "deviation": [0.0, 0.0, 0.0, 0.0, 0.0, 0.0, 0.0, 0.0, 0.0, 0.0, 0.0, 0.04356068418690321, 0.15694120514358612, 0.025683274846875707, 0.05128811100679121, 0.0, 0.2512503335239122, 0.09678200493086575, 0.052396245529355616, 0.14730879279336861]}, "NS8": {"data": [0.0, 0, 0, 0, 0, 0, 0, 0.0, 0, 0.0, 0.0, 0, 0, 0.0, 0.0, 0.0, 0, 0, 0, 0.0], "deviation": [0.0, 0.0, 0.17213259316477408, 0.0, 0.0, 0.0, 0.0, 0.0, 0.0, 0.0, 3.4961713753353516, 1.6117453149154188, 0.06277648205743445, 0.0925176928945161, 0.0, 0.05467173801600087, 0.1309569341486896, 0.08662961636484198, 0.10800016395970308, 0.0803507306562097]}, "NSP3": {"data": [0.0, 0, 0, 0, 0, 0, 0, 0.0, 0, 0.0, 0.0, 0, 0, 0.0, 0.0, 0.0, 0, 0, 0, 0.0], "deviation": [0.0, 0.0, 0.0, 0.0, 0.6546536707079772, 0.0, 0.0, 0.0, 0.0, 0.0, 0.0, 0.06154552346436892, 0.08294011443192223, 0.24476279801950893, 0.1484787936480775, 0.024455799402225923, 0.06914493883767985, 0.39215134109400557, 0.31258517397601343, 0.8263187032239727]}}, "missense": {"NSP4": {"data": [0.0, 0, 0, 0, 0, 0, 0, 0.0, 0, 0.0, 0.0, 0, 0, 0.0, 0.0, 0.0, 0, 0, 2, 2.0], "deviation": [0.0, 0.9759000729485332, 0.206847938475928, 0.3598745798587226, 0.21821789023599236, 0.0, 0.11396057645963795, 0.36998942902446824, 0.3928049560394925, 0.21885876647707203, 0.42900021450016085, 0.4841109257510523, 0.5635160637951049, 0.5948344597604374, 0.6236206752489308, 0.6298421333885101, 0.6147227864654877, 0.9057372684370107, 0.6788871201891982, 2.5609211997873045]}, "E": {"data": [0.0, 0, 0, 0, 0, 0, 0, 0.0, 0, 0.0, 0.0, 0, 0, 0.0, 0.0, 0.0, 0, 0, 0, 0.0],