{"indel": {"NSP4": {"data": [0.0, 0.0, 0, 0.0, 0.0, 0, 0, 0, 0, 0, 0.0, 0, 0.0, 0.0, 0, 0, 0.0, 0], "deviation": [0.0, 0.0, 0.0, 0.0, 0.0, 0.0, 0.0, 0.0, 0.0, 0.0, 0.0, 0.0, 0.0, 0.0, 0.0, 0.0, 0.7509024396970418, 0.0]}, "E": {"data": [0.0, 0.0, 0, 0.0, 0.0, 0, 0, 0, 0, 0, 0.0, 0, 0.0, 0.0, 0, 0, 0.0, 0], "deviation": [0.0, 0.0, 0.0, 0.0, 0.0, 0.0, 0.0, 0.0, 0.0, 0.0, 0.0, 0.0, 0.0, 0.0, 0.0, 0.0, 0.0, 0.0]}, "NS7a": {"data": [0.0, 0.0, 0, 0.0, 0.0, 0, 0, 0, 0, 0, 0.0, 0, 0.0, 0.0, 0, 0, 0.0, 0], "deviation": [0.0, 0.0, 0.0, 0.0, 0.0, 0.19245008972987526, 0.0, 0.0, 0.0, 3.526831184786148, 0.0, 0.08247860988423225, 2.278511197904227, 0.9574271077563381, 0.10482848367219183, 0.0, 0.0, 0.0]}, "NSP5": {"data": [0.0, 0.0, 0, 0.0, 0.0, 0, 0, 0, 0, 0, 0.0, 0, 0.0, 0.0, 0, 0, 0.0, 0], "deviation": [0.0, 0.0, 0.0, 0.0, 0.0, 0.0, 0.0, 0.0, 0.0, 0.0, 0.0, 0.0, 0.0, 0.0, 0.0, 0.0, 0.0, 0.0]}, "NS7b": {"data": [0.0, 0.0, 0, 0.0, 0.0, 0, 0, 0, 0, 0, 0.0, 0, 0.0, 0.0, 0, 0, 0.0, 0], "deviation": [0.0, 0.0, 0.0, 0.0, 0.0, 0.0, 0.0, 0.0, 0.0, 0.0, 0.0, 0.0, 0.0, 0.08703882797784893, 0.10482848367219183, 0.0, 0.0, 0.0]}, "NSP6": {"data": [0.0, 0.0, 0, 0.0, 0.0, 0, 0, 0, 0, 0, 0.0, 3, 3.0, 3.0, 3, 0, 0.0, 0], "deviation": [0.0, 0.0, 0.0, 0.0, 0.0, 0.0, 0.0, 0.0, 0.0, 0.6392478969493391, 1.4871132477641342, 1.0738719692914835, 0.650925598758717, 0.7590536128832334, 0.7486251134176307, 1.4965397877789717, 0.9090498783982808, 0.0]}, "NSP7": {"data": [0.0, 0.0, 0, 0.0, 0.0, 0, 0, 0, 0, 0, 0.0, 0, 0.0, 0.0, 0, 0, 0.0, 0], "deviation": [0.0, 0.0, 0.0, 0.0, 0.0, 0.0, 0.0, 0.0, 0.0, 0.0, 0.0, 0.0, 0.0, 0.0, 0.0, 0.0, 0.0, 0.0]}, "NSP8": {"data": [0.0, 0.0, 0, 0.0, 0.0, 0, 0, 0, 0, 0, 0.0, 0, 0.0, 0.0, 0, 0, 0.0, 0], "deviation": [0.0, 0.0, 0.0, 0.0, 0.0, 0.0, 0.0, 0.0, 0.0, 0.0, 0.0, 0.0, 0.0, 0.0, 0.0, 0.0, 0.0, 0.0]}, "Spike": {"data": [0.0, 0.0, 0, 0.0, 0.0, 0, 0, 0, 0, 0, 0.0, 3, 3.0, 3.0, 1, 1, 2.0, 2], "deviation": [0.0, 0.0, 0.0, 0.0, 0.0, 0.0, 0.0, 0.0, 0.0, 0.7733088933397007, 1.463945695312707, 1.015443143991132, 0.950533471688317, 1.135789815796638, 0.6723203492492638, 0.8634348344036443, 0.9499987062041596, 0.8744746321952063]}, "NSP9": {"data": [0.0, 0.0, 0, 0.0, 0.0, 0, 0, 0, 0, 0, 0.0, 0, 0.0, 0.0, 0, 0, 0.0, 0], "deviation": [0.0, 0.0, 0.0, 0.0, 0.0, 0.0, 0.0, 0.0, 0.0, 0.0, 0.0, 0.0, 0.0, 0.0, 0.0, 0.0, 0.0, 0.0]}, "NSP10": {"data": [0.0, 0.0, 0, 0.0, 0.0, 0, 0, 0, 0, 0, 0.0, 0, 0.0, 0.0, 0, 0, 0.0, 0], "deviation": [0.0, 0.0, 0.0, 0.0, 0.0, 0.0, 0.0, 0.0, 0.0, 0.0, 0.0, 0.0, 0.0, 0.0, 0.0, 0.0, 0.0, 0.0]}, "NSP11": {"data": [0.0, 0.0, 0, 0.0, 0.0, 0, 0, 0, 0, 0, 0.0, 0, 0.0, 0.0, 0, 0, 0.0, 0], "deviation": [0.0, 0.0, 0.0, 0.0, 0.0, 0.0, 0.0, 0.0, 0.0, 0.0, 0.0, 0.0, 0.0, 0.0, 0.0, 0.0, 0.0, 0.0]}, "NSP12": {"data": [0.0, 0.0, 0, 0.0, 0.0, 0, 0, 0, 0, 0, 0.0, 0, 0.0, 0.0, 0, 0, 0.0, 0], "deviation": [0.0, 0.0, 0.0, 0.0, 0.0, 0.0, 0.0, 0.0, 0.0, 0.0, 0.0, 0.0, 0.0, 0.0, 0.0, 0.0, 0.0, 0.0]}, "M": {"data": [0.0, 0.0, 0, 0.0, 0.0, 0, 0, 0, 0, 0, 0.0, 0, 0.0, 0.0, 0, 0, 0.0, 0], "deviation": [0.0, 0.0, 0.0, 0.0, 0.0, 0.0, 0.0, 0.0, 0.0, 0.0, 0.0, 0.0, 0.0, 0.0, 0.0, 0.0, 0.0, 0.0]}, "NSP13": {"data": [0.0, 0.0, 0, 0.0, 0.0, 0, 0, 0, 0, 0, 0.0, 0, 0.0, 0.0, 0, 0, 0.0, 0], "deviation": [0.0, 0.0, 0.0, 0.0, 0.0, 0.0, 0.0, 0.0, 0.0, 0.0, 0.0, 0.0, 0.0, 0.0, 0.0, 0.0, 1.9290513051894438, 0.0]}, "N": {"data": [0.0, 0.0, 0, 0.0, 0.0, 0, 0, 0, 0, 0, 0.0, 0, 0.0, 0.0, 1, 0, 0.0, 0], "deviation": [0.0, 0.0, 0.0, 0.0, 0.0, 0.0, 0.0, 0.0, 0.0, 0.0, 0.0, 0.14187529518897737, 0.31171396971074694, 0.46450459134742256, 0.41639185076340457, 0.4853195588936754, 0.2970851511278357, 0.0]}, "NSP14": {"data": [0.0, 0.0, 0, 0.0, 0.0, 0, 0, 0, 0, 0, 0.0, 0, 0.0, 0.0, 0, 0, 0.0, 0], "deviation": [0.0, 0.0, 0.0, 0.0, 0.0, 0.0, 0.0, 0.0, 0.0, 0.0, 0.0, 0.0, 0.0, 0.0, 0.0, 0.0, 0.0, 0.0]}, "NS3": {"data": [0.0, 0.0, 0, 0.0, 0.0, 0, 0, 0, 0, 0, 0.0, 0, 0.0, 0.0, 0, 0, 0.0, 0], "deviation": [0.0, 0.0, 0.0, 0.0, 0.0, 0.0, 0.24253562503633297, 0.0, 0.0, 0.0, 0.0, 0.0, 0.0, 0.17407765595569785, 0.0, 0.0, 0.0, 0.0]}, "NSP15": {"data": [0.0, 0.0, 0, 0.0, 0.0, 0, 0, 0, 0, 0, 0.0, 0, 0.0, 0.0, 0, 0, 0.0, 0], "deviation": [0.0, 0.0, 0.0, 0.0, 0.0, 0.0, 0.0, 0.0, 0.0, 0.0, 0.0, 0.0, 0.0, 0.0, 0.0, 0.0, 0.0, 0.0]}, "NSP16": {"data": [0.0, 0.0, 0, 0.0, 0.0, 0, 0, 0, 0, 0, 0.0, 0, 0.0, 0.0, 0, 0, 0.0, 0], "deviation": [0.0, 0.0, 0.0, 0.0, 0.0, 0.0, 0.0, 0.0, 0.0, 0.0, 0.0, 0.0, 0.0, 0.0, 0.0, 0.0, 0.0, 0.0]}, "NS9b": {"data": [0.0, 0.0, 0, 0.0, 0.0, 0, 0, 0, 0, 0, 0.0, 0, 0.0, 0.0, 0, 0, 0.0, 0], "deviation": [0.0, 0.0, 0.0, 0.0, 0.0, 0.0, 0.0, 0.0, 0.0, 0.0, 0.0, 0.0, 0.0, 0.0, 0.0, 0.0, 0.0, 0.0]}, "NS6": {"data": [0.0, 0.0, 0, 0.0, 0.0, 0, 0, 0, 0, 0, 0.0, 0, 0.0, 0.0, 0, 0, 0.0, 0], "deviation": [0.0, 0.0, 0.0, 0.0, 0.0, 0.0, 0.0, 0.0, 0.0, 0.0, 0.0, 0.0, 0.0, 0.0, 0.0, 0.0, 0.0, 0.0]}, "NS9c": {"data": [0.0, 0.0, 0, 0.0, 0.0, 0, 0, 0, 0, 0, 0.0, 0, 0.0, 0.0, 0, 0, 0.0, 0], "deviation": [0.0, 0.0, 0.0, 0.0, 0.0, 0.0, 0.0, 0.0, 0.0, 0.0, 0.0, 0.0, 0.0, 0.0, 0.0, 0.0, 0.0, 0.0]}, "NSP1": {"data": [0.0, 0.0, 0, 0.0, 0.0, 0, 0, 0, 0, 0, 0.0, 0, 0.0, 0.0, 0, 0, 0.0, 0], "deviation": [0.0, 0.0, 0.0, 1.0606601717798212, 0.582551728035463, 0.5773502691896257, 0.24253562503633297, 0.0, 0.0, 0.0, 0.19050019050028574, 0.0, 0.19802950859533489, 0.26111648393354675, 0.5213394976355348, 0.5817677036707231, 0.3441032979295864, 0.0]}, "NSP2": {"data": [0.0, 0.0, 0, 0.0, 0.0, 0, 0, 0, 0, 0, 0.0, 0, 0.0, 0.0, 0, 0, 0.0, 0], "deviation": [0.0, 0.0, 0.0, 0.0, 0.0, 0.0, 0.0, 0.0, 0.0, 0.0, 0.0, 0.0, 0.0, 0.0, 0.0, 0.0, 0.0, 0.0]}, "NS8": {"data": [0.0, 0.0, 0, 0.0, 0.0, 0, 0, 0, 0, 0, 0.0, 0, 0.0, 0.0, 0, 0, 0.0, 0], "deviation": [0.0, 0.0, 0.0, 0.0, 0.0, 0.0, 0.0, 0.0, 0.0, 0.0, 0.0, 0.0, 0.0, 0.17407765595569785, 0.0, 0.0, 0.13303802104754786, 0.0]}, "NSP3": {"data": [0.0, 0.0, 0, 0.0, 0.0, 0, 0, 0, 0, 0, 0.0, 0, 0.0, 0.0, 0, 0, 0.0, 0], "deviation": [0.0, 0.0, 0.0, 0.0, 1.2480754415067654, 0.0, 0.0, 0.0, 0.0, 0.0, 0.0, 0.0, 0.13933307603182382, 0.0, 0.10482848367219183, 0.12598815766974242, 0.0, 0.0]}}, "missense": {"NSP4": {"data": [0.0, 0.0, 0, 0.0, 0.0, 0, 0, 0, 0, 0, 0.0, 0, 0.0, 0.0, 2, 2, 2.0, 2], "deviation": [0.19611613513818404, 0.0, 0.0, 0.3535533905932738, 0.23543547789870936, 0.2668802563418119, 0.0, 0.0, 0.0, 0.21308263231644636, 0.31421837202910596, 0.5366104702268294, 0.7740827075002154, 0.9566113374736438, 0.6363049621714456, 0.6475761258027333, 6.124798473597551, 0.7717436331412898]}, "E": {"data": [0.0, 0.0, 0, 0.0, 0.0, 0, 0, 0, 0, 0, 0.0, 0, 0.0, 0.0, 0, 0, 0.0, 0], "deviation": [0.0, 0.0, 0.0, 0.0, 0.13867504905630726, 0.19245008972987526, 0.0, 0.3755338080994054, 0.0, 0.21308263231644636, 0.23125846013065857, 0.34401847239174876, 0.5012118879573594, 0.36715421920506824, 0.3001830943106059, 0.2458045298026051, 0.36258115424273785, 0.0]}, "NS7a": {"data": [0.0, 0.0, 0, 0.0, 0.0, 0, 0, 0, 0, 0, 0.0, 0, 0.0, 0.0, 0, 0, 0.0, 2], "deviation": [0.0, 0.0, 0.19245008972987526, 0.0, 0.13867504905630726, 0.32025630761017426, 0.0, 0.3755338080994054, 0.17407765595569785, 0.15249857033260467, 0.26395985938359845, 0.6107629690334532, 0.27017685846053213, 0.3659709927337873, 0.5273936652483401, 1.0771565610627132, 1.0935135472744557, 1.0145993123917847]}, "NSP5": {"data": [0.0, 0.0, 0, 0.0, 0.0, 0, 1, 0, 0, 0, 0.0, 0, 0.0, 0.0, 1, 0, 0.0, 0], "deviation": [0.0, 0.0, 0.0, 0.0, 0.19418390934515434, 0.2668802563418119, 0.5072996561958923, 0.2773500981126146, 0.49619766344887317, 0.4991687442297913, 0.31481527717636776, 0.25265342404003527, 0.4081293889641914, 0.5391775850249936, 0.4523713127949258, 0.6689668460133343, 0.3619025439637495, 0.24253562503633297]}, "NS7b": {"data": [0.0, 0.0, 0, 0.0, 0.0, 0, 0, 0, 0, 0, 0.0, 0, 0.0, 0.0, 0, 0, 1.0, 0], "deviation": [0.0, 0.0, 0.0, 0.0, 0.0, 0.0, 0.0, 0.0, 0.17407765595569785, 0.39092700119815305, 0.22332188771995629, 0.26401627632862656, 0.27017685846053213, 0.1916303307640744, 0.24954170447254356, 0.5008952558646071, 0.46156077398604384, 0.49259218307188896]},