{"indel": {"NSP4": {"data": [0.0, 0, 0, 0, 0.0, 0.0, 0, 0, 0.0, 0.0, 0, 0, 0.0], "deviation": [0.0, 0.0, 0.0, 0.0, 0.0, 0.0, 0.0, 0.0, 0.0, 0.0, 0.0, 0.0, 0.0]}, "E": {"data": [0.0, 0, 0, 0, 0.0, 0.0, 0, 0, 0.0, 0.0, 0, 0, 0.0], "deviation": [0.0, 0.0, 0.0, 0.0, 0.0, 0.0, 0.0, 0.0, 0.0, 0.0, 0.0, 0.0, 0.0]}, "NS7a": {"data": [0.0, 0, 0, 0, 0.0, 0.0, 0, 0, 0.0, 0.0, 0, 0, 0.0], "deviation": [0.0, 0.0, 0.0, 0.0, 0.0, 0.0, 0.08304547985373997, 0.08084520834544433, 0.0, 0.0, 0.045501575519329006, 0.0, 0.0]}, "NSP5": {"data": [0.0, 0, 0, 0, 0.0, 0.0, 0, 0, 0.0, 0.0, 0, 0, 0.0], "deviation": [0.0, 0.0, 0.0, 0.0, 0.0, 0.0, 0.0, 0.0, 0.0, 0.0, 0.0, 0.0, 0.0]}, "NS7b": {"data": [0.0, 0, 0, 0, 0.0, 0.0, 0, 0, 0.0, 0.0, 0, 0, 0.0], "deviation": [0.0, 0.0, 0.0, 0.0, 0.0, 0.0, 0.0, 0.0, 0.0, 0.0, 0.0, 0.0, 0.0]}, "NSP6": {"data": [0.0, 0, 0, 0, 0.0, 0.0, 0, 3, 0.0, 0.0, 0, 0, 0.0], "deviation": [0.0, 0.0, 0.0, 0.0, 0.8842234310317311, 1.4917354742965407, 1.4239333576037019, 1.4602578338007541, 0.0, 0.0, 0.5688357712795937, 0.0, 0.0]}, "NSP7": {"data": [0.0, 0, 0, 0, 0.0, 0.0, 0, 0, 0.0, 0.0, 0, 0, 0.0], "deviation": [0.0, 0.0, 0.0, 0.0, 0.0, 0.0, 0.0, 0.0, 0.0, 0.0, 0.0, 0.0, 0.0]}, "NSP8": {"data": [0.0, 0, 0, 0, 0.0, 0.0, 0, 0, 0.0, 0.0, 0, 0, 0.0], "deviation": [0.0, 0.0, 0.0, 0.0, 0.0, 0.0, 0.0, 0.0, 0.0, 0.0, 0.0, 0.0, 0.0]}, "Spike": {"data": [0.0, 0, 0, 0, 0.0, 0.0, 0, 3, 1.0, 1.0, 2, 2, 2.0], "deviation": [0.0, 0.0, 0.0, 0.31909463581200376, 0.9070283556823387, 1.4917354742965407, 1.4239333576037019, 1.4605228293267174, 1.4142135623730951, 1.4142135623730951, 0.5357505808001618, 0.5854111960220602, 0.5]}, "NSP9": {"data": [0.0, 0, 0, 0, 0.0, 0.0, 0, 0, 0.0, 0.0, 0, 0, 0.0], "deviation": [0.0, 0.0, 0.0, 0.0, 0.0, 0.0, 0.0, 0.0, 0.0, 0.0, 0.0, 0.0, 0.0]}, "NSP10": {"data": [0.0, 0, 0, 0, 0.0, 0.0, 0, 0, 0.0, 0.0, 0, 0, 0.0], "deviation": [0.0, 0.0, 0.0, 0.0, 0.0, 0.0, 0.0, 0.0, 0.0, 0.0, 0.0, 0.0, 0.0]}, "NSP11": {"data": [0.0, 0, 0, 0, 0.0, 0.0, 0, 0, 0.0, 0.0, 0, 0, 0.0], "deviation": [0.0, 0.0, 0.0, 0.0, 0.0, 0.0, 0.0, 0.0, 0.0, 0.0, 0.0, 0.0, 0.0]}, "NSP12": {"data": [0.0, 0, 0, 0, 0.0, 0.0, 0, 0, 0.0, 0.0, 0, 0, 0.0], "deviation": [0.0, 0.0, 0.0, 0.0, 0.0, 0.0, 0.0, 0.0, 0.0, 0.0, 0.0, 0.0, 0.0]}, "M": {"data": [0.0, 0, 0, 0, 0.0, 0.0, 0, 0, 0.0, 0.0, 0, 0, 0.0], "deviation": [0.0, 0.0, 0.0, 0.0, 0.0, 0.0, 0.0, 0.0, 0.0, 0.0, 0.0, 0.0, 0.0]}, "NSP13": {"data": [0.0, 0, 0, 0, 0.0, 0.0, 0, 0, 0.0, 0.0, 0, 0, 0.0], "deviation": [0.0, 0.0, 0.0, 0.0, 0.0, 0.0, 0.0, 0.0, 0.0, 0.0, 0.0, 0.0, 0.0]}, "N": {"data": [0.0, 0, 0, 0, 0.0, 0.0, 0, 0, 0.0, 0.0, 0, 0, 0.0], "deviation": [0.0, 0.0, 0.0, 0.0, 0.0, 0.0, 0.0, 0.0, 0.0, 0.0, 0.045501575519329006, 0.0, 0.0]}, "NSP14": {"data": [0.0, 0, 0, 0, 0.0, 0.0, 0, 0, 0.0, 0.0, 0, 0, 0.0], "deviation": [0.0, 0.0, 0.0, 0.0, 0.0, 0.0, 0.0, 0.0, 0.0, 0.0, 0.0, 0.0, 0.0]}, "NS3": {"data": [0.0, 0, 0, 0, 0.0, 0.0, 0, 0, 0.0, 0.0, 0, 0, 0.0], "deviation": [0.0, 0.0, 0.0, 0.0, 0.0, 0.0, 0.0, 0.0, 0.0, 0.0, 0.0, 0.0, 0.0]}, "NSP15": {"data": [0.0, 0, 0, 0, 0.0, 0.0, 0, 0, 0.0, 0.0, 0, 0, 0.0], "deviation": [0.0, 0.0, 0.0, 0.0, 0.0, 0.0, 0.0, 0.0, 0.0, 0.0, 0.0, 0.0, 0.0]}, "NSP16": {"data": [0.0, 0, 0, 0, 0.0, 0.0, 0, 0, 0.0, 0.0, 0, 0, 0.0], "deviation": [0.0, 0.0, 0.0, 0.0, 0.0, 0.0, 0.0, 0.0, 0.0, 0.0, 0.0, 0.0, 0.0]}, "NS9b": {"data": [0.0, 0, 0, 0, 0.0, 0.0, 0, 0, 0.0, 0.0, 0, 0, 0.0], "deviation": [0.0, 0.0, 0.0, 0.0, 0.0, 0.0, 0.0, 0.0, 0.0, 0.0, 0.0, 0.0, 0.0]}, "NS6": {"data": [0.0, 0, 0, 0, 0.0, 0.0, 0, 0, 0.0, 0.0, 0, 0, 0.0], "deviation": [0.0, 0.0, 0.0, 0.0, 0.0, 0.0, 0.0, 0.0, 0.0, 0.0, 0.0, 0.0, 0.0]}, "NS9c": {"data": [0.0, 0, 0, 0, 0.0, 0.0, 0, 0, 0.0, 0.0, 0, 0, 0.0], "deviation": [0.0, 0.0, 0.0, 0.0, 0.0, 0.0, 0.0, 0.0, 0.0, 0.0, 0.0, 0.0, 0.0]}, "NSP1": {"data": [0.0, 0, 0, 0, 0.0, 0.0, 0, 0, 0.0, 0.0, 0, 0, 0.0], "deviation": [0.0, 0.0, 0.0, 0.0, 0.0, 0.3396831102433787, 0.24913643956121992, 0.0, 0.0, 0.0, 0.14379903064964042, 0.42078322181948774, 0.0]}, "NSP2": {"data": [0.0, 0, 0, 0, 0.0, 0.0, 0, 0, 0.0, 0.0, 0, 0, 0.0], "deviation": [0.0, 0.0, 0.0, 0.0, 0.0, 0.0, 0.0, 0.0, 0.0, 0.0, 0.0, 0.0, 0.0]}, "NS8": {"data": [0.0, 0, 0, 0, 0.0, 0.0, 0, 0, 0.0, 0.0, 0, 0, 0.0], "deviation": [0.0, 0.0, 0.0, 0.0, 0.0, 0.0, 0.0, 0.0, 0.0, 0.0, 0.045501575519329006, 0.05368281270950189, 0.0]}, "NSP3": {"data": [0.0, 0, 0, 0, 0.0, 0.0, 0, 0, 0.0, 0.0, 0, 0, 0.0], "deviation": [0.0717958158617738, 0.0, 0.0, 0.0, 0.0, 0.0, 0.0, 0.0, 0.0, 0.0, 0.0, 0.0, 0.0]}}, "missense": {"NSP4": {"data": [0.0, 0, 0, 0, 0.0, 0.0, 0, 0, 0.5, 1.0, 2, 2, 2.0], "deviation": [0.29800002832120703, 0.0, 0.0, 0.2267379671734133, 0.2309181165214248, 0.11322770341445958, 0.11703554164296773, 0.3153017676423058, 0.7071067811865476, 1.4142135623730951, 0.567202355786252, 0.5635476146205057, 0.6191391873668903]}, "E": {"data": [0.0, 0, 0, 0, 0.0, 0.0, 0, 0, 0.0, 0.0, 0, 0, 0.0], "deviation": [0.0717958158617738, 0.0, 0.0, 0.07352146220938077, 0.0, 0.0, 0.08304547985373997, 0.0, 0.0, 0.0, 0.045501575519329006, 0.05368281270950189, 0.0]}, "NS7a": {"data": [0.0, 0, 0, 0, 0.0, 0.0, 0, 0, 1.0, 1.0, 2, 2, 2.0], "deviation": [0.0717958158617738, 0.0, 0.0, 0.2469556114579142, 0.19491732422538577, 0.32155342230584855, 0.22910788169755028, 0.2797487693002573, 1.4142135623730951, 1.4142135623730951, 0.9162689609931661, 0.9890708931603218, 1.02469507659596]}, "NSP5": {"data": [0.0, 0, 0, 0, 0.0, 0.0, 1, 0, 0.0, 0.0, 0, 0, 0.0], "deviation": [0.24151649509488274, 0.0, 0.0, 0.10369212315422188, 0.5125232915885338, 0.5005824113797354, 0.4915960401250875, 0.47295265146345866, 0.0, 0.0, 0.16793969290618802, 0.2387897388666081, 0.25]}, "NS7b": {"data": [0.0, 0, 0, 0, 0.0, 0.0, 0, 0, 0.0, 0.5, 1, 1, 1.0], "deviation": [0.25943033169497587, 0.0, 0.0, 0.3695997771910144, 0.1056999294423178, 0.0, 0.14283661593084146, 0.08084520834544433, 0.0, 0.7071067811865476, 0.4596555388006824, 0.4641357904214661, 0.4472135954999579]}, "NSP6": {"data": [0.0, 0, 0, 0, 0.0, 0.0, 0, 0, 1.0, 0.5, 1, 1, 1.0], "deviation": [0.25943033169497587, 0.0, 0.0, 0.35392710383582127, 0.2414670874989055, 0.26819409376060455, 0.16435173942758732, 0.33165210696607905, 1.4142135623730951, 0.7071067811865476, 0.5124247682823612, 0.5326694434822812, 0.5]}, "NSP7": {"data": [0.0, 2, 1, 0, 0.0, 0.0, 0, 0, 0.0, 0.0, 0, 0, 0.0], "deviation": [0.3048667791095763, 0.4472135954999579, 0.5345224838248488, 0.33084657994221345, 0.1056999294423178, 0.0, 0.11703554164296773, 0.08084520834544433, 0.0, 0.0, 0.1277599443070048, 0.05368281270950189, 0.0]}, "NSP8": {"data": [0.0, 0, 0, 0, 0.0, 0.0, 0, 0, 0.0, 0.0, 0, 0, 0.0], "deviation": [0.1435916317235476, 0.0, 0.0, 0.1458392785985266, 0.07495316889958614, 0.11322770341445958, 0.0, 0.08084520834544433, 0.0, 0.0, 0.09071950416362094, 0.07580917293312588, 0.25]}, "Spike": {"data": [2.0, 4, 2, 2, 2.0, 3.0, 2, 7, 4.0, 4.0, 8, 8, 8.0], "deviation": [1.3408880926795863, 1.0954451150103321, 0.0, 1.2020350937587043, 1.5713020185961657, 2.321087220990605, 2.3511634032238176, 2.355818244466918, 5.656854249492381, 5.656854249492381, 1.7773549863944293, 1.8948557340606875, 1.8337120820892248]}, "NSP9": {"data": [0.0, 0, 0, 0, 0.0, 0.0, 0, 0, 0.0, 0.0, 0, 0, 0.0], "deviation": [0.25943033169497587, 0.0, 0.0, 0.40899119249033355, 0.2609257941327403, 0.0, 0.11703554164296773, 0.16008683574123195, 0.0, 0.0, 0.045501575519329006, 0.10689915416690556, 0.0]}, "NSP10": {"data": [0.0, 0, 0, 0, 0.0, 0.0, 0, 0, 0.0, 0.0, 0, 0, 0.0], "deviation": [0.0717958158617738, 0.0, 0.0, 0.07352146220938077, 0.12908715144453078, 0.1590849625452554, 0.0, 0.08084520834544433, 0.0, 0.0, 0.17915187057473866, 0.05368281270950189, 0.0]}, "NSP11": {"data": [0.0, 0, 0, 0, 0.0, 0.0, 0, 0, 0.0, 0.0, 0, 0, 0.0], "deviation": [0.0, 0.0, 0.0, 0.0, 0.0, 0.0, 0.0, 0.0, 0.0, 0.0, 0.0, 0.0, 0.0]}, "NSP12": {"data": [1.0, 1, 2, 1, 1.0, 1.0, 1, 1, 1.5, 1.5, 2, 2, 2.0],