{"indel": {"NSP4": {"data": [0, 0.0, 0.0, 0.0, 0.0, 0.0, 0, 0.0, 0.0, 0, 0.0, 0, 0, 0.0, 0, 0.0, 0.0, 0], "deviation": [0.0, 0.0, 0.0, 0.0, 0.0, 0.0, 0.0, 0.0, 0.0, 0.0, 4.40982969019741, 0.0, 2.605997969307787, 0.0, 0.0, 0.0915257523912551, 0.0, 0.2586032735340944]}, "E": {"data": [0, 0.0, 0.0, 0.0, 0.0, 0.0, 0, 0.0, 0.0, 0, 0.0, 0, 0, 0.0, 0, 0.0, 0.0, 0], "deviation": [0.0, 0.0, 0.0, 0.0, 0.0, 0.0, 0.0, 0.0, 0.0, 0.0, 0.0, 0.0, 0.0, 0.0, 0.0, 0.0, 0.0, 0.0]}, "NS7a": {"data": [0, 0.0, 0.0, 0.0, 0.0, 0.0, 0, 0.0, 0.0, 0, 0.0, 0, 0, 0.0, 0, 0.0, 0.0, 0], "deviation": [0.0, 0.0, 0.0, 0.0, 0.0, 0.0, 0.0, 0.0, 0.07715167498104596, 0.0, 0.07905590130182522, 1.8786728732554485, 0.2333729524753242, 0.49895067648694447, 2.303573104497175, 0.90014353260719, 0.6133132450317418, 0.18252508792014183]}, "NSP5": {"data": [0, 0.0, 0.0, 0.0, 0.0, 0.0, 0, 0.0, 0.0, 0, 0.0, 0, 0, 0.0, 0, 0.0, 0.0, 0], "deviation": [0.0, 0.0, 0.0, 0.0, 0.0, 0.0, 0.0, 0.0, 0.0, 4.1937404242364105, 0.045738935374634825, 0.0, 0.0, 0.0, 1.5423710059790385, 0.5140747452541214, 0.0, 0.0]}, "NS7b": {"data": [0, 0.0, 0.0, 0.0, 0.0, 0.0, 0, 0.0, 0.0, 0, 0.0, 0, 0, 0.0, 0, 0.0, 0.0, 0], "deviation": [0.0, 0.0, 0.0, 0.0, 0.0, 0.0, 0.0, 0.0, 0.07715167498104596, 0.0, 0.0, 0.0, 0.0, 0.0, 0.023020462775806542, 0.022881438097813775, 0.0, 0.0]}, "NSP6": {"data": [0, 0.0, 0.0, 0.0, 0.0, 0.0, 0, 0.0, 0.0, 0, 0.0, 0, 3, 3.0, 3, 3.0, 3.0, 0], "deviation": [0.0, 0.0, 0.0, 0.0, 0.0, 0.0, 0.0, 0.0, 0.0, 0.25899337575316617, 0.6474155269656389, 1.4196834166640908, 1.323647369982094, 0.7065716558156555, 0.4535155889084276, 0.2570329712142589, 0.6640886046625335, 1.1704494278569815]}, "NSP7": {"data": [0, 0.0, 0.0, 0.0, 0.0, 0.0, 0, 0.0, 0.0, 0, 0.0, 0, 0, 0.0, 0, 0.0, 0.0, 0], "deviation": [0.0, 0.0, 0.0, 0.0, 0.0, 0.0, 0.0, 0.0, 0.0, 0.0, 0.0, 0.0, 0.0, 0.0, 0.0, 0.0, 0.0, 0.0]}, "NSP8": {"data": [0, 0.0, 0.0, 0.0, 0.0, 0.0, 0, 0.0, 0.0, 0, 0.0, 0, 0, 0.0, 0, 0.0, 0.0, 0], "deviation": [0.0, 0.0, 0.0, 0.0, 0.0, 0.0, 0.0, 0.0, 0.0, 0.0, 0.0, 0.0, 0.0, 0.0, 0.0, 0.0, 0.0, 0.0]}, "Spike": {"data": [0, 0.0, 0.0, 0.0, 0.0, 0.0, 0, 0.0, 0.0, 0, 0.0, 0, 3, 3.0, 3, 3.0, 1.0, 2], "deviation": [2.219062507140352, 0.0, 0.0, 0.0, 0.0, 0.0, 0.0, 3.3565238846151115, 0.21591906730771057, 1.9817595421199925, 9.013852278966455, 1.421965360727268, 4.3378586162944375, 1.4666769339366796, 1.3724395828044658, 2.30387332230036, 0.9399067399668085, 5.241926146769573]}, "NSP9": {"data": [0, 0.0, 0.0, 0.0, 0.0, 0.0, 0, 0.0, 0.0, 0, 0.0, 0, 0, 0.0, 0, 0.0, 0.0, 0], "deviation": [0.0, 0.0, 0.0, 0.0, 0.0, 0.0, 0.0, 0.0, 0.0, 0.0, 0.0, 0.0, 0.0, 0.0, 0.0, 0.0, 0.0, 0.0]}, "NSP10": {"data": [0, 0.0, 0.0, 0.0, 0.0, 0.0, 0, 0.0, 0.0, 0, 0.0, 0, 0, 0.0, 0, 0.0, 0.0, 0], "deviation": [0.0, 0.0, 0.0, 0.0, 0.0, 0.0, 0.0, 0.0, 0.0, 0.0, 0.0, 0.0, 0.0, 0.0, 0.0, 0.0, 0.0, 0.0]}, "NSP11": {"data": [0, 0.0, 0.0, 0.0, 0.0, 0.0, 0, 0.0, 0.0, 0, 0.0, 0, 0, 0.0, 0, 0.0, 0.0, 0], "deviation": [0.0, 0.0, 0.0, 0.0, 0.0, 0.0, 0.0, 0.0, 0.0, 0.0, 0.0, 0.0, 0.0, 0.0, 0.0, 0.0, 0.0, 0.0]}, "NSP12": {"data": [0, 0.0, 0.0, 0.0, 0.0, 0.0, 0, 0.0, 0.0, 0, 0.0, 0, 0, 0.0, 0, 0.0, 0.0, 0], "deviation": [0.0, 0.0, 0.0, 0.0, 0.0, 0.0, 0.0, 0.0, 0.0, 4.251188923198553, 0.27443361224780893, 0.0, 2.9171619059415526, 0.0, 0.0, 0.0, 0.6063390625908324, 0.0]}, "M": {"data": [0, 0.0, 0.0, 0.0, 0.0, 0.0, 0, 0.0, 0.0, 0, 0.0, 0, 0, 0.0, 0, 0.0, 0.0, 0], "deviation": [0.0, 0.0, 0.0, 0.0, 0.0, 0.0, 0.0, 0.0, 0.0, 0.0, 0.0, 0.0, 0.0, 0.09053574604251853, 0.0, 0.0, 0.0, 0.0]}, "NSP13": {"data": [0, 0.0, 0.0, 0.0, 0.0, 0.0, 0, 0.0, 0.0, 0, 0.0, 0, 0, 0.0, 0, 0.0, 0.0, 0], "deviation": [4.96423411102365, 0.0, 0.0, 0.0, 0.0, 0.0, 0.0, 13.771576333150573, 0.0, 5.0393334092889015, 4.602850414826089, 0.0, 4.397534244477043, 6.188221829564863, 4.942975895543423, 6.787331361174435, 0.0, 0.0]}, "N": {"data": [0, 0.0, 0.0, 0.0, 0.0, 0.0, 0, 0.0, 0.0, 0, 0.0, 0, 0, 0.0, 0, 0.0, 1.0, 0], "deviation": [0.0, 0.0, 0.0, 0.0, 0.0, 0.0, 0.0, 9.08373743094139, 0.0, 0.1148969979242852, 5.7511682811546825, 0.0, 0.08670900933056323, 0.14343453523510388, 0.3491676718027522, 0.4059451530165167, 0.48858246827404034, 0.13592024029569447]}, "NSP14": {"data": [0, 0.0, 0.0, 0.0, 0.0, 0.0, 0, 0.0, 0.0, 0, 0.0, 0, 0, 0.0, 0, 0.0, 0.0, 0], "deviation": [0.0, 0.0, 0.0, 0.0, 0.0, 0.0, 0.0, 0.0, 0.07715167498104596, 0.0, 0.06461678357377179, 0.0, 0.0, 0.0, 0.0, 0.0, 0.0, 0.0]}, "NS3": {"data": [0, 0.0, 0.0, 0.0, 0.0, 0.0, 0, 0.0, 0.0, 0, 0.0, 0, 0, 0.0, 0, 0.0, 0.0, 0], "deviation": [0.0, 0.0, 0.0, 0.0, 0.0, 0.0, 0.0, 0.0, 0.0, 0.0, 6.646415717522167, 0.17677396597658182, 2.9714475860142056, 0.10359507055997885, 0.07632447150730493, 0.18586459861936022, 0.0, 0.0]}, "NSP15": {"data": [0, 0.0, 0.0, 0.0, 0.0, 0.0, 0, 0.0, 0.0, 0, 0.0, 0, 0, 0.0, 0, 0.0, 0.0, 0], "deviation": [0.0, 0.0, 0.0, 0.0, 0.0, 0.0, 0.0, 0.0, 0.0, 0.0, 3.7505927007200555, 0.0, 2.15192680615517, 1.1873576588717576, 1.556022091466535, 2.5986935982438686, 0.0, 0.0]}, "NSP16": {"data": [0, 0.0, 0.0, 0.0, 0.0, 0.0, 0, 0.0, 0.0, 0, 0.0, 0, 0, 0.0, 0, 0.0, 0.0, 0], "deviation": [1.464819225788087, 0.0, 0.0, 0.0, 0.0, 0.0, 0.0, 0.0, 0.0, 0.0, 2.881552928601994, 0.0, 0.0, 0.0, 0.0, 0.0, 0.0, 0.0]}, "NS9b": {"data": [0, 0.0, 0.0, 0.0, 0.0, 0.0, 0, 0.0, 0.0, 0, 0.0, 0, 0, 0.0, 0, 0.0, 0.0, 0], "deviation": [0.0, 0.0, 0.0, 0.0, 0.0, 0.0, 0.0, 0.0, 0.0, 0.0, 0.0, 0.0, 0.0, 0.0, 0.0, 0.0, 0.0, 0.0]}, "NS6": {"data": [0, 0.0, 0.0, 0.0, 0.0, 0.0, 0, 0.0, 0.0, 0, 0.0, 0, 0, 0.0, 0, 0.0, 0.0, 0], "deviation": [0.0, 0.0, 0.0, 0.0, 0.0, 0.0, 0.0, 0.0, 0.0, 0.0, 0.0, 0.0, 0.3521550839271595, 0.0, 0.1195543925111352, 0.2270703512964489, 0.0, 0.0]}, "NS9c": {"data": [0, 0.0, 0.0, 0.0, 0.0, 0.0, 0, 0.0, 0.0, 0, 0.0, 0, 0, 0.0, 0, 0.0, 0.0, 0], "deviation": [0.0, 0.0, 0.0, 0.0, 0.0, 0.0, 0.0, 0.0, 0.0, 0.0, 0.0, 0.0, 0.0, 0.0, 0.0, 0.0, 0.0, 0.0]}, "NSP1": {"data": [0, 0.0, 0.0, 0.0, 0.0, 0.0, 0, 0.0, 0.0, 0, 0.0, 0, 0, 0.0, 0, 0.0, 0.0, 0], "deviation": [0.9266712722422752, 0.0, 0.19425717247145283, 0.37796447300922725, 0.0, 0.0, 0.6642111641550714, 0.0, 0.38575837490522974, 0.6804468312755911, 0.35583014076466774, 0.31311214554257477, 0.20895462761162226, 0.10611061874734878, 0.16739354073491108, 0.25507285385952566, 0.14806471695874973, 0.43265379645902113]}, "NSP2": {"data": [0, 0.0, 0.0, 0.0, 0.0, 0.0, 0, 0.0, 0.0, 0, 0.0, 0, 0, 0.0, 0, 0.0, 0.0, 0], "deviation": [0.0, 0.0, 0.1367049011885994, 0.0, 0.0, 0.0, 0.0, 0.0, 0.0, 9.536450827715674, 6.731421843417198, 0.1252448582170299, 4.037564297605192, 0.40741085719133335, 0.9320973276549823, 1.9678036764119848, 0.0, 0.0]}, "NS8": {"data": [0, 0.0, 0.0, 0.0, 0.0, 0.0, 0, 0.0, 0.0, 0, 0.0, 0, 0, 0.0, 0, 0.0, 0.0, 0], "deviation": [0.0, 0.0, 0.0, 0.0, 0.0, 0.0, 0.0, 0.0, 0.0, 0.1148969979242852, 0.14454821685195246, 0.06262242910851495, 0.6246330238815823, 0.05979161464149475, 0.09748613408289793, 0.06850033025594643, 0.06063390625908324, 0.05593065427043098]}, "NSP3": {"data": [0, 0.0, 0.0, 0.0, 0.0, 0.0, 0, 0.0, 0.0, 0, 0.0, 0, 0, 0.0, 0, 0.0, 0.0, 0], "deviation": [1.3834403799109711, 0.0, 0.0, 0.0, 0.0, 0.0, 0.0, 0.0, 0.0, 18.003948913205196, 10.936814202373538, 0.0, 3.4457502642798854, 1.5947696122135304, 1.8566604940050278, 2.902993839243786, 0.06063390625908324, 0.0]}}, "missense": {"NSP4": {"data": [0, 0.0, 0.0, 0.0, 0.0, 0.0, 0, 0.0, 0.0, 0, 0.0, 0, 0, 0.0, 0, 0.0, 2.0, 1], "deviation": [0.3286200997777296, 0.0, 0.27010363722609754, 0.18898223650461363, 0.2672612419124244, 0.0, 0.5285941398709244, 0.4550157551932901, 0.4083792302086521, 0.3341628478227232, 1.6915201724103732, 0.2137759804835712, 0.9529431640502248, 0.3649957932160048, 0.7672433737338561, 0.8622997232944172, 2.006443792382545, 2.205165118372029]}, "E": {"data": [0, 0.0, 0.0, 0.0, 0.0, 0.0, 0, 0.0, 0.0, 0, 0.0, 0, 0, 0.0, 0, 0.0, 0.0, 0],