{"indel": {"NSP4": {"data": [0.0, 0.0, 0.0, 0, 0.0, 0.0, 0, 0.0, 0], "deviation": [0.0, 0.0, 0.0, 0.0, 0.0, 0.0, 0.0, 0.2182178902359924, 0.0]}, "E": {"data": [0.0, 0.0, 0.0, 0, 0.0, 0.0, 0, 0.0, 0], "deviation": [0.0, 0.0, 0.0, 0.0, 0.0, 0.0, 0.0, 0.0, 0.0]}, "NS7a": {"data": [0.0, 0.0, 0.0, 0, 0.0, 0.0, 0, 0.0, 0], "deviation": [0.0, 0.0, 0.0, 0.0, 0.0, 0.0, 0.0, 0.2182178902359924, 0.0]}, "NSP5": {"data": [0.0, 0.0, 0.0, 0, 0.0, 0.0, 0, 0.0, 0], "deviation": [0.0, 0.0, 0.0, 0.0, 0.0, 0.0, 0.0, 0.0, 0.0]}, "NS7b": {"data": [0.0, 0.0, 0.0, 0, 0.0, 0.0, 0, 0.0, 0], "deviation": [0.0, 0.0, 0.0, 0.0, 0.0, 0.0, 0.0, 0.0, 0.0]}, "NSP6": {"data": [0.0, 0.0, 0.0, 3, 3.0, 3.0, 3, 0.0, 0], "deviation": [0.0, 1.0738036231090204, 1.0990426455975697, 1.3959648809042255, 0.0, 0.9114654303753, 0.8006407690254357, 1.3457717299205525, 1.0651074037450896]}, "NSP7": {"data": [0.0, 0.0, 0.0, 0, 0.0, 0.0, 0, 0.0, 0], "deviation": [0.0, 0.0, 0.0, 0.0, 0.0, 0.0, 0.0, 0.0, 0.0]}, "NSP8": {"data": [0.0, 0.0, 0.0, 0, 0.0, 0.0, 0, 0.0, 0], "deviation": [0.0, 0.0, 0.0, 0.0, 0.0, 0.0, 0.0, 0.0, 0.0]}, "Spike": {"data": [0.0, 2.0, 0.0, 3, 3.0, 3.0, 3, 2.0, 2], "deviation": [0.3922322702763681, 1.0624516353533986, 0.9403246919632545, 1.3959648809042255, 0.0, 0.533493565673837, 0.6015175490568516, 0.6466072806038384, 0.35503580124836315]}, "NSP9": {"data": [0.0, 0.0, 0.0, 0, 0.0, 0.0, 0, 0.0, 0], "deviation": [0.0, 0.0, 0.0, 0.0, 0.0, 0.0, 0.0, 0.0, 0.0]}, "NSP10": {"data": [0.0, 0.0, 0.0, 0, 0.0, 0.0, 0, 0.0, 0], "deviation": [0.0, 0.0, 0.0, 0.0, 0.0, 0.0, 0.0, 0.0, 0.0]}, "NSP11": {"data": [0.0, 0.0, 0.0, 0, 0.0, 0.0, 0, 0.0, 0], "deviation": [0.0, 0.0, 0.0, 0.0, 0.0, 0.0, 0.0, 0.0, 0.0]}, "NSP12": {"data": [0.0, 0.0, 0.0, 0, 0.0, 0.0, 0, 0.0, 0], "deviation": [0.0, 0.0, 0.0, 0.0, 0.0, 0.0, 0.0, 0.0, 0.0]}, "M": {"data": [0.0, 0.0, 0.0, 0, 0.0, 0.0, 0, 0.0, 0], "deviation": [0.0, 0.0, 0.0, 0.0, 0.0, 0.0, 0.0, 0.0, 0.0]}, "NSP13": {"data": [0.0, 0.0, 0.0, 0, 0.0, 0.0, 0, 0.0, 0], "deviation": [0.0, 0.0, 0.0, 0.0, 0.0, 0.0, 0.0, 0.0, 0.0]}, "N": {"data": [0.0, 0.0, 0.0, 0, 0.0, 0.0, 0, 0.0, 0], "deviation": [0.0, 0.35343204053286265, 0.0, 0.0, 0.0, 0.0, 0.0, 0.0, 0.0]}, "NSP14": {"data": [0.0, 0.0, 0.0, 0, 0.0, 0.0, 0, 0.0, 0], "deviation": [0.0, 0.0, 0.0, 0.0, 0.0, 0.0, 0.0, 0.0, 0.0]}, "NS3": {"data": [0.0, 0.0, 0.0, 0, 0.0, 0.0, 0, 0.0, 0], "deviation": [0.0, 0.10314212462587935, 0.0, 0.0, 0.0, 0.0, 0.0, 0.1091089451179962, 0.1690308509457033]}, "NSP15": {"data": [0.0, 0.0, 0.0, 0, 0.0, 0.0, 0, 0.0, 0], "deviation": [0.0, 0.0, 0.0, 0.0, 0.0, 0.0, 0.0, 0.0, 0.0]}, "NSP16": {"data": [0.0, 0.0, 0.0, 0, 0.0, 0.0, 0, 0.0, 0], "deviation": [0.0, 0.0, 0.0, 0.0, 0.0, 0.0, 0.0, 0.0, 0.0]}, "NS9b": {"data": [0.0, 0.0, 0.0, 0, 0.0, 0.0, 0, 0.0, 0], "deviation": [0.0, 0.0, 0.0, 0.0, 0.0, 0.0, 0.0, 0.0, 0.0]}, "NS6": {"data": [0.0, 0.0, 0.0, 0, 0.0, 0.0, 0, 0.0, 0], "deviation": [0.0, 0.0, 0.0, 0.0, 0.0, 0.0, 0.0, 0.0, 0.0]}, "NS9c": {"data": [0.0, 0.0, 0.0, 0, 0.0, 0.0, 0, 0.0, 0], "deviation": [0.0, 0.0, 0.0, 0.0, 0.0, 0.0, 0.0, 0.0, 0.0]}, "NSP1": {"data": [0.0, 0.0, 0.0, 0, 0.0, 0.0, 0, 0.0, 0], "deviation": [0.0, 0.0, 0.0, 0.4236592728681617, 0.0, 0.0, 0.0, 0.0, 0.0]}, "NSP2": {"data": [0.0, 0.0, 0.0, 0, 0.0, 0.0, 0, 0.0, 0], "deviation": [0.0, 0.0, 0.0, 0.0, 0.0, 0.0, 0.0, 0.0, 0.0]}, "NS8": {"data": [0.0, 0.0, 0.0, 0, 0.0, 0.0, 0, 0.0, 0], "deviation": [0.0, 0.0, 0.0, 0.0, 0.0, 0.0, 0.0, 0.0, 0.0]}, "NSP3": {"data": [0.0, 0.0, 0.0, 0, 0.0, 0.0, 0, 0.0, 0], "deviation": [0.0, 0.0, 0.0, 0.0, 0.0, 0.0, 0.0, 0.0, 0.0]}}, "missense": {"NSP4": {"data": [0.0, 1.0, 1.0, 0, 0.0, 0.0, 0, 2.0, 2], "deviation": [0.43145549730400484, 0.9683270556284643, 0.6569466853317864, 1.2585887271247842, 0.0, 0.5767948575466911, 0.4236592728681617, 0.9248125517534164, 0.7581490064402818]}, "E": {"data": [0.0, 0.0, 0.0, 0, 0.0, 0.0, 0, 0.0, 0], "deviation": [0.0, 0.0, 0.22360679774997896, 0.36201399289824565, 0.0, 0.2667467828369185, 0.0, 0.0, 0.1690308509457033]}, "NS7a": {"data": [0.0, 2.0, 0.0, 0, 0.0, 0.0, 0, 2.0, 2], "deviation": [0.3922322702763681, 1.045958329167814, 0.22360679774997896, 0.2668802563418119, 0.0, 0.549475274168981, 0.5063696835418333, 1.365241410102994, 0.7970533969860857]}, "NSP5": {"data": [0.0, 0.0, 0.0, 0, 0.5, 0.0, 0, 0.0, 0], "deviation": [0.4019184762342502, 0.3579345410363401, 0.4442616583193193, 0.32025630761017426, 0.5345224838248488, 0.40509574683346666, 0.4803844614152614, 0.1091089451179962, 0.1690308509457033]}, "NS7b": {"data": [0.0, 0.0, 0.0, 0, 0.0, 0.0, 0, 1.0, 1], "deviation": [0.19611613513818404, 0.5016559172836372, 0.0, 0.0, 0.0, 0.2667467828369185, 0.19245008972987526, 0.5017182181223532, 0.4058397249567139]}, "NSP6": {"data": [0.0, 1.0, 0.0, 0, 0.0, 0.0, 0, 1.0, 1], "deviation": [0.3258125936084211, 0.5565688920471578, 0.5231483637805969, 0.4236592728681617, 0.0, 0.2667467828369185, 0.19245008972987526, 0.6110241771299169, 0.35503580124836315]}, "NSP7": {"data": [0.0, 0.0, 0.0, 0, 0.0, 0.0, 0, 0.0, 0], "deviation": [0.0, 0.0, 0.0, 0.32025630761017426, 0.0, 0.0, 0.0, 0.18669145807013005, 0.0]}, "NSP8": {"data": [0.0, 0.0, 0.0, 0, 0.0, 0.0, 0, 0.0, 0], "deviation": [0.3258125936084211, 0.2256184464259304, 0.3663475485325232, 0.36201399289824565, 0.0, 0.15811388300841897, 0.2668802563418119, 0.1091089451179962, 0.0]}, "Spike": {"data": [1.0, 8.0, 2.0, 7, 7.0, 7.0, 7, 8.0, 9], "deviation": [1.5733355063001073, 2.765877812415037, 2.015727634065883, 2.100061049173669, 0.3535533905932738, 0.563869415688347, 0.7121253450920751, 0.7490671191911685, 0.8520859229960716]}, "NSP9": {"data": [0.0, 0.0, 0.0, 0, 0.0, 0.0, 0, 0.0, 0], "deviation": [0.0, 0.17671602026643132, 0.22360679774997896, 0.0, 0.0, 0.0, 0.0, 0.0, 0.0]}, "NSP10": {"data": [0.0, 0.0, 0.0, 0, 0.0, 0.0, 0, 0.0, 0], "deviation": [0.0, 0.17671602026643132, 0.0, 0.0, 0.3535533905932738, 0.15811388300841897, 0.19245008972987526, 0.21423789866216114, 0.0]}, "NSP11": {"data": [0.0, 0.0, 0.0, 0, 0.0, 0.0, 0, 0.0, 0], "deviation": [0.0, 0.0, 0.0, 0.0, 0.0, 0.0, 0.0, 0.0, 0.0]}, "NSP12": {"data": [1.0, 3.0, 3.0, 2, 1.0, 2.0, 2, 3.0, 3], "deviation": [0.39223227027636803, 1.073217558422024, 1.3416407864998738, 1.0912759462588695, 0.5175491695067657, 0.42290206176626033, 0.4921028776234113, 0.5909772918607984, 0.5469549011258115]}, "M": {"data": [0.0, 1.0, 0.0, 0, 0.0, 0.0, 0, 1.0, 1], "deviation": [0.3258125936084211, 0.5370083291255522, 0.22360679774997896, 0.36201399289824565, 0.0, 0.2667467828369185, 0.19245008972987526, 0.44859057664018415, 0.35503580124836315]}, "NSP13": {"data": [0.0, 1.0, 2.5, 0, 0.5, 0.0, 0, 1.0, 1], "deviation": [0.36794648440311994, 0.7704357631605082, 1.1697953037312037, 1.3019818336507984, 0.7440238091428449, 0.8533493588238807, 0.2668802563418119, 0.6925552808131742, 0.44533058252391833]}, "N": {"data": [0.0, 4.0, 2.0, 3, 5.0, 4.0, 5, 4.5, 4], "deviation": [1.1642098674142112, 1.0288116655384605, 0.8506963092234007, 1.4030897935132194, 0.8345229603962802, 0.8335897041541449, 0.8006407690254357, 0.5488212999484517, 0.5020964452534338]}, "NSP14": {"data": [0.0, 2.0, 0.0, 1, 0.0, 1.0, 1, 1.5, 2], "deviation": [0.43145549730400484, 0.8744053769345655, 0.7451598203705946, 0.6360490582953524, 0.5175491695067657, 0.5006406152531231, 0.9198662110077999, 0.8582895370631135, 0.6456057021813513]}, "NS3": {"data": [0.0, 2.0, 2.0, 0, 1.0, 0.0, 0, 1.0, 2], "deviation": [0.7060180864974626, 0.8516741691598336, 0.8870412083230169, 1.1259690350121836, 0.4629100498862757, 0.5430209893473685, 0.4236592728681617, 0.7837821128725628, 0.7778444682625972]}, "NSP15": {"data": [0.0, 0.0, 0.0, 0, 0.0, 0.0, 0, 0.0, 0], "deviation": [0.0, 0.3579345410363401, 0.30779350562554625, 0.6814598039411162, 0.3535533905932738, 0.15811388300841897, 0.0, 0.3520287893093145, 0.2840286409986905]}, "NSP16": {"data": [0.0, 0.0, 0.0, 0, 0.0, 0.0, 0, 0.0, 0], "deviation": [0.0, 0.4322029146296004, 0.4442616583193193, 0.19245008972987526, 0.0, 0.22072142786315224, 0.4653216269680752, 0.18669145807013005, 0.0]},