{"indel": {"NSP4": {"data": [0.0, 0.0, 0, 0, 0, 0.0, 0, 0.0, 0, 0], "deviation": [0.0, 0.0, 0.0, 0.0, 0.0, 0.0, 0.0, 0.0, 0.0, 0.0]}, "E": {"data": [0.0, 0.0, 0, 0, 0, 0.0, 0, 0.0, 0, 0], "deviation": [0.0, 0.0, 0.0, 0.0, 0.0, 0.0, 0.0, 0.0, 0.0, 0.0]}, "NS7a": {"data": [0.0, 0.0, 0, 0, 0, 0.0, 0, 0.0, 0, 0], "deviation": [0.0, 0.0, 0.0, 0.0, 0.0, 0.0, 0.0, 0.0, 0.0, 0.0]}, "NSP5": {"data": [0.0, 0.0, 0, 0, 0, 0.0, 0, 0.0, 0, 0], "deviation": [0.0, 0.0, 0.0, 0.0, 0.0, 0.0, 0.0, 0.0, 0.0, 0.0]}, "NS7b": {"data": [0.0, 0.0, 0, 0, 0, 0.0, 0, 0.0, 0, 0], "deviation": [0.0, 0.0, 0.0, 0.0, 0.0, 0.0, 0.0, 0.0, 0.0, 0.0]}, "NSP6": {"data": [0.0, 0.0, 0, 0, 0, 1.5, 3, 3.0, 3, 3], "deviation": [0.0, 0.0, 0.0, 0.0, 0.8320502943378437, 1.6431676725154984, 0.7269175268963398, 1.3228756555322954, 1.1532776166577343, 1.412470846292275]}, "NSP7": {"data": [0.0, 0.0, 0, 0, 0, 0.0, 0, 0.0, 0, 0], "deviation": [0.0, 0.0, 0.0, 0.0, 0.0, 0.0, 0.0, 0.0, 0.0, 0.0]}, "NSP8": {"data": [0.0, 0.0, 0, 0, 0, 0.0, 0, 0.0, 0, 0], "deviation": [0.0, 0.0, 0.0, 0.0, 0.0, 0.0, 0.0, 0.0, 0.0, 0.0]}, "Spike": {"data": [0.0, 0.0, 0, 0, 0, 1.5, 3, 3.0, 3, 3], "deviation": [0.0, 0.0, 0.0, 1.4596855203028558, 0.8320502943378437, 1.6431676725154984, 0.565752381856018, 0.0, 0.4411136823860458, 0.47082361543075835]}, "NSP9": {"data": [0.0, 0.0, 0, 0, 0, 0.0, 0, 0.0, 0, 0], "deviation": [0.0, 0.0, 0.0, 0.0, 0.0, 0.0, 0.0, 0.0, 0.0, 0.0]}, "NSP10": {"data": [0.0, 0.0, 0, 0, 0, 0.0, 0, 0.0, 0, 0], "deviation": [0.0, 0.0, 0.0, 0.0, 0.0, 0.0, 0.0, 0.0, 0.0, 0.0]}, "NSP11": {"data": [0.0, 0.0, 0, 0, 0, 0.0, 0, 0.0, 0, 0], "deviation": [0.0, 0.0, 0.0, 0.0, 0.0, 0.0, 0.0, 0.0, 0.0, 0.0]}, "NSP12": {"data": [0.0, 0.0, 0, 0, 0, 0.0, 0, 0.0, 0, 0], "deviation": [0.0, 0.0, 0.0, 0.0, 0.0, 0.0, 0.0, 0.0, 0.0, 0.0]}, "M": {"data": [0.0, 0.0, 0, 0, 0, 0.0, 0, 0.0, 0, 0], "deviation": [0.0, 0.0, 0.0, 0.0, 0.0, 0.0, 0.0, 0.0, 0.0, 0.0]}, "NSP13": {"data": [0.0, 0.0, 0, 0, 0, 0.0, 0, 0.0, 0, 0], "deviation": [0.0, 0.0, 0.0, 0.0, 0.0, 0.0, 0.0, 0.0, 0.0, 0.0]}, "N": {"data": [0.0, 0.0, 0, 0, 0, 0.0, 0, 0.0, 0, 0], "deviation": [0.0, 0.0, 0.0, 0.0, 0.0, 0.0, 0.0, 0.0, 0.0, 0.0]}, "NSP14": {"data": [0.0, 0.0, 0, 0, 0, 0.0, 0, 0.0, 0, 0], "deviation": [0.0, 0.0, 0.0, 0.0, 0.0, 0.0, 0.0, 0.0, 0.0, 0.0]}, "NS3": {"data": [0.0, 0.0, 0, 0, 0, 0.0, 0, 0.0, 0, 0], "deviation": [0.0, 0.0, 0.22941573387056177, 0.0, 0.5547001962252291, 0.0, 0.0, 0.7559289460184545, 0.0, 0.0]}, "NSP15": {"data": [0.0, 0.0, 0, 0, 0, 0.0, 0, 0.0, 0, 0], "deviation": [0.0, 0.0, 0.0, 0.0, 0.0, 0.0, 0.0, 0.0, 0.0, 0.0]}, "NSP16": {"data": [0.0, 0.0, 0, 0, 0, 0.0, 0, 0.0, 0, 0], "deviation": [0.0, 0.0, 0.0, 0.0, 0.0, 0.0, 0.0, 0.0, 0.0, 0.0]}, "NS9b": {"data": [0.0, 0.0, 0, 0, 0, 0.0, 0, 0.0, 0, 0], "deviation": [0.0, 0.0, 0.0, 0.0, 0.0, 0.0, 0.0, 0.0, 0.0, 0.0]}, "NS6": {"data": [0.0, 0.0, 0, 0, 0, 0.0, 0, 0.0, 0, 0], "deviation": [0.0, 0.0, 0.0, 0.0, 0.0, 0.0, 0.0, 0.0, 0.0, 0.0]}, "NS9c": {"data": [0.0, 0.0, 0, 0, 0, 0.0, 0, 0.0, 0, 0], "deviation": [0.0, 0.0, 0.0, 0.0, 0.0, 0.0, 0.0, 0.0, 0.0, 0.0]}, "NSP1": {"data": [0.0, 0.0, 0, 0, 0, 0.0, 0, 0.0, 0, 0], "deviation": [0.0, 0.0, 0.0, 0.0, 0.0, 0.0, 0.0, 0.0, 0.0, 0.0]}, "NSP2": {"data": [0.0, 0.0, 0, 0, 0, 0.0, 0, 0.0, 0, 0], "deviation": [0.0, 0.0, 0.0, 0.0, 0.0, 0.0, 0.0, 0.0, 0.0, 0.0]}, "NS8": {"data": [0.0, 0.0, 0, 0, 0, 0.0, 0, 0.0, 0, 0], "deviation": [0.0, 0.0, 0.0, 0.0, 0.0, 0.0, 0.0, 0.0, 0.0, 0.0]}, "NSP3": {"data": [0.0, 0.0, 0, 0, 0, 0.0, 0, 0.0, 0, 0], "deviation": [0.0, 0.0, 0.0, 0.0, 0.0, 0.0, 0.0, 0.0, 0.0, 0.0]}}, "missense": {"NSP4": {"data": [0.5, 0.5, 0, 0, 0, 0.0, 0, 0.0, 0, 0], "deviation": [0.5773502691896257, 0.7071067811865476, 0.4188539082916955, 0.6527912098338668, 0.5991446895152781, 0.0, 0.3843530573929037, 0.0, 0.5391107438074945, 0.9416472308615167]}, "E": {"data": [0.0, 0.0, 0, 0, 0, 0.0, 0, 0.0, 0, 0], "deviation": [0.0, 0.0, 0.0, 0.0, 0.0, 0.0, 0.2919371040605711, 0.0, 0.1856953381770519, 0.0]}, "NS7a": {"data": [0.0, 0.0, 0, 0, 0, 1.0, 0, 0.0, 0, 1], "deviation": [0.0, 0.0, 0.0, 0.0, 0.0, 0.5163977794943222, 0.41514875026728054, 0.26226526415648105, 0.6316761657092368, 0.8017837257372732]}, "NSP5": {"data": [0.0, 0.0, 1, 0, 0, 0.0, 0, 0.0, 0, 0], "deviation": [0.0, 0.0, 0.45241392835886407, 0.36410954062720957, 0.6304251719561152, 0.408248290463863, 0.2919371040605711, 0.5479640045336466, 0.30993404669460345, 0.4354941703556927]}, "NS7b": {"data": [0.0, 0.0, 0, 0, 0, 0.0, 0, 0.0, 0, 0], "deviation": [0.0, 0.0, 0.0, 0.0, 0.0, 0.0, 0.17407765595569785, 0.0, 0.30993404669460345, 0.47082361543075835]}, "NSP6": {"data": [1.0, 0.0, 0, 0, 0, 0.0, 0, 0.0, 0, 1], "deviation": [0.5, 0.0, 0.3153017676423058, 1.1677484162422844, 0.2773500981126146, 0.5163977794943223, 0.17407765595569785, 0.46004370622823615, 0.4913036844405175, 0.8752198879234571]}, "NSP7": {"data": [0.0, 0.0, 0, 0, 0, 0.0, 0, 0.0, 0, 0], "deviation": [0.0, 0.0, 0.22941573387056177, 0.2919371040605711, 0.3755338080994054, 0.0, 0.0, 0.0, 0.0, 0.0]}, "NSP8": {"data": [0.0, 0.0, 0, 0, 0, 0.0, 0, 0.0, 0, 0], "deviation": [0.0, 0.0, 0.0, 0.2919371040605711, 0.2773500981126146, 0.0, 0.24230584229877994, 0.0, 0.0, 0.1856953381770519]}, "Spike": {"data": [0.0, 2.5, 3, 4, 4, 5.5, 7, 7.0, 7, 7], "deviation": [1.0, 0.7071067811865476, 1.2841817655680772, 2.056493779875511, 1.589226549501683, 2.756809750418044, 1.6207695516000846, 0.3563483225498992, 0.6336227840855435, 0.5744991393237625]}, "NSP9": {"data": [0.0, 0.0, 0, 0, 0, 0.0, 0, 0.0, 0, 0], "deviation": [0.5, 0.0, 0.3153017676423058, 0.5018903659106632, 0.5063696835418333, 0.408248290463863, 0.17407765595569785, 0.0, 0.0, 0.0]}, "NSP10": {"data": [0.0, 0.0, 0, 0, 0, 0.0, 0, 0.0, 0, 0], "deviation": [0.0, 0.0, 0.0, 0.24230584229877994, 0.3755338080994054, 0.408248290463863, 0.17407765595569785, 0.44095855184409843, 0.5157614295551275, 0.0]}, "NSP11": {"data": [0.0, 0.0, 0, 0, 0, 0.0, 0, 0.0, 0, 0], "deviation": [0.0, 0.0, 0.0, 0.0, 0.0, 0.0, 0.0, 0.0, 0.0, 0.0]}, "NSP12": {"data": [1.0, 1.0, 1, 1, 1, 1.0, 1, 1.0, 1, 1], "deviation": [0.5, 0.0, 0.501459857121279, 0.5075192189225523, 0.5063696835418333, 0.5163977794943222, 0.39167472590032015, 0.5479640045336466, 0.46820062223377973, 0.8724011370019897]}, "M": {"data": [0.0, 0.0, 0, 0, 0, 0.0, 0, 0.0, 0, 0], "deviation": [0.0, 0.0, 0.3153017676423058, 0.0, 0.0, 0.0, 0.17407765595569785, 0.44095855184409843, 0.46820062223377973, 0.47082361543075835]}, "NSP13": {"data": [0.0, 0.0, 0, 1, 0, 0.0, 0, 0.0, 0, 0], "deviation": [0.0, 0.0, 0.7334928056269079, 0.6454972243679028, 0.6602252917735248, 0.408248290463863, 0.33143398263980844, 0.8380817098475257, 0.5766388083288672, 0.5526470114022356]}, "N": {"data": [1.0, 1.0, 2, 1, 2, 3.0, 4, 4.0, 4, 5], "deviation": [0.0, 0.0, 0.9459053029269173, 1.1256311360945264, 1.0919284281983377, 1.5491933384829668, 0.9623597890790968, 0.18898223650461363, 0.8752198879234571, 0.5085476277156078]}, "NSP14": {"data": [0.0, 0.0, 0, 0, 0, 0.0, 0, 0.0, 0, 0], "deviation": [0.0, 0.0, 0.8200698871944031, 0.45226701686664544, 0.5991446895152781, 0.0, 0.0, 0.0, 0.25788071477756375, 0.47082361543075835]}, "NS3": {"data": [0.0, 0.0, 2, 1, 1, 1.0, 0, 0.0, 0, 0], "deviation": [0.0, 0.0, 1.5024346712987118, 0.8638357026727486, 0.75955452531275, 1.2110601416389966, 0.6366341416410451, 0.8811668550592598, 0.6602731185903338, 0.4837252813149745]}, "NSP15": {"data": [0.0, 0.0, 0, 0, 0, 0.0, 0, 0.0, 0, 0], "deviation": [0.0, 0.0, 0.3153017676423058, 0.3916747259003201, 0.0, 0.0, 0.2919371040605711, 0.0, 0.0, 0.0]}, "NSP16": {"data": [0.0, 0.0, 0, 0, 0, 0.0, 0, 0.0, 0, 0], "deviation": [0.0, 0.0, 0.6924826089821247, 0.36410954062720957, 0.4385290096535146, 0.0, 0.2919371040605711, 0.0, 0.0, 0.0]}, "NS9b": {"data": [0.0, 0.0, 0, 0, 0, 0.0, 0, 0.0, 0, 0], "deviation": [0.0, 0.0, 0.0, 0.0, 0.0, 0.0, 0.0, 0.0, 0.0, 0.0]}, "NS6": {"data": [0.0, 0.0, 0, 0, 0, 0.0, 0, 0.0, 0, 0], "deviation": [0.0, 0.0, 0.0, 0.0, 0.0, 0.0, 0.0, 0.0, 0.1856953381770519, 0.0]},