{"indel": {"NSP4": {"data": [0, 0.0, 0.0, 0, 0, 0.0, 0], "deviation": [0.0, 0.0, 0.0, 0.0, 0.0, 0.0, 0.0]}, "E": {"data": [0, 0.0, 0.0, 0, 0, 0.0, 0], "deviation": [0.0, 0.0, 0.0, 0.0, 0.0, 0.0, 0.0]}, "NS7a": {"data": [0, 0.0, 0.0, 0, 0, 0.0, 0], "deviation": [0.0, 0.0, 0.0, 0.0, 0.0, 0.0, 0.0]}, "NSP5": {"data": [0, 0.0, 0.0, 0, 0, 0.0, 0], "deviation": [0.0, 0.0, 0.0, 0.0, 0.0, 0.0, 0.0]}, "NS7b": {"data": [0, 0.0, 0.0, 0, 0, 0.0, 0], "deviation": [0.0, 0.0, 0.0, 0.0, 0.0, 0.0, 0.0]}, "NSP6": {"data": [1, 1.0, 1.5, 3, 1, 3.0, 0], "deviation": [1.1908743922772957, 1.1318329168362207, 2.1213203435596424, 2.6622161741645236, 1.5063966175050876, 0.7807852895958004, 0.0]}, "NSP7": {"data": [0, 0.0, 0.0, 0, 0, 0.0, 0], "deviation": [0.0, 0.0, 0.0, 0.0, 0.0, 0.0, 0.0]}, "NSP8": {"data": [0, 0.0, 0.0, 0, 0, 0.0, 0], "deviation": [0.0, 0.0, 0.0, 0.0, 0.0, 0.0, 0.0]}, "Spike": {"data": [0, 0.0, 0.0, 0, 0, 0.0, 2], "deviation": [0.0, 0.9582800496696001, 0.0, 0.50709255283711, 2.0754980866510833, 0.5758044825624732, 1.1547005383792515]}, "NSP9": {"data": [0, 0.0, 0.0, 0, 0, 0.0, 0], "deviation": [0.0, 0.0, 0.0, 0.0, 0.0, 0.0, 0.0]}, "NSP10": {"data": [0, 0.0, 0.0, 0, 0, 0.0, 0], "deviation": [0.0, 0.0, 0.0, 0.0, 0.0, 0.0, 0.0]}, "NSP11": {"data": [0, 0.0, 0.0, 0, 0, 0.0, 0], "deviation": [0.0, 0.0, 0.0, 0.0, 0.0, 0.0, 0.0]}, "NSP12": {"data": [0, 0.0, 0.0, 0, 0, 0.0, 0], "deviation": [0.0, 0.0, 0.0, 0.0, 0.0, 0.0, 0.0]}, "M": {"data": [0, 0.0, 0.0, 0, 0, 0.0, 0], "deviation": [0.0, 0.0, 0.0, 0.0, 0.0, 0.0, 0.0]}, "NSP13": {"data": [0, 0.0, 0.0, 0, 0, 0.0, 0], "deviation": [0.0, 0.0, 0.0, 0.0, 0.0, 0.0, 0.0]}, "N": {"data": [0, 0.0, 0.0, 0, 0, 0.0, 0], "deviation": [0.0, 0.0, 0.0, 0.0, 0.0, 0.0, 0.0]}, "NSP14": {"data": [0, 0.0, 0.0, 0, 0, 0.0, 0], "deviation": [0.0, 0.0, 0.0, 0.0, 0.0, 0.0, 0.0]}, "NS3": {"data": [0, 0.0, 0.0, 0, 0, 0.0, 0], "deviation": [0.0, 0.0, 0.0, 0.1690308509457033, 0.0, 0.17149858514250885, 0.0]}, "NSP15": {"data": [0, 0.0, 0.0, 0, 0, 0.0, 0], "deviation": [0.0, 0.0, 0.0, 0.0, 0.0, 0.0, 0.0]}, "NSP16": {"data": [0, 0.0, 0.0, 0, 0, 0.0, 0], "deviation": [0.0, 0.0, 0.0, 0.0, 0.0, 0.0, 0.0]}, "NS9b": {"data": [0, 0.0, 0.0, 0, 0, 0.0, 0], "deviation": [0.0, 0.0, 0.0, 0.0, 0.0, 0.0, 0.0]}, "NS6": {"data": [0, 0.0, 0.0, 0, 0, 0.0, 0], "deviation": [0.0, 0.0, 0.0, 0.0, 0.0, 0.0, 0.0]}, "NS9c": {"data": [0, 0.0, 0.0, 0, 0, 0.0, 0], "deviation": [0.0, 0.0, 0.0, 0.0, 0.0, 0.0, 0.0]}, "NSP1": {"data": [0, 0.0, 0.0, 0, 0, 0.0, 0], "deviation": [0.0, 0.0, 0.0, 0.8451542547285166, 0.0, 0.0, 0.0]}, "NSP2": {"data": [0, 0.0, 0.0, 0, 0, 0.0, 0], "deviation": [0.0, 0.0, 0.0, 0.0, 0.0, 0.0, 0.0]}, "NS8": {"data": [0, 0.0, 0.0, 0, 0, 0.0, 0], "deviation": [0.0, 0.0, 0.0, 0.0, 0.0, 0.3429971702850177, 0.0]}, "NSP3": {"data": [0, 0.0, 0.0, 0, 0, 0.0, 0], "deviation": [0.0, 0.0, 0.0, 0.0, 0.0, 0.0, 0.0]}}, "missense": {"NSP4": {"data": [3, 1.5, 1.5, 3, 2, 3.0, 2], "deviation": [1.1677484162422844, 1.6138696240399015, 2.1213203435596424, 0.8331372318284807, 1.0377490433255416, 0.5765778939017567, 0.5773502691896257]}, "E": {"data": [0, 0.0, 0.0, 0, 0, 0.0, 0], "deviation": [0.0, 0.0, 0.0, 0.4260429614980358, 0.0, 0.23883257361061286, 0.0]}, "NS7a": {"data": [0, 0.0, 0.0, 0, 0, 0.0, 2], "deviation": [0.0, 0.4714045207910317, 0.0, 0.2840286409986905, 0.4385290096535146, 0.2879022412812366, 0.5773502691896257]}, "NSP5": {"data": [0, 0.0, 0.0, 0, 0, 0.0, 0], "deviation": [0.30151134457776363, 0.3834824944236852, 0.0, 0.23550410797680277, 0.0, 0.17149858514250885, 0.5773502691896258]}, "NS7b": {"data": [0, 0.0, 0.5, 1, 0, 1.0, 1], "deviation": [0.6875516509523286, 0.23570226039551584, 0.7071067811865476, 0.45834924851410563, 0.48038446141526137, 0.40933840799980475, 0.5773502691896257]}, "NSP6": {"data": [0, 1.5, 0.0, 0, 1, 0.0, 1], "deviation": [1.044465935734187, 0.9235481451827989, 0.0, 5.923461400058516, 0.5188745216627708, 0.511019392943506, 1.1547005383792515]}, "NSP7": {"data": [0, 0.0, 0.0, 0, 0, 0.0, 0], "deviation": [0.30151134457776363, 0.0, 0.0, 0.0, 0.0, 0.0, 0.0]}, "NSP8": {"data": [0, 0.0, 0.0, 0, 0, 0.0, 0], "deviation": [0.4045199174779452, 0.0, 0.0, 0.2840286409986905, 0.2773500981126146, 0.35949062795357095, 0.0]}, "Spike": {"data": [8, 6.0, 4.5, 9, 7, 10.0, 8], "deviation": [3.0451153135353137, 2.50293944839921, 6.363961030678928, 1.617654698224895, 3.665500980206858, 1.5152228147216895, 2.6457513110645907]}, "NSP9": {"data": [0, 0.0, 0.0, 0, 0, 0.0, 0], "deviation": [0.30151134457776363, 0.23570226039551584, 0.0, 0.2840286409986905, 0.0, 0.0, 0.0]}, "NSP10": {"data": [0, 0.0, 0.0, 0, 0, 0.0, 0], "deviation": [0.0, 0.23570226039551584, 0.0, 0.32280285109067564, 0.48038446141526137, 0.23883257361061286, 0.0]}, "NSP11": {"data": [0, 0.0, 0.0, 0, 0, 0.0, 0], "deviation": [0.0, 0.0, 0.0, 0.0, 0.0, 0.0, 0.0]}, "NSP12": {"data": [1, 1.0, 1.5, 2, 1, 3.0, 2], "deviation": [0.40451991747794525, 0.0, 2.1213203435596424, 0.7065123239304083, 0.48038446141526137, 0.6601733689004333, 1.5275252316519468]}, "M": {"data": [0, 0.0, 0.0, 0, 0, 0.0, 1], "deviation": [0.0, 0.0, 0.0, 0.0, 0.5188745216627708, 0.17149858514250885, 0.5773502691896257]}, "NSP13": {"data": [0, 0.0, 0.5, 1, 1, 1.0, 1], "deviation": [0.4045199174779452, 0.6156987634551992, 0.7071067811865476, 0.5297851157852238, 0.0, 0.47766514722122566, 0.0]}, "N": {"data": [1, 2.0, 1.0, 2, 3, 2.0, 3], "deviation": [0.46709936649691375, 0.9235481451827989, 1.4142135623730951, 0.6859943405700354, 0.7510676161988108, 0.672876603361388, 1.0]}, "NSP14": {"data": [1, 0.0, 0.0, 0, 0, 0.0, 1], "deviation": [0.6741998624632421, 0.5745131499601417, 0.0, 0.40583972495671394, 0.3755338080994054, 0.41042563012190475, 0.5773502691896257]}, "NS3": {"data": [1, 1.0, 0.5, 1, 2, 1.0, 1], "deviation": [0.6030226891555273, 0.6156987634551992, 0.7071067811865476, 0.6011194039582536, 1.0, 0.5918339122415548, 0.5773502691896257]}, "NSP15": {"data": [0, 0.0, 0.0, 0, 0, 0.0, 0], "deviation": [0.30151134457776363, 0.23570226039551584, 0.0, 0.4260429614980358, 0.0, 0.3270349700838643, 0.0]}, "NSP16": {"data": [0, 0.0, 0.5, 0, 0, 0.0, 0], "deviation": [0.0, 0.3834824944236852, 0.7071067811865476, 0.4434395736311599, 0.2773500981126146, 0.23883257361061286, 0.0]}, "NS9b": {"data": [0, 0.0, 0.0, 0, 0, 0.0, 0], "deviation": [0.0, 0.0, 0.0, 0.0, 0.0, 0.0, 0.0]}, "NS6": {"data": [0, 0.0, 0.0, 0, 0, 0.0, 0], "deviation": [0.0, 0.0, 0.0, 0.23550410797680277, 0.0, 0.0, 0.5773502691896258]}, "NS9c": {"data": [0, 0.0, 0.0, 0, 0, 0.0, 0], "deviation": [0.0, 0.0, 0.0, 0.0, 0.0, 0.0, 0.0]}, "NSP1": {"data": [0, 0.0, 0.0, 0, 0, 0.0, 0], "deviation": [0.0, 0.32338083338177726, 0.0, 0.1690308509457033, 0.5188745216627708, 0.3270349700838643, 0.5773502691896258]}, "NSP2": {"data": [0, 0.0, 0.0, 0, 0, 0.0, 0], "deviation": [0.6875516509523286, 0.5745131499601417, 0.0, 0.4902408943099112, 0.4385290096535146, 0.41042563012190475, 0.5773502691896258]}, "NS8": {"data": [0, 1.0, 0.5, 1, 1, 1.0, 0], "deviation": [0.46709936649691375, 0.5113099925649136, 0.7071067811865476, 0.6311254453205737, 0.408248290463863, 0.5910804632890487, 0.5773502691896258]}, "NSP3": {"data": [1, 1.0, 2.5, 3, 2, 3.0, 3], "deviation": [1.0357254813546264, 0.6691131580686884, 3.5355339059327378, 1.3233519955785311, 1.0439078454267836, 1.1313078261483283, 1.0]}}, "labels": ["01/2021", "02/2021", "03/2021", "04/2021", "05/2021", "06/2021", "07/2021"]}