{"indel": {"NSP4": {"data": [0.0, 0, 0.0, 0, 0.0, 0.0, 0, 0.0, 0, 0.0, 0, 0.0, 0, 0, 0.0, 0, 0, 0.0, 0, 0], "deviation": [0.0, 0.0, 0.0, 0.0, 0.0, 0.0, 0.0, 0.0, 0.0, 0.0, 0.0, 0.0, 0.0, 0.0, 0.0, 0.0, 0.0, 0.0, 0.0, 0.0]}, "E": {"data": [0.0, 0, 0.0, 0, 0.0, 0.0, 0, 0.0, 0, 0.0, 0, 0.0, 0, 0, 0.0, 0, 0, 0.0, 0, 0], "deviation": [0.0, 0.0, 0.0, 0.0, 0.0, 0.0, 0.0, 0.0, 0.0, 0.0, 0.0, 0.0, 0.0, 0.0, 0.0, 0.0, 0.0, 0.0, 0.0, 0.0]}, "NS7a": {"data": [0.0, 0, 0.0, 0, 0.0, 0.0, 0, 0.0, 0, 0.0, 0, 0.0, 0, 0, 0.0, 0, 0, 0.0, 0, 0], "deviation": [0.0, 0.0, 0.0, 0.0, 0.0, 0.0, 0.0, 0.0, 0.30065841120113157, 0.0, 0.0, 0.17393081691146806, 0.0, 0.0, 0.0, 0.0, 0.9989241524588298, 0.5743035446551839, 0.0, 2.1977690231790246]}, "NSP5": {"data": [0.0, 0, 0.0, 0, 0.0, 0.0, 0, 0.0, 0, 0.0, 0, 0.0, 0, 0, 0.0, 0, 0, 0.0, 0, 0], "deviation": [0.0, 0.0, 0.0, 0.0, 0.0, 0.0, 0.0, 0.0, 0.0, 0.0, 0.0, 0.0, 0.0, 0.0, 0.0, 0.0, 0.0, 0.0, 0.0, 0.0]}, "NS7b": {"data": [0.0, 0, 0.0, 0, 0.0, 0.0, 0, 0.0, 0, 0.0, 0, 0.0, 0, 0, 0.0, 0, 0, 0.0, 0, 0], "deviation": [0.0, 0.0, 0.0, 0.0, 0.0, 0.0, 0.0, 0.0, 0.0, 0.0, 0.0, 0.0, 0.0, 0.0, 0.0, 0.0, 0.24973103811470745, 0.10206207261596575, 0.0, 0.0]}, "NSP6": {"data": [0.0, 0, 0.0, 0, 0.0, 0.0, 0, 0.0, 0, 0.0, 0, 0.0, 0, 0, 0.0, 0, 3, 0.0, 0, 0], "deviation": [0.0, 0.0, 0.0, 0.0, 0.0, 0.0, 0.0, 0.0, 0.0, 0.0, 0.0, 0.36677512460390205, 0.2860297690495986, 0.9534625892455924, 0.9683509150519793, 1.4746966155643055, 1.4255728899344744, 0.9212405823270683, 0.9220642218141846, 0.4120816918460671]}, "NSP7": {"data": [0.0, 0, 0.0, 0, 0.0, 0.0, 0, 0.0, 0, 0.0, 0, 0.0, 0, 0, 0.0, 0, 0, 0.0, 0, 0], "deviation": [0.0, 0.0, 0.0, 0.0, 0.0, 0.0, 0.0, 0.0, 0.0, 0.0, 0.0, 0.0, 0.0, 0.0, 0.0, 0.0, 0.0, 0.0, 0.0, 0.0]}, "NSP8": {"data": [0.0, 0, 0.0, 0, 0.0, 0.0, 0, 0.0, 0, 0.0, 0, 0.0, 0, 0, 0.0, 0, 0, 0.0, 0, 0], "deviation": [0.0, 0.0, 0.0, 0.0, 0.0, 0.0, 0.0, 0.0, 0.0, 0.0, 0.0, 0.0, 0.0, 0.0, 0.0, 0.0, 0.0, 0.0, 0.0, 0.0]}, "Spike": {"data": [0.0, 0, 0.0, 0, 0.0, 0.0, 0, 0.0, 0, 0.0, 0, 0.0, 0, 0, 0.0, 2, 3, 2.0, 2, 2], "deviation": [1.3363062095621219, 0.0, 0.0, 0.0, 0.0, 0.0, 0.0, 0.0, 0.0, 0.0, 0.0, 0.4047914264556307, 0.44125667215005365, 0.9534625892455924, 0.9606994051629936, 1.3314994718972046, 1.433845869853041, 0.8110395105784294, 0.5702948073947636, 0.8398631445637538]}, "NSP9": {"data": [0.0, 0, 0.0, 0, 0.0, 0.0, 0, 0.0, 0, 0.0, 0, 0.0, 0, 0, 0.0, 0, 0, 0.0, 0, 0], "deviation": [0.0, 0.0, 0.0, 0.0, 0.0, 0.0, 0.0, 0.0, 0.0, 0.0, 0.0, 0.0, 0.0, 0.0, 0.0, 0.0, 0.0, 0.0, 0.0, 0.0]}, "NSP10": {"data": [0.0, 0, 0.0, 0, 0.0, 0.0, 0, 0.0, 0, 0.0, 0, 0.0, 0, 0, 0.0, 0, 0, 0.0, 0, 0], "deviation": [0.0, 0.0, 0.0, 0.0, 0.0, 0.0, 0.0, 0.0, 0.0, 0.0, 0.0, 0.0, 0.0, 0.0, 0.0, 0.0, 0.0, 0.0, 0.0, 0.0]}, "NSP11": {"data": [0.0, 0, 0.0, 0, 0.0, 0.0, 0, 0.0, 0, 0.0, 0, 0.0, 0, 0, 0.0, 0, 0, 0.0, 0, 0], "deviation": [0.0, 0.0, 0.0, 0.0, 0.0, 0.0, 0.0, 0.0, 0.0, 0.0, 0.0, 0.0, 0.0, 0.0, 0.0, 0.0, 0.0, 0.0, 0.0, 0.0]}, "NSP12": {"data": [0.0, 0, 0.0, 0, 0.0, 0.0, 0, 0.0, 0, 0.0, 0, 0.0, 0, 0, 0.0, 0, 0, 0.0, 0, 0], "deviation": [0.0, 0.0, 0.0, 0.0, 0.0, 0.0, 0.0, 0.0, 0.0, 0.0, 0.0, 0.0, 0.0, 0.0, 0.0, 0.0, 0.0, 0.0, 0.0, 0.0]}, "M": {"data": [0.0, 0, 0.0, 0, 0.0, 0.0, 0, 0.0, 0, 0.0, 0, 0.0, 0, 0, 0.0, 0, 0, 0.0, 0, 0], "deviation": [0.0, 0.0, 0.0, 0.0, 0.0, 0.0, 0.0, 0.0, 0.0, 0.0, 0.0, 0.0, 0.0, 0.0, 0.0, 0.0, 0.0, 0.0, 0.0, 0.0]}, "NSP13": {"data": [0.0, 0, 0.0, 0, 0.0, 0.0, 0, 0.0, 0, 0.0, 0, 0.0, 0, 0, 0.0, 0, 0, 0.0, 0, 0], "deviation": [0.0, 0.0, 0.0, 0.0, 0.0, 0.0, 0.0, 0.0, 0.0, 0.0, 0.0, 0.0, 0.0, 0.0, 0.0, 0.0, 0.0, 0.0, 0.0, 0.0]}, "N": {"data": [0.0, 0, 0.0, 0, 0.0, 0.0, 0, 0.0, 0, 0.0, 0, 0.0, 0, 0, 0.0, 0, 0, 0.0, 0, 0], "deviation": [0.0, 0.0, 0.0, 0.0, 0.0, 0.0, 0.0, 0.0, 0.0, 0.0, 0.0, 0.0, 0.0, 0.0, 0.0, 0.0, 0.1796053020267749, 0.0, 0.16012815380508713, 0.0]}, "NSP14": {"data": [0.0, 0, 0.0, 0, 0.0, 0.0, 0, 0.0, 0, 0.0, 0, 0.0, 0, 0, 0.0, 0, 0, 0.0, 0, 0], "deviation": [0.0, 0.0, 0.0, 0.0, 0.0, 0.0, 0.0, 0.0, 0.0, 0.0, 0.0, 0.0, 0.0, 0.0, 0.0, 0.0, 0.0, 0.0, 0.0, 0.0]}, "NS3": {"data": [0.0, 0, 0.0, 0, 0.0, 0.0, 0, 0.0, 0, 0.0, 0, 0.0, 0, 0, 0.0, 0, 0, 0.0, 0, 0], "deviation": [0.0, 0.0, 0.0, 0.0, 0.0, 0.0, 0.0, 0.0, 0.0, 0.0, 0.0, 0.0, 0.0, 0.0, 0.0, 0.0, 0.0, 0.0, 0.0, 0.0]}, "NSP15": {"data": [0.0, 0, 0.0, 0, 0.0, 0.0, 0, 0.0, 0, 0.0, 0, 0.0, 0, 0, 0.0, 0, 0, 0.0, 0, 0], "deviation": [0.0, 0.0, 0.0, 0.0, 0.0, 0.0, 0.0, 0.0, 0.0, 0.0, 0.0, 0.0, 0.0, 0.0, 0.0, 0.0, 0.0, 0.0, 0.0, 0.0]}, "NSP16": {"data": [0.0, 0, 0.0, 0, 0.0, 0.0, 0, 0.0, 0, 0.0, 0, 0.0, 0, 0, 0.0, 0, 0, 0.0, 0, 0], "deviation": [0.0, 0.0, 0.0, 0.0, 0.0, 0.0, 0.0, 0.0, 0.0, 0.0, 0.0, 0.0, 0.0, 0.0, 0.0, 0.0, 0.0, 0.0, 0.0, 0.13736056394868904]}, "NS9b": {"data": [0.0, 0, 0.0, 0, 0.0, 0.0, 0, 0.0, 0, 0.0, 0, 0.0, 0, 0, 0.0, 0, 0, 0.0, 0, 0], "deviation": [0.0, 0.0, 0.0, 0.0, 0.0, 0.0, 0.0, 0.0, 0.0, 0.0, 0.0, 0.0, 0.0, 0.0, 0.0, 0.0, 0.0, 0.0, 0.0, 0.0]}, "NS6": {"data": [0.0, 0, 0.0, 0, 0.0, 0.0, 0, 0.0, 0, 0.0, 0, 0.0, 0, 0, 0.0, 0, 0, 0.0, 0, 0], "deviation": [0.0, 0.0, 0.0, 0.0, 0.0, 0.0, 0.0, 0.0, 0.0, 0.0, 0.0, 0.0, 0.0, 0.0, 0.0, 0.0, 0.0, 0.0, 0.0, 0.0]}, "NS9c": {"data": [0.0, 0, 0.0, 0, 0.0, 0.0, 0, 0.0, 0, 0.0, 0, 0.0, 0, 0, 0.0, 0, 0, 0.0, 0, 0], "deviation": [0.0, 0.0, 0.0, 0.0, 0.0, 0.0, 0.0, 0.0, 0.0, 0.0, 0.0, 0.0, 0.0, 0.0, 0.0, 0.0, 0.0, 0.0, 0.0, 0.0]}, "NSP1": {"data": [0.0, 0, 0.0, 0, 0.0, 0.0, 0, 0.0, 0, 0.0, 0, 0.0, 0, 0, 0.0, 0, 0, 0.0, 0, 0], "deviation": [0.0, 0.0, 0.0, 0.0, 0.0, 0.0, 0.09370425713316363, 0.0, 0.0, 0.0, 0.0, 0.12309149097933272, 0.0, 0.0, 0.0, 0.09016696346674323, 0.0, 0.0, 0.0, 0.4120816918460671]}, "NSP2": {"data": [0.0, 0, 0.0, 0, 0.0, 0.0, 0, 0.0, 0, 0.0, 0, 0.0, 0, 0, 0.0, 0, 0, 0.0, 0, 0], "deviation": [0.0, 0.0, 0.13701900688551372, 0.0, 0.0, 0.0, 0.0, 0.0, 0.0, 0.0, 0.0, 0.0, 0.0, 0.0, 0.0, 0.0, 0.0, 0.0, 0.0, 0.0]}, "NS8": {"data": [0.0, 0, 0.0, 0, 0.0, 0.0, 0, 0.0, 0, 0.0, 0, 0.0, 0, 0, 0.0, 0, 0, 0.0, 0, 0], "deviation": [0.0, 0.0, 0.0, 0.0, 0.0, 0.0, 0.0, 0.0, 0.0, 0.0, 0.0, 0.0, 0.0, 0.0, 0.0, 0.0, 0.0, 0.0, 0.0, 0.27472112789737807]}, "NSP3": {"data": [0.0, 0, 0.0, 0, 0.0, 0.0, 0, 0.0, 0, 0.0, 0, 0.0, 0, 0, 0.0, 0, 0, 0.0, 0, 0], "deviation": [0.0, 0.0, 0.0, 0.0, 0.0, 0.0, 1.5305028665083393, 0.0, 0.0, 0.0, 0.0, 0.3692744729379982, 0.0, 0.0, 0.0, 0.0, 0.0, 0.0, 0.0, 0.0]}}, "missense": {"NSP4": {"data": [0.0, 0, 0.0, 0, 0.0, 0.0, 0, 0.0, 0, 0.0, 0, 0.0, 0, 0, 0.0, 0, 0, 2.0, 2, 2], "deviation": [0.1872563351797078, 0.5966095860518297, 0.2659365717533871, 0.16663312875171465, 0.2672612419124244, 0.45425676257949793, 0.08239692378226561, 0.1936179813584317, 0.208326913100868, 0.3752285110879471, 0.20056264006984154, 0.2947840637368751, 0.2533755900583879, 0.4168181542799854, 0.3784256741864091, 0.6324344582608817, 0.9989241524588297, 0.7284175349778161, 0.6673410893648434, 0.726843784311631]}, "E": {"data": [0.0, 0, 0.0, 0, 0.0, 0.0, 0, 0.0, 0, 0.0, 0, 0.0, 0, 0, 0.0, 0, 0, 0.0, 0, 0], "deviation": [0.0, 0.11179894836849429, 0.0, 0.0, 0.0, 0.0, 0.04415103650414386, 0.041666666666666664, 0.10599638528205012, 0.16049561224007103, 0.07544849543541494, 0.0914370235263223, 0.06757338318080908, 0.3437758254761643, 0.30919541006659745, 0.47614001750902074, 0.501610310127101, 0.10206207261596575, 0.0, 0.1923802475610973]}, "NS7a": {"data": [0.0, 0, 0.0, 0, 0.0, 0.0, 0, 0.0, 0, 0.0, 0, 0.0, 0, 0, 0.0, 0, 0, 2.0, 2, 2], "deviation": [0.0, 0.11179894836849429, 0.0, 0.0, 0.0, 0.0, 0.08239692378226561, 0.05887430317956406, 0.18148081180645276, 0.07254762501100116, 0.1063932336874954, 0.7147420323059742, 0.14218676589829235, 0.2084090771399927, 0.31105455813669836, 1.140707170221199, 1.0554517964472163, 0.5734437368201397, 0.7429379618209786, 0.6515583641446041]}, "NSP5": {"data": [0.0, 0, 0.0, 0, 0.0, 0.0, 0, 0.0, 0, 0.0, 0, 0.0, 0, 0, 0.0, 0, 0, 0.0, 0, 0],