{"indel": {"NSP4": {"data": [0, 0, 0.0, 0.0, 0.0, 0.0, 0.0, 0, 0.0, 0, 0.0], "deviation": [0.0, 0.0, 0.0, 0.0, 0.0, 0.0, 0.0, 0.0, 0.0, 0.0, 0.0]}, "E": {"data": [0, 0, 0.0, 0.0, 0.0, 0.0, 0.0, 0, 0.0, 0, 0.0], "deviation": [0.0, 0.0, 0.0, 0.0, 0.0, 0.0, 0.0, 0.0, 0.0, 0.0, 0.0]}, "NS7a": {"data": [0, 0, 0.0, 0.0, 0.0, 0.0, 0.0, 0, 0.0, 0, 0.0], "deviation": [0.0, 0.0, 0.0, 0.0, 0.0, 0.0, 0.0, 0.0, 0.0, 0.0, 0.0]}, "NSP5": {"data": [0, 0, 0.0, 0.0, 0.0, 0.0, 0.0, 0, 0.0, 0, 0.0], "deviation": [0.0, 0.0, 0.0, 0.0, 0.0, 0.0, 0.0, 0.0, 0.0, 0.0, 0.0]}, "NS7b": {"data": [0, 0, 0.0, 0.0, 0.0, 0.0, 0.0, 0, 0.0, 0, 0.0], "deviation": [0.0, 0.0, 0.0, 0.0, 0.0, 0.0, 0.0, 0.0, 0.0, 0.0, 0.0]}, "NSP6": {"data": [0, 0, 0.0, 0.0, 0.0, 0.0, 0.0, 0, 1.5, 0, 0.0], "deviation": [0.0, 0.0, 0.0, 0.0, 0.0, 0.0, 0.0, 0.0, 2.1213203435596424, 1.451932542547383, 1.5222487902147745]}, "NSP7": {"data": [0, 0, 0.0, 0.0, 0.0, 0.0, 0.0, 0, 0.0, 0, 0.0], "deviation": [0.0, 0.0, 0.0, 0.0, 0.0, 0.0, 0.0, 0.0, 0.0, 0.0, 0.0]}, "NSP8": {"data": [0, 0, 0.0, 0.0, 0.0, 0.0, 0.0, 0, 0.0, 0, 0.0], "deviation": [0.0, 0.0, 0.0, 0.0, 0.0, 0.0, 0.0, 0.0, 0.0, 0.0, 0.0]}, "Spike": {"data": [0, 0, 0.0, 0.0, 0.0, 0.0, 0.0, 0, 1.5, 0, 2.0], "deviation": [0.0, 0.13018891098082386, 0.0, 0.0, 0.0, 0.0, 0.2626128657194451, 0.0, 2.1213203435596424, 1.4688967484672493, 1.4546793303071948]}, "NSP9": {"data": [0, 0, 0.0, 0.0, 0.0, 0.0, 0.0, 0, 0.0, 0, 0.0], "deviation": [0.0, 0.0, 0.0, 0.0, 0.0, 0.0, 0.0, 0.0, 0.0, 0.0, 0.0]}, "NSP10": {"data": [0, 0, 0.0, 0.0, 0.0, 0.0, 0.0, 0, 0.0, 0, 0.0], "deviation": [0.0, 0.0, 0.0, 0.0, 0.0, 0.0, 0.0, 0.0, 0.0, 0.0, 0.0]}, "NSP11": {"data": [0, 0, 0.0, 0.0, 0.0, 0.0, 0.0, 0, 0.0, 0, 0.0], "deviation": [0.0, 0.0, 0.0, 0.0, 0.0, 0.0, 0.0, 0.0, 0.0, 0.0, 0.0]}, "NSP12": {"data": [0, 0, 0.0, 0.0, 0.0, 0.0, 0.0, 0, 0.0, 0, 0.0], "deviation": [0.0, 0.0, 0.0, 0.0, 0.0, 0.0, 0.0, 0.0, 0.0, 0.0, 0.0]}, "M": {"data": [0, 0, 0.0, 0.0, 0.0, 0.0, 0.0, 0, 0.0, 0, 0.0], "deviation": [0.0, 0.0, 0.0, 0.0, 0.0, 0.0, 0.0, 0.0, 0.0, 0.0, 0.0]}, "NSP13": {"data": [0, 0, 0.0, 0.0, 0.0, 0.0, 0.0, 0, 0.0, 0, 0.0], "deviation": [0.0, 0.0, 0.0, 0.0, 0.0, 0.0, 0.0, 0.0, 0.0, 0.0, 0.0]}, "N": {"data": [0, 0, 0.0, 0.0, 0.0, 0.0, 0.0, 0, 0.0, 0, 0.0], "deviation": [0.0, 0.0, 0.0, 0.0, 0.0, 0.0, 0.0, 0.0, 0.0, 0.0, 0.0]}, "NSP14": {"data": [0, 0, 0.0, 0.0, 0.0, 0.0, 0.0, 0, 0.0, 0, 0.0], "deviation": [0.0, 0.0, 0.0, 0.0, 0.0, 0.0, 0.0, 0.0, 0.0, 0.0, 0.0]}, "NS3": {"data": [0, 0, 0.0, 0.0, 0.0, 0.0, 0.0, 0, 0.0, 0, 0.0], "deviation": [0.0, 0.0, 0.0, 0.0, 0.0, 0.0, 0.0, 0.0, 0.0, 0.0, 0.0]}, "NSP15": {"data": [0, 0, 0.0, 0.0, 0.0, 0.0, 0.0, 0, 0.0, 0, 0.0], "deviation": [0.0, 0.0, 0.0, 0.0, 0.0, 0.0, 0.0, 0.0, 0.0, 0.0, 0.0]}, "NSP16": {"data": [0, 0, 0.0, 0.0, 0.0, 0.0, 0.0, 0, 0.0, 0, 0.0], "deviation": [0.0, 0.0, 0.0, 0.0, 0.0, 0.0, 0.0, 0.0, 0.0, 0.0, 0.0]}, "NS9b": {"data": [0, 0, 0.0, 0.0, 0.0, 0.0, 0.0, 0, 0.0, 0, 0.0], "deviation": [0.0, 0.0, 0.0, 0.0, 0.0, 0.0, 0.0, 0.0, 0.0, 0.0, 0.0]}, "NS6": {"data": [0, 0, 0.0, 0.0, 0.0, 0.0, 0.0, 0, 0.0, 0, 0.0], "deviation": [0.0, 0.0, 0.0, 0.0, 0.0, 0.0, 0.0, 0.0, 0.0, 0.0, 0.0]}, "NS9c": {"data": [0, 0, 0.0, 0.0, 0.0, 0.0, 0.0, 0, 0.0, 0, 0.0], "deviation": [0.0, 0.0, 0.0, 0.0, 0.0, 0.0, 0.0, 0.0, 0.0, 0.0, 0.0]}, "NSP1": {"data": [0, 0, 0.0, 0.0, 0.0, 0.0, 0.0, 0, 0.0, 0, 0.0], "deviation": [0.0, 0.0, 0.0, 0.0, 0.0, 0.0, 0.0, 0.0, 0.0, 0.0, 0.0]}, "NSP2": {"data": [0, 0, 0.0, 0.0, 0.0, 0.0, 0.0, 0, 0.0, 0, 0.0], "deviation": [0.0, 0.0, 0.0, 0.0, 0.0, 0.0, 0.0, 0.0, 0.0, 0.0, 0.0]}, "NS8": {"data": [0, 0, 0.0, 0.0, 0.0, 0.0, 0.0, 0, 0.0, 0, 0.0], "deviation": [0.0, 0.0, 0.0, 0.0, 0.0, 0.0, 0.0, 0.0, 0.0, 0.0, 0.0]}, "NSP3": {"data": [0, 0, 0.0, 0.0, 0.0, 0.0, 0.0, 0, 0.0, 0, 0.0], "deviation": [0.0, 0.0, 0.0, 0.0, 0.0, 1.8233692233542071, 1.0224343748215319, 0.0, 0.0, 2.521677786486382, 0.0]}}, "missense": {"NSP4": {"data": [0, 0, 0.0, 0.0, 0.5, 0.0, 0.0, 1, 0.0, 1, 0.0], "deviation": [0.13483997249264842, 0.13018891098082386, 0.3535533905932738, 0.4031128874149275, 0.7071067811865476, 0.49236596391733095, 0.5040669445356467, 0.27029495135979437, 0.0, 0.6260126930757011, 0.6686751354593717]}, "E": {"data": [0, 0, 0.0, 0.0, 0.5, 0.0, 0.0, 0, 0.0, 0, 0.0], "deviation": [0.13483997249264842, 0.13018891098082386, 0.0, 0.0, 0.7071067811865476, 0.21320071635561044, 0.0, 0.19854094572374473, 0.0, 0.0, 0.0]}, "NS7a": {"data": [0, 0, 0.0, 0.0, 0.0, 0.0, 0.0, 0, 0.0, 0, 0.0], "deviation": [0.0, 0.0, 0.0, 0.25, 0.0, 0.21320071635561044, 0.39545206428619806, 0.4848847526696838, 0.0, 0.5081911631052416, 0.4068381021724863]}, "NSP5": {"data": [0, 0, 0.0, 0.0, 0.0, 0.0, 0.0, 0, 0.0, 0, 0.0], "deviation": [0.18891859540615819, 0.13018891098082386, 0.0, 0.3415650255319866, 0.0, 0.39477101697586137, 0.5600643813998215, 0.19854094572374473, 0.0, 0.1643989873053573, 0.0]}, "NS7b": {"data": [0, 0, 0.0, 0.0, 0.0, 0.0, 0.0, 0, 0.0, 0, 0.0], "deviation": [0.13483997249264842, 0.0, 0.0, 0.0, 0.0, 0.0, 0.0, 0.08247860988423225, 0.0, 0.0, 0.18257418583505536]}, "NSP6": {"data": [0, 0, 0.0, 0.0, 0.0, 0.0, 0.0, 0, 0.0, 0, 0.0], "deviation": [0.18891859540615819, 0.2808936228404367, 0.4629100498862757, 0.5, 0.0, 0.21320071635561044, 0.13130643285972254, 0.26752262216258416, 0.0, 0.1643989873053573, 0.2537081317024624]}, "NSP7": {"data": [0, 0, 0.0, 0.0, 0.0, 0.0, 0.0, 0, 0.0, 0, 0.0], "deviation": [0.0, 0.0, 0.0, 0.0, 0.0, 0.0, 0.13130643285972254, 0.0, 0.0, 0.0, 0.18257418583505536]}, "NSP8": {"data": [0, 0, 0.0, 0.0, 0.0, 0.0, 0.0, 0, 0.5, 0, 0.0], "deviation": [0.0, 0.0, 0.0, 0.4031128874149275, 0.0, 0.21320071635561044, 0.2234037956221125, 0.14187529518897737, 0.7071067811865476, 0.45022516889074815, 0.30512857662936466]}, "Spike": {"data": [1, 1, 1.0, 1.0, 1.0, 2.0, 2.0, 2, 3.5, 3, 4.5], "deviation": [0.2349869256338642, 0.47250529174874534, 0.7071067811865476, 0.5439056290693574, 1.4142135623730951, 0.5602256811793028, 0.9202961200495972, 0.5576452482587838, 4.949747468305833, 2.2670773342873947, 2.3693444459276654]}, "NSP9": {"data": [0, 0, 0.0, 0.0, 0.0, 0.0, 0.0, 0, 0.0, 0, 0.0], "deviation": [0.0, 0.13018891098082386, 0.0, 0.0, 0.0, 0.0, 0.18405922400991942, 0.0, 0.0, 0.1643989873053573, 0.2537081317024624]}, "NSP10": {"data": [0, 0, 0.0, 0.0, 0.0, 0.0, 0.0, 0, 0.0, 0, 0.0], "deviation": [0.0, 0.0, 0.0, 0.25, 0.0, 0.0, 0.13130643285972254, 0.08247860988423225, 0.0, 0.2767247306920301, 0.4794633014853842]}, "NSP11": {"data": [0, 0, 0.0, 0.0, 0.0, 0.0, 0.0, 0, 0.0, 0, 0.0], "deviation": [0.0, 0.0, 0.0, 0.0, 0.0, 0.0, 0.0, 0.0, 0.0, 0.0, 0.0]}, "NSP12": {"data": [1, 1, 1.5, 1.0, 1.5, 2.0, 2.0, 3, 0.5, 3, 1.0], "deviation": [0.18891859540615819, 0.44838824289303014, 0.5345224838248488, 0.4472135954999579, 2.1213203435596424, 0.9211323729436766, 0.9911892555667041, 0.3897388548609845, 0.7071067811865476, 0.9756802508772799, 0.8840866447369844]}, "M": {"data": [0, 0, 0.0, 0.0, 0.0, 0.0, 0.0, 0, 0.0, 0, 0.0], "deviation": [0.0, 0.13018891098082386, 0.0, 0.25, 0.0, 0.0, 0.0, 0.18188382512203038, 0.0, 0.22924343513512563, 0.4301830671520763]}, "NSP13": {"data": [0, 0, 0.0, 0.0, 1.0, 0.0, 1.0, 2, 0.5, 2, 1.0], "deviation": [0.2992695934475963, 0.3261449731971787, 0.3535533905932738, 0.0, 1.4142135623730951, 1.006472559480393, 0.8120388774781631, 0.5878273182733776, 0.7071067811865476, 1.0815126766107135, 1.1885468767200222]}, "N": {"data": [0, 2, 1.0, 1.0, 1.5, 2.0, 2.0, 3, 2.0, 3, 4.0], "deviation": [1.1266588966321036, 1.039264227434156, 0.6408699444616557, 1.2909944487358056, 2.1213203435596424, 0.7672969364884684, 0.6553793413472313, 0.6193235372853323, 2.8284271247461903, 0.7941225539113158, 1.2058287558794354]}, "NSP14": {"data": [0, 0, 0.0, 0.0, 0.0, 0.0, 0.0, 0, 0.0, 0, 0.0], "deviation": [0.18891859540615819, 0.13018891098082386, 0.0, 0.0, 0.0, 0.0, 0.18405922400991942, 0.26401627632862656, 0.0, 0.4191368221424547, 0.5074162634049248]}, "NS3": {"data": [0, 0, 0.0, 1.0, 0.5, 0.5, 1.0, 1, 0.0, 1, 1.0],