{"indel": {"NSP4": {"data": [0.0, 0.0, 0.0, 0.0, 0.0, 0.0, 0, 0.0, 0, 0, 0, 0.0, 0, 0, 0.0, 0.0, 0.0], "deviation": [0.0, 0.0, 0.0, 0.0, 0.0, 0.0, 0.0, 0.0, 0.0, 0.0, 0.0, 0.0, 0.0, 0.0, 0.0, 0.0, 0.020145574100634507]}, "E": {"data": [0.0, 0.0, 0.0, 0.0, 0.0, 0.0, 0, 0.0, 0, 0, 0, 0.0, 0, 0, 0.0, 0.0, 0.0], "deviation": [0.0, 0.0, 0.0, 0.0, 0.0, 0.0, 0.0, 0.0, 0.0, 0.0, 0.0, 0.0, 0.0, 0.0, 0.0, 0.0, 0.0]}, "NS7a": {"data": [0.0, 0.0, 0.0, 0.0, 0.0, 0.0, 0, 0.0, 0, 0, 0, 0.0, 0, 0, 0.0, 0.0, 0.0], "deviation": [0.0, 0.0, 0.0, 0.0, 0.0, 0.0, 0.0, 0.0, 0.11377602479771486, 0.12991396049232617, 0.0, 0.0, 0.0, 0.0, 0.0, 0.0, 0.4506067954082628]}, "NSP5": {"data": [0.0, 0.0, 0.0, 0.0, 0.0, 0.0, 0, 0.0, 0, 0, 0, 0.0, 0, 0, 0.0, 0.0, 0.0], "deviation": [0.0, 0.0, 0.0, 0.0, 0.0, 0.0, 0.0, 0.0, 0.0, 0.0, 0.0, 0.0, 0.0, 0.0, 0.0, 0.0, 0.0]}, "NS7b": {"data": [0.0, 0.0, 0.0, 0.0, 0.0, 0.0, 0, 0.0, 0, 0, 0, 0.0, 0, 0, 0.0, 0.0, 0.0], "deviation": [0.0, 0.0, 0.0, 0.0, 0.0, 0.0, 0.0, 0.0, 0.0, 0.0, 0.0, 0.0, 0.0, 0.0, 0.0, 0.0, 0.0]}, "NSP6": {"data": [0.0, 0.0, 0.0, 0.0, 0.0, 0.0, 0, 0.0, 0, 0, 3, 3.0, 3, 3, 0.0, 0.0, 0.0], "deviation": [0.0, 0.11844388384562993, 0.11359236684941297, 0.0, 0.0, 0.0, 0.022721405353294154, 0.04662524041201569, 0.6658255526972793, 1.0281561438515059, 1.4785921742704327, 0.491399820569887, 0.45562716041722723, 0.7604270753136204, 1.5071648309436427, 0.3088237874765992, 0.0]}, "NSP7": {"data": [0.0, 0.0, 0.0, 0.0, 0.0, 0.0, 0, 0.0, 0, 0, 0, 0.0, 0, 0, 0.0, 0.0, 0.0], "deviation": [0.0, 0.0, 0.0, 0.0, 0.0, 0.0, 0.0, 0.0, 0.0, 0.0, 0.0, 0.0, 0.0, 0.0, 0.0, 0.0, 0.0]}, "NSP8": {"data": [0.0, 0.0, 0.0, 0.0, 0.0, 0.0, 0, 0.0, 0, 0, 0, 0.0, 0, 0, 0.0, 0.0, 0.0], "deviation": [0.0, 0.0, 0.0, 0.0, 0.0, 0.0, 0.0, 0.0, 0.0, 0.0, 0.0, 0.0, 0.0, 0.0, 0.0, 0.0, 0.0]}, "Spike": {"data": [0.0, 0.0, 0.0, 0.0, 0.0, 0.0, 0, 0.0, 0, 0, 3, 3.0, 3, 3, 2.0, 2.0, 2.0], "deviation": [0.0, 0.29452496253220367, 0.0, 0.0, 0.15617376188860607, 0.24533282703938344, 0.2178259131568999, 0.39841972581671153, 0.7807900392302919, 1.091419466949159, 1.4949307053389407, 0.8391686733621468, 0.5009486137956001, 0.8015605174838132, 1.2814577881957316, 0.48533137088935274, 0.45637336717661786]}, "NSP9": {"data": [0.0, 0.0, 0.0, 0.0, 0.0, 0.0, 0, 0.0, 0, 0, 0, 0.0, 0, 0, 0.0, 0.0, 0.0], "deviation": [0.0, 0.0, 0.0, 0.0, 0.0, 0.0, 0.0, 0.0, 0.0, 0.0, 0.0, 0.0, 0.0, 0.0, 0.0, 0.02765006318046655, 0.0]}, "NSP10": {"data": [0.0, 0.0, 0.0, 0.0, 0.0, 0.0, 0, 0.0, 0, 0, 0, 0.0, 0, 0, 0.0, 0.0, 0.0], "deviation": [0.0, 0.0, 0.0, 0.0, 0.0, 0.0, 0.0, 0.0, 0.0, 0.0, 0.0, 0.0, 0.0, 0.0, 0.0, 0.0, 0.0]}, "NSP11": {"data": [0.0, 0.0, 0.0, 0.0, 0.0, 0.0, 0, 0.0, 0, 0, 0, 0.0, 0, 0, 0.0, 0.0, 0.0], "deviation": [0.0, 0.0, 0.0, 0.0, 0.0, 0.0, 0.0, 0.0, 0.0, 0.0, 0.0, 0.0, 0.0, 0.0, 0.0, 0.0, 0.0]}, "NSP12": {"data": [0.0, 0.0, 0.0, 0.0, 0.0, 0.0, 0, 0.0, 0, 0, 0, 0.0, 0, 0, 0.0, 0.0, 0.0], "deviation": [0.0, 0.0, 0.11359236684941297, 0.0, 0.0, 0.0, 0.0, 0.0, 0.0, 0.0, 0.0, 0.0, 0.0, 0.0, 0.0, 0.0, 0.0]}, "M": {"data": [0.0, 0.0, 0.0, 0.0, 0.0, 0.0, 0, 0.0, 0, 0, 0, 0.0, 0, 0, 0.0, 0.0, 0.0], "deviation": [0.0, 0.0, 0.0, 0.0, 0.0, 0.0, 0.0, 0.0, 0.0, 0.0, 0.0, 0.0, 0.0, 0.0, 0.0, 0.0, 0.0]}, "NSP13": {"data": [0.0, 0.0, 0.0, 0.0, 0.0, 0.0, 0, 0.0, 0, 0, 0, 0.0, 0, 0, 0.0, 0.0, 0.0], "deviation": [0.0, 0.0, 0.0, 0.0, 0.0, 0.0, 0.0, 0.0, 0.0, 0.0, 0.0, 0.0, 0.0, 0.0, 0.0, 0.0, 0.0]}, "N": {"data": [0.0, 0.0, 0.0, 0.0, 0.0, 0.0, 0, 0.0, 0, 0, 0, 0.0, 0, 0, 0.0, 0.0, 0.0], "deviation": [0.0, 0.0, 0.0, 0.0, 0.0, 0.0, 0.022721405353294154, 0.0, 0.0, 0.19487094073848926, 0.0, 0.0, 0.0, 0.0, 0.10783277320343841, 0.07817626477038292, 0.0]}, "NSP14": {"data": [0.0, 0.0, 0.0, 0.0, 0.0, 0.0, 0, 0.0, 0, 0, 0, 0.0, 0, 0, 0.0, 0.0, 0.0], "deviation": [0.0, 0.0, 0.0, 0.0, 0.0, 0.0, 0.0, 0.0, 0.0, 0.0, 0.0, 0.0, 0.0, 0.0, 0.0, 0.0, 0.0]}, "NS3": {"data": [0.0, 0.0, 0.0, 0.0, 0.0, 0.0, 0, 0.0, 0, 0, 0, 0.0, 0, 0, 0.0, 0.0, 0.0], "deviation": [0.0, 0.431576503236327, 0.0, 0.0, 0.0, 0.05817280531665337, 0.055583933250880235, 0.0, 0.0, 0.1290855952307929, 0.0, 0.0, 0.0, 0.0, 0.0, 0.02765006318046655, 0.0]}, "NSP15": {"data": [0.0, 0.0, 0.0, 0.0, 0.0, 0.0, 0, 0.0, 0, 0, 0, 0.0, 0, 0, 0.0, 0.0, 0.0], "deviation": [0.0, 0.0, 0.0, 0.0, 0.0, 0.0, 0.0, 0.0, 0.0, 0.0, 0.0, 0.0, 0.0, 0.0, 0.0, 0.0, 0.0]}, "NSP16": {"data": [0.0, 0.0, 0.0, 0.0, 0.0, 0.0, 0, 0.0, 0, 0, 0, 0.0, 0, 0, 0.0, 0.0, 0.0], "deviation": [0.0, 0.0, 0.0, 0.0, 0.0, 0.0, 0.0, 0.0, 0.0, 0.0, 0.0, 0.0, 0.0, 0.0, 0.0, 0.0, 0.0]}, "NS9b": {"data": [0.0, 0.0, 0.0, 0.0, 0.0, 0.0, 0, 0.0, 0, 0, 0, 0.0, 0, 0, 0.0, 0.0, 0.0], "deviation": [0.0, 0.0, 0.0, 0.0, 0.0, 0.0, 0.0, 0.0, 0.0, 0.0, 0.0, 0.0, 0.0, 0.0, 0.0, 0.0, 0.0]}, "NS6": {"data": [0.0, 0.0, 0.0, 0.0, 0.0, 0.0, 0, 0.0, 0, 0, 0, 0.0, 0, 0, 0.0, 0.0, 0.0], "deviation": [0.0, 0.0, 0.0, 0.0, 0.0, 0.0, 0.0, 0.0, 0.0, 0.0, 0.0, 0.0, 0.0, 0.0, 0.0, 0.0, 0.0]}, "NS9c": {"data": [0.0, 0.0, 0.0, 0.0, 0.0, 0.0, 0, 0.0, 0, 0, 0, 0.0, 0, 0, 0.0, 0.0, 0.0], "deviation": [0.0, 0.0, 0.0, 0.0, 0.0, 0.0, 0.0, 0.0, 0.0, 0.0, 0.0, 0.0, 0.0, 0.0, 0.0, 0.0, 0.0]}, "NSP1": {"data": [0.0, 0.0, 0.0, 0.0, 0.0, 0.0, 0, 0.0, 0, 0, 0, 0.0, 0, 0, 0.0, 0.0, 0.0], "deviation": [0.0, 0.08631530064726539, 0.0, 0.44232586846469146, 0.15617376188860607, 0.20584674239815454, 0.1800658860460832, 0.13173236047330983, 0.12704015351541426, 0.19487094073848926, 0.0, 0.0, 0.0, 0.2060104810498419, 0.0, 0.3216822965914279, 0.30594691340616376]}, "NSP2": {"data": [0.5, 0.0, 0.0, 0.0, 0.0, 0.0, 0, 0.0, 0, 0, 0, 0.0, 0, 0, 0.0, 0.0, 0.0], "deviation": [0.7071067811865476, 0.1701092594891422, 0.1864218489130665, 0.0, 0.0, 0.0, 0.0, 0.0, 0.0, 0.0, 0.0, 0.0, 0.0, 0.0, 0.0, 0.0, 0.020145574100634507]}, "NS8": {"data": [0.0, 0.0, 0.0, 0.0, 0.0, 0.0, 0, 0.0, 0, 0, 0, 0.0, 0, 0, 0.0, 0.0, 0.0], "deviation": [0.0, 0.0575435337648436, 0.0, 0.0, 0.0, 0.0, 0.04544281070658831, 0.16116230286847785, 0.0, 0.0, 0.0, 0.43168113986906875, 0.17466525473596875, 0.0, 0.0, 0.0, 0.020145574100634507]}, "NSP3": {"data": [0.0, 0.0, 0.0, 0.0, 0.0, 0.0, 0, 0.0, 0, 0, 0, 0.0, 0, 0, 0.0, 0.0, 0.0], "deviation": [0.0, 0.1548255747331156, 0.056796183424706485, 0.0, 0.0, 0.6587095756740946, 0.022721405353294154, 0.0, 0.0, 0.0, 0.0, 0.0, 0.0, 0.0, 0.0, 0.02765006318046655, 0.18351785589875316]}}, "missense": {"NSP4": {"data": [0.0, 0.0, 0.0, 1.0, 1.0, 0.0, 0, 0.0, 0, 0, 0, 0.0, 0, 0, 0.0, 2.0, 1.0], "deviation": [0.0, 0.06422893392705856, 0.12617544212909043, 0.249637418228338, 0.48480579635824567, 0.3426466012272206, 0.18146437392266423, 0.33230874074556366, 0.3565350184066483, 0.48579919533171195, 0.5221154933480351, 0.11663685877841849, 0.1245030262725638, 0.41058784136762644, 0.7471789168528042, 0.6066374563999024, 0.5952448642121619]}, "E": {"data": [0.0, 0.0, 0.0, 0.0, 0.0, 0.0, 0, 0.0, 0, 0, 0, 0.0, 0, 0, 0.0, 0.0, 0.0], "deviation": [0.0, 0.07593350056974899, 0.0, 0.0, 0.0, 0.05817280531665337, 0.06414955092536755, 0.08058115143423893, 0.05688801239885743, 0.11203104360285357, 0.16012815380508713, 0.0827605888602368, 0.0, 0.09245003270420486, 0.10783277320343841, 0.06173273868350286, 0.07780140939384271]}, "NS7a": {"data": [0.0, 0.0, 0.0, 0.0, 0.0, 0.0, 0, 0.0, 0, 0, 0, 0.0, 0, 0, 0.0, 2.0, 2.0], "deviation": [0.0, 0.1701092594891422, 0.1488025068066559, 0.0, 0.20276039097525023, 0.09174434026430853, 0.09053284887701227, 0.10380193320695516, 0.05688801239885743, 0.3131255806607094, 0.30735474060472817, 0.11663685877841849, 0.06262242910851495, 0.4148723522612622, 1.0453466688150568, 0.48256102369785303, 0.46746225609158015]}, "NSP5": {"data": [0.0, 0.0, 0.0, 0.0, 0.0, 0.0, 0, 0.0, 0, 0, 0, 0.0, 0, 0, 0.0, 0.0, 0.0], "deviation": [0.0, 0.4162189352963576, 0.47062139490032395, 0.2061845709423622, 0.29274994244991603, 0.12266641351969172, 0.1333720918136664, 0.1308666400735258, 0.2894929385599317, 0.19153956806890401, 0.26995276239950855, 0.0827605888602368, 0.1080373565159956, 0.13017931816417444, 0.3299877707803262, 0.10651314940277153, 0.2874667863330373]},