{"indel": {"NSP4": {"data": [0.0, 0.0, 0, 0, 0.0, 0, 0, 0, 0.0, 0, 0.0, 0, 0, 0, 0, 0, 0.0, 0.0], "deviation": [0.0, 0.0, 0.0, 0.0, 0.0, 0.0, 0.0, 0.0, 0.0, 0.06851887098275317, 0.0, 0.08137764292889192, 4.00397804572347, 2.789605183282528, 1.4698278900158406, 1.2102022980930478, 3.9179196252797004, 0.0]}, "E": {"data": [0.0, 0.0, 0, 0, 0.0, 0, 0, 0, 0.0, 0, 0.0, 0, 0, 0, 0, 0, 0.0, 0.0], "deviation": [0.0, 0.0, 0.0, 0.0, 0.0, 0.0, 0.0, 0.0, 0.0, 0.0, 0.0, 0.0, 0.0, 0.0, 0.0, 0.0, 0.0, 0.0]}, "NS7a": {"data": [0.0, 0.0, 0, 0, 0.0, 0, 0, 0, 0.0, 0, 0.0, 0, 0, 0, 0, 0, 0.0, 0.0], "deviation": [0.0, 0.0, 0.0, 0.0, 0.0, 0.0, 0.0, 0.0, 0.0, 0.0, 0.21506626053524402, 0.04708816093480111, 0.0, 0.0, 0.24977488364425268, 0.5753880593908878, 2.2674475728857226, 2.1763506327344406]}, "NSP5": {"data": [0.0, 0.0, 0, 0, 0.0, 0, 0, 0, 0.0, 0, 0.0, 0, 0, 0, 0, 0, 0.0, 0.0], "deviation": [0.0, 0.0, 0.0, 0.0, 0.0, 0.0, 0.0, 0.0, 0.0, 0.06851887098275317, 0.0, 0.0, 0.0, 0.0, 0.0, 0.0, 0.0, 0.0]}, "NS7b": {"data": [0.0, 0.0, 0, 0, 0.0, 0, 0, 0, 0.0, 0, 0.0, 0, 0, 0, 0, 0, 0.0, 0.0], "deviation": [0.0, 0.0, 0.0, 0.0, 0.0, 0.0, 0.0, 0.0, 0.0, 0.11811703659636798, 0.0, 0.04708816093480111, 0.04531432544294438, 0.07018581167423793, 0.17150239643391754, 0.04415102246432594, 0.0, 0.0]}, "NSP6": {"data": [0.0, 0.0, 0, 0, 0.0, 0, 0, 0, 0.0, 0, 0.0, 0, 0, 0, 0, 0, 0.0, 0.0], "deviation": [0.0, 0.0, 0.0, 0.0, 0.0, 0.37796447300922725, 0.0, 0.34641016151377546, 1.84085959403313, 0.8964452786735648, 1.0745594875380773, 1.3325755422330006, 1.3409232096925823, 1.56828439754885, 1.0718371715555284, 0.22863310552519506, 0.6975040409117756, 0.0]}, "NSP7": {"data": [0.0, 0.0, 0, 0, 0.0, 0, 0, 0, 0.0, 0, 0.0, 0, 0, 0, 0, 0, 0.0, 0.0], "deviation": [0.0, 0.0, 0.0, 0.0, 0.0, 0.0, 0.0, 0.0, 0.0, 0.0, 0.0, 0.0, 0.0, 0.0, 0.0, 0.0, 0.0, 0.0]}, "NSP8": {"data": [0.0, 0.0, 0, 0, 0.0, 0, 0, 0, 0.0, 0, 0.0, 0, 0, 0, 0, 0, 0.0, 0.0], "deviation": [0.0, 0.0, 0.0, 0.0, 0.0, 0.0, 0.0, 0.0, 0.0, 0.0, 0.0, 0.04708816093480111, 0.0, 0.0, 0.0, 0.0, 0.0, 0.0]}, "Spike": {"data": [0.0, 0.0, 0, 0, 0.0, 0, 0, 0, 0.0, 0, 0.0, 0, 0, 0, 0, 2, 2.0, 2.0], "deviation": [0.0, 0.0, 0.8, 0.0, 0.0, 0.0, 1.2846296057789248, 0.0, 0.6324555320336759, 0.06851887098275317, 0.2782569864156223, 0.41530227462084474, 0.4414589053747282, 0.7649819662121139, 1.1769171631571735, 0.9465639336413647, 0.6104812454723881, 0.39480812474649146]}, "NSP9": {"data": [0.0, 0.0, 0, 0, 0.0, 0, 0, 0, 0.0, 0, 0.0, 0, 0, 0, 0, 0, 0.0, 0.0], "deviation": [0.0, 0.0, 0.0, 0.0, 0.0, 0.0, 0.0, 0.0, 0.0, 0.0, 0.0, 0.0, 0.0, 0.0, 0.0, 0.0, 0.0, 0.0]}, "NSP10": {"data": [0.0, 0.0, 0, 0, 0.0, 0, 0, 0, 0.0, 0, 0.0, 0, 0, 0, 0, 0, 0.0, 0.0], "deviation": [0.0, 0.0, 0.0, 0.0, 0.0, 0.0, 0.0, 0.0, 0.0, 0.0, 0.0, 0.0, 0.0, 0.0, 0.0, 0.0, 0.0, 0.0]}, "NSP11": {"data": [0.0, 0.0, 0, 0, 0.0, 0, 0, 0, 0.0, 0, 0.0, 0, 0, 0, 0, 0, 0.0, 0.0], "deviation": [0.0, 0.0, 0.0, 0.0, 0.0, 0.0, 0.0, 0.0, 0.0, 0.0, 0.0, 0.0, 0.0, 0.0, 0.0, 0.0, 0.0, 0.0]}, "NSP12": {"data": [0.0, 0.0, 0, 0, 0.0, 0, 0, 0, 0.0, 0, 0.0, 0, 0, 0, 0, 0, 0.0, 0.0], "deviation": [0.0, 0.0, 0.0, 0.0, 0.0, 0.0, 0.25607375986579195, 0.11547005383792516, 0.0, 0.0, 0.0, 0.0, 0.0, 0.0, 0.0, 0.02550721637464237, 0.0, 0.0]}, "M": {"data": [0.0, 0.0, 0, 0, 0.0, 0, 0, 0, 0.0, 0, 0.0, 0, 0, 0, 0, 0, 0.0, 0.0], "deviation": [0.0, 0.0, 0.0, 0.0, 0.0, 0.0, 0.0, 0.0, 0.0, 0.0, 0.0, 0.0, 0.0, 0.0, 0.10295973345818704, 0.10818272107218256, 0.16093219961597577, 0.0]}, "NSP13": {"data": [0.0, 0.0, 0, 0, 0.0, 0, 0, 0, 0.0, 0, 0.0, 0, 0, 0, 0, 0, 0.0, 0.0], "deviation": [0.0, 0.0, 0.0, 0.0, 0.0, 0.0, 0.0, 0.0, 0.0, 0.0, 0.0, 0.0, 0.0, 0.0, 0.0, 0.0, 0.0, 0.0]}, "N": {"data": [0.0, 0.0, 0, 0, 0.0, 0, 0, 0, 0.0, 0, 0.0, 0, 0, 0, 0, 0, 0.0, 0.0], "deviation": [0.0, 0.0, 0.0, 0.0, 0.0, 0.0, 0.0, 0.0, 0.0, 0.0, 0.05296260951170747, 0.04708816093480111, 0.04531432544294438, 0.049690399499995326, 0.076560445909771, 0.12753608187321183, 0.08483097276236899, 0.0]}, "NSP14": {"data": [0.0, 0.0, 0, 0, 0.0, 0, 0, 0, 0.0, 0, 0.0, 0, 0, 0, 0, 0, 0.0, 0.0], "deviation": [0.0, 0.0, 0.0, 0.0, 0.0, 0.0, 0.0, 0.0, 0.0, 0.0, 0.0, 0.04708816093480111, 0.0, 0.0, 0.0, 0.04415102246432594, 0.0, 0.0]}, "NS3": {"data": [0.0, 0.0, 0, 0, 0.0, 0, 0, 0, 0.0, 0, 0.0, 0, 0, 0, 0, 0, 0.0, 0.0], "deviation": [0.0, 0.0, 0.6244997998398398, 0.0, 0.1543033499620919, 0.706925727085209, 0.662830492882669, 1.010396407802849, 0.9246924784896224, 0.6070422637974382, 1.0240089454641745, 0.49695797941948444, 1.5461292132494433, 1.3678069960658694, 1.1604313355401135, 0.6203852622066537, 2.5555983154836603, 0.14213381090374028]}, "NSP15": {"data": [0.0, 0.0, 0, 0, 0.0, 0, 0, 0, 0.0, 0, 0.0, 0, 0, 0, 0, 0, 0.0, 0.0], "deviation": [0.0, 0.0, 0.0, 0.0, 0.0, 0.0, 0.0, 0.0, 0.0, 0.0, 0.0, 0.0, 0.0, 0.0, 0.0, 0.0, 0.0, 0.0]}, "NSP16": {"data": [0.0, 0.0, 0, 0, 0.0, 0, 0, 0, 0.0, 0, 0.0, 0, 0, 0, 0, 0, 0.0, 0.0], "deviation": [0.0, 0.0, 0.0, 0.0, 0.0, 0.0, 3.2009219983223995, 0.11547005383792516, 0.0, 0.0, 0.0, 0.0, 0.0, 0.0, 0.0, 0.0, 0.0, 0.0]}, "NS9b": {"data": [0.0, 0.0, 0, 0, 0.0, 0, 0, 0, 0.0, 0, 0.0, 0, 0, 0, 0, 0, 0.0, 0.0], "deviation": [0.0, 0.0, 0.0, 0.0, 0.0, 0.0, 0.0, 0.0, 0.0, 0.0, 0.0, 0.0, 0.0, 0.0, 0.0, 0.0, 0.0, 0.0]}, "NS6": {"data": [0.0, 0.0, 0, 0, 0.0, 0, 0, 0, 0.0, 0, 0.0, 0, 0, 0, 0, 0, 0.0, 0.0], "deviation": [0.0, 0.0, 0.0, 0.0, 0.0, 0.0, 0.0, 0.0, 0.0, 0.0, 0.0, 0.0, 0.0, 0.0, 0.0, 0.0, 0.0, 0.0]}, "NS9c": {"data": [0.0, 0.0, 0, 0, 0.0, 0, 0, 0, 0.0, 0, 0.0, 0, 0, 0, 0, 0, 0.0, 0.0], "deviation": [0.0, 0.0, 0.0, 0.0, 0.0, 0.0, 0.0, 0.0, 0.0, 0.0, 0.0, 0.0, 0.0, 0.0, 0.0, 0.0, 0.0, 0.0]}, "NSP1": {"data": [0.0, 0.0, 0, 0, 0.0, 0, 0, 0, 0.0, 0, 0.0, 0, 0, 0, 0, 0, 0.0, 0.0], "deviation": [0.4743416490252569, 0.0, 0.0, 0.0, 0.0, 0.0, 0.0, 0.34641016151377546, 0.0, 0.2055566129482595, 0.19445996465908508, 0.14126448280440332, 0.14320799709946208, 0.0, 0.355117455537106, 0.2954767484790986, 0.2303034078512555, 0.42447309526494675]}, "NSP2": {"data": [0.0, 0.0, 0, 0, 0.0, 0, 0, 0, 0.0, 0, 0.0, 0, 0, 0, 0, 0, 0.0, 0.0], "deviation": [0.0, 0.0, 0.0, 0.0, 0.0, 0.0, 0.0, 0.0, 0.0, 0.0, 0.0, 0.0, 0.0, 0.0, 0.0, 0.0, 0.037959480900056165, 0.0]}, "NS8": {"data": [0.0, 0.0, 0, 0, 0.0, 0, 0, 0, 0.0, 0, 0.0, 0, 0, 0, 0, 0, 0.0, 0.0], "deviation": [0.0, 0.0, 0.0, 0.0, 0.0, 0.0, 0.0, 0.0, 0.0, 0.27999088858035165, 0.20085607488604526, 0.22939877716601362, 0.2018161429047865, 0.0, 0.0, 1.5822368191163776, 0.07591896180011233, 0.14213381090374028]}, "NSP3": {"data": [0.0, 0.0, 0, 0, 0.0, 0, 0, 0, 0.0, 0, 0.0, 0, 0, 0, 0, 0, 0.0, 0.0], "deviation": [0.0, 0.0, 0.0, 0.6509445549041194, 0.0, 0.0, 0.0, 0.0, 0.0, 0.0, 0.0, 0.3349995311686607, 0.25607267793180105, 5.844501331985643, 0.19698372226943678, 0.7614486647660194, 0.07591896180011233, 0.15858744252502047]}}, "missense": {"NSP4": {"data": [0.0, 0.0, 0, 0, 0.0, 0, 0, 0, 0.0, 0, 0.0, 0, 0, 0, 0, 2, 2.0, 2.0], "deviation": [0.15811388300841897, 0.6969320524371696, 0.27688746209726917, 0.2535545088414485, 0.32777006756156785, 0.35273781075132926, 0.520613341517599, 0.4349588362008401, 0.4126586253474631, 0.39197594478230346, 0.7289004922202383, 0.758851844695383, 9.901845030761919, 7.769386483927393, 3.792039215937179, 3.917742446864133, 8.33835533645158, 0.5394026674533092]}, "E": {"data": [0.0, 0.0, 0, 0, 0.0, 0, 0, 0, 0.0, 0, 0.0, 0, 0, 0, 0, 0, 0.0, 0.0], "deviation": [0.0, 0.16666666666666666, 0.0, 0.365041649945876, 0.1543033499620919, 0.12598815766974242, 0.0, 0.16219218941214866, 0.20723493215097805, 0.17870014216457047, 0.34564564878124127, 0.33483769919053563, 0.2166773428516819, 0.21366928992381112, 0.25533509956043615, 0.18005534297647022, 0.1356747030063715, 0.1224650671116759]}, "NS7a": {"data": [0.0, 0.0, 0, 0, 0.0, 0, 0, 0, 0.0, 0, 0.0, 0, 0, 0, 0, 2, 2.0, 2.0],