{"indel": {"NSP4": {"data": [0.0, 0, 0, 0, 0, 0.0, 0.0, 0.0, 0.0, 0, 0.0, 0.0], "deviation": [0.0, 0.0, 0.0, 0.0, 0.0, 0.0, 0.0, 0.0, 0.0, 0.0, 0.0, 0.0]}, "E": {"data": [0.0, 0, 0, 0, 0, 0.0, 0.0, 0.0, 0.0, 0, 0.0, 0.0], "deviation": [0.0, 0.0, 0.0, 0.0, 0.0, 0.0, 0.0, 0.0, 0.0, 0.0, 0.0, 0.0]}, "NS7a": {"data": [0.0, 0, 0, 0, 0, 0.0, 0.0, 0.0, 0.0, 0, 0.0, 0.0], "deviation": [0.0, 0.0, 0.0, 0.0, 0.0, 0.0, 0.0, 0.0, 0.10206207261596575, 0.0, 0.0, 0.0]}, "NSP5": {"data": [0.0, 0, 0, 0, 0, 0.0, 0.0, 0.0, 0.0, 0, 0.0, 0.0], "deviation": [0.0, 0.0, 0.0, 0.0, 0.0, 0.0, 0.0, 0.0, 0.0, 0.0, 0.0, 0.0]}, "NS7b": {"data": [0.0, 0, 0, 0, 0, 0.0, 0.0, 0.0, 0.0, 0, 0.0, 0.0], "deviation": [0.0, 0.0, 0.0, 0.0, 0.0, 0.0, 0.0, 0.0, 0.0, 0.0, 0.0, 0.0]}, "NSP6": {"data": [0.0, 0, 0, 0, 0, 0.0, 3.0, 0.0, 3.0, 0, 0.0, 0.0], "deviation": [0.0, 0.0, 0.0, 0.0, 0.0, 0.0, 1.5, 1.5, 1.4747881203752624, 0.0, 0.0, 0.0]}, "NSP7": {"data": [0.0, 0, 0, 0, 0, 0.0, 0.0, 0.0, 0.0, 0, 0.0, 0.0], "deviation": [0.0, 0.0, 0.0, 0.0, 0.0, 0.0, 0.0, 0.0, 0.0, 0.0, 0.0, 0.0]}, "NSP8": {"data": [0.0, 0, 0, 0, 0, 0.0, 0.0, 0.0, 0.0, 0, 0.0, 0.0], "deviation": [0.0, 0.0, 0.0, 0.0, 0.0, 0.0, 0.0, 0.0, 0.0, 0.0, 0.0, 0.0]}, "Spike": {"data": [0.0, 0, 0, 0, 0, 0.0, 2.5, 0.0, 2.5, 0, 0.0, 0.0], "deviation": [0.0, 0.0, 0.0, 0.0, 0.0, 0.0, 1.4142135623730951, 1.5, 1.485861732369233, 0.0, 1.378954368902449, 0.0]}, "NSP9": {"data": [0.0, 0, 0, 0, 0, 0.0, 0.0, 0.0, 0.0, 0, 0.0, 0.0], "deviation": [0.0, 0.0, 0.0, 0.0, 0.0, 0.0, 0.0, 0.0, 0.0, 0.0, 0.0, 0.0]}, "NSP10": {"data": [0.0, 0, 0, 0, 0, 0.0, 0.0, 0.0, 0.0, 0, 0.0, 0.0], "deviation": [0.0, 0.0, 0.0, 0.0, 0.0, 0.0, 0.0, 0.0, 0.2041241452319315, 0.0, 0.0, 0.0]}, "NSP11": {"data": [0.0, 0, 0, 0, 0, 0.0, 0.0, 0.0, 0.0, 0, 0.0, 0.0], "deviation": [0.0, 0.0, 0.0, 0.0, 0.0, 0.0, 0.0, 0.0, 0.0, 0.0, 0.0, 0.0]}, "NSP12": {"data": [0.0, 0, 0, 0, 0, 0.0, 0.0, 0.0, 0.0, 0, 0.0, 0.0], "deviation": [0.0, 0.0, 0.0, 0.0, 0.0, 0.0, 0.0, 0.0, 0.0, 0.0, 0.0, 0.0]}, "M": {"data": [0.0, 0, 0, 0, 0, 0.0, 0.0, 0.0, 0.0, 0, 0.0, 0.0], "deviation": [0.0, 0.0, 0.0, 0.0, 0.0, 0.0, 0.0, 0.0, 0.0, 0.0, 0.0, 0.0]}, "NSP13": {"data": [0.0, 0, 0, 0, 0, 0.0, 0.0, 0.0, 0.0, 0, 0.0, 0.0], "deviation": [0.0, 0.0, 0.0, 0.0, 0.0, 0.0, 0.0, 0.0, 0.0, 0.0, 0.0, 0.0]}, "N": {"data": [0.0, 0, 0, 0, 0, 0.0, 0.0, 0.0, 0.0, 0, 0.0, 0.0], "deviation": [0.0, 0.0, 0.0, 0.0, 0.0, 0.0, 0.0, 0.0, 0.0, 0.0, 0.0, 0.0]}, "NSP14": {"data": [0.0, 0, 0, 0, 0, 0.0, 0.0, 0.0, 0.0, 0, 0.0, 0.0], "deviation": [0.0, 0.0, 0.0, 0.0, 0.0, 0.0, 0.0, 0.0, 0.0, 0.0, 0.0, 0.0]}, "NS3": {"data": [0.0, 0, 0, 0, 0, 0.0, 0.0, 0.0, 0.0, 0, 0.0, 0.0], "deviation": [0.0, 0.0, 0.0, 0.0, 0.0, 0.0, 0.0, 0.0, 0.0, 0.0, 0.0, 0.0]}, "NSP15": {"data": [0.0, 0, 0, 0, 0, 0.0, 0.0, 0.0, 0.0, 0, 0.0, 0.0], "deviation": [0.0, 0.0, 0.0, 0.0, 0.0, 0.0, 0.0, 0.0, 0.0, 0.0, 0.0, 0.0]}, "NSP16": {"data": [0.0, 0, 0, 0, 0, 0.0, 0.0, 0.0, 0.0, 0, 0.0, 0.0], "deviation": [0.0, 0.0, 0.0, 0.0, 0.0, 0.0, 0.0, 0.0, 0.0, 0.0, 0.0, 0.0]}, "NS9b": {"data": [0.0, 0, 0, 0, 0, 0.0, 0.0, 0.0, 0.0, 0, 0.0, 0.0], "deviation": [0.0, 0.0, 0.0, 0.0, 0.0, 0.0, 0.0, 0.0, 0.0, 0.0, 0.0, 0.0]}, "NS6": {"data": [0.0, 0, 0, 0, 0, 0.0, 0.0, 0.0, 0.0, 0, 0.0, 0.0], "deviation": [0.0, 0.0, 0.0, 0.0, 0.0, 0.0, 0.0, 1.0, 0.0, 0.0, 0.0, 0.0]}, "NS9c": {"data": [0.0, 0, 0, 0, 0, 0.0, 0.0, 0.0, 0.0, 0, 0.0, 0.0], "deviation": [0.0, 0.0, 0.0, 0.0, 0.0, 0.0, 0.0, 0.0, 0.0, 0.0, 0.0, 0.0]}, "NSP1": {"data": [0.0, 0, 0, 0, 0, 0.0, 0.0, 0.0, 0.0, 0, 0.0, 0.0], "deviation": [0.0, 0.0, 0.0, 0.0, 0.0, 0.0, 0.0, 0.0, 0.0, 0.0, 0.0, 0.0]}, "NSP2": {"data": [0.0, 0, 0, 0, 0, 0.0, 0.0, 0.0, 0.0, 0, 0.0, 0.0], "deviation": [0.0, 0.0, 0.0, 0.0, 0.0, 0.0, 0.0, 0.0, 4.898979485566356, 0.0, 0.0, 0.0]}, "NS8": {"data": [0.0, 0, 0, 0, 0, 0.0, 0.0, 0.0, 0.0, 0, 0.0, 0.0], "deviation": [0.0, 0.0, 0.0, 0.0, 0.0, 0.0, 0.0, 0.0, 0.0, 0.0, 0.0, 0.0]}, "NSP3": {"data": [0.0, 0, 0, 0, 0, 0.0, 0.0, 0.0, 0.0, 0, 0.0, 0.0], "deviation": [0.0, 0.0, 0.0, 0.0, 0.0, 0.0, 0.0, 0.0, 0.0, 0.0, 0.0, 0.0]}}, "missense": {"NSP4": {"data": [0.0, 0, 0, 0, 0, 0.0, 0.0, 0.0, 0.0, 0, 0.0, 0.0], "deviation": [0.0, 0.0, 0.0, 0.0, 0.0, 0.0, 0.5, 0.0, 0.4915960401250875, 0.0, 0.7929614610987591, 0.0]}, "E": {"data": [0.0, 0, 0, 0, 0, 0.0, 0.0, 0.0, 0.0, 0, 0.0, 0.0], "deviation": [0.0, 0.0, 0.0, 0.0, 0.0, 0.0, 0.0, 0.0, 0.10206207261596575, 0.0, 0.0, 0.0]}, "NS7a": {"data": [0.0, 0, 0, 0, 0, 0.0, 0.5, 0.0, 0.0, 0, 0.0, 0.0], "deviation": [0.0, 0.0, 0.0, 0.0, 0.0, 0.18898223650461363, 0.5773502691896257, 0.0, 0.5346543398850278, 0.0, 0.778498944161523, 0.0]}, "NSP5": {"data": [0.0, 0, 0, 0, 0, 0.0, 0.0, 0.0, 0.0, 0, 0.0, 0.0], "deviation": [0.0, 0.0, 0.22621045769630363, 0.0, 0.0, 0.0, 0.5, 0.0, 0.20087527770480484, 0.37796447300922725, 0.28867513459481287, 0.0]}, "NS7b": {"data": [0.0, 0, 0, 0, 0, 0.0, 0.0, 0.0, 0.0, 0, 0.0, 0.0], "deviation": [0.0, 0.0, 0.0, 0.0, 0.0, 0.0, 0.0, 0.0, 0.0, 0.0, 0.45226701686664544, 0.0]}, "NSP6": {"data": [0.0, 0, 0, 0, 0, 0.0, 0.0, 0.0, 0.0, 2, 0.0, 0.0], "deviation": [0.0, 0.0, 0.11547005383792516, 0.0, 0.447213595499958, 0.0, 0.0, 0.0, 0.22336148028967076, 1.3972762620115438, 0.45226701686664544, 0.0]}, "NSP7": {"data": [0.0, 0, 0, 0, 0, 0.0, 0.0, 0.0, 0.0, 0, 0.0, 0.0], "deviation": [0.0, 0.0, 0.0, 0.0, 0.0, 0.0, 0.0, 0.0, 0.0, 0.0, 0.0, 0.0]}, "NSP8": {"data": [0.0, 0, 0, 0, 0, 0.0, 0.0, 0.0, 0.0, 0, 0.0, 0.0], "deviation": [0.0, 0.0, 0.11547005383792516, 0.0, 0.0, 0.0, 0.0, 0.5, 0.20087527770480484, 0.0, 0.0, 0.0]}, "Spike": {"data": [0.5, 0, 1, 1, 1, 0.0, 5.0, 2.5, 6.0, 7, 3.5, 0.0], "deviation": [0.7071067811865476, 0.0, 1.02667134666068, 0.5773502691896257, 0.5477225575051661, 0.5669467095138409, 2.309401076758503, 2.943920288775949, 2.911561948929842, 3.25868802112869, 2.1672493389016636, 0.0]}, "NSP9": {"data": [0.0, 0, 0, 0, 0, 0.0, 0.0, 0.0, 0.0, 0, 0.0, 0.0], "deviation": [0.0, 0.0, 0.0, 0.0, 0.0, 0.0, 0.0, 0.0, 0.0, 0.0, 0.0, 0.0]}, "NSP10": {"data": [0.0, 0, 0, 0, 0, 0.0, 0.0, 0.0, 0.0, 0, 0.0, 0.0], "deviation": [0.0, 0.0, 0.0, 0.0, 0.0, 0.0, 0.0, 0.0, 0.5103103630798288, 0.0, 0.0, 0.0]}, "NSP11": {"data": [0.0, 0, 0, 0, 0, 0.0, 0.0, 0.0, 0.0, 0, 0.0, 0.0], "deviation": [0.0, 0.0, 0.0, 0.0, 0.0, 0.0, 0.0, 0.0, 0.0, 0.0, 0.0, 0.0]}, "NSP12": {"data": [0.0, 0, 0, 0, 0, 0.0, 1.0, 1.0, 1.0, 1, 1.0, 0.0], "deviation": [0.0, 0.0, 0.4902656018530775, 0.5773502691896258, 0.0, 0.18898223650461363, 0.0, 0.5, 0.5547838207079386, 0.7559289460184544, 0.7537783614444091, 0.0]}, "M": {"data": [0.0, 0, 0, 0, 0, 0.0, 0.0, 0.0, 0.0, 0, 0.0, 0.0], "deviation": [0.0, 0.0, 0.0, 0.0, 0.0, 0.0, 0.0, 0.5, 0.14357588616379596, 0.0, 0.49236596391733095, 0.0]}, "NSP13": {"data": [0.0, 0, 0, 0, 0, 0.0, 0.0, 0.0, 0.0, 0, 0.0, 0.0], "deviation": [0.0, 0.0, 0.0, 0.0, 0.0, 0.18898223650461363, 0.5, 0.5, 0.3733149274911456, 0.0, 0.45226701686664544, 0.0]}, "N": {"data": [0.0, 0, 0, 0, 0, 1.0, 4.0, 1.5, 4.0, 4, 2.0, 0.0], "deviation": [0.0, 0.3333333333333333, 0.5475580515523626, 1.1547005383792517, 16.546903033498445, 18.725354172588805, 1.7320508075688772, 1.707825127659933, 1.6915683577000162, 2.138089935299395, 1.2401124093721456, 0.0]}, "NSP14": {"data": [0.0, 0, 0, 0, 0, 0.0, 1.0, 0.0, 0.0, 0, 0.0, 0.0], "deviation": [0.0, 0.0, 0.0, 0.0, 0.447213595499958, 0.18898223650461363, 0.5, 0.0, 0.47468826335651176, 0.0, 0.3892494720807615, 0.0]}, "NS3": {"data": [0.0, 0, 0, 0, 0, 0.0, 0.5, 1.0, 0.0, 0, 0.0, 0.0], "deviation": [0.0, 0.0, 0.4931969619160719, 0.5773502691896258, 0.0, 0.18898223650461363, 0.9574271077563381, 0.5, 0.7768582701689057, 0.4879500364742666, 0.49236596391733095, 0.0]}, "NSP15": {"data": [0.0, 0, 0, 0, 0, 0.0, 0.0, 0.0, 0.0, 0, 0.0, 0.0], "deviation": [0.0, 0.0, 0.0, 0.0, 0.0, 0.0, 0.0, 0.0, 0.36499819754421575, 0.37796447300922725, 0.0, 0.0]}, "NSP16": {"data": [0.0, 0, 0, 0, 0, 0.0, 0.0, 0.0, 0.0, 0, 0.0, 0.0], "deviation": [0.0, 0.0, 0.0, 0.0, 0.0, 0.18898223650461363, 0.5, 0.0, 0.39068091705043445, 0.0, 0.0, 0.0]},