{"indel": {"NSP4": {"data": [0.0, 0.0, 0.0, 0, 0.0, 0.0, 0, 0.0, 0.0, 0, 0.0, 0, 0, 0, 0, 0.0, 0.0, 0, 0], "deviation": [0.0, 0.0, 0.0, 0.0, 0.0, 0.0, 0.0, 0.0, 0.0, 0.0, 0.0, 0.0, 0.013876848237393777, 0.0, 0.0, 0.0, 0.030656957933480753, 0.24676778347796735, 0.3950908549572716]}, "E": {"data": [0.0, 0.0, 0.0, 0, 0.0, 0.0, 0, 0.0, 0.0, 0, 0.0, 0, 0, 0, 0, 0.0, 0.0, 0, 0], "deviation": [0.0, 0.0, 0.0, 0.0, 0.0, 0.0, 0.0, 0.0, 0.0, 0.0, 0.0, 0.0, 0.0, 0.0, 0.0, 0.0, 0.0, 0.0, 0.0]}, "NS7a": {"data": [0.0, 0.0, 0.0, 0, 0.0, 0.0, 0, 0.0, 0.0, 0, 0.0, 0, 0, 0, 0, 0.0, 0.0, 0, 0], "deviation": [0.0, 0.944980915092627, 1.0131677149410243, 0.2809531767451065, 0.0, 0.0, 0.0, 0.0, 0.0, 0.0, 0.0, 0.15068717033269763, 0.2637542081824639, 1.0667390304476643, 0.29987507807078606, 0.8986133240743256, 0.16129188871862468, 0.1752402230747135, 0.28393344606962867]}, "NSP5": {"data": [0.0, 0.0, 0.0, 0, 0.0, 0.0, 0, 0.0, 0.0, 0, 0.0, 0, 0, 0, 0, 0.0, 0.0, 0, 0], "deviation": [0.0, 0.0, 0.0, 0.0, 0.0, 0.0, 0.0, 0.0, 0.0, 0.0, 0.0, 0.0, 0.0, 0.0, 0.0, 0.0, 0.0, 0.0, 0.0]}, "NS7b": {"data": [0.0, 0.0, 0.0, 0, 0.0, 0.0, 0, 0.0, 0.0, 0, 0.0, 0, 0, 0, 0, 0.0, 0.0, 0, 0], "deviation": [0.0, 0.0, 0.03258176062255373, 0.05513178464199713, 0.0, 0.0, 0.0, 0.0, 0.0, 0.0, 0.13642321730940932, 0.041250959131147305, 0.0, 0.013874176787135624, 0.0, 0.0, 0.0, 0.0, 0.0]}, "NSP6": {"data": [0.0, 0.0, 0.0, 0, 0.0, 0.0, 0, 0.0, 0.0, 0, 0.0, 3, 3, 3, 3, 3.0, 0.0, 0, 0], "deviation": [0.0, 0.0, 0.03258176062255373, 0.0, 0.0, 0.0, 0.0, 0.05407380704358752, 0.12186666955535813, 0.29655048734479406, 1.3679022342170637, 1.4973707016366622, 1.0891647530882438, 0.8565141713762965, 0.7610242085335926, 1.292436940209202, 1.4549334923295751, 0.5826323582755037, 0.2092717392859411]}, "NSP7": {"data": [0.0, 0.0, 0.0, 0, 0.0, 0.0, 0, 0.0, 0.0, 0, 0.0, 0, 0, 0, 0, 0.0, 0.0, 0, 0], "deviation": [0.0, 0.0, 0.0, 0.0, 0.0, 0.0, 0.0, 0.0, 0.0, 0.0, 0.0, 0.0, 0.0, 0.0, 0.0, 0.0, 0.0, 0.0, 0.0]}, "NSP8": {"data": [0.0, 0.0, 0.0, 0, 0.0, 0.0, 0, 0.0, 0.0, 0, 0.0, 0, 0, 0, 0, 0.0, 0.0, 0, 0], "deviation": [0.0, 0.0, 0.0, 0.0, 0.0, 0.0, 0.0, 0.0, 0.0, 0.0, 0.0, 0.0, 0.0, 0.0, 0.033305574831757445, 0.024906770871064434, 0.0, 0.0, 0.0]}, "Spike": {"data": [0.0, 0.0, 0.0, 0, 0.0, 0.0, 0, 0.0, 0.0, 0, 0.0, 2, 3, 3, 3, 3.0, 2.0, 2, 2], "deviation": [0.0, 0.04295367795875578, 0.14190140046767905, 0.0, 0.0, 0.157583951485238, 0.35522960005652615, 0.0, 0.16722895629976822, 0.0, 1.39969966748555, 1.4418154385408428, 1.183167488347545, 1.0605939956901653, 0.8730117064495985, 1.2334850553257395, 1.2026638727599461, 0.7101667194377084, 0.20080391895465022]}, "NSP9": {"data": [0.0, 0.0, 0.0, 0, 0.0, 0.0, 0, 0.0, 0.0, 0, 0.0, 0, 0, 0, 0, 0.0, 0.0, 0, 0], "deviation": [0.0, 0.0, 0.0, 0.0, 0.0, 0.0, 0.0, 0.0, 0.0, 0.0, 0.0, 0.0, 0.0, 0.0, 0.0, 0.0, 0.0, 0.0, 0.0]}, "NSP10": {"data": [0.0, 0.0, 0.0, 0, 0.0, 0.0, 0, 0.0, 0.0, 0, 0.0, 0, 0, 0, 0, 0.0, 0.0, 0, 0], "deviation": [0.0, 0.0, 0.0, 0.0, 0.0, 0.0, 0.0, 0.0, 0.0, 0.0, 0.0, 0.0, 0.0, 0.0, 0.0, 0.0, 0.0, 0.0, 0.0]}, "NSP11": {"data": [0.0, 0.0, 0.0, 0, 0.0, 0.0, 0, 0.0, 0.0, 0, 0.0, 0, 0, 0, 0, 0.0, 0.0, 0, 0], "deviation": [0.0, 0.0, 0.0, 0.0, 0.0, 0.0, 0.0, 0.0, 0.0, 0.0, 0.0, 0.0, 0.0, 0.0, 0.0, 0.0, 0.0, 0.0, 0.0]}, "NSP12": {"data": [0.0, 0.0, 0.0, 0, 0.0, 0.0, 0, 0.0, 0.0, 0, 0.0, 0, 0, 0, 0, 0.0, 0.0, 0, 0], "deviation": [0.0, 0.0, 0.0, 0.0, 0.0, 0.0, 0.0, 0.0, 0.0, 0.0, 0.0, 0.0, 0.0, 0.0, 0.0, 0.02876581430826429, 0.0, 0.0, 0.0]}, "M": {"data": [0.0, 0.0, 0.0, 0, 0.0, 0.0, 0, 0.0, 0.0, 0, 0.0, 0, 0, 0, 0, 0.0, 0.0, 0, 0], "deviation": [0.0, 0.0, 0.0, 0.0, 0.0, 0.0, 0.0, 0.0, 0.0, 0.0, 0.0, 0.0, 0.0, 0.0, 0.0, 0.0, 0.0, 0.0, 0.0]}, "NSP13": {"data": [0.0, 0.0, 0.0, 0, 0.0, 0.0, 0, 0.0, 0.0, 0, 0.0, 0, 0, 0, 0, 0.0, 0.0, 0, 0], "deviation": [0.0, 0.0, 0.0, 0.0, 0.0, 0.0, 0.0, 0.0, 0.0, 0.0, 0.0, 0.0, 0.0, 0.0, 0.0, 0.0, 0.0, 0.0, 0.0]}, "N": {"data": [0.0, 0.0, 0.0, 0, 0.0, 0.0, 0, 0.0, 0.0, 0, 0.0, 0, 0, 0, 0, 0.0, 0.0, 0, 0], "deviation": [0.0, 0.0, 0.0, 0.0, 0.0, 0.0, 0.0, 0.0, 0.0, 0.0, 0.0, 0.0, 0.07829398414644652, 0.09174855606569192, 0.1758057895734758, 0.14381314917162472, 0.07065466659510462, 0.10028642199847615, 0.26304812476594575]}, "NSP14": {"data": [0.0, 0.0, 0.0, 0, 0.0, 0.0, 0, 0.0, 0.0, 0, 0.0, 0, 0, 0, 0, 0.0, 0.0, 0, 0], "deviation": [0.0, 0.0, 0.0, 0.0, 0.0, 0.0, 0.0, 0.0, 0.0, 0.0, 0.0, 0.0, 0.02403077643466727, 0.019619160069475783, 0.0, 0.0, 0.0, 0.0, 0.020182467033543778]}, "NS3": {"data": [0.0, 0.0, 0.0, 0, 0.0, 0.0, 0, 0.0, 0.0, 0, 0.0, 0, 0, 0, 0, 0.0, 0.0, 0, 0], "deviation": [0.0, 0.0, 0.0, 0.07784917299263008, 0.0, 0.0, 0.06809345185667723, 0.0, 0.0, 0.057259833431386825, 0.0, 0.10382506840787714, 0.19409251543053335, 0.36535969003984586, 0.0576227976970097, 0.23194813689541655, 0.1979409704061037, 0.23776460968909538, 0.12275704155901501]}, "NSP15": {"data": [0.0, 0.0, 0.0, 0, 0.0, 0.0, 0, 0.0, 0.0, 0, 0.0, 0, 0, 0, 0, 0.0, 0.0, 0, 0], "deviation": [0.0, 0.0, 0.03258176062255373, 0.0, 0.0, 0.0, 0.0, 0.0, 0.0, 0.0, 0.0, 0.0, 0.0, 0.0, 0.0, 0.0, 0.0, 0.011663443465853428, 0.0]}, "NSP16": {"data": [0.0, 0.0, 0.0, 0, 0.0, 0.0, 0, 0.0, 0.0, 0, 0.0, 0, 0, 0, 0, 0.0, 0.0, 0, 0], "deviation": [0.0, 0.0, 0.0, 0.0, 0.0, 0.0, 0.0, 0.0, 0.0, 0.0, 0.0, 0.0, 0.0, 0.0, 0.0, 0.0, 0.0, 0.0, 0.0]}, "NS9b": {"data": [0.0, 0.0, 0.0, 0, 0.0, 0.0, 0, 0.0, 0.0, 0, 0.0, 0, 0, 0, 0, 0.0, 0.0, 0, 0], "deviation": [0.0, 0.0, 0.0, 0.0, 0.0, 0.0, 0.0, 0.0, 0.0, 0.0, 0.0, 0.0, 0.0, 0.0, 0.0, 0.0, 0.0, 0.0, 0.0]}, "NS6": {"data": [0.0, 0.0, 0.0, 0, 0.0, 0.0, 0, 0.0, 0.0, 0, 0.0, 0, 0, 0, 0, 0.0, 0.0, 0, 0], "deviation": [0.0, 0.0, 0.0, 0.0, 0.0, 0.0, 0.0, 0.0, 0.0, 0.0, 0.0, 0.03369084515619644, 0.144059588763497, 0.12486759108422062, 0.14993753903539303, 0.0, 0.0, 0.011663443465853428, 0.0]}, "NS9c": {"data": [0.0, 0.0, 0.0, 0, 0.0, 0.0, 0, 0.0, 0.0, 0, 0.0, 0, 0, 0, 0, 0.0, 0.0, 0, 0], "deviation": [0.0, 0.0, 0.0, 0.0, 0.0, 0.0, 0.0, 0.0, 0.0, 0.0, 0.0, 0.0, 0.0, 0.0, 0.0, 0.0, 0.0, 0.0, 0.0]}, "NSP1": {"data": [0.0, 0.0, 0.0, 0, 0.0, 0.0, 0, 0.0, 0.0, 0, 0.0, 0, 0, 0, 0, 0.0, 0.0, 0, 0], "deviation": [0.0, 0.0, 0.3032446694979384, 0.24572857773674714, 0.0, 0.3364497283951354, 0.0, 0.10814761408717503, 0.20664571629576103, 0.0, 0.1721255012012268, 0.2074262686108335, 0.15130379617193035, 0.18376351693773707, 0.21040577781366873, 0.1759367959213308, 0.20834004467751085, 0.31200422014576285, 0.3297560415460646]}, "NSP2": {"data": [0.0, 0.0, 0.0, 0, 0.0, 0.0, 0, 0.0, 0.0, 0, 0.0, 0, 0, 0, 0, 0.0, 0.0, 0, 0], "deviation": [0.0, 0.36570708242238315, 0.15441923997180304, 0.0, 0.0, 0.0, 0.0, 0.0, 0.0, 0.0, 0.0, 1.7872346898089684, 0.0, 0.013874176787135624, 0.0, 0.0, 0.0, 0.0, 0.03494281049056599]}, "NS8": {"data": [0.0, 0.0, 0.0, 0, 0.0, 0.0, 0, 0.0, 0.0, 0, 0.0, 0, 0, 0, 0, 0.0, 0.0, 0, 0], "deviation": [0.0, 0.0, 0.18362345901105315, 0.15569834598526017, 0.0, 0.0, 0.0, 0.0, 0.0, 0.0, 0.0, 0.023829795864119575, 0.02403077643466727, 0.03102121314816877, 0.21721271156975494, 0.15772424851321645, 0.23456478453898533, 0.11620710302840957, 0.09840905759625712]}, "NSP3": {"data": [0.0, 0.0, 0.0, 0, 0.0, 0.0, 0, 0.0, 0.0, 0, 0.0, 0, 0, 0, 0, 0.0, 0.0, 0, 0], "deviation": [0.0, 0.0, 0.0, 0.0, 0.0, 0.0, 0.2723738074267089, 0.525914339873619, 0.0, 0.0, 0.0, 0.05322445781315106, 0.05886881093747187, 0.11438865934168498, 0.06004440384963697, 0.04547992263245842, 0.0, 0.26667504153527277, 0.20872214766242755]}}, "missense": {"NSP4": {"data": [0.0, 0.0, 0.0, 0, 0.0, 0.0, 0, 0.0, 0.0, 0, 0.0, 0, 0, 0, 0, 0.0, 1.0, 2, 2], "deviation": [0.0, 0.08566883433941438, 0.10748575712602693, 0.21782118162804745, 0.22360679774997896, 0.2657594285309555, 0.21731136283533997, 0.2670342684176281, 0.31178473498889775, 0.33320028981381505, 0.4705414052898437, 0.6371549207702891, 0.5434443672870661, 0.5143614749942083, 0.5458576416743757, 0.4967690242503488, 0.9873014997103209, 2.1400185036237236, 3.272961537318242]},