{"indel": {"NSP4": {"data": [0.0, 0.0, 0, 0, 0, 0, 0.0, 0, 0.0, 0.0, 0.0, 0.0, 0.0, 0.0, 0, 0, 0, 0, 0, 0.0], "deviation": [0.0, 0.0, 0.0, 0.16864182660729513, 0.0, 0.0, 0.0, 0.0, 0.0, 0.0, 0.0, 0.0, 0.0, 0.0, 0.0, 0.0, 0.0, 0.19903574985415312, 0.0, 0.07580980435789034]}, "E": {"data": [0.0, 0.0, 0, 0, 0, 0, 0.0, 0, 0.0, 0.0, 0.0, 0.0, 0.0, 0.0, 0, 0, 0, 0, 0, 0.0], "deviation": [0.0, 0.0, 0.0, 0.0, 0.0, 0.0, 0.0, 0.0, 0.0, 0.0, 0.0, 0.0, 0.0, 0.0, 0.0, 0.0, 0.0, 0.0, 0.0, 0.0]}, "NS7a": {"data": [0.0, 0.0, 0, 0, 0, 0, 0.0, 0, 0.0, 0.0, 0.0, 0.0, 0.0, 0.0, 0, 0, 0, 0, 0, 0.0], "deviation": [0.0, 0.0, 0.53813823519705, 0.0, 0.0, 0.0, 0.1336306209562122, 0.0, 0.0, 0.0, 0.0, 0.32925564491852144, 0.8632866043950448, 0.803836434113089, 0.7834022474623694, 1.375356000432562, 1.2338507293594057, 0.0, 0.33295546268404996, 0.393152335343534]}, "NSP5": {"data": [0.0, 0.0, 0, 0, 0, 0, 0.0, 0, 0.0, 0.0, 0.0, 0.0, 0.0, 0.0, 0, 0, 0, 0, 0, 0.0], "deviation": [0.0, 0.0, 0.0, 0.30237157840738177, 0.0, 0.0, 0.0, 0.0, 0.0, 0.0, 0.0, 0.0, 0.0, 0.0, 0.0, 0.0, 0.0, 0.0, 0.0, 0.0]}, "NS7b": {"data": [0.0, 0.0, 0, 0, 0, 0, 0.0, 0, 0.0, 0.0, 0.0, 0.0, 0.0, 0.0, 0, 0, 0, 0, 0, 0.0], "deviation": [0.0, 0.0, 0.06726727939963124, 0.0, 0.0, 0.0, 0.0, 0.0, 0.0, 0.0, 0.0, 0.0, 0.03474191421756006, 0.0, 0.0, 0.0, 0.0, 0.0, 0.0, 0.03790490217894517]}, "NSP6": {"data": [0.0, 0.0, 0, 0, 0, 0, 0.0, 0, 0.0, 1.5, 0.0, 0.0, 3.0, 3.0, 3, 3, 3, 0, 0, 0.0], "deviation": [0.0, 0.0, 0.0, 0.0, 0.0, 0.0, 0.0, 0.0, 0.0, 2.1213203435596424, 0.0, 0.9795227367598746, 1.4703162551476083, 1.1342882401807965, 0.6300397861898015, 0.7653231885468238, 1.1546117144473773, 0.6433721988479689, 0.42527270596659233, 0.03790490217894517]}, "NSP7": {"data": [0.0, 0.0, 0, 0, 0, 0, 0.0, 0, 0.0, 0.0, 0.0, 0.0, 0.0, 0.0, 0, 0, 0, 0, 0, 0.0], "deviation": [0.0, 0.0, 0.0, 0.0, 0.0, 0.0, 0.0, 0.0, 0.0, 0.0, 0.0, 0.0, 0.0, 0.0, 0.0, 0.0, 0.0, 0.0, 0.0, 0.0]}, "NSP8": {"data": [0.0, 0.0, 0, 0, 0, 0, 0.0, 0, 0.0, 0.0, 0.0, 0.0, 0.0, 0.0, 0, 0, 0, 0, 0, 0.0], "deviation": [0.0, 0.0, 0.0, 0.0, 0.0, 0.0, 0.0, 0.0, 0.0, 0.0, 0.0, 0.02795084971874737, 0.0, 0.0, 0.0, 0.0, 0.0, 0.0, 0.0, 0.0]}, "Spike": {"data": [0.0, 0.0, 0, 0, 0, 0, 0.0, 0, 0.0, 0.0, 0.0, 0.0, 3.0, 3.0, 3, 3, 3, 2, 2, 2.0], "deviation": [0.0, 0.0, 0.1345345587992625, 0.10659685728753751, 0.0, 0.0, 1.2026755886059097, 0.0, 0.0, 0.0, 0.0, 1.028099159204575, 1.4541595156435878, 1.1760391304028968, 0.6570722347408409, 0.7020922241759027, 1.4744299307528181, 0.6325139868012755, 0.6165927864101188, 0.4990667715223825]}, "NSP9": {"data": [0.0, 0.0, 0, 0, 0, 0, 0.0, 0, 0.0, 0.0, 0.0, 0.0, 0.0, 0.0, 0, 0, 0, 0, 0, 0.0], "deviation": [0.0, 0.0, 0.0, 0.0, 0.0, 0.0, 0.0, 0.0, 0.0, 0.0, 0.0, 0.02795084971874737, 0.01737095710878003, 0.030215287223531565, 0.0, 0.0, 0.0, 0.0, 0.0, 0.0]}, "NSP10": {"data": [0.0, 0.0, 0, 0, 0, 0, 0.0, 0, 0.0, 0.0, 0.0, 0.0, 0.0, 0.0, 0, 0, 0, 0, 0, 0.0], "deviation": [0.0, 0.0, 0.0, 0.0, 0.0, 0.0, 0.0, 0.0, 0.0, 0.0, 0.0, 0.0, 0.0, 0.0, 0.0, 0.0, 0.0, 0.0, 0.0, 0.0]}, "NSP11": {"data": [0.0, 0.0, 0, 0, 0, 0, 0.0, 0, 0.0, 0.0, 0.0, 0.0, 0.0, 0.0, 0, 0, 0, 0, 0, 0.0], "deviation": [0.0, 0.0, 0.0, 0.0, 0.0, 0.0, 0.0, 0.0, 0.0, 0.0, 0.0, 0.0, 0.0, 0.0, 0.0, 0.0, 0.0, 0.0, 0.0, 0.0]}, "NSP12": {"data": [0.0, 0.0, 0, 0, 0, 0, 0.0, 0, 0.0, 0.0, 0.0, 0.0, 0.0, 0.0, 0, 0, 0, 0, 0, 0.0], "deviation": [0.0, 0.0, 0.0, 0.0, 0.0, 0.0, 0.1336306209562122, 0.0, 0.0, 0.0, 0.0, 0.12802010308686132, 0.0, 0.0, 0.0, 0.0, 0.0, 0.0, 0.05370216135410547, 0.0]}, "M": {"data": [0.0, 0.0, 0, 0, 0, 0, 0.0, 0, 0.0, 0.0, 0.0, 0.0, 0.0, 0.0, 0, 0, 0, 0, 0, 0.0], "deviation": [0.0, 0.0, 0.4745692367927763, 0.0, 0.0, 0.0, 0.0, 0.0, 0.0, 0.0, 0.0, 0.0, 0.01737095710878003, 0.0, 0.0, 0.0, 0.0, 0.0, 0.0, 0.0]}, "NSP13": {"data": [0.0, 0.0, 0, 0, 0, 0, 0.0, 0, 0.0, 0.0, 0.0, 0.0, 0.0, 0.0, 0, 0, 0, 0, 0, 0.0], "deviation": [0.0, 0.0, 0.0, 0.07559289460184544, 0.44095855184409843, 0.0, 0.0, 0.0, 0.0, 0.0, 0.0, 0.0, 0.0, 0.017450120318994403, 0.022768472012439346, 0.0, 0.0, 0.023966279201637065, 0.0, 0.0]}, "N": {"data": [0.0, 0.0, 0, 0, 0, 0, 0.0, 0, 0.0, 0.0, 0.0, 0.0, 0.0, 0.0, 0, 0, 0, 0, 0, 0.0], "deviation": [0.0, 0.0, 0.0, 0.0, 0.0, 0.0, 0.0, 0.0, 0.0, 0.0, 0.0, 0.03951301484897151, 0.14427759430087697, 0.13960096255195523, 0.022768472012439346, 0.036835456445657944, 0.046984098573493956, 0.03388369619340493, 0.21646110891234396, 0.07580980435789034]}, "NSP14": {"data": [0.0, 0.0, 0, 0, 0, 0, 0.0, 0, 0.0, 0.0, 0.0, 0.0, 0.0, 0.0, 0, 0, 0, 0, 0, 0.0], "deviation": [0.0, 0.0, 0.0, 0.0, 0.0, 0.0, 0.0, 0.0, 0.0, 0.0, 0.0, 0.0, 0.0, 0.0, 0.0, 0.0, 0.046984098573493956, 0.0, 0.0, 0.05356704766043197]}, "NS3": {"data": [0.0, 0.0, 0, 0, 0, 0, 0.0, 0, 0.0, 0.0, 0.0, 0.0, 0.0, 0.0, 0, 0, 0, 0, 0, 0.0], "deviation": [0.0, 0.0, 0.0, 0.0, 0.0, 0.0, 0.0, 0.0, 0.0, 0.0, 0.0, 0.07387662067322372, 0.2025001838450582, 0.15440420252289372, 0.1550748646931693, 0.22701212555870956, 0.19911602101774523, 0.19320865234659124, 0.23551569754001353, 0.24823448367482218]}, "NSP15": {"data": [0.0, 0.0, 0, 0, 0, 0, 0.0, 0, 0.0, 0.0, 0.0, 0.0, 0.0, 0.0, 0, 0, 0, 0, 0, 0.0], "deviation": [0.0, 0.0, 0.0, 0.07559289460184544, 0.0, 0.0, 0.0, 0.0, 0.0, 0.0, 0.0, 0.03951301484897151, 0.0, 0.0, 0.0, 0.0, 0.0, 0.0, 0.0, 0.07580980435789034]}, "NSP16": {"data": [0.0, 0.0, 0, 0, 0, 0, 0.0, 0, 0.0, 0.0, 0.0, 0.0, 0.0, 0.0, 0, 0, 0, 0, 0, 0.0], "deviation": [0.0, 0.0, 0.53813823519705, 0.07559289460184544, 0.0, 0.0, 0.0, 0.0, 0.0, 0.0, 0.0, 0.08385254915624211, 0.0, 0.0, 0.0, 0.0, 0.0, 0.0, 0.0, 0.0]}, "NS9b": {"data": [0.0, 0.0, 0, 0, 0, 0, 0.0, 0, 0.0, 0.0, 0.0, 0.0, 0.0, 0.0, 0, 0, 0, 0, 0, 0.0], "deviation": [0.0, 0.0, 0.0, 0.0, 0.0, 0.0, 0.0, 0.0, 0.0, 0.0, 0.0, 0.0, 0.0, 0.0, 0.0, 0.0, 0.0, 0.0, 0.0, 0.0]}, "NS6": {"data": [0.0, 0.0, 0, 0, 0, 0, 0.0, 0, 0.0, 0.0, 0.0, 0.0, 0.0, 0.0, 0, 0, 0, 0, 0, 0.0], "deviation": [0.0, 0.0, 0.0, 0.0, 0.0, 0.0, 0.0, 0.0, 0.0, 0.0, 0.0, 0.0, 0.15633861397902027, 0.13960096255195523, 0.0, 0.45606448274413297, 0.0, 0.0, 0.0, 0.7606231043178536]}, "NS9c": {"data": [0.0, 0.0, 0, 0, 0, 0, 0.0, 0, 0.0, 0.0, 0.0, 0.0, 0.0, 0.0, 0, 0, 0, 0, 0, 0.0], "deviation": [0.0, 0.0, 0.0, 0.0, 0.0, 0.0, 0.0, 0.0, 0.0, 0.0, 0.0, 0.0, 0.0, 0.0, 0.0, 0.0, 0.0, 0.0, 0.0, 0.0]}, "NSP1": {"data": [0.0, 0.0, 0, 0, 0, 0, 0.0, 0, 0.0, 0.0, 0.0, 0.0, 0.0, 0.0, 0, 0, 0, 0, 0, 0.0], "deviation": [0.0, 0.0, 0.0, 0.31979057186261256, 0.0, 0.0, 0.0, 0.0, 0.0, 0.0, 0.0, 0.2050953743699729, 0.4086934319151591, 0.33433477803326306, 0.3372704361425092, 0.513440439908172, 0.6821398784190176, 0.4635861938023575, 0.7153055949832668, 0.503908481319463]}, "NSP2": {"data": [0.0, 0.0, 0, 0, 0, 0, 0.0, 0, 0.0, 0.0, 0.0, 0.0, 0.0, 0.0, 0, 0, 0, 0, 0, 0.0], "deviation": [0.0, 0.0, 0.0, 0.8315218406203, 0.0, 0.0, 0.1336306209562122, 0.0, 0.0, 0.0, 0.0, 0.0, 0.27453058355238935, 0.20491420666188825, 0.0, 0.0, 0.0, 0.0, 0.026851080677052736, 0.0]}, "NS8": {"data": [0.0, 0.0, 0, 0, 0, 0, 0.0, 0, 0.0, 0.0, 0.0, 0.0, 0.0, 0.0, 0, 0, 0, 0, 0, 0.0], "deviation": [0.0, 0.0, 0.0, 0.0, 0.0, 0.0, 0.0, 0.0, 0.0, 0.0, 0.0, 0.02795084971874737, 0.35586766753259697, 0.04934887610260445, 0.022768472012439346, 0.09385586253191407, 0.0, 0.06776739238680986, 0.06002351135786266, 0.0]}, "NSP3": {"data": [0.0, 0.0, 0, 0, 0, 0, 0.0, 0, 0.0, 0.0, 0.0, 0.0, 0.0, 0.0, 0, 0, 0, 0, 0, 0.0], "deviation": [0.0, 0.0, 0.1345345587992625, 0.6395811437252251, 0.0, 0.0, 0.49280538030458115, 0.0, 0.0, 0.0, 0.0, 0.05583609992406577, 0.1619867093258116, 0.19023502410516813, 0.09107388804975738, 0.3158486352673507, 0.06637200700591508, 0.5055417895098278, 1.0272263747163244, 1.135200159137824]}}, "missense": {"NSP4": {"data": [0.0, 0.0, 0, 0, 0, 0, 0.0, 0, 0.0, 0.0, 0.0, 0.0, 0.0, 0.0, 0, 0, 0, 2, 2, 2.0],