{"indel": {"NSP4": {"data": [0.0, 0.0, 0, 0, 0, 0, 0.0, 0.0, 0, 0, 0.0, 0.0, 0.0, 0], "deviation": [0.0, 0.0, 0.0, 0.0, 0.0, 0.0, 0.0, 0.0, 0.0, 0.0, 0.0, 0.0, 0.0, 0.0]}, "E": {"data": [0.0, 0.0, 0, 0, 0, 0, 0.0, 0.0, 0, 0, 0.0, 0.0, 0.0, 0], "deviation": [0.0, 0.0, 0.0, 0.0, 0.0, 0.0, 0.0, 0.0, 0.0, 0.0, 0.0, 0.0, 0.0, 0.0]}, "NS7a": {"data": [0.0, 0.0, 0, 0, 0, 0, 0.0, 0.0, 0, 0, 0.0, 0.0, 0.0, 0], "deviation": [0.0, 0.0, 0.0, 0.0, 0.0, 0.0, 0.0, 0.0, 0.0, 0.0, 0.0, 0.0, 0.0, 0.0]}, "NSP5": {"data": [0.0, 0.0, 0, 0, 0, 0, 0.0, 0.0, 0, 0, 0.0, 0.0, 0.0, 0], "deviation": [0.0, 0.0, 0.0, 0.0, 0.0, 0.0, 0.0, 0.0, 0.0, 0.0, 0.0, 0.0, 0.0, 0.0]}, "NS7b": {"data": [0.0, 0.0, 0, 0, 0, 0, 0.0, 0.0, 0, 0, 0.0, 0.0, 0.0, 0], "deviation": [0.0, 0.0, 0.0, 0.0, 0.0, 0.0, 0.0, 0.0, 0.0, 0.0, 0.0, 0.0, 0.0, 0.0]}, "NSP6": {"data": [0.0, 0.0, 3, 3, 3, 3, 1.5, 3.0, 3, 3, 1.5, 1.5, 3.0, 3], "deviation": [0.5, 1.5, 1.3416407864998738, 1.1338934190276817, 0.0, 0.0, 2.1213203435596424, 0.0, 0.0, 0.0, 2.1213203435596424, 2.1213203435596424, 0.0, 0.0]}, "NSP7": {"data": [0.0, 0.0, 0, 0, 0, 0, 0.0, 0.0, 0, 0, 0.0, 0.0, 0.0, 0], "deviation": [0.0, 0.0, 0.0, 0.0, 0.0, 0.0, 0.0, 0.0, 0.0, 0.0, 0.0, 0.0, 0.0, 0.0]}, "NSP8": {"data": [0.0, 0.0, 0, 0, 0, 0, 0.0, 0.0, 0, 0, 0.0, 0.0, 0.0, 0], "deviation": [0.0, 0.0, 0.0, 0.0, 0.0, 0.0, 0.0, 0.0, 0.0, 0.0, 0.0, 0.0, 0.0, 0.0]}, "Spike": {"data": [0.0, 0.0, 3, 3, 3, 3, 1.5, 3.0, 3, 3, 1.5, 1.5, 3.0, 3], "deviation": [0.0, 1.5, 1.4142135623730951, 1.1338934190276817, 0.0, 1.7320508075688772, 2.1213203435596424, 0.0, 0.0, 0.5388159060803247, 2.1213203435596424, 2.1213203435596424, 0.0, 0.0]}, "NSP9": {"data": [0.0, 0.0, 0, 0, 0, 0, 0.0, 0.0, 0, 0, 0.0, 0.0, 0.0, 0], "deviation": [0.0, 0.0, 0.0, 0.0, 0.0, 0.0, 0.0, 0.0, 0.0, 0.0, 0.0, 0.0, 0.0, 0.0]}, "NSP10": {"data": [0.0, 0.0, 0, 0, 0, 0, 0.0, 0.0, 0, 0, 0.0, 0.0, 0.0, 0], "deviation": [0.0, 0.0, 0.0, 0.0, 0.0, 0.0, 0.0, 0.0, 0.0, 0.0, 0.0, 0.0, 0.0, 0.0]}, "NSP11": {"data": [0.0, 0.0, 0, 0, 0, 0, 0.0, 0.0, 0, 0, 0.0, 0.0, 0.0, 0], "deviation": [0.0, 0.0, 0.0, 0.0, 0.0, 0.0, 0.0, 0.0, 0.0, 0.0, 0.0, 0.0, 0.0, 0.0]}, "NSP12": {"data": [0.0, 0.0, 0, 0, 0, 0, 0.0, 0.0, 0, 0, 0.0, 0.0, 0.0, 0], "deviation": [0.0, 0.0, 0.0, 0.0, 0.0, 0.0, 0.0, 0.0, 0.0, 0.0, 0.0, 0.0, 0.0, 0.0]}, "M": {"data": [0.0, 0.0, 0, 0, 0, 0, 0.0, 0.0, 0, 0, 0.0, 0.0, 0.0, 0], "deviation": [0.0, 0.0, 0.0, 0.0, 0.0, 0.0, 0.0, 0.0, 0.0, 0.0, 0.0, 0.0, 0.0, 0.0]}, "NSP13": {"data": [0.0, 0.0, 0, 0, 0, 0, 0.0, 0.0, 0, 0, 0.0, 0.0, 0.0, 0], "deviation": [0.0, 0.0, 0.0, 0.0, 0.0, 0.0, 0.0, 0.0, 0.0, 0.0, 0.0, 0.0, 0.0, 0.0]}, "N": {"data": [0.0, 0.0, 0, 0, 0, 0, 0.0, 0.0, 0, 0, 0.0, 0.0, 0.0, 0], "deviation": [0.0, 0.0, 0.0, 0.0, 0.0, 0.0, 0.0, 0.0, 0.0, 0.0, 0.0, 0.0, 0.0, 0.0]}, "NSP14": {"data": [0.0, 0.0, 0, 0, 0, 0, 0.0, 0.0, 0, 0, 0.0, 0.0, 0.0, 0], "deviation": [0.0, 0.0, 0.0, 0.0, 0.0, 0.0, 0.0, 0.0, 0.0, 0.0, 0.0, 0.0, 0.0, 0.0]}, "NS3": {"data": [0.0, 0.0, 0, 0, 0, 0, 0.0, 0.0, 0, 0, 0.0, 0.0, 0.0, 0], "deviation": [0.0, 0.0, 0.0, 0.0, 0.0, 0.0, 0.0, 0.0, 0.0, 0.0, 0.0, 0.0, 0.0, 0.0]}, "NSP15": {"data": [0.0, 0.0, 0, 0, 0, 0, 0.0, 0.0, 0, 0, 0.0, 0.0, 0.0, 0], "deviation": [0.0, 0.0, 0.0, 0.0, 0.0, 0.0, 0.0, 0.0, 0.0, 0.0, 0.0, 0.0, 0.0, 0.0]}, "NSP16": {"data": [0.0, 0.0, 0, 0, 0, 0, 0.0, 0.0, 0, 0, 0.0, 0.0, 0.0, 0], "deviation": [0.0, 0.0, 0.0, 0.0, 0.0, 0.0, 0.0, 0.0, 0.0, 0.0, 0.0, 0.0, 0.0, 0.0]}, "NS9b": {"data": [0.0, 0.0, 0, 0, 0, 0, 0.0, 0.0, 0, 0, 0.0, 0.0, 0.0, 0], "deviation": [0.0, 0.0, 0.0, 0.0, 0.0, 0.0, 0.0, 0.0, 0.0, 0.0, 0.0, 0.0, 0.0, 0.0]}, "NS6": {"data": [0.0, 0.0, 0, 0, 0, 0, 0.0, 0.0, 0, 0, 0.0, 0.0, 0.0, 0], "deviation": [0.0, 0.0, 0.0, 0.0, 0.0, 0.0, 0.0, 0.0, 0.0, 0.0, 0.0, 0.0, 0.0, 0.0]}, "NS9c": {"data": [0.0, 0.0, 0, 0, 0, 0, 0.0, 0.0, 0, 0, 0.0, 0.0, 0.0, 0], "deviation": [0.0, 0.0, 0.0, 0.0, 0.0, 0.0, 0.0, 0.0, 0.0, 0.0, 0.0, 0.0, 0.0, 0.0]}, "NSP1": {"data": [0.0, 0.0, 0, 0, 0, 0, 0.0, 0.0, 0, 0, 0.0, 0.0, 0.0, 0], "deviation": [0.0, 0.0, 1.3416407864998738, 0.0, 0.0, 0.0, 0.0, 0.0, 0.0, 0.0, 0.0, 0.0, 0.0, 0.0]}, "NSP2": {"data": [0.0, 0.0, 0, 0, 0, 0, 0.0, 0.0, 0, 0, 0.0, 0.0, 0.0, 0], "deviation": [0.0, 0.0, 0.0, 0.0, 0.0, 0.0, 0.0, 0.0, 0.0, 0.0, 0.0, 0.0, 0.0, 0.0]}, "NS8": {"data": [0.0, 0.0, 0, 0, 0, 0, 0.0, 0.0, 0, 0, 0.0, 0.0, 0.0, 0], "deviation": [0.0, 0.0, 0.0, 0.0, 0.0, 0.0, 0.0, 0.0, 0.0, 0.0, 0.0, 0.0, 0.0, 0.30151134457776363]}, "NSP3": {"data": [0.0, 0.0, 0, 0, 0, 0, 0.0, 0.0, 0, 0, 0.0, 0.0, 0.0, 0], "deviation": [0.0, 0.0, 0.0, 0.0, 0.0, 0.0, 0.0, 0.0, 0.0, 0.0, 0.0, 0.0, 0.0, 0.0]}}, "missense": {"NSP4": {"data": [0.0, 0.0, 0, 0, 0, 0, 0.0, 0.0, 0, 0, 0.0, 0.0, 0.0, 0], "deviation": [0.0, 0.0, 1.3416407864998738, 0.0, 0.37796447300922725, 1.7320508075688772, 0.0, 0.0, 0.2472066162365221, 0.24973103811470745, 0.0, 0.0, 0.0, 0.0]}, "E": {"data": [0.0, 0.0, 0, 0, 0, 0, 0.0, 0.0, 0, 0, 0.0, 0.0, 0.0, 0], "deviation": [0.0, 0.0, 0.0, 0.0, 0.0, 0.0, 0.0, 0.0, 0.1111111111111111, 0.0, 0.0, 0.0, 0.0, 0.0]}, "NS7a": {"data": [0.0, 0.0, 0, 0, 0, 0, 0.0, 0.0, 0, 0, 0.0, 0.0, 0.0, 0], "deviation": [0.0, 0.0, 0.0, 0.0, 0.0, 0.0, 0.0, 0.0, 0.34471315683307935, 0.24973103811470745, 0.0, 0.0, 0.0, 0.0]}, "NSP5": {"data": [0.0, 0.0, 0, 0, 0, 0, 0.0, 0.0, 0, 0, 0.0, 0.0, 0.0, 0], "deviation": [0.0, 0.0, 0.0, 0.4879500364742666, 0.37796447300922725, 0.0, 0.0, 0.0, 0.39086797998528583, 0.1796053020267749, 0.0, 0.0, 0.4629100498862757, 0.0]}, "NS7b": {"data": [0.0, 0.0, 0, 0, 0, 0, 0.0, 0.0, 0, 0, 0.0, 0.0, 0.0, 0], "deviation": [0.0, 0.0, 0.0, 0.0, 0.0, 0.0, 0.0, 0.0, 0.0, 0.1796053020267749, 0.0, 0.0, 0.3535533905932738, 0.0]}, "NSP6": {"data": [1.0, 0.0, 0, 0, 0, 0, 0.5, 0.5, 0, 1, 0.5, 0.0, 0.0, 1], "deviation": [0.0, 0.0, 0.447213595499958, 0.4879500364742666, 0.4879500364742666, 0.5773502691896258, 0.7071067811865476, 0.7071067811865476, 0.5012330474951093, 0.47519096331149147, 0.7071067811865476, 0.0, 0.5175491695067657, 0.46709936649691375]}, "NSP7": {"data": [0.0, 0.0, 0, 0, 0, 0, 0.0, 0.0, 0, 0, 0.0, 0.0, 0.0, 0], "deviation": [0.0, 0.5, 0.0, 0.0, 0.0, 0.0, 0.0, 0.0, 0.0, 0.0, 0.0, 0.0, 0.0, 0.0]}, "NSP8": {"data": [0.0, 0.0, 0, 0, 0, 0, 0.0, 0.0, 0, 0, 0.0, 0.0, 0.0, 0], "deviation": [0.0, 0.0, 0.0, 0.0, 0.0, 0.5773502691896258, 0.0, 0.0, 0.15614965913950218, 0.0, 0.0, 0.0, 0.0, 0.0]}, "Spike": {"data": [0.0, 1.0, 3, 3, 3, 3, 3.5, 7.0, 7, 7, 3.5, 3.5, 7.0, 7], "deviation": [0.0, 1.0, 0.5477225575051661, 0.7559289460184544, 2.2146697055682827, 0.5773502691896257, 4.949747468305833, 0.0, 0.4743416490252569, 0.5603378397214094, 4.949747468305833, 4.949747468305833, 0.7440238091428449, 0.8090398349558905]}, "NSP9": {"data": [0.0, 0.0, 0, 0, 0, 0, 0.0, 0.0, 0, 0, 0.0, 0.0, 0.0, 0], "deviation": [0.0, 0.0, 0.447213595499958, 0.0, 0.0, 0.0, 0.0, 0.0, 0.0, 0.30053715351876426, 0.0, 0.0, 0.0, 0.30151134457776363]}, "NSP10": {"data": [0.0, 0.0, 0, 0, 0, 0, 0.0, 0.0, 0, 0, 0.0, 0.0, 0.0, 0], "deviation": [0.0, 0.0, 0.0, 0.0, 0.0, 0.0, 0.0, 0.0, 0.1111111111111111, 0.1796053020267749, 0.0, 0.0, 0.0, 0.0]}, "NSP11": {"data": [0.0, 0.0, 0, 0, 0, 0, 0.0, 0.0, 0, 0, 0.0, 0.0, 0.0, 0], "deviation": [0.0, 0.0, 0.0, 0.0, 0.0, 0.0, 0.0, 0.0, 0.0, 0.0, 0.0, 0.0, 0.0, 0.0]}, "NSP12": {"data": [0.0, 1.0, 1, 1, 1, 1, 0.5, 1.0, 1, 1, 0.5, 0.5, 1.0, 1], "deviation": [0.0, 0.0, 0.4472135954999579, 0.0, 0.0, 0.0, 0.7071067811865476, 0.0, 0.19002923751652298, 0.24973103811470743, 0.7071067811865476, 0.7071067811865476, 0.3535533905932738, 0.30151134457776363]}, "M": {"data": [0.0, 0.0, 0, 0, 0, 0, 0.0, 0.0, 0, 0, 0.0, 0.0, 0.0, 0], "deviation": [0.0, 0.0, 0.0, 0.0, 0.0, 0.0, 0.0, 0.0, 0.2222222222222222, 0.3962186862224294, 0.0, 0.0, 0.0, 0.30151134457776363]}, "NSP13": {"data": [0.0, 0.0, 0, 0, 0, 0, 0.0, 1.0, 0, 0, 0.0, 0.0, 0.5, 0], "deviation": [0.0, 0.5, 0.5477225575051661, 0.9759000729485332, 0.7867957924694431, 0.5773502691896258, 0.0, 1.4142135623730951, 0.9972183534434395, 0.8513114487634352, 0.0, 0.0, 0.9910312089651149, 0.8090398349558904]},