{"indel": {"NSP4": {"data": [0.0, 0, 0.0, 0, 0, 0.0, 0], "deviation": [0.0, 0.0, 0.0, 0.0, 0.0, 0.0, 0.0]}, "E": {"data": [0.0, 0, 0.0, 0, 0, 0.0, 0], "deviation": [0.0, 0.0, 0.0, 0.0, 0.0, 0.0, 0.0]}, "NS7a": {"data": [0.0, 0, 0.0, 0, 0, 0.0, 0], "deviation": [0.0, 0.0, 0.0, 0.0, 0.0, 0.0, 0.0]}, "NSP5": {"data": [0.0, 0, 0.0, 0, 0, 0.0, 0], "deviation": [0.0, 0.0, 0.0, 0.0, 0.0, 0.0, 0.0]}, "NS7b": {"data": [0.0, 0, 0.0, 0, 0, 0.0, 0], "deviation": [0.0, 0.0, 0.0, 0.0, 0.0, 0.0, 0.0]}, "NSP6": {"data": [0.0, 3, 3.0, 3, 3, 3.0, 3], "deviation": [1.0690449676496976, 1.3416407864998738, 0.8017837257372732, 0.0, 0.0, 0.0, 0.0]}, "NSP7": {"data": [0.0, 0, 0.0, 0, 0, 0.0, 0], "deviation": [0.0, 0.0, 0.0, 0.0, 0.0, 0.0, 0.0]}, "NSP8": {"data": [0.0, 0, 0.0, 0, 0, 0.0, 0], "deviation": [0.0, 0.0, 0.0, 0.0, 0.0, 0.0, 0.0]}, "Spike": {"data": [0.0, 3, 3.0, 3, 3, 3.0, 3], "deviation": [1.0606601717798212, 1.4142135623730951, 0.8017837257372732, 0.32163376045133846, 0.4931969619160719, 0.0, 0.0]}, "NSP9": {"data": [0.0, 0, 0.0, 0, 0, 0.0, 0], "deviation": [0.0, 0.0, 0.0, 0.0, 0.0, 0.0, 0.0]}, "NSP10": {"data": [0.0, 0, 0.0, 0, 0, 0.0, 0], "deviation": [0.0, 0.0, 0.0, 0.0, 0.0, 0.0, 0.0]}, "NSP11": {"data": [0.0, 0, 0.0, 0, 0, 0.0, 0], "deviation": [0.0, 0.0, 0.0, 0.0, 0.0, 0.0, 0.0]}, "NSP12": {"data": [0.0, 0, 0.0, 0, 0, 0.0, 0], "deviation": [0.0, 0.0, 0.0, 0.0, 0.0, 0.0, 0.0]}, "M": {"data": [0.0, 0, 0.0, 0, 0, 0.0, 0], "deviation": [0.0, 0.0, 0.0, 0.0, 0.0, 0.0, 0.0]}, "NSP13": {"data": [0.0, 0, 0.0, 0, 0, 0.0, 0], "deviation": [0.0, 0.0, 0.0, 0.0, 0.0, 0.0, 0.0]}, "N": {"data": [0.0, 0, 0.0, 0, 0, 0.0, 0], "deviation": [0.0, 0.0, 0.0, 0.0, 0.0, 0.0, 0.0]}, "NSP14": {"data": [0.0, 0, 0.0, 0, 0, 0.0, 0], "deviation": [0.0, 0.0, 0.0, 0.0, 0.0, 0.0, 0.0]}, "NS3": {"data": [0.0, 0, 0.0, 0, 0, 0.0, 0], "deviation": [0.0, 0.0, 0.0, 0.0, 0.0, 0.0, 0.0]}, "NSP15": {"data": [0.0, 0, 0.0, 0, 0, 0.0, 0], "deviation": [0.0, 0.0, 0.0, 0.0, 0.0, 0.0, 0.0]}, "NSP16": {"data": [0.0, 0, 0.0, 0, 0, 0.0, 0], "deviation": [0.0, 0.0, 0.0, 0.0, 0.0, 0.0, 0.0]}, "NS9b": {"data": [0.0, 0, 0.0, 0, 0, 0.0, 0], "deviation": [0.0, 0.0, 0.0, 0.0, 0.0, 0.0, 0.0]}, "NS6": {"data": [0.0, 0, 0.0, 0, 0, 0.0, 0], "deviation": [0.0, 0.0, 0.0, 0.0, 0.0, 0.0, 0.0]}, "NS9c": {"data": [0.0, 0, 0.0, 0, 0, 0.0, 0], "deviation": [0.0, 0.0, 0.0, 0.0, 0.0, 0.0, 0.0]}, "NSP1": {"data": [0.0, 0, 0.0, 0, 0, 0.0, 0], "deviation": [0.0, 1.3416407864998738, 0.0, 0.0, 0.0, 0.0, 0.0]}, "NSP2": {"data": [0.0, 0, 0.0, 0, 0, 0.0, 0], "deviation": [0.0, 0.0, 0.0, 0.0, 0.0, 0.0, 0.0]}, "NS8": {"data": [0.0, 0, 0.0, 0, 0, 0.0, 0], "deviation": [0.0, 0.0, 0.0, 0.0, 0.0, 0.0, 0.30151134457776363]}, "NSP3": {"data": [0.0, 0, 0.0, 0, 0, 0.0, 0], "deviation": [0.0, 0.0, 0.0, 0.0, 0.0, 0.0, 0.0]}}, "missense": {"NSP4": {"data": [0.0, 0, 0.0, 0, 0, 0.0, 0], "deviation": [0.0, 1.3416407864998738, 0.2672612419124244, 0.3974659104374912, 0.22924343513512563, 0.0, 0.0]}, "E": {"data": [0.0, 0, 0.0, 0, 0, 0.0, 0], "deviation": [0.0, 0.0, 0.0, 0.10721125348377948, 0.0, 0.0, 0.0]}, "NS7a": {"data": [0.0, 0, 0.0, 0, 0, 0.0, 0], "deviation": [0.0, 0.0, 0.0, 0.3342676027665394, 0.22924343513512563, 0.0, 0.0]}, "NSP5": {"data": [0.0, 0, 0.0, 0, 0, 0.0, 0], "deviation": [0.0, 0.0, 0.4258153136263201, 0.37992950850841406, 0.22924343513512563, 0.5, 0.0]}, "NS7b": {"data": [0.0, 0, 0.0, 0, 0, 0.0, 0], "deviation": [0.0, 0.0, 0.0, 0.0, 0.1643989873053573, 0.5, 0.0]}, "NSP6": {"data": [0.5, 0, 0.0, 0, 1, 0.5, 1], "deviation": [0.5345224838248488, 0.447213595499958, 0.4688072309384954, 0.5012681058876768, 0.4916723926983716, 0.5773502691896257, 0.46709936649691375]}, "NSP7": {"data": [0.0, 0, 0.0, 0, 0, 0.0, 0], "deviation": [0.3535533905932738, 0.0, 0.0, 0.0, 0.0, 0.0, 0.0]}, "NSP8": {"data": [0.0, 0, 0.0, 0, 0, 0.0, 0], "deviation": [0.0, 0.0, 0.0, 0.18352338815966715, 0.0, 0.0, 0.0]}, "Spike": {"data": [0.5, 3, 3.0, 7, 7, 7.5, 7], "deviation": [1.0350983390135313, 0.5477225575051661, 1.786703022974913, 0.9566939419601582, 0.5184291357251912, 0.9574271077563381, 0.8090398349558905]}, "NSP9": {"data": [0.0, 0, 0.0, 0, 0, 0.0, 0], "deviation": [0.0, 0.447213595499958, 0.0, 0.0, 0.2767247306920301, 0.0, 0.30151134457776363]}, "NSP10": {"data": [0.0, 0, 0.0, 0, 0, 0.0, 0], "deviation": [0.0, 0.0, 0.0, 0.10721125348377948, 0.1643989873053573, 0.0, 0.0]}, "NSP11": {"data": [0.0, 0, 0.0, 0, 0, 0.0, 0], "deviation": [0.0, 0.0, 0.0, 0.0, 0.0, 0.0, 0.0]}, "NSP12": {"data": [0.5, 1, 1.0, 1, 1, 1.0, 1], "deviation": [0.5345224838248488, 0.4472135954999579, 0.0, 0.18352338815966712, 0.2767247306920301, 0.0, 0.30151134457776363]}, "M": {"data": [0.0, 0, 0.0, 0, 0, 0.0, 0], "deviation": [0.0, 0.0, 0.0, 0.21442250696755896, 0.3634998378708471, 0.0, 0.30151134457776363]}, "NSP13": {"data": [0.0, 0, 0.0, 0, 0, 0.0, 0], "deviation": [0.3535533905932738, 0.5477225575051661, 0.8548504142651103, 0.9846455527116037, 0.8673247674615618, 1.0, 0.8090398349558904]}, "N": {"data": [0.0, 4, 4.0, 4, 4, 4.0, 4], "deviation": [1.407885953173359, 1.0954451150103321, 0.8644378215075664, 0.5750306524609918, 0.5355247770054965, 0.5, 0.674199862463242]}, "NSP14": {"data": [0.0, 0, 1.0, 0, 0, 0.0, 0], "deviation": [0.4629100498862757, 0.0, 0.6333236937766509, 0.5201114350197258, 0.41734179538380073, 0.5, 0.4045199174779452]}, "NS3": {"data": [1.0, 0, 0.0, 0, 1, 0.0, 0], "deviation": [0.4629100498862757, 0.5477225575051661, 0.5135525910130955, 0.5680149690623091, 0.5799451149344534, 0.5, 0.5222329678670935]}, "NSP15": {"data": [0.0, 0, 0.0, 0, 0, 0.0, 0], "deviation": [0.0, 0.0, 0.5345224838248488, 0.15073552182801672, 0.2767247306920301, 0.0, 0.30151134457776363]}, "NSP16": {"data": [0.0, 0, 0.0, 0, 0, 0.0, 0], "deviation": [0.0, 0.0, 0.0, 0.0, 0.0, 0.0, 0.0]}, "NS9b": {"data": [0.0, 0, 0.0, 0, 0, 0.0, 0], "deviation": [0.0, 0.0, 0.0, 0.0, 0.0, 0.0, 0.0]}, "NS6": {"data": [0.0, 0, 0.0, 0, 0, 0.0, 0], "deviation": [0.0, 0.0, 0.0, 0.0, 0.0, 0.0, 0.0]}, "NS9c": {"data": [0.0, 0, 0.0, 0, 0, 0.0, 0], "deviation": [0.0, 0.0, 0.0, 0.0, 0.0, 0.0, 0.0]}, "NSP1": {"data": [0.0, 0, 0.0, 0, 0, 0.0, 0], "deviation": [0.0, 0.0, 0.2672612419124244, 0.10721125348377948, 0.0, 0.5, 0.30151134457776363]}, "NSP2": {"data": [1.0, 0, 0.0, 0, 0, 0.0, 0], "deviation": [0.8345229603962802, 0.447213595499958, 0.4258153136263201, 0.45661844132963963, 0.5198752449100363, 1.0, 0.5222329678670935]}, "NS8": {"data": [0.0, 1, 3.0, 3, 3, 3.0, 3], "deviation": [0.3535533905932738, 1.0954451150103321, 0.8017837257372732, 0.24084410057242417, 0.468208521087794, 0.0, 0.0]}, "NSP3": {"data": [0.0, 1, 1.0, 4, 4, 3.5, 3], "deviation": [0.4629100498862757, 0.8366600265340756, 1.0082080720186268, 0.7282441084019009, 1.0171207079469646, 0.5773502691896257, 0.6875516509523286]}}, "labels": ["03/2020", "12/2020", "01/2021", "02/2021", "03/2021", "04/2021", "05/2021"]}