{"indel": {"NSP4": {"data": [0.0, 0.0, 0.0, 0.0, 0, 0.0, 0, 0, 0.0, 0, 0, 0, 0, 0.0, 0, 0.0, 0], "deviation": [0.0, 0.0, 0.0, 0.0, 0.0, 0.0, 0.0, 0.0, 0.0, 0.0, 0.0, 0.0, 0.0, 0.0, 0.0, 0.0, 0.0]}, "E": {"data": [0.0, 0.0, 0.0, 0.0, 0, 0.0, 0, 0, 0.0, 0, 0, 0, 0, 0.0, 0, 0.0, 0], "deviation": [0.0, 0.0, 0.0, 0.0, 0.0, 0.0, 0.0, 0.0, 0.0, 0.0, 0.0, 0.0, 0.0, 0.0, 0.0, 0.0, 0.0]}, "NS7a": {"data": [0.0, 0.0, 0.0, 0.0, 0, 0.0, 0, 0, 0.0, 0, 0, 0, 0, 0.0, 0, 0.0, 0], "deviation": [0.8528028654224418, 0.0, 0.0, 0.0, 0.0, 0.0, 0.05383819020581655, 0.0, 0.0, 0.0, 0.0, 0.0, 0.0, 0.0, 0.0, 0.0, 0.0]}, "NSP5": {"data": [0.0, 0.0, 0.0, 0.0, 0, 0.0, 0, 0, 0.0, 0, 0, 0, 0, 0.0, 0, 0.0, 0], "deviation": [0.0, 0.0, 0.0, 0.0, 0.0, 0.0, 0.0, 0.0, 0.0, 0.0, 0.0, 0.0, 0.0, 0.0, 0.0, 0.0, 0.0]}, "NS7b": {"data": [0.0, 0.0, 0.0, 0.0, 0, 0.0, 0, 0, 0.0, 0, 0, 0, 0, 0.0, 0, 0.0, 0], "deviation": [0.0, 0.0, 0.0, 0.0, 0.0, 0.0, 0.0, 0.0, 0.0, 0.0, 0.0, 0.0, 0.0, 0.0, 0.0, 0.0, 0.0]}, "NSP6": {"data": [0.0, 0.0, 0.0, 0.0, 0, 0.0, 0, 0, 3.0, 3, 3, 3, 3, 0.0, 0, 0.0, 0], "deviation": [0.29424494316824984, 0.0, 0.0, 0.0, 0.2581988897471611, 0.0, 0.11968388877464292, 0.45749571099781394, 1.5, 1.3143688189979723, 1.4887995891066792, 1.0330506647252728, 1.52127765851133, 0.0, 0.0, 0.0, 0.0]}, "NSP7": {"data": [0.0, 0.0, 0.0, 0.0, 0, 0.0, 0, 0, 0.0, 0, 0, 0, 0, 0.0, 0, 0.0, 0], "deviation": [0.0, 0.0, 0.0, 0.0, 0.0, 0.0, 0.0, 0.0, 0.0, 0.0, 0.0, 0.0, 0.0, 0.0, 0.0, 0.0, 0.0]}, "NSP8": {"data": [0.0, 0.0, 0.0, 0.0, 0, 0.0, 0, 0, 0.0, 0, 0, 0, 0, 0.0, 0, 0.0, 0], "deviation": [0.0, 0.0, 0.0, 0.0, 0.0, 0.0, 0.0, 0.0, 0.0, 0.0, 0.0, 0.0, 0.0, 0.0, 0.0, 0.0, 0.0]}, "Spike": {"data": [0.0, 0.0, 0.0, 0.0, 0, 0.0, 0, 0, 3.0, 3, 3, 3, 3, 1.0, 2, 1.0, 2], "deviation": [0.21320071635561044, 0.0, 0.0, 0.0, 0.0, 0.0, 0.0, 0.45749571099781394, 0.5, 1.0533075241555316, 1.4421414908988923, 1.1575495447783652, 1.5675276256394517, 1.4142135623730951, 0.0, 1.4142135623730951, 0.0]}, "NSP9": {"data": [0.0, 0.0, 0.0, 0.0, 0, 0.0, 0, 0, 0.0, 0, 0, 0, 0, 0.0, 0, 0.0, 0], "deviation": [0.0, 0.0, 0.0, 0.0, 0.0, 0.0, 0.0, 0.0, 0.0, 0.0, 0.0, 0.0, 0.0, 0.0, 0.0, 0.0, 0.0]}, "NSP10": {"data": [0.0, 0.0, 0.0, 0.0, 0, 0.0, 0, 0, 0.0, 0, 0, 0, 0, 0.0, 0, 0.0, 0], "deviation": [0.0, 0.0, 0.0, 0.0, 0.0, 0.0, 0.0, 0.0, 0.0, 0.0, 0.0, 0.0, 0.0, 0.0, 0.0, 0.0, 0.0]}, "NSP11": {"data": [0.0, 0.0, 0.0, 0.0, 0, 0.0, 0, 0, 0.0, 0, 0, 0, 0, 0.0, 0, 0.0, 0], "deviation": [0.0, 0.0, 0.0, 0.0, 0.0, 0.0, 0.0, 0.0, 0.0, 0.0, 0.0, 0.0, 0.0, 0.0, 0.0, 0.0, 0.0]}, "NSP12": {"data": [0.0, 0.0, 0.0, 0.0, 0, 0.0, 0, 0, 0.0, 0, 0, 0, 0, 0.0, 0, 0.0, 0], "deviation": [0.0, 0.0, 0.0, 0.0, 0.0, 0.0, 0.0, 0.0, 0.0, 0.0, 0.0, 0.0, 0.0, 0.0, 0.0, 0.0, 0.0]}, "M": {"data": [0.0, 0.0, 0.0, 0.0, 0, 0.0, 0, 0, 0.0, 0, 0, 0, 0, 0.0, 0, 0.0, 0], "deviation": [0.0, 0.0, 0.0, 0.0, 0.0, 0.0, 0.0, 0.0, 0.0, 0.0, 0.0, 0.0, 0.0, 0.0, 0.0, 0.0, 0.0]}, "NSP13": {"data": [0.0, 0.0, 0.0, 0.0, 0, 0.0, 0, 0, 0.0, 0, 0, 0, 0, 0.0, 0, 0.0, 0], "deviation": [0.0, 0.0, 0.0, 0.0, 0.0, 0.0, 0.0, 0.0, 0.0, 0.0, 0.0, 0.0, 0.0, 0.0, 0.0, 0.0, 0.0]}, "N": {"data": [0.0, 0.0, 0.0, 0.0, 0, 0.0, 0, 0, 0.0, 0, 0, 0, 0, 0.0, 0, 0.0, 0], "deviation": [0.0, 0.0, 0.0, 0.0, 0.0, 0.0, 0.2153527608232662, 0.0, 0.0, 0.0, 4.615408357013959, 0.0, 0.0, 0.0, 0.0, 0.0, 0.0]}, "NSP14": {"data": [0.0, 0.0, 0.0, 0.0, 0, 0.0, 0, 0, 0.0, 0, 0, 0, 0, 0.0, 0, 0.0, 0], "deviation": [0.0, 0.0, 0.0, 0.0, 0.0, 0.0, 0.0, 0.0, 0.0, 0.0, 0.0, 0.0, 0.0, 0.0, 0.0, 0.0, 0.0]}, "NS3": {"data": [0.0, 0.0, 0.0, 0.0, 0, 0.0, 0, 0, 0.0, 0, 0, 0, 0, 0.0, 0, 0.0, 0], "deviation": [0.0, 0.0, 0.0, 0.0, 0.0, 0.0, 0.17010276637693644, 0.0, 0.0, 0.0, 0.0, 0.0, 0.0, 0.0, 0.0, 0.0, 0.0]}, "NSP15": {"data": [0.0, 0.0, 0.0, 0.0, 0, 0.0, 0, 0, 0.0, 0, 0, 0, 0, 0.0, 0, 0.0, 0], "deviation": [0.0, 0.0, 0.0, 0.0, 0.0, 0.0, 0.0, 0.0, 0.0, 0.0, 0.0, 0.0, 0.0, 0.0, 0.0, 0.0, 0.0]}, "NSP16": {"data": [0.0, 0.0, 0.0, 0.0, 0, 0.0, 0, 0, 0.0, 0, 0, 0, 0, 0.0, 0, 0.0, 0], "deviation": [0.0, 0.0, 0.0, 0.0, 0.0, 0.0, 0.0, 0.0, 0.0, 0.0, 0.0, 0.0, 0.0, 0.0, 0.0, 0.0, 0.0]}, "NS9b": {"data": [0.0, 0.0, 0.0, 0.0, 0, 0.0, 0, 0, 0.0, 0, 0, 0, 0, 0.0, 0, 0.0, 0], "deviation": [0.0, 0.0, 0.0, 0.0, 0.0, 0.0, 0.0, 0.0, 0.0, 0.0, 0.0, 0.0, 0.0, 0.0, 0.0, 0.0, 0.0]}, "NS6": {"data": [0.0, 0.0, 0.0, 0.0, 0, 0.0, 0, 0, 0.0, 0, 0, 0, 0, 0.0, 0, 0.0, 0], "deviation": [0.0, 0.0, 0.0, 0.0, 0.0, 0.0, 0.0, 0.0, 0.0, 0.0, 0.0, 0.0, 0.0, 0.0, 0.0, 0.0, 0.0]}, "NS9c": {"data": [0.0, 0.0, 0.0, 0.0, 0, 0.0, 0, 0, 0.0, 0, 0, 0, 0, 0.0, 0, 0.0, 0], "deviation": [0.0, 0.0, 0.0, 0.0, 0.0, 0.0, 0.0, 0.0, 0.0, 0.0, 0.0, 0.0, 0.0, 0.0, 0.0, 0.0, 0.0]}, "NSP1": {"data": [0.0, 0.0, 0.0, 0.0, 0, 0.0, 0, 0, 0.0, 0, 0, 0, 0, 0.0, 0, 0.0, 0], "deviation": [0.0, 0.0, 0.0, 0.0, 0.0, 0.0, 0.22808385451760432, 0.0, 0.0, 0.0, 0.0, 0.0, 0.0, 0.0, 0.0, 0.0, 0.0]}, "NSP2": {"data": [0.0, 0.0, 0.0, 0.0, 0, 0.0, 0, 0, 0.0, 0, 0, 0, 0, 0.0, 0, 0.0, 0], "deviation": [0.0, 0.0, 0.0, 0.0, 0.0, 0.0, 0.1076763804116331, 0.0, 0.0, 0.0, 0.0, 0.0, 0.0, 0.0, 0.0, 0.0, 0.0]}, "NS8": {"data": [0.0, 0.0, 0.0, 0.0, 0, 0.0, 0, 0, 0.0, 0, 0, 0, 0, 0.0, 0, 0.0, 0], "deviation": [0.0, 0.0, 0.0, 0.0, 0.0, 0.29622973141038905, 0.38351609775375217, 0.350604603563426, 0.0, 0.0, 0.4236592728681617, 0.0, 0.0, 0.0, 0.0, 0.0, 0.0]}, "NSP3": {"data": [0.0, 0.0, 0.0, 0.0, 0, 0.0, 0, 0, 0.0, 0, 0, 0, 0, 0.0, 0, 0.0, 0], "deviation": [0.0, 0.0, 0.0, 0.0, 0.2581988897471611, 0.0, 0.05383819020581655, 0.0, 0.0, 0.0, 0.0, 0.0, 0.0, 0.0, 0.0, 0.0, 0.0]}}, "missense": {"NSP4": {"data": [0.0, 0.0, 0.0, 0.0, 1, 0.0, 0, 0, 0.0, 0, 0, 0, 0, 2.0, 2, 1.0, 2], "deviation": [0.0, 0.0, 0.0, 0.0, 0.5163977794943222, 0.4033791175457575, 0.42785944036305384, 0.41162509149327114, 0.0, 0.30817173607175735, 0.2668802563418119, 0.491026190103531, 0.5936168397046637, 0.0, 0.0, 1.4142135623730951, 0.5773502691896257]}, "E": {"data": [0.0, 0.0, 0.0, 0.0, 0, 0.0, 0, 0, 0.0, 0, 0, 0, 0, 0.0, 0, 0.0, 0], "deviation": [0.0, 0.0, 0.0, 0.0, 0.0, 0.0, 0.05383819020581655, 0.0, 0.0, 0.20259880963617724, 0.0, 0.34435022157509093, 0.3518657752744984, 0.0, 0.0, 0.0, 0.0]}, "NS7a": {"data": [0.0, 0.0, 0.0, 0.0, 0, 0.0, 0, 0, 0.0, 0, 0, 0, 0, 1.0, 2, 1.0, 2], "deviation": [0.21320071635561044, 0.0, 0.0, 0.0, 0.0, 0.2517674638681178, 0.6933892668838528, 0.21308263231644636, 0.0, 0.16663312875171465, 0.32025630761017426, 0.34435022157509093, 0.9759000729485333, 1.4142135623730951, 0.0, 1.4142135623730951, 0.0]}, "NSP5": {"data": [0.0, 0.0, 0.0, 0.0, 0, 0.0, 0, 0, 0.0, 0, 0, 0, 0, 0.5, 0, 0.0, 0], "deviation": [0.21320071635561044, 0.0, 0.0, 0.0, 0.0, 0.09805806756909202, 0.14119476708232648, 0.32435300622428814, 0.5, 0.2801264445740498, 0.4236592728681617, 0.38755338788158983, 0.3518657752744984, 0.7071067811865476, 0.5773502691896258, 0.0, 0.0]}, "NS7b": {"data": [0.0, 0.0, 0.0, 0.0, 0, 0.0, 0, 0, 0.0, 0, 0, 0, 0, 1.0, 1, 0.5, 1], "deviation": [0.0, 0.0, 0.0, 0.0, 0.0, 0.0, 0.07602795150586811, 0.0, 0.0, 0.16663312875171465, 0.0, 0.20851441405707477, 0.3518657752744984, 0.0, 0.0, 0.7071067811865476, 0.5773502691896257]}, "NSP6": {"data": [0.0, 1.0, 0.0, 0.5, 1, 1.0, 1, 1, 0.0, 0, 0, 0, 1, 1.5, 1, 0.5, 1], "deviation": [0.4767312946227962, 0.5163977794943222, 0.0, 0.7071067811865476, 0.2581988897471611, 0.2725971128968012, 0.45955386404667425, 0.5754289651287913, 0.5, 0.3889830935689814, 1.396984950372391, 0.41702882811414954, 0.5163977794943222, 0.7071067811865476, 0.0, 0.7071067811865476, 1.1547005383792515]}, "NSP7": {"data": [0.0, 0.0, 0.0, 0.0, 0, 0.0, 0, 0, 0.0, 0, 0, 0, 0, 0.0, 0, 0.0, 0], "deviation": [0.0, 0.0, 0.0, 0.0, 0.2581988897471611, 0.09805806756909202, 0.0929790086881058, 0.0, 0.0, 0.0, 0.0, 0.20851441405707477, 0.0, 0.0, 0.0, 0.0, 0.0]}, "NSP8": {"data": [0.0, 0.0, 0.0, 0.0, 0, 0.0, 0, 0, 0.0, 0, 0, 0, 0, 0.5, 0, 0.0, 0],