{"indel": {"NSP4": {"data": [0.0, 0, 0, 0.0, 0.0, 0, 0, 0, 0, 0.0, 0], "deviation": [0.0, 0.0, 0.0, 0.0, 0.0, 0.0, 0.0, 0.0, 0.0, 0.0, 0.0]}, "E": {"data": [0.0, 0, 0, 0.0, 0.0, 0, 0, 0, 0, 0.0, 0], "deviation": [0.0, 0.0, 0.0, 0.0, 0.0, 0.0, 0.0, 0.0, 0.0, 0.0, 0.0]}, "NS7a": {"data": [0.0, 0, 0, 0.0, 0.0, 0, 0, 0, 0, 0.0, 0], "deviation": [0.0, 0.0, 0.0, 0.0, 0.0, 0.0, 0.0, 0.0, 0.0, 0.0, 0.0]}, "NSP5": {"data": [0.0, 0, 0, 0.0, 0.0, 0, 0, 0, 0, 0.0, 0], "deviation": [0.0, 0.0, 0.0, 0.0, 0.0, 0.0, 0.0, 0.0, 0.0, 0.0, 0.0]}, "NS7b": {"data": [0.0, 0, 0, 0.0, 0.0, 0, 0, 0, 0, 0.0, 0], "deviation": [0.0, 0.0, 0.14586499149789456, 0.0, 0.0, 0.0, 0.0, 0.0, 0.0, 0.0, 0.0]}, "NSP6": {"data": [0.0, 0, 0, 0.0, 0.0, 0, 0, 0, 0, 3.0, 3], "deviation": [0.0, 0.0, 0.0, 0.0, 0.0, 0.0, 0.0, 0.0, 0.0, 1.4342743312012722, 0.25630729731502827]}, "NSP7": {"data": [0.0, 0, 0, 0.0, 0.0, 0, 0, 0, 0, 0.0, 0], "deviation": [0.0, 0.0, 0.0, 0.0, 0.0, 0.0, 0.0, 0.0, 0.0, 0.0, 0.0]}, "NSP8": {"data": [0.0, 0, 0, 0.0, 0.0, 0, 0, 0, 0, 0.0, 0], "deviation": [0.0, 0.0, 0.0, 0.0, 0.0, 0.0, 0.0, 0.0, 0.0, 0.0, 0.0]}, "Spike": {"data": [0.0, 0, 0, 0.0, 0.0, 0, 0, 0, 0, 3.0, 3], "deviation": [0.0, 0.0, 0.0, 0.0, 0.0, 0.0, 0.0, 1.2421180068162376, 0.9298021400838102, 1.3068540449583559, 0.2610791094992419]}, "NSP9": {"data": [0.0, 0, 0, 0.0, 0.0, 0, 0, 0, 0, 0.0, 0], "deviation": [0.0, 0.0, 0.0, 0.0, 0.0, 0.0, 0.0, 0.0, 0.0, 0.0, 0.0]}, "NSP10": {"data": [0.0, 0, 0, 0.0, 0.0, 0, 0, 0, 0, 0.0, 0], "deviation": [0.0, 0.0, 0.0, 0.0, 0.0, 0.0, 0.0, 0.0, 0.0, 0.0, 0.0]}, "NSP11": {"data": [0.0, 0, 0, 0.0, 0.0, 0, 0, 0, 0, 0.0, 0], "deviation": [0.0, 0.0, 0.0, 0.0, 0.0, 0.0, 0.0, 0.0, 0.0, 0.0, 0.0]}, "NSP12": {"data": [0.0, 0, 0, 0.0, 0.0, 0, 0, 0, 0, 0.0, 0], "deviation": [0.0, 0.0, 0.0, 0.0, 0.0, 0.0, 0.0, 0.0, 0.0, 0.4420917716668897, 0.0]}, "M": {"data": [0.0, 0, 0, 0.0, 0.0, 0, 0, 0, 0, 0.0, 0], "deviation": [0.0, 0.0, 0.0, 0.0, 0.0, 0.0, 0.0, 0.0, 0.0, 0.0, 0.0]}, "NSP13": {"data": [0.0, 0, 0, 0.0, 0.0, 0, 0, 0, 0, 0.0, 0], "deviation": [0.0, 0.0, 0.0, 0.0, 0.0, 0.0, 0.0, 0.0, 0.0, 0.0, 0.0]}, "N": {"data": [0.0, 0, 0, 0.0, 0.0, 0, 0, 0, 0, 0.0, 0], "deviation": [0.0, 0.0, 0.0, 0.0, 0.0, 0.0, 0.0, 0.0, 0.0, 0.0, 0.0]}, "NSP14": {"data": [0.0, 0, 0, 0.0, 0.0, 0, 0, 0, 0, 0.0, 0], "deviation": [0.0, 0.0, 0.0, 0.0, 0.0, 0.0, 0.0, 0.0, 0.0, 0.11952286093343938, 0.0]}, "NS3": {"data": [0.0, 0, 0, 0.0, 0.0, 0, 0, 0, 0, 0.0, 0], "deviation": [0.0, 0.0, 0.0, 0.0, 0.0, 0.0, 0.0, 0.0, 0.0, 0.0, 0.0]}, "NSP15": {"data": [0.0, 0, 0, 0.0, 0.0, 0, 0, 0, 0, 0.0, 0], "deviation": [0.0, 0.0, 0.0, 0.0, 0.0, 0.0, 0.0, 0.0, 0.0, 0.0, 0.0]}, "NSP16": {"data": [0.0, 0, 0, 0.0, 0.0, 0, 0, 0, 0, 0.0, 0], "deviation": [0.0, 0.0, 0.0, 0.0, 0.0, 0.0, 0.0, 0.0, 0.0, 0.0, 0.0]}, "NS9b": {"data": [0.0, 0, 0, 0.0, 0.0, 0, 0, 0, 0, 0.0, 0], "deviation": [0.0, 0.0, 0.0, 0.0, 0.0, 0.0, 0.0, 0.0, 0.0, 0.0, 0.0]}, "NS6": {"data": [0.0, 0, 0, 0.0, 0.0, 0, 0, 0, 0, 0.0, 0], "deviation": [0.0, 0.0, 0.0, 0.0, 0.0, 0.0, 0.0, 0.0, 0.0, 0.0, 0.0]}, "NS9c": {"data": [0.0, 0, 0, 0.0, 0.0, 0, 0, 0, 0, 0.0, 0], "deviation": [0.0, 0.0, 0.0, 0.0, 0.0, 0.0, 0.0, 0.0, 0.0, 0.0, 0.0]}, "NSP1": {"data": [0.0, 0, 0, 0.0, 0.0, 0, 0, 0, 0, 0.0, 0], "deviation": [0.0, 0.0, 0.0, 0.0, 0.0, 0.0, 0.2, 0.0, 0.0, 0.0, 0.0]}, "NSP2": {"data": [0.0, 0, 0, 0.0, 0.0, 0, 0, 0, 0, 0.0, 0], "deviation": [0.0, 0.0, 0.0, 0.0, 0.0, 0.0, 0.0, 0.0, 0.0, 0.4911220094409839, 0.0]}, "NS8": {"data": [0.0, 0, 0, 0.0, 1.0, 0, 0, 0, 0, 0.0, 0], "deviation": [0.0, 0.0, 0.2917299829957891, 0.0, 1.4142135623730951, 0.6666666666666666, 0.0, 0.0, 0.0, 0.0, 0.0]}, "NSP3": {"data": [0.0, 0, 0, 0.0, 0.0, 0, 0, 0, 0, 0.0, 0], "deviation": [0.0, 0.22941573387056177, 0.5043749394606821, 0.0, 0.0, 0.0, 0.0, 0.0, 0.0, 0.4911220094409839, 0.0]}}, "missense": {"NSP4": {"data": [0.5, 0, 1, 0.5, 0.0, 0, 0, 0, 0, 0.0, 0], "deviation": [0.7071067811865476, 0.49559462778335206, 0.3233153877609249, 0.5773502691896257, 0.0, 0.0, 0.43969686527576396, 0.0, 0.0, 0.3371418043988196, 0.1468869755904545]}, "E": {"data": [0.0, 0, 0, 0.0, 0.0, 0, 0, 0, 0, 0.0, 0], "deviation": [0.0, 0.0, 0.0, 0.0, 0.0, 0.3333333333333333, 0.0, 0.0, 0.0, 0.0, 0.12037939167079068]}, "NS7a": {"data": [0.0, 0, 0, 0.0, 0.0, 0, 0, 0, 0, 0.0, 0], "deviation": [0.0, 0.0, 0.0, 0.0, 0.0, 0.0, 0.33166247903553997, 0.0, 0.0, 0.4373835248681493, 0.3674731233034124]}, "NSP5": {"data": [0.0, 0, 0, 0.0, 0.0, 0, 0, 0, 0, 0.0, 0], "deviation": [0.0, 0.0, 0.0, 0.0, 0.0, 0.0, 0.27688746209726917, 0.0, 0.1856953381770519, 0.20399732064980203, 0.2610791094992419]}, "NS7b": {"data": [0.0, 0, 0, 0.0, 0.0, 0, 0, 0, 0, 0.0, 0], "deviation": [0.0, 0.0, 0.0, 0.0, 0.0, 0.0, 0.2, 0.0, 0.0, 0.1678015193509294, 0.0]}, "NSP6": {"data": [0.5, 0, 1, 0.0, 0.0, 0, 0, 0, 0, 0.0, 0], "deviation": [0.7071067811865476, 0.4188539082916955, 0.49976867914561146, 0.0, 0.0, 0.0, 0.408248290463863, 0.0, 0.25788071477756375, 0.5462084632264563, 0.40644760610063596]}, "NSP7": {"data": [0.0, 0, 0, 0.0, 0.0, 0, 0, 0, 0, 0.0, 0], "deviation": [0.0, 0.0, 0.20402970888857874, 0.5, 0.0, 0.0, 0.2, 0.0, 0.0, 0.2593988910521574, 0.23534778263068445]}, "NSP8": {"data": [0.0, 0, 0, 0.0, 0.0, 0, 0, 0, 0, 0.0, 0], "deviation": [0.0, 0.0, 0.14586499149789456, 0.0, 0.0, 0.3333333333333333, 0.2, 0.41403933560541256, 0.1856953381770519, 0.20399732064980203, 0.0854357657716761]}, "Spike": {"data": [1.5, 2, 0, 1.0, 1.0, 2, 2, 3, 2, 7.0, 7], "deviation": [2.1213203435596424, 1.0706067580626215, 0.4490714028797273, 0.5, 1.4142135623730951, 0.44095855184409843, 0.9521904571390467, 2.410295378065479, 1.429802425291501, 2.266142918420653, 0.715032119369722]}, "NSP9": {"data": [0.0, 0, 0, 0.0, 0.0, 1, 0, 0, 0, 0.0, 0], "deviation": [0.0, 0.0, 0.0, 0.0, 0.0, 0.5270462766947299, 0.0, 0.0, 0.0, 0.20399732064980203, 0.0]}, "NSP10": {"data": [0.5, 0, 0, 0.0, 0.0, 0, 0, 0, 0, 0.0, 0], "deviation": [0.7071067811865476, 0.3746343246326776, 0.14586499149789456, 0.0, 0.0, 0.0, 0.3741657386773941, 0.0, 0.0, 0.3204551628343091, 0.0]}, "NSP11": {"data": [0.0, 0, 0, 0.0, 0.0, 0, 0, 0, 0, 0.0, 0], "deviation": [0.0, 0.0, 0.0, 0.0, 0.0, 0.0, 0.0, 0.0, 0.0, 0.0, 0.0]}, "NSP12": {"data": [1.0, 1, 0, 0.0, 1.0, 1, 1, 1, 0, 1.0, 2], "deviation": [1.4142135623730951, 0.7132825035177587, 0.3598745798587226, 0.5, 1.4142135623730951, 0.44095855184409843, 0.725718035235908, 0.50709255283711, 0.46820062223377973, 0.8444190181781018, 0.5563945765915185]}, "M": {"data": [0.0, 0, 0, 0.0, 0.0, 0, 0, 0, 0, 0.0, 0], "deviation": [0.0, 0.22941573387056177, 0.0, 0.0, 0.0, 0.0, 0.0, 0.3518657752744984, 0.0, 0.3371418043988196, 0.28373694721842496]}, "NSP13": {"data": [0.0, 0, 1, 0.0, 0.0, 0, 0, 0, 0, 0.0, 0], "deviation": [0.0, 0.3746343246326776, 0.5025375018797699, 0.0, 0.0, 0.0, 0.8602325267042628, 0.3518657752744984, 0.1856953381770519, 0.23379132809659064, 0.4377280427572106]}, "N": {"data": [1.5, 2, 0, 0.0, 1.0, 2, 2, 2, 0, 4.0, 4], "deviation": [2.1213203435596424, 1.1212983285105118, 0.5285555342832592, 0.5, 1.4142135623730951, 0.44095855184409843, 0.9092121131323904, 1.0997835284835873, 0.8974512350049013, 1.7100361406954159, 0.5622479875328656]}, "NSP14": {"data": [0.5, 0, 0, 0.0, 0.0, 0, 0, 0, 0, 0.0, 0], "deviation": [0.7071067811865476, 0.4188539082916955, 0.20402970888857874, 0.5, 0.0, 0.5, 0.43588989435406733, 0.3518657752744984, 0.1856953381770519, 0.3524536884251207, 0.0854357657716761]}, "NS3": {"data": [0.0, 0, 0, 0.5, 0.5, 0, 0, 0, 0, 0.0, 0], "deviation": [0.0, 0.5619514869490164, 0.49976867914561146, 0.5773502691896257, 0.7071067811865476, 0.5, 0.8602325267042628, 0.990430401872025, 0.1856953381770519, 0.6378340678708263, 0.5688908102366056]}, "NSP15": {"data": [0.0, 0, 0, 0.0, 0.0, 0, 0, 1, 0, 0.0, 0], "deviation": [0.0, 0.49559462778335206, 0.14586499149789456, 0.0, 0.0, 0.5, 0.3741657386773941, 0.7237468644557459, 0.0, 0.11952286093343938, 0.29413911471675214]}, "NSP16": {"data": [0.0, 0, 0, 0.0, 0.0, 0, 0, 0, 0, 0.0, 0],