{"indel": {"NSP4": {"data": [0.0, 0, 0, 0, 0.0, 0, 0, 0.0, 0, 0.0, 0.0, 0, 0.0, 0.0, 0.0, 0.0, 0.0, 0.0, 0], "deviation": [0.0, 0.0, 0.0, 0.0, 0.0, 0.0, 0.0, 0.0, 0.0, 0.0, 0.0, 0.0, 0.0, 0.0, 0.0, 0.0, 0.0, 0.0, 0.0]}, "E": {"data": [0.0, 0, 0, 0, 0.0, 0, 0, 0.0, 0, 0.0, 0.0, 0, 0.0, 0.0, 0.0, 0.0, 0.0, 0.0, 0], "deviation": [0.0, 0.0, 0.0, 0.0, 0.0, 0.0, 0.0, 0.0, 0.0, 0.0, 0.0, 0.0, 0.0, 0.0, 0.0, 0.0, 0.0, 0.0, 0.0]}, "NS7a": {"data": [0.0, 0, 0, 0, 0.0, 0, 0, 0.0, 0, 0.0, 0.0, 0, 0.0, 0.0, 0.0, 0.0, 0.0, 0.0, 0], "deviation": [0.0, 0.0, 0.0, 0.0, 0.7364596943186587, 0.7107423155935333, 0.0, 0.0, 0.0, 4.727455680310745, 0.0, 0.0, 0.0, 0.0, 0.0, 1.0002842704739718, 0.0, 0.5333216102677293, 0.14002800840280097]}, "NSP5": {"data": [0.0, 0, 0, 0, 0.0, 0, 0, 0.0, 0, 0.0, 0.0, 0, 0.0, 0.0, 0.0, 0.0, 0.0, 0.0, 0], "deviation": [0.0, 0.0, 0.0, 0.0, 0.0, 0.0, 0.0, 0.0, 0.0, 0.0, 0.0, 0.0, 0.0, 0.0, 0.0, 0.0, 0.0, 0.0, 0.0]}, "NS7b": {"data": [0.0, 0, 0, 0, 0.0, 0, 0, 0.0, 0, 0.0, 0.0, 0, 0.0, 0.0, 0.0, 0.0, 0.0, 0.0, 0], "deviation": [0.0, 0.0, 0.0, 0.0, 0.0, 0.0, 0.0, 0.0, 0.0, 0.0, 0.0, 0.0, 0.0, 0.0, 0.0, 0.0, 0.0, 0.0, 0.0]}, "NSP6": {"data": [0.0, 0, 0, 0, 0.0, 0, 0, 0.0, 0, 0.0, 0.0, 0, 3.0, 3.0, 3.0, 3.0, 0.0, 0.0, 0], "deviation": [0.0, 0.0, 0.0, 0.0, 0.09205746178983233, 0.0, 0.0, 1.4969103983674976, 0.3511234415883917, 0.0, 0.4964663868173117, 0.8907399018400063, 1.5071176500025905, 1.2713650941840997, 1.0777200811383263, 1.4982204891625068, 1.2676633628460987, 0.23980575864601797, 0.0]}, "NSP7": {"data": [0.0, 0, 0, 0, 0.0, 0, 0, 0.0, 0, 0.0, 0.0, 0, 0.0, 0.0, 0.0, 0.0, 0.0, 0.0, 0], "deviation": [0.0, 0.0, 0.0, 0.0, 0.0, 0.0, 0.0, 0.0, 0.0, 0.0, 0.0, 0.0, 0.0, 0.0, 0.0, 0.0, 0.0, 0.0, 0.0]}, "NSP8": {"data": [0.0, 0, 0, 0, 0.0, 0, 0, 0.0, 0, 0.0, 0.0, 0, 0.0, 0.0, 0.0, 0.0, 0.0, 0.0, 0], "deviation": [0.0, 0.0, 0.0, 0.0, 0.0, 0.0, 0.0, 0.0, 0.0, 0.0, 0.0, 0.0, 0.0, 0.0, 0.0, 0.0, 0.0, 0.0, 0.0]}, "Spike": {"data": [0.0, 0, 0, 0, 0.0, 0, 0, 0.0, 0, 0.0, 0.0, 0, 2.0, 3.0, 3.0, 3.0, 2.0, 0.0, 0], "deviation": [0.0, 0.0, 0.40146252773099655, 0.3148650613833567, 0.09205746178983233, 0.0, 0.19900743804199783, 0.26435052857271474, 0.11704114719613055, 0.0, 0.6036858617843471, 0.9275868039550714, 1.500792516970407, 1.3792520749522927, 1.250273719661087, 1.3527146463465873, 1.237826350880918, 0.8278034014378686, 0.6950807542307302]}, "NSP9": {"data": [0.0, 0, 0, 0, 0.0, 0, 0, 0.0, 0, 0.0, 0.0, 0, 0.0, 0.0, 0.0, 0.0, 0.0, 0.0, 0], "deviation": [0.0, 0.0, 0.0, 0.0, 0.0, 0.0, 0.0, 0.0, 0.0, 0.0, 0.0, 0.0, 0.0, 0.0, 0.0, 0.0, 0.0, 0.0, 0.0]}, "NSP10": {"data": [0.0, 0, 0, 0, 0.0, 0, 0, 0.0, 0, 0.0, 0.0, 0, 0.0, 0.0, 0.0, 0.0, 0.0, 0.0, 0], "deviation": [0.0, 0.0, 0.0, 0.0, 0.0, 0.0, 0.0, 0.0, 0.0, 0.0, 0.0, 0.0, 0.0, 0.0, 0.0, 0.0, 0.0, 0.0, 0.0]}, "NSP11": {"data": [0.0, 0, 0, 0, 0.0, 0, 0, 0.0, 0, 0.0, 0.0, 0, 0.0, 0.0, 0.0, 0.0, 0.0, 0.0, 0], "deviation": [0.0, 0.0, 0.0, 0.0, 0.0, 0.0, 0.0, 0.0, 0.0, 0.0, 0.0, 0.0, 0.0, 0.0, 0.0, 0.0, 0.0, 0.0, 0.0]}, "NSP12": {"data": [0.0, 0, 0, 0, 0.0, 0, 0, 0.0, 0, 0.0, 0.0, 0, 0.0, 0.0, 0.0, 0.0, 0.0, 0.0, 0], "deviation": [0.0, 0.0, 0.0, 0.0, 0.0, 0.0, 0.0, 0.0, 0.0, 0.10751701037854351, 0.0, 0.0, 0.0, 0.0, 0.0, 0.0, 0.0, 0.0, 0.0]}, "M": {"data": [0.0, 0, 0, 0, 0.0, 0, 0, 0.0, 0, 0.0, 0.0, 0, 0.0, 0.0, 0.0, 0.0, 0.0, 0.0, 0], "deviation": [0.0, 0.0, 0.0, 0.0, 0.0, 0.0, 0.0, 0.0, 0.0, 0.0, 0.0, 0.0, 0.0, 0.0, 0.0, 0.0, 0.0, 0.0, 0.0]}, "NSP13": {"data": [0.0, 0, 0, 0, 0.0, 0, 0, 0.0, 0, 0.0, 0.0, 0, 0.0, 0.0, 0.0, 0.0, 0.0, 0.0, 0], "deviation": [0.0, 0.0, 0.0, 0.0, 0.0, 0.0, 0.0, 0.0, 0.0, 0.0, 0.0, 0.0, 0.0, 0.0, 0.0, 0.0, 0.0, 0.0, 0.0]}, "N": {"data": [0.0, 0, 0, 0, 0.0, 0, 0, 0.0, 0, 0.0, 0.0, 0, 0.0, 0.0, 0.0, 0.0, 0.0, 0.0, 0], "deviation": [0.0, 0.0, 0.0, 0.0, 0.0, 0.1015346165133619, 0.0, 0.0, 0.0, 0.0, 0.0, 0.0, 0.0, 0.0, 0.0, 0.0, 0.137360563948689, 0.0, 0.0]}, "NSP14": {"data": [0.0, 0, 0, 0, 0.0, 0, 0, 0.0, 0, 0.0, 0.0, 0, 0.0, 0.0, 0.0, 0.0, 0.0, 0.0, 0], "deviation": [0.0, 0.0, 0.0, 0.0, 0.0, 0.0, 0.0, 0.0, 0.0, 0.07624928516630233, 0.0, 0.0, 10.071613117961956, 0.0, 0.0, 0.0, 0.0, 0.0, 0.0]}, "NS3": {"data": [0.0, 0, 0, 0, 0.0, 0, 0, 0.0, 0, 0.0, 0.0, 0, 0.0, 0.0, 0.0, 0.0, 0.0, 0.0, 0], "deviation": [0.0, 0.0, 0.0, 0.0, 0.0, 0.1015346165133619, 0.29851115706299675, 0.0, 0.0, 0.0, 0.6619551824230823, 0.0, 0.0, 0.05735393346764044, 0.0, 0.1767766952966369, 0.0, 0.05661385170722979, 0.0]}, "NSP15": {"data": [0.0, 0, 0, 0, 0.0, 0, 0, 0.0, 0, 0.0, 0.0, 0, 0.0, 0.0, 0.0, 0.0, 0.0, 0.0, 0], "deviation": [0.0, 0.0, 0.0, 0.0, 0.0, 0.0, 0.0, 0.0, 0.0, 0.0, 0.0, 0.0, 0.0, 0.0, 0.0, 0.0, 0.0, 0.0, 0.0]}, "NSP16": {"data": [0.0, 0, 0, 0, 0.0, 0, 0, 0.0, 0, 0.0, 0.0, 0, 0.0, 0.0, 0.0, 0.0, 0.0, 0.0, 0], "deviation": [0.0, 0.0, 0.29277002188455997, 0.0, 0.0, 0.0, 0.0, 0.0, 0.0, 0.0, 0.0, 0.0, 0.0, 0.0, 0.0, 0.0, 0.0, 0.0, 0.0]}, "NS9b": {"data": [0.0, 0, 0, 0, 0.0, 0, 0, 0.0, 0, 0.0, 0.0, 0, 0.0, 0.0, 0.0, 0.0, 0.0, 0.0, 0], "deviation": [0.0, 0.0, 0.0, 0.0, 0.0, 0.0, 0.0, 0.0, 0.0, 0.0, 0.0, 0.0, 0.0, 0.0, 0.0, 0.0, 0.0, 0.0, 0.0]}, "NS6": {"data": [0.0, 0, 0, 0, 0.0, 0, 0, 0.0, 0, 0.0, 0.0, 0, 0.0, 0.0, 0.0, 0.0, 0.0, 0.0, 0], "deviation": [0.0, 0.0, 0.0, 0.5353033790313108, 1.4160817618114478, 2.3971095136890503, 2.3558648114654184, 1.3343811396509035, 0.0, 0.7526190726498045, 0.8249579113843054, 0.0, 0.0, 0.0, 0.0, 0.5303300858899106, 0.0, 0.0, 0.0]}, "NS9c": {"data": [0.0, 0, 0, 0, 0.0, 0, 0, 0.0, 0, 0.0, 0.0, 0, 0.0, 0.0, 0.0, 0.0, 0.0, 0.0, 0], "deviation": [0.0, 0.0, 0.0, 0.0, 0.0, 0.0, 0.0, 0.0, 0.0, 0.0, 0.0, 0.0, 0.0, 0.0, 0.0, 0.0, 0.0, 0.0, 0.0]}, "NSP1": {"data": [0.0, 0, 0, 0, 0.0, 0, 0, 0.0, 0, 0.0, 0.0, 0, 0.0, 0.0, 0.0, 0.0, 0.0, 0.0, 0], "deviation": [0.0, 0.0, 0.307715200613562, 0.506918084380944, 0.552344770738994, 0.9127532835881944, 0.19900743804199783, 0.0, 0.0, 0.44345735619627047, 0.5892556509887895, 0.2195285199793807, 0.09901475429766744, 0.2910720632056749, 0.20318563844357893, 0.40988971917033135, 0.9973585788709778, 0.4335181655191694, 0.0]}, "NSP2": {"data": [0.0, 0, 0, 0, 0.0, 0, 0, 0.0, 0, 0.0, 0.0, 0, 0.0, 0.0, 0.0, 0.0, 0.0, 0.0, 0], "deviation": [0.0, 0.0, 0.0, 0.0, 0.0, 0.0, 0.0, 0.0, 0.0, 0.0, 0.0, 0.0, 0.0, 0.0, 0.0, 0.0, 0.0686802819743445, 0.0, 0.0]}, "NS8": {"data": [0.0, 0, 0, 0, 0.0, 0, 0, 0.0, 0, 0.0, 0.0, 0, 0.0, 0.0, 0.0, 0.0, 0.0, 0.0, 0], "deviation": [0.0, 0.0, 0.0, 0.0, 0.0, 0.0, 0.0, 0.0, 0.2340822943922611, 0.21503402075708702, 0.11785113019775793, 0.0, 0.0, 0.0, 0.13545709229571928, 0.0, 0.137360563948689, 0.17827879630225785, 0.0]}, "NSP3": {"data": [0.0, 0, 0, 0, 0.0, 0, 0, 0.0, 0, 0.0, 0.0, 0, 0.0, 0.0, 0.0, 0.0, 0.0, 0.0, 0], "deviation": [0.0, 0.0, 0.0, 0.0, 0.276172385369497, 0.0, 0.0, 0.0, 0.0, 0.07624928516630233, 0.11785113019775793, 0.0, 0.0, 0.17206180040292132, 0.0, 0.0, 0.9615239476408232, 0.05661385170722979, 0.0]}}, "missense": {"NSP4": {"data": [0.0, 0, 0, 0, 0.0, 0, 0, 0.0, 0, 0.0, 0.0, 0, 0.0, 0.0, 0.0, 0.0, 1.0, 2.0, 2], "deviation": [0.0, 0.30993404669460345, 0.28128433856309726, 0.1078290637219119, 0.23723380516649945, 0.36755203946953285, 0.23756187312857346, 0.26435052857271474, 0.4340001893819421, 0.5846069328000422, 0.45771939248137733, 0.5266899392386474, 0.23645607097364027, 0.2719438323926038, 0.4065792990542948, 0.6246078909376688, 0.8296784137433019, 0.4812846606333611, 0.5095172648078325]}, "E": {"data": [0.0, 0, 0, 0, 0.0, 0, 0, 0.0, 0, 0.0, 0.0, 0, 0.0, 0.0, 0.0, 0.0, 0.0, 0.0, 0], "deviation": [0.0, 0.0, 0.0, 0.07647191129018725, 0.09205746178983233, 0.0, 0.09950371902099892, 0.0, 0.16436770598316272, 0.13129303902760123, 0.2012286205947824, 0.260540363902507, 0.4622205484092766, 0.45426586692491927, 0.42716690893445214, 0.3060083577005347, 0.16622642981182964, 0.079935252882006, 0.0]}, "NS7a": {"data": [0.0, 0, 0, 0, 0.0, 0, 0, 0.0, 0, 0.0, 0.0, 0, 0.0, 0.0, 0.0, 0.0, 2.0, 2.0, 2],