{"indel": {"NSP4": {"data": [0.0, 0.0, 0.0, 0.0, 0, 0, 0, 0.0], "deviation": [0.0, 0.0, 0.0, 0.0, 0.0, 0.0, 0.0, 0.0]}, "E": {"data": [0.0, 0.0, 0.0, 0.0, 0, 0, 0, 0.0], "deviation": [0.0, 0.0, 0.0, 0.0, 0.0, 0.0, 0.0, 0.0]}, "NS7a": {"data": [0.0, 0.0, 0.0, 0.0, 0, 0, 0, 0.0], "deviation": [0.0, 0.0, 0.0, 0.0, 1.6641005886756874, 0.0, 1.539600717839002, 0.0]}, "NSP5": {"data": [0.0, 0.0, 0.0, 0.0, 0, 0, 0, 0.0], "deviation": [0.0, 0.0, 0.0, 0.0, 0.0, 0.0, 0.0, 0.0]}, "NS7b": {"data": [0.0, 0.0, 0.0, 0.0, 0, 0, 0, 0.0], "deviation": [0.0, 0.0, 0.0, 0.0, 0.0, 0.0, 0.0, 0.0]}, "NSP6": {"data": [0.0, 0.0, 0.0, 0.0, 3, 3, 0, 0.0], "deviation": [0.0, 0.0, 1.2774459408789602, 0.0, 0.0, 0.0, 0.5773502691896257, 0.0]}, "NSP7": {"data": [0.0, 0.0, 0.0, 0.0, 0, 0, 0, 0.0], "deviation": [0.0, 0.0, 0.0, 0.0, 0.0, 0.0, 0.0, 0.0]}, "NSP8": {"data": [0.0, 0.0, 0.0, 0.0, 0, 0, 0, 0.0], "deviation": [0.0, 0.0, 0.0, 0.0, 0.0, 0.0, 0.0, 0.0]}, "Spike": {"data": [0.0, 0.0, 1.0, 1.0, 3, 3, 2, 0.0], "deviation": [0.0, 0.0, 1.2314558524297639, 1.4142135623730951, 0.0, 0.0, 0.19245008972987526, 0.0]}, "NSP9": {"data": [0.0, 0.0, 0.0, 0.0, 0, 0, 0, 0.0], "deviation": [0.0, 0.0, 0.0, 0.0, 0.0, 0.0, 0.0, 0.0]}, "NSP10": {"data": [0.0, 0.0, 0.0, 0.0, 0, 0, 0, 0.0], "deviation": [0.0, 0.0, 0.0, 0.0, 0.0, 0.0, 0.0, 0.0]}, "NSP11": {"data": [0.0, 0.0, 0.0, 0.0, 0, 0, 0, 0.0], "deviation": [0.0, 0.0, 0.0, 0.0, 0.0, 0.0, 0.0, 0.0]}, "NSP12": {"data": [0.0, 0.0, 0.0, 0.0, 0, 0, 0, 0.0], "deviation": [0.0, 0.0, 0.0, 0.0, 0.0, 0.0, 0.0, 0.0]}, "M": {"data": [0.0, 0.0, 0.0, 0.0, 0, 0, 0, 0.0], "deviation": [0.0, 0.0, 0.0, 0.0, 0.0, 0.0, 0.0, 0.0]}, "NSP13": {"data": [0.0, 0.0, 0.0, 0.0, 0, 0, 0, 0.0], "deviation": [0.0, 0.0, 0.0, 0.0, 0.0, 0.0, 0.0, 0.0]}, "N": {"data": [0.0, 0.0, 0.0, 0.0, 0, 0, 0, 0.0], "deviation": [0.0, 0.0, 0.0, 0.0, 0.0, 0.0, 0.0, 0.0]}, "NSP14": {"data": [0.0, 0.0, 0.0, 0.0, 0, 0, 0, 0.0], "deviation": [0.0, 0.0, 0.0, 0.0, 0.0, 0.0, 0.0, 0.0]}, "NS3": {"data": [0.0, 0.0, 0.0, 0.0, 0, 0, 0, 0.0], "deviation": [0.0, 0.0, 0.0, 0.0, 0.0, 0.0, 0.0, 0.0]}, "NSP15": {"data": [0.0, 0.0, 0.0, 0.0, 0, 0, 0, 0.0], "deviation": [0.0, 0.0, 0.0, 0.0, 0.0, 0.0, 0.0, 0.0]}, "NSP16": {"data": [0.0, 0.0, 0.0, 0.0, 0, 0, 0, 0.0], "deviation": [0.0, 0.0, 0.0, 0.0, 0.0, 0.0, 0.0, 0.0]}, "NS9b": {"data": [0.0, 0.0, 0.0, 0.0, 0, 0, 0, 0.0], "deviation": [0.0, 0.0, 0.0, 0.0, 0.0, 0.0, 0.0, 0.0]}, "NS6": {"data": [0.0, 0.0, 0.0, 0.0, 0, 0, 0, 0.0], "deviation": [0.0, 0.0, 0.0, 0.0, 0.0, 0.0, 0.0, 0.0]}, "NS9c": {"data": [0.0, 0.0, 0.0, 0.0, 0, 0, 0, 0.0], "deviation": [0.0, 0.0, 0.0, 0.0, 0.0, 0.0, 0.0, 0.0]}, "NSP1": {"data": [0.0, 0.0, 0.0, 0.0, 0, 0, 0, 0.0], "deviation": [0.0, 0.0, 0.0, 0.0, 0.0, 0.0, 0.0, 0.0]}, "NSP2": {"data": [0.0, 0.0, 0.0, 0.0, 0, 0, 0, 0.0], "deviation": [0.0, 0.0, 0.0, 0.0, 0.0, 0.0, 0.0, 0.0]}, "NS8": {"data": [0.0, 0.0, 0.0, 0.0, 0, 0, 0, 0.0], "deviation": [0.0, 0.0, 0.0, 0.0, 0.0, 0.0, 0.0, 0.0]}, "NSP3": {"data": [0.0, 0.0, 0.0, 0.0, 0, 0, 0, 0.0], "deviation": [0.0, 0.0, 0.0, 0.0, 0.0, 0.0, 0.0, 0.0]}}, "missense": {"NSP4": {"data": [0.0, 0.5, 0.0, 0.5, 0, 0, 2, 1.0], "deviation": [0.0, 0.5345224838248488, 0.9376144618769909, 0.7071067811865476, 0.3755338080994054, 0.0, 0.8540168202937981, 1.4142135623730951]}, "E": {"data": [0.0, 0.0, 0.0, 0.0, 0, 0, 0, 0.0], "deviation": [0.0, 0.3535533905932738, 0.0, 0.0, 0.0, 0.0, 0.19245008972987526, 0.0]}, "NS7a": {"data": [0.0, 0.0, 0.0, 1.5, 0, 0, 2, 1.0], "deviation": [0.7071067811865476, 0.0, 0.9376144618769909, 2.1213203435596424, 0.48038446141526137, 0.4879500364742666, 0.4803844614152614, 1.4142135623730951]}, "NSP5": {"data": [1.0, 0.0, 0.0, 0.0, 0, 0, 0, 0.0], "deviation": [0.3535533905932738, 0.0, 0.3631365196012815, 0.0, 0.2773500981126146, 0.5345224838248488, 0.0, 0.0]}, "NS7b": {"data": [0.0, 0.0, 0.0, 0.0, 0, 0, 1, 0.0], "deviation": [0.0, 0.0, 0.0, 0.0, 0.3755338080994054, 0.37796447300922725, 0.4560451819471487, 0.0]}, "NSP6": {"data": [0.0, 0.0, 0.5, 0.5, 0, 0, 1, 1.0], "deviation": [0.0, 0.4629100498862757, 0.744946343668492, 0.7071067811865476, 0.3755338080994054, 0.0, 0.557262335477027, 1.4142135623730951]}, "NSP7": {"data": [0.0, 0.0, 0.0, 0.0, 0, 0, 0, 0.0], "deviation": [0.3535533905932738, 0.3535533905932738, 0.0, 0.0, 0.0, 0.0, 0.0, 0.0]}, "NSP8": {"data": [0.0, 0.0, 0.0, 0.0, 0, 0, 0, 0.0], "deviation": [0.0, 0.7440238091428449, 0.0, 0.0, 0.0, 0.0, 0.0, 0.0]}, "Spike": {"data": [1.0, 1.5, 4.0, 4.0, 7, 7, 9, 2.5], "deviation": [0.3535533905932738, 1.1259916264596033, 2.3026501693044477, 5.656854249492381, 0.6602252917735247, 1.4638501094227998, 0.6155626523087466, 3.5355339059327378]}, "NSP9": {"data": [0.0, 1.0, 0.0, 0.0, 0, 0, 0, 0.0], "deviation": [0.0, 0.5175491695067657, 0.7559289460184544, 0.0, 0.2773500981126146, 0.37796447300922725, 0.0, 0.0]}, "NSP10": {"data": [0.0, 0.0, 0.0, 0.0, 0, 0, 0, 0.0], "deviation": [0.0, 0.0, 0.0, 0.0, 0.0, 0.0, 0.0, 0.0]}, "NSP11": {"data": [0.0, 0.0, 0.0, 0.0, 0, 0, 0, 0.0], "deviation": [0.0, 0.0, 0.0, 0.0, 0.0, 0.0, 0.0, 0.0]}, "NSP12": {"data": [1.0, 1.0, 1.0, 1.0, 1, 1, 2, 1.0], "deviation": [0.0, 0.3535533905932738, 0.4688072309384954, 1.4142135623730951, 0.6304251719561152, 0.3779644730092272, 0.4833407013879895, 1.4142135623730951]}, "M": {"data": [0.0, 0.0, 0.0, 0.5, 0, 0, 1, 0.5], "deviation": [0.5175491695067657, 0.0, 0.2672612419124244, 0.7071067811865476, 0.0, 0.0, 0.2773500981126146, 0.7071067811865476]}, "NSP13": {"data": [0.0, 0.0, 0.0, 0.5, 0, 0, 1, 1.0], "deviation": [0.3535533905932738, 0.3535533905932738, 1.2314558524297639, 0.7071067811865476, 0.6304251719561152, 0.0, 0.4236592728681617, 1.4142135623730951]}, "N": {"data": [2.0, 1.5, 2.0, 2.0, 4, 4, 4, 1.5], "deviation": [0.0, 1.3562026818605375, 1.780541959721722, 2.8284271247461903, 0.6304251719561152, 0.3779644730092272, 0.4236592728681617, 2.1213203435596424]}, "NSP14": {"data": [0.0, 1.0, 0.0, 0.0, 0, 0, 1, 0.5], "deviation": [0.3535533905932738, 0.5175491695067657, 0.646206172658864, 0.0, 0.6304251719561152, 0.4879500364742666, 0.5175000172041232, 0.7071067811865476]}, "NS3": {"data": [0.0, 0.0, 0.0, 0.5, 0, 0, 1, 1.0], "deviation": [0.3535533905932738, 0.3535533905932738, 0.4688072309384954, 0.7071067811865476, 0.4385290096535146, 0.37796447300922725, 0.5417077564954128, 1.4142135623730951]}, "NSP15": {"data": [1.0, 0.0, 0.0, 0.5, 0, 0, 0, 0.0], "deviation": [0.0, 0.3535533905932738, 0.2672612419124244, 0.7071067811865476, 0.0, 0.37796447300922725, 0.19245008972987526, 0.0]}, "NSP16": {"data": [0.0, 0.0, 0.0, 0.0, 0, 0, 0, 0.0], "deviation": [0.0, 0.3535533905932738, 0.5789342235218394, 0.0, 0.48038446141526137, 0.0, 0.4803844614152614, 0.0]}, "NS9b": {"data": [0.0, 0.0, 0.0, 0.0, 0, 0, 0, 0.0], "deviation": [0.0, 0.0, 0.0, 0.0, 0.0, 0.0, 0.0, 0.0]}, "NS6": {"data": [0.0, 0.0, 0.0, 0.0, 0, 0, 0, 0.0], "deviation": [0.0, 0.0, 0.0, 0.0, 0.2773500981126146, 0.0, 0.19245008972987526, 0.0]}, "NS9c": {"data": [0.0, 0.0, 0.0, 0.0, 0, 0, 0, 0.0], "deviation": [0.0, 0.0, 0.0, 0.0, 0.0, 0.0, 0.0, 0.0]}, "NSP1": {"data": [0.0, 0.0, 0.0, 0.0, 0, 0, 0, 0.0], "deviation": [0.0, 0.3535533905932738, 0.0, 0.0, 0.0, 0.0, 0.19245008972987526, 0.0]}, "NSP2": {"data": [0.0, 0.0, 0.0, 0.5, 0, 0, 0, 0.0], "deviation": [0.0, 0.5175491695067657, 0.4258153136263201, 0.7071067811865476, 0.7679476477883045, 0.37796447300922725, 0.44657608470472243, 0.0]}, "NS8": {"data": [0.0, 0.0, 0.0, 0.0, 3, 4, 0, 0.0], "deviation": [0.3535533905932738, 0.0, 1.2688144505364485, 0.0, 0.2773500981126146, 0.5345224838248488, 0.6558958989042623, 0.0]}, "NSP3": {"data": [1.5, 1.0, 1.0, 1.0, 4, 3, 3, 1.5], "deviation": [0.9910312089651149, 0.9910312089651149, 1.1883130530663677, 1.4142135623730951, 0.9128709291752769, 0.9511897312113419, 1.219499687240422, 2.1213203435596424]}}, "labels": ["07/2020", "12/2020", "01/2021", "04/2021", "05/2021", "06/2021", "07/2021", "08/2021"]}