{"indel": {"NSP4": {"data": [0, 0.0, 0, 0, 0, 0, 0, 0.0, 0.0, 0.0, 0, 0.0, 0, 0, 0.0], "deviation": [0.0, 0.0, 0.0, 0.0, 0.0, 0.0, 0.0, 0.0, 0.0, 0.0, 0.0, 0.0, 0.1998746477280663, 0.0, 0.0]}, "E": {"data": [0, 0.0, 0, 0, 0, 0, 0, 0.0, 0.0, 0.0, 0, 0.0, 0, 0, 0.0], "deviation": [0.0, 0.0, 0.0, 0.0, 0.0, 0.0, 0.0, 0.0, 0.0, 0.0, 0.0, 0.0, 0.0, 0.0, 0.0]}, "NS7a": {"data": [0, 0.0, 0, 0, 0, 0, 0, 0.0, 0.0, 0.0, 0, 0.0, 0, 0, 0.0], "deviation": [0.0, 0.0, 0.0, 0.0, 0.0, 0.0, 0.0, 0.0, 0.0, 0.0, 0.0, 0.23515759872214906, 0.4760495551002015, 0.18738030733162184, 0.28521105448806394]}, "NSP5": {"data": [0, 0.0, 0, 0, 0, 0, 0, 0.0, 0.0, 0.0, 0, 0.0, 0, 0, 0.0], "deviation": [0.0, 0.0, 0.0, 0.0, 0.0, 0.0, 0.0, 0.0, 0.0, 0.0, 0.0, 0.0, 0.0, 0.0, 0.0]}, "NS7b": {"data": [0, 0.0, 0, 0, 0, 0, 0, 0.0, 0.0, 0.0, 0, 0.0, 0, 0, 0.0], "deviation": [0.0, 0.0, 0.0, 0.0, 0.0, 0.0, 0.0, 0.0, 0.0, 0.0, 0.0, 0.0, 0.04328769405883604, 0.0, 0.0]}, "NSP6": {"data": [0, 0.0, 0, 0, 0, 0, 0, 0.0, 0.0, 0.0, 0, 0.0, 0, 3, 3.0], "deviation": [0.0, 0.0, 0.0, 0.0, 0.0, 0.0, 0.0, 0.0, 0.0, 0.0, 0.2346581699449548, 0.8128454162839773, 1.2703180844211268, 1.389469142917843, 0.706267134846526]}, "NSP7": {"data": [0, 0.0, 0, 0, 0, 0, 0, 0.0, 0.0, 0.0, 0, 0.0, 0, 0, 0.0], "deviation": [0.0, 0.0, 0.0, 0.0, 0.0, 0.0, 0.0, 0.0, 0.0, 0.0, 0.0, 0.0, 0.0, 0.0, 0.0]}, "NSP8": {"data": [0, 0.0, 0, 0, 0, 0, 0, 0.0, 0.0, 0.0, 0, 0.0, 0, 0, 0.0], "deviation": [0.0, 0.0, 0.0, 0.0, 0.0, 0.0, 0.0, 0.0, 0.0, 0.0, 0.0, 0.0, 0.0, 0.0, 0.0]}, "Spike": {"data": [0, 0.0, 0, 0, 0, 0, 0, 0.0, 0.0, 0.0, 0, 0.0, 3, 3, 3.0], "deviation": [0.0, 0.0, 0.0, 0.0, 0.0, 0.0, 0.0, 0.0, 0.0, 0.0, 0.4699698931098794, 1.1437799856712632, 1.4864159464352065, 0.9741371667998909, 0.4839299144691437]}, "NSP9": {"data": [0, 0.0, 0, 0, 0, 0, 0, 0.0, 0.0, 0.0, 0, 0.0, 0, 0, 0.0], "deviation": [0.0, 0.0, 0.0, 0.0, 0.0, 0.0, 0.0, 0.0, 0.0, 0.0, 0.0, 0.0, 0.0, 0.0, 0.0]}, "NSP10": {"data": [0, 0.0, 0, 0, 0, 0, 0, 0.0, 0.0, 0.0, 0, 0.0, 0, 0, 0.0], "deviation": [0.0, 0.0, 0.0, 0.0, 0.0, 0.0, 0.0, 0.0, 0.0, 0.0, 0.0, 0.0, 0.0, 0.0, 0.0]}, "NSP11": {"data": [0, 0.0, 0, 0, 0, 0, 0, 0.0, 0.0, 0.0, 0, 0.0, 0, 0, 0.0], "deviation": [0.0, 0.0, 0.0, 0.0, 0.0, 0.0, 0.0, 0.0, 0.0, 0.0, 0.0, 0.0, 0.0, 0.0, 0.0]}, "NSP12": {"data": [0, 0.0, 0, 0, 0, 0, 0, 0.0, 0.0, 0.0, 0, 0.0, 0, 0, 0.0], "deviation": [0.0, 0.0, 0.0, 0.0, 0.0, 0.0, 0.0, 0.0, 0.0, 0.0, 0.0, 0.0, 0.0, 0.0, 0.0]}, "M": {"data": [0, 0.0, 0, 0, 0, 0, 0, 0.0, 0.0, 0.0, 0, 0.0, 0, 0, 0.0], "deviation": [0.0, 0.0, 0.0, 0.0, 0.0, 0.0, 0.0, 0.0, 0.0, 0.0, 0.0, 0.0, 0.0, 0.0, 0.0]}, "NSP13": {"data": [0, 0.0, 0, 0, 0, 0, 0, 0.0, 0.0, 0.0, 0, 0.0, 0, 0, 0.0], "deviation": [0.0, 0.0, 0.0, 0.0, 0.0, 0.0, 0.0, 0.0, 0.0, 0.0, 0.0, 0.0, 0.0, 0.0, 0.0]}, "N": {"data": [0, 0.0, 0, 0, 0, 0, 0, 0.0, 0.0, 0.0, 0, 0.0, 0, 0, 0.0], "deviation": [0.0, 0.0, 0.0, 0.0, 0.0, 0.0, 0.0, 0.13801311186847084, 0.0, 0.0, 0.0, 0.20388829980917544, 0.0, 0.026565321418092747, 0.09901475429766743]}, "NSP14": {"data": [0, 0.0, 0, 0, 0, 0, 0, 0.0, 0.0, 0.0, 0, 0.0, 0, 0, 0.0], "deviation": [0.0, 0.0, 0.0, 0.0, 0.0, 0.0, 0.0, 0.0, 0.0, 0.0, 0.0, 0.0, 0.0, 0.0, 0.0]}, "NS3": {"data": [0, 0.0, 0, 0, 0, 0, 0, 0.0, 0.0, 0.0, 0, 0.0, 0, 0, 0.0], "deviation": [0.0, 0.0, 0.0, 0.0, 0.0, 0.0, 0.0, 0.0, 0.0, 0.0, 0.0, 0.058789399680537265, 0.401481327620923, 0.2808855466380503, 0.510677666285563]}, "NSP15": {"data": [0, 0.0, 0, 0, 0, 0, 0, 0.0, 0.0, 0.0, 0, 0.0, 0, 0, 0.0], "deviation": [0.0, 0.0, 0.0, 0.0, 0.0, 0.0, 0.07738232325341368, 0.0, 0.0, 0.0, 0.0, 0.0, 0.0, 0.0, 0.0]}, "NSP16": {"data": [0, 0.0, 0, 0, 0, 0, 0, 0.0, 0.0, 0.0, 0, 0.0, 0, 0, 0.0], "deviation": [0.0, 0.0, 0.0, 0.0, 0.0, 0.0, 0.0, 0.0, 0.0, 0.0, 0.0, 0.0, 0.0, 0.0, 0.0]}, "NS9b": {"data": [0, 0.0, 0, 0, 0, 0, 0, 0.0, 0.0, 0.0, 0, 0.0, 0, 0, 0.0], "deviation": [0.0, 0.0, 0.0, 0.0, 0.0, 0.0, 0.0, 0.0, 0.0, 0.0, 0.0, 0.0, 0.0, 0.0, 0.0]}, "NS6": {"data": [0, 0.0, 0, 0, 0, 0, 0, 0.0, 0.0, 0.0, 0, 0.0, 0, 0, 0.0], "deviation": [0.0, 0.0, 0.0, 0.0, 0.0, 0.0, 0.0, 0.0, 0.0, 0.0, 0.0, 0.03398138330152924, 0.0, 0.0, 0.0]}, "NS9c": {"data": [0, 0.0, 0, 0, 0, 0, 0, 0.0, 0.0, 0.0, 0, 0.0, 0, 0, 0.0], "deviation": [0.0, 0.0, 0.0, 0.0, 0.0, 0.0, 0.0, 0.0, 0.0, 0.0, 0.0, 0.0, 0.0, 0.0, 0.0]}, "NSP1": {"data": [0, 0.0, 0, 0, 0, 0, 0, 0.0, 0.0, 0.0, 0, 0.0, 0, 0, 0.0], "deviation": [0.0, 0.0, 0.0, 0.0, 0.0, 0.0, 0.0, 0.0, 0.0, 0.0, 0.3840752688662681, 0.2418214620575977, 0.3953696894818774, 0.19486948391525064, 0.0]}, "NSP2": {"data": [0, 0.0, 0, 0, 0, 0, 0, 0.0, 0.0, 0.0, 0, 0.0, 0, 0, 0.0], "deviation": [0.1796053020267749, 0.0, 0.0, 0.0, 0.0, 0.0, 0.0, 0.0, 0.0, 0.0, 0.0, 0.0, 0.12232096240656663, 0.0, 0.0]}, "NS8": {"data": [0, 0.0, 0, 0, 0, 0, 0, 0.0, 0.0, 0.0, 0, 0.0, 0, 0, 0.0], "deviation": [0.0, 0.0, 0.0, 0.0, 0.0, 0.0, 0.0, 0.0, 0.0, 0.0, 0.0, 0.0, 0.0, 0.0, 0.03300491809922248]}, "NSP3": {"data": [0, 0.0, 0, 0, 0, 0, 0, 0.0, 0.0, 0.0, 0, 0.0, 0, 0, 0.0], "deviation": [0.0, 0.0, 0.0, 0.0, 0.0, 0.0, 0.0, 0.0, 0.0, 0.0, 0.0, 0.03398138330152924, 0.2513098697401192, 0.04597998023951266, 0.13201967239688991]}}, "missense": {"NSP4": {"data": [0, 0.0, 0, 0, 0, 0, 0, 0.0, 0.0, 0.0, 0, 0.0, 0, 0, 0.0], "deviation": [0.24973103811470745, 0.0, 0.0, 0.5, 0.0, 0.30040622902833486, 0.539474182000617, 0.4890228142198719, 0.0, 0.0, 0.4238877041837069, 0.38344891027058925, 0.37614348567946365, 0.36345498474237126, 0.4521729869400048]}, "E": {"data": [0, 0.0, 0, 0, 0, 0, 0, 0.0, 0.0, 0.0, 0, 0.0, 0, 0, 0.0], "deviation": [0.0, 0.0, 0.0, 0.0, 0.0, 0.15617376188860604, 0.0, 0.06900655593423542, 0.0, 0.0, 0.14741480043937907, 0.08959393310034658, 0.14857910278422667, 0.24397209996293998, 0.20179980052716792]}, "NS7a": {"data": [0, 0.0, 0, 0, 0, 0, 0, 0.0, 0.0, 0.0, 0, 0.0, 0, 0, 0.0], "deviation": [0.1796053020267749, 0.0, 0.0, 0.0, 0.0, 0.15617376188860604, 0.24879770053992514, 0.3100797713017042, 0.0, 0.0, 0.3616855703659284, 0.32280401528559893, 0.3379082282816945, 0.37182604546780545, 0.5750391394117996]}, "NSP5": {"data": [0, 0.0, 0, 0, 0, 0, 0, 0.0, 0.0, 0.0, 0, 0.0, 0, 0, 0.0], "deviation": [0.0, 0.2672612419124244, 0.0, 0.0, 0.21808478995509087, 0.15617376188860604, 0.42273258130083713, 0.47913874278448065, 0.0, 0.5, 0.34160995351975504, 0.3160757557588042, 0.2513223276286022, 0.23500061905973443, 0.241519625783124]}, "NS7b": {"data": [0, 0.0, 0, 0, 0, 0, 0, 0.0, 0.0, 0.0, 0, 0.0, 0, 0, 0.0], "deviation": [0.1796053020267749, 0.2672612419124244, 0.0, 0.0, 0.21808478995509087, 0.21808478995509087, 0.0, 0.0, 0.0, 0.0, 0.1280250896220894, 0.13053994032570218, 0.46046652513071046, 0.1180039783131355, 0.20179980052716792]}, "NSP6": {"data": [0, 0.0, 0, 0, 0, 0, 0, 0.0, 0.0, 0.0, 0, 0.0, 0, 0, 0.0], "deviation": [0.1796053020267749, 0.0, 0.3333333333333333, 0.0, 0.15617376188860604, 0.0, 0.10910500922184507, 0.15281962944370997, 0.0, 0.0, 0.46160102517831586, 0.7077474359818445, 0.9312993682860417, 0.8193640748602009, 0.37036704417339256]}, "NSP7": {"data": [0, 0.0, 0, 0, 0, 0, 0, 0.0, 0.0, 0.0, 0, 0.0, 0, 0, 0.0], "deviation": [0.0, 0.0, 0.0, 0.0, 0.0, 0.15617376188860604, 0.07738232325341368, 0.06900655593423542, 0.0, 0.0, 0.10482526605118178, 0.067844809730922, 0.08982777619506721, 0.05307433053330768, 0.05710382056624696]}, "NSP8": {"data": [0, 0.0, 0, 0, 1, 0, 0, 0.0, 0.0, 0.0, 0, 0.0, 0, 0, 0.0], "deviation": [0.0, 0.0, 0.0, 0.3333333333333333, 0.5060608273474739, 0.5024331043932555, 0.1533597946237113, 0.09735625843872815, 0.0, 0.0, 0.38255385558741983, 0.393854728900906, 0.36560487867562974, 0.37770801080615407, 0.37573742007966066]}, "Spike": {"data": [1, 1.0, 1, 1, 1, 2, 1, 2.0, 1.5, 2.0, 3, 3.0, 7, 7, 7.0], "deviation": [0.3962186862224294, 0.8516306272526402, 0.7071067811865476, 0.0, 0.3312945782245396, 0.5421276962343745, 0.567689281570282, 0.6766623623409201, 2.1213203435596424, 0.816496580927726, 1.2484490070747012, 1.8123406473567365, 2.1413352242207706, 1.6131237965860676, 0.9141524642566085]},