{"indel": {"NSP4": {"data": [0.0, 0.0, 0, 0, 0.0, 0, 0.0, 0, 0.0, 0, 0, 0.0, 0, 0, 0.0, 0.0], "deviation": [0.0, 0.0, 0.0, 0.5773502691896258, 0.0, 0.37796447300922725, 0.0, 0.0, 0.0, 0.0, 0.0, 0.0, 0.0, 0.0, 0.0, 0.0]}, "E": {"data": [0.0, 0.0, 0, 0, 0.0, 0, 0.0, 0, 0.0, 0, 0, 0.0, 0, 0, 0.0, 0.0], "deviation": [0.0, 0.0, 0.0, 0.0, 0.0, 0.0, 0.0, 0.0, 0.0, 0.0, 0.0, 0.0, 0.0, 0.0, 0.0, 0.0]}, "NS7a": {"data": [0.0, 0.0, 0, 0, 0.0, 0, 0.0, 0, 0.0, 0, 0, 0.0, 0, 0, 0.0, 0.0], "deviation": [0.0, 0.0, 0.0, 0.0, 0.0, 0.0, 0.0, 0.0, 0.0, 0.0, 0.0, 0.056796183424706485, 0.0, 0.0, 0.0, 0.0]}, "NSP5": {"data": [0.0, 0.0, 0, 0, 0.0, 0, 0.0, 0, 0.0, 0, 0, 0.0, 0, 0, 0.0, 0.0], "deviation": [0.0, 0.0, 0.0, 0.0, 0.0, 0.0, 0.0, 0.0, 0.0, 0.0, 0.0, 0.0, 0.0, 0.0, 0.0, 0.0]}, "NS7b": {"data": [0.0, 0.0, 0, 0, 0.0, 0, 0.0, 0, 0.0, 0, 0, 0.0, 0, 0, 0.0, 0.0], "deviation": [0.0, 0.0, 0.0, 0.0, 0.0, 0.0, 0.0, 0.0, 0.0, 0.0, 0.0, 0.0, 0.0, 0.0, 0.0, 0.0]}, "NSP6": {"data": [0.0, 0.0, 0, 0, 0.0, 0, 0.0, 0, 0.0, 3, 3, 3.0, 3, 3, 0.0, 0.0], "deviation": [0.0, 0.0, 0.0, 0.0, 0.0, 0.0, 0.0, 0.0, 1.0990426455975697, 1.5043041695357886, 0.5197738987787129, 0.0, 0.3799468080774895, 0.9045340337332909, 0.0, 0.3638034375544995]}, "NSP7": {"data": [0.0, 0.0, 0, 0, 0.0, 0, 0.0, 0, 0.0, 0, 0, 0.0, 0, 0, 0.0, 0.0], "deviation": [0.0, 0.0, 0.0, 0.0, 0.0, 0.0, 0.0, 0.0, 0.0, 0.0, 0.0, 0.0, 0.0, 0.0, 0.0, 0.0]}, "NSP8": {"data": [0.0, 0.0, 0, 0, 0.0, 0, 0.0, 0, 0.0, 0, 0, 0.0, 0, 0, 0.0, 0.0], "deviation": [0.0, 0.0, 0.0, 0.0, 0.0, 0.0, 0.0, 0.0, 0.0, 0.0, 0.0, 0.0, 0.0, 0.0, 0.0, 0.0]}, "Spike": {"data": [0.0, 0.0, 0, 0, 0.0, 0, 0.0, 0, 0.0, 2, 3, 3.0, 3, 3, 0.0, 0.0], "deviation": [0.0, 0.0, 0.0, 0.0, 0.0, 0.0, 0.0, 0.0, 1.1459310165698642, 1.4534606608781355, 0.6525276750984028, 0.25309443078968236, 0.3799468080774895, 0.9244162777371754, 0.0, 0.7581862280818803]}, "NSP9": {"data": [0.0, 0.0, 0, 0, 0.0, 0, 0.0, 0, 0.0, 0, 0, 0.0, 0, 0, 0.0, 0.0], "deviation": [0.0, 0.0, 0.0, 0.0, 0.0, 0.0, 0.0, 0.0, 0.0, 0.0, 0.0, 0.0, 0.0, 0.0, 0.0, 0.0]}, "NSP10": {"data": [0.0, 0.0, 0, 0, 0.0, 0, 0.0, 0, 0.0, 0, 0, 0.0, 0, 0, 0.0, 0.0], "deviation": [0.0, 0.0, 0.0, 0.0, 0.0, 0.0, 0.0, 0.0, 0.0, 0.0, 0.0, 0.0, 0.0, 0.0, 0.0, 0.0]}, "NSP11": {"data": [0.0, 0.0, 0, 0, 0.0, 0, 0.0, 0, 0.0, 0, 0, 0.0, 0, 0, 0.0, 0.0], "deviation": [0.0, 0.0, 0.0, 0.0, 0.0, 0.0, 0.0, 0.0, 0.0, 0.0, 0.0, 0.0, 0.0, 0.0, 0.0, 0.0]}, "NSP12": {"data": [0.0, 0.0, 0, 0, 0.0, 0, 0.0, 0, 0.0, 0, 0, 0.0, 0, 0, 0.0, 0.0], "deviation": [0.0, 0.0, 0.0, 0.0, 0.0, 0.0, 0.0, 0.0, 0.0, 0.0, 0.0, 0.5679618342470647, 0.0, 0.0, 0.0, 0.0]}, "M": {"data": [0.0, 0.0, 0, 0, 0.0, 0, 0.0, 0, 0.0, 0, 0, 0.0, 0, 0, 0.0, 0.0], "deviation": [0.0, 0.0, 0.0, 0.0, 0.0, 0.0, 0.0, 0.0, 0.0, 0.08304547985373997, 0.0, 0.0, 0.0, 0.0, 0.0, 0.0]}, "NSP13": {"data": [0.0, 0.0, 0, 0, 0.0, 0, 0.0, 0, 0.0, 0, 0, 0.0, 0, 0, 0.0, 0.0], "deviation": [0.0, 0.0, 0.0, 0.0, 0.0, 0.0, 0.0, 0.0, 0.0, 0.0, 0.0, 0.0, 0.0, 0.0, 0.0, 0.0]}, "N": {"data": [0.0, 0.0, 0, 0, 0.0, 0, 0.0, 0, 0.0, 0, 0, 0.0, 0, 0, 0.0, 0.0], "deviation": [0.0, 0.0, 0.0, 0.0, 0.0, 0.0, 0.0, 0.0, 0.0, 0.0, 0.0, 0.056796183424706485, 0.0, 0.0, 0.0, 0.0]}, "NSP14": {"data": [0.0, 0.0, 0, 0, 0.0, 0, 0.0, 0, 0.0, 0, 0, 0.0, 0, 0, 0.0, 0.0], "deviation": [0.0, 0.0, 0.0, 0.0, 0.0, 0.0, 0.0, 0.0, 0.0, 0.0, 0.0, 0.3975732839729454, 0.0, 0.0, 0.0, 0.0]}, "NS3": {"data": [0.0, 0.0, 0, 0, 0.0, 0, 0.0, 0, 0.0, 0, 0, 0.0, 0, 0, 0.0, 0.0], "deviation": [0.0, 0.0, 0.2773500981126146, 0.0, 0.0, 0.0, 0.0, 0.0, 0.0, 0.0, 0.0, 0.22718473369882594, 0.0, 0.0, 0.0, 0.0]}, "NSP15": {"data": [0.0, 0.0, 0, 0, 0.0, 0, 0.0, 0, 0.0, 0, 0, 0.0, 0, 0, 0.0, 0.0], "deviation": [0.0, 0.0, 0.0, 0.0, 0.0, 0.0, 0.0, 0.0, 0.0, 0.0, 0.0, 0.0, 0.0, 0.0, 0.0, 0.0]}, "NSP16": {"data": [0.0, 0.0, 0, 0, 0.0, 0, 0.0, 0, 0.0, 0, 0, 0.0, 0, 0, 0.0, 0.0], "deviation": [0.0, 0.0, 0.0, 0.0, 0.0, 0.0, 0.0, 0.0, 0.0, 0.0, 0.0, 0.11359236684941297, 0.0, 0.0, 0.0, 0.0]}, "NS9b": {"data": [0.0, 0.0, 0, 0, 0.0, 0, 0.0, 0, 0.0, 0, 0, 0.0, 0, 0, 0.0, 0.0], "deviation": [0.0, 0.0, 0.0, 0.0, 0.0, 0.0, 0.0, 0.0, 0.0, 0.0, 0.0, 0.0, 0.0, 0.0, 0.0, 0.0]}, "NS6": {"data": [0.0, 0.0, 0, 0, 0.0, 0, 0.0, 0, 0.0, 0, 0, 0.0, 0, 0, 0.0, 0.0], "deviation": [0.0, 0.0, 0.0, 0.0, 0.0, 0.0, 0.0, 0.0, 0.0, 0.0, 0.0, 0.0, 0.0, 0.0, 0.0, 0.0]}, "NS9c": {"data": [0.0, 0.0, 0, 0, 0.0, 0, 0.0, 0, 0.0, 0, 0, 0.0, 0, 0, 0.0, 0.0], "deviation": [0.0, 0.0, 0.0, 0.0, 0.0, 0.0, 0.0, 0.0, 0.0, 0.0, 0.0, 0.0, 0.0, 0.0, 0.0, 0.0]}, "NSP1": {"data": [0.0, 0.0, 0, 0, 0.0, 0, 0.0, 0, 0.0, 0, 0, 0.0, 0, 0, 0.0, 0.0], "deviation": [0.0, 0.0, 0.0, 0.0, 0.0, 0.0, 0.0, 0.0, 0.0, 0.16609095970747995, 0.06637233115999719, 0.0, 0.4276709806440886, 0.0, 0.0, 0.242535625036333]}, "NSP2": {"data": [0.0, 0.0, 0, 0, 0.0, 0, 0.0, 0, 0.0, 0, 0, 0.0, 0, 0, 0.0, 0.0], "deviation": [0.0, 0.0, 0.0, 0.0, 0.0, 0.0, 0.0, 0.0, 0.0, 0.0, 0.0, 0.0, 0.0, 0.0, 0.0, 0.0]}, "NS8": {"data": [0.0, 0.0, 0, 0, 0.0, 0, 0.0, 0, 0.0, 0, 0, 0.0, 0, 0, 0.0, 0.0], "deviation": [0.0, 0.0, 0.0, 0.0, 0.0, 0.0, 0.0, 0.0, 0.0, 0.0, 0.0, 0.0, 0.14704292441876154, 0.0, 0.0, 0.0]}, "NSP3": {"data": [0.0, 0.0, 0, 0, 0.0, 0, 0.0, 0, 0.0, 0, 0, 0.0, 0, 0, 0.0, 0.0], "deviation": [0.0, 0.0, 0.0, 0.0, 0.0, 0.0, 0.0, 0.0, 0.0, 0.0, 0.0, 0.11359236684941297, 0.1640412088893094, 0.0, 0.0, 0.0]}}, "missense": {"NSP4": {"data": [1.0, 0.5, 0, 0, 0.5, 0, 0.0, 0, 0.0, 0, 0, 0.0, 0, 0, 1.5, 2.0], "deviation": [1.4142135623730951, 0.7071067811865476, 4.126213885105936, 6.3508529610858835, 0.7071067811865476, 3.023715784073818, 0.0, 0.0, 0.30779350562554625, 0.37879623815227387, 0.2707960015314863, 0.1488025068066559, 0.43650949650670895, 0.30151134457776363, 0.5222329678670935, 0.5106418003727975]}, "E": {"data": [0.0, 0.0, 0, 0, 0.0, 0, 0.0, 0, 0.0, 0, 0, 0.0, 0, 0, 0.0, 0.0], "deviation": [0.0, 0.0, 0.2773500981126146, 0.0, 0.0, 0.0, 0.31622776601683794, 0.0, 0.0, 0.08304547985373997, 0.06637233115999719, 0.13799149835148475, 0.07352146220938077, 0.0, 0.0, 0.0]}, "NS7a": {"data": [0.0, 0.0, 0, 0, 0.0, 0, 1.0, 0, 0.0, 0, 0, 0.0, 0, 0, 0.0, 0.0], "deviation": [0.0, 0.0, 0.2773500981126146, 0.5773502691896258, 0.0, 0.37796447300922725, 1.0540925533894598, 0.5773502691896258, 0.6708203932499369, 0.1998562701934372, 0.11445044572276393, 0.359341360814801, 0.3440786672545894, 0.30151134457776363, 0.0, 0.3146273071518411]}, "NSP5": {"data": [0.0, 0.0, 0, 0, 0.0, 0, 0.0, 0, 0.0, 0, 0, 0.0, 0, 0, 0.0, 0.0], "deviation": [0.0, 0.0, 0.3755338080994054, 0.0, 0.0, 0.0, 0.0, 0.0, 0.4442616583193193, 0.26569506907694157, 0.22615946451073446, 0.22803325380249614, 0.2157162256571139, 0.0, 0.0, 0.2629440931775465]}, "NS7b": {"data": [0.0, 0.0, 0, 0, 0.0, 0, 0.0, 0, 0.0, 0, 0, 0.0, 0, 0, 0.0, 1.0], "deviation": [0.0, 0.0, 0.2773500981126146, 0.0, 0.0, 0.0, 0.9486832980505139, 0.5773502691896258, 0.0, 0.11703554164296773, 0.06637233115999719, 0.15881385153834235, 0.1626022231127917, 0.0, 0.3892494720807615, 0.4654432309413774]}, "NSP6": {"data": [0.0, 0.5, 0, 0, 0.0, 0, 0.0, 0, 0.0, 0, 0, 0.0, 0, 0, 1.0, 1.0], "deviation": [0.0, 0.7071067811865476, 0.3755338080994054, 0.0, 0.0, 0.0, 0.0, 0.0, 0.4701623459816272, 0.4102377593019542, 0.173257966259571, 0.15881385153834235, 0.23958934706940163, 0.30151134457776363, 0.45226701686664544, 0.4092327775220598]}, "NSP7": {"data": [0.0, 0.0, 0, 0, 0.0, 0, 0.0, 0, 0.0, 0, 0, 0.0, 0, 0, 0.0, 0.0], "deviation": [0.0, 0.0, 0.0, 0.0, 0.0, 0.0, 0.0, 0.0, 0.0, 0.08304547985373997, 0.0, 0.08019185680021694, 0.0, 0.0, 0.0, 0.0]}, "NSP8": {"data": [0.0, 0.0, 0, 0, 0.0, 0, 0.0, 0, 0.0, 0, 0, 0.0, 0, 0, 0.0, 0.0], "deviation": [0.0, 0.0, 0.2773500981126146, 0.0, 0.0, 0.37796447300922725, 0.31622776601683794, 0.0, 0.22360679774997896, 0.29637012170957044, 0.13186067027379314, 0.1488025068066559, 0.2157162256571139, 0.30151134457776363, 0.0, 0.1212678125181665]}, "Spike": {"data": [0.5, 0.5, 1, 4, 4.0, 3, 3.0, 2, 2.0, 6, 7, 7.0, 7, 7, 7.0, 7.0],