{"indel": {"NSP4": {"data": [0.0, 0, 0.0], "deviation": [0.0, 0.0, 0.0]}, "E": {"data": [0.0, 0, 0.0], "deviation": [0.0, 0.0, 0.0]}, "NS7a": {"data": [0.0, 0, 0.0], "deviation": [0.0, 0.0, 0.0]}, "NSP5": {"data": [0.0, 0, 0.0], "deviation": [0.0, 0.0, 0.0]}, "NS7b": {"data": [0.0, 0, 0.0], "deviation": [0.0, 0.0, 0.0]}, "NSP6": {"data": [1.5, 3, 3.0], "deviation": [2.1213203435596424, 0.0, 0.0]}, "NSP7": {"data": [0.0, 0, 0.0], "deviation": [0.0, 0.0, 0.0]}, "NSP8": {"data": [0.0, 0, 0.0], "deviation": [0.0, 0.0, 0.0]}, "Spike": {"data": [0.0, 3, 3.0], "deviation": [0.0, 0.0, 1.1677484162422844]}, "NSP9": {"data": [0.0, 0, 0.0], "deviation": [0.0, 0.0, 0.0]}, "NSP10": {"data": [0.0, 0, 0.0], "deviation": [0.0, 0.0, 0.0]}, "NSP11": {"data": [0.0, 0, 0.0], "deviation": [0.0, 0.0, 0.0]}, "NSP12": {"data": [0.0, 0, 0.0], "deviation": [0.0, 0.0, 0.0]}, "M": {"data": [0.0, 0, 0.0], "deviation": [0.0, 0.0, 0.0]}, "NSP13": {"data": [0.0, 0, 0.0], "deviation": [0.0, 0.0, 0.0]}, "N": {"data": [0.0, 0, 0.0], "deviation": [0.0, 0.0, 0.0]}, "NSP14": {"data": [0.0, 0, 0.0], "deviation": [0.0, 0.0, 0.0]}, "NS3": {"data": [0.0, 0, 0.0], "deviation": [0.0, 0.0, 0.0]}, "NSP15": {"data": [0.0, 0, 0.0], "deviation": [0.0, 0.0, 0.0]}, "NSP16": {"data": [0.0, 0, 0.0], "deviation": [0.0, 0.0, 0.0]}, "NS9b": {"data": [0.0, 0, 0.0], "deviation": [0.0, 0.0, 0.0]}, "NS6": {"data": [0.0, 0, 0.0], "deviation": [0.0, 0.0, 0.0]}, "NS9c": {"data": [0.0, 0, 0.0], "deviation": [0.0, 0.0, 0.0]}, "NSP1": {"data": [0.0, 0, 0.0], "deviation": [0.0, 0.0, 0.0]}, "NSP2": {"data": [0.0, 0, 0.0], "deviation": [0.0, 0.0, 0.0]}, "NS8": {"data": [0.0, 0, 0.0], "deviation": [0.0, 0.0, 0.0]}, "NSP3": {"data": [0.0, 0, 0.0], "deviation": [0.0, 0.0, 0.0]}}, "missense": {"NSP4": {"data": [0.5, 0, 0.0], "deviation": [0.7071067811865476, 0.0, 0.0]}, "E": {"data": [0.0, 1, 1.0], "deviation": [0.0, 0.0, 0.3892494720807615]}, "NS7a": {"data": [0.0, 0, 0.0], "deviation": [0.0, 0.0, 0.45226701686664544]}, "NSP5": {"data": [0.0, 1, 1.0], "deviation": [0.0, 0.0, 0.0]}, "NS7b": {"data": [0.0, 0, 0.0], "deviation": [0.0, 0.0, 0.0]}, "NSP6": {"data": [0.0, 0, 0.0], "deviation": [0.0, 0.0, 0.0]}, "NSP7": {"data": [0.0, 0, 0.0], "deviation": [0.0, 0.0, 0.0]}, "NSP8": {"data": [0.5, 0, 0.0], "deviation": [0.7071067811865476, 0.0, 0.0]}, "Spike": {"data": [3.5, 8, 8.0], "deviation": [3.5355339059327378, 0.0, 1.5642792899510294]}, "NSP9": {"data": [0.0, 0, 0.0], "deviation": [0.0, 0.0, 0.0]}, "NSP10": {"data": [0.0, 0, 0.0], "deviation": [0.0, 0.0, 0.0]}, "NSP11": {"data": [0.0, 0, 0.0], "deviation": [0.0, 0.0, 0.0]}, "NSP12": {"data": [1.0, 1, 1.0], "deviation": [0.0, 0.0, 0.4264014327112209]}, "M": {"data": [0.0, 0, 0.0], "deviation": [0.0, 0.0, 0.0]}, "NSP13": {"data": [1.0, 0, 0.0], "deviation": [1.4142135623730951, 0.0, 0.49236596391733095]}, "N": {"data": [0.5, 1, 1.0], "deviation": [0.7071067811865476, 0.0, 0.4264014327112209]}, "NSP14": {"data": [0.0, 0, 0.0], "deviation": [0.0, 0.5773502691896258, 0.0]}, "NS3": {"data": [0.0, 2, 0.0], "deviation": [0.0, 1.1547005383792515, 0.28867513459481287]}, "NSP15": {"data": [0.0, 0, 0.0], "deviation": [0.0, 0.0, 0.0]}, "NSP16": {"data": [0.0, 0, 0.0], "deviation": [0.0, 0.0, 0.0]}, "NS9b": {"data": [0.0, 0, 0.0], "deviation": [0.0, 0.0, 0.0]}, "NS6": {"data": [0.0, 0, 0.0], "deviation": [0.0, 0.0, 0.0]}, "NS9c": {"data": [0.0, 0, 0.0], "deviation": [0.0, 0.0, 0.0]}, "NSP1": {"data": [0.0, 0, 0.0], "deviation": [0.0, 0.0, 0.0]}, "NSP2": {"data": [1.5, 1, 1.0], "deviation": [0.7071067811865476, 0.5773502691896257, 0.7177405625652734]}, "NS8": {"data": [0.0, 0, 0.0], "deviation": [0.0, 0.0, 0.45226701686664544]}, "NSP3": {"data": [1.0, 2, 1.0], "deviation": [1.4142135623730951, 0.5773502691896257, 1.0298573010888745]}}, "labels": ["11/2020", "12/2020", "01/2021"]}