{"indel": {"NSP4": {"data": [0, 0.0, 0, 0.0, 0, 0.0, 0.0, 0, 0.0, 0.0, 0], "deviation": [0.0, 0.0, 0.0, 0.0, 0.0, 0.0, 0.0, 0.0, 0.0, 0.0, 0.0]}, "E": {"data": [0, 0.0, 0, 0.0, 0, 0.0, 0.0, 0, 0.0, 0.0, 0], "deviation": [0.0, 0.0, 0.0, 0.0, 0.0, 0.0, 0.0, 0.0, 0.0, 0.0, 0.0]}, "NS7a": {"data": [0, 0.0, 0, 0.0, 0, 0.0, 0.0, 0, 0.0, 0.0, 0], "deviation": [0.0, 0.0, 0.0, 0.0, 0.0, 0.0, 0.7844645405527362, 0.0, 0.0, 0.0, 0.0]}, "NSP5": {"data": [0, 0.0, 0, 0.0, 0, 0.0, 0.0, 0, 0.0, 0.0, 0], "deviation": [0.0, 0.0, 0.0, 0.0, 0.0, 0.0, 0.0, 0.0, 0.0, 0.0, 0.0]}, "NS7b": {"data": [0, 0.0, 0, 0.0, 0, 0.0, 0.0, 0, 0.0, 0.0, 0], "deviation": [0.0, 0.0, 0.0, 0.0, 0.0, 0.0, 0.0, 0.0, 0.0, 0.0, 0.0]}, "NSP6": {"data": [0, 0.0, 0, 3.0, 0, 1.5, 3.0, 3, 0.0, 0.0, 0], "deviation": [0.0, 0.0, 0.0, 1.5491933384829668, 1.3228756555322954, 2.1213203435596424, 0.9774377808252632, 1.2135597524338357, 1.5, 0.0, 0.0]}, "NSP7": {"data": [0, 0.0, 0, 0.0, 0, 0.0, 0.0, 0, 0.0, 0.0, 0], "deviation": [0.0, 0.0, 0.0, 0.0, 0.0, 0.0, 0.0, 0.0, 0.0, 0.0, 0.0]}, "NSP8": {"data": [0, 0.0, 0, 0.0, 0, 0.0, 0.0, 0, 0.0, 0.0, 0], "deviation": [0.0, 0.0, 0.0, 0.0, 0.0, 0.0, 0.0, 0.0, 0.0, 0.0, 0.0]}, "Spike": {"data": [0, 1.0, 2, 2.0, 0, 0.5, 1.0, 1, 2.0, 2.0, 0], "deviation": [1.1547005383792517, 1.4142135623730951, 0.98760794758248, 1.3662601021279464, 1.1303883305208782, 0.7071067811865476, 0.9413574486632834, 0.9045340337332909, 0.5, 1.0327955589886444, 1.009049958219026]}, "NSP9": {"data": [0, 0.0, 0, 0.0, 0, 0.0, 0.0, 0, 0.0, 0.0, 0], "deviation": [0.0, 0.0, 0.0, 0.0, 0.0, 0.0, 0.0, 0.0, 0.0, 0.0, 0.0]}, "NSP10": {"data": [0, 0.0, 0, 0.0, 0, 0.0, 0.0, 0, 0.0, 0.0, 0], "deviation": [0.0, 0.0, 0.0, 0.0, 0.0, 0.0, 0.0, 0.0, 0.0, 0.0, 0.0]}, "NSP11": {"data": [0, 0.0, 0, 0.0, 0, 0.0, 0.0, 0, 0.0, 0.0, 0], "deviation": [0.0, 0.0, 0.0, 0.0, 0.0, 0.0, 0.0, 0.0, 0.0, 0.0, 0.0]}, "NSP12": {"data": [0, 0.0, 0, 0.0, 0, 0.0, 0.0, 0, 0.0, 0.0, 0], "deviation": [0.0, 0.0, 0.0, 0.0, 0.0, 0.0, 0.0, 0.30151134457776363, 0.0, 0.0, 0.0]}, "M": {"data": [0, 0.0, 0, 0.0, 0, 0.0, 0.0, 0, 0.0, 0.0, 0], "deviation": [0.0, 0.0, 0.0, 0.0, 0.0, 0.0, 0.0, 0.0, 0.0, 0.0, 0.0]}, "NSP13": {"data": [0, 0.0, 0, 0.0, 0, 0.0, 0.0, 0, 0.0, 0.0, 0], "deviation": [0.0, 0.0, 0.0, 0.0, 0.0, 0.0, 0.0, 0.0, 0.0, 0.0, 0.0]}, "N": {"data": [0, 0.0, 0, 0.0, 0, 0.0, 0.0, 1, 0.0, 0.0, 0], "deviation": [0.0, 0.0, 0.0, 0.0, 0.0, 0.0, 0.45234432086120485, 0.504524979109513, 0.0, 0.0, 0.0]}, "NSP14": {"data": [0, 0.0, 0, 0.0, 0, 0.0, 0.0, 0, 0.0, 0.0, 0], "deviation": [0.0, 0.0, 0.0, 0.0, 0.0, 0.0, 0.0, 0.0, 0.0, 0.0, 0.0]}, "NS3": {"data": [0, 0.0, 0, 0.0, 0, 5.0, 0.0, 0, 0.0, 0.0, 0], "deviation": [0.0, 0.0, 0.0, 0.0, 0.0, 7.0710678118654755, 4.961389383568338, 0.0, 0.0, 0.0, 0.0]}, "NSP15": {"data": [0, 0.0, 0, 0.0, 0, 0.0, 0.0, 0, 0.0, 0.0, 0], "deviation": [0.0, 0.0, 0.0, 0.0, 0.0, 0.0, 0.0, 0.30151134457776363, 0.0, 0.0, 0.0]}, "NSP16": {"data": [0, 0.0, 0, 0.0, 0, 0.0, 0.0, 0, 0.0, 0.0, 0], "deviation": [0.0, 0.0, 0.0, 0.0, 0.0, 0.0, 0.0, 0.0, 0.0, 0.0, 0.0]}, "NS9b": {"data": [0, 0.0, 0, 0.0, 0, 0.0, 0.0, 0, 0.0, 0.0, 0], "deviation": [0.0, 0.0, 0.0, 0.0, 0.0, 0.0, 0.0, 0.0, 0.0, 0.0, 0.0]}, "NS6": {"data": [0, 0.0, 0, 0.0, 0, 0.0, 0.0, 0, 0.0, 0.0, 0], "deviation": [0.0, 0.0, 0.0, 0.0, 0.0, 0.0, 0.0, 0.0, 0.0, 0.0, 0.0]}, "NS9c": {"data": [0, 0.0, 0, 0.0, 0, 0.0, 0.0, 0, 0.0, 0.0, 0], "deviation": [0.0, 0.0, 0.0, 0.0, 0.0, 0.0, 0.0, 0.0, 0.0, 0.0, 0.0]}, "NSP1": {"data": [0, 0.0, 0, 0.0, 0, 0.0, 0.0, 0, 0.0, 0.0, 0], "deviation": [0.0, 0.0, 0.0, 0.0, 0.0, 0.0, 0.0, 0.0, 0.0, 0.0, 0.0]}, "NSP2": {"data": [0, 0.0, 0, 0.0, 0, 0.0, 0.0, 0, 0.0, 0.0, 0], "deviation": [0.0, 0.0, 0.0, 0.0, 0.0, 0.0, 0.0, 0.0, 0.0, 0.0, 0.0]}, "NS8": {"data": [0, 0.0, 0, 0.0, 0, 0.0, 0.0, 0, 0.0, 0.0, 0], "deviation": [0.0, 0.0, 0.0, 0.0, 0.0, 0.0, 0.0, 0.0, 0.0, 0.0, 0.0]}, "NSP3": {"data": [0, 0.0, 0, 0.0, 0, 0.0, 0.0, 0, 0.0, 0.0, 0], "deviation": [0.0, 0.0, 0.0, 0.0, 0.0, 0.0, 0.0, 0.0, 0.0, 0.0, 0.0]}}, "missense": {"NSP4": {"data": [0, 0.0, 0, 0.5, 0, 0.0, 0.0, 2, 2.0, 2.0, 2], "deviation": [0.0, 0.0, 0.3713906763541038, 0.5477225575051661, 0.44095855184409843, 0.0, 0.8978607053178383, 0.9244162777371754, 1.0, 0.8366600265340756, 0.7006490497453707]}, "E": {"data": [0, 0.0, 0, 0.0, 0, 0.0, 0.0, 0, 0.0, 0.0, 0], "deviation": [0.0, 0.0, 0.0, 0.0, 0.0, 0.0, 0.0, 0.0, 0.0, 0.0, 0.0]}, "NS7a": {"data": [0, 0.5, 0, 0.0, 0, 0.0, 0.0, 0, 2.0, 1.0, 0], "deviation": [0.0, 0.7071067811865476, 0.0, 0.0, 0.0, 0.0, 0.3258125936084211, 0.6030226891555273, 1.0, 1.3291601358251257, 0.9341987329938275]}, "NSP5": {"data": [0, 0.0, 0, 0.0, 0, 0.5, 1.0, 1, 0.0, 0.0, 0], "deviation": [0.0, 0.0, 0.0, 0.0, 0.0, 0.7071067811865476, 0.4523443208612048, 0.504524979109513, 0.0, 0.0, 0.30151134457776363]}, "NS7b": {"data": [0, 0.0, 0, 0.0, 0, 0.0, 0.0, 0, 1.0, 0.5, 1], "deviation": [0.0, 0.0, 0.0, 0.0, 0.0, 0.0, 0.271746488194703, 0.0, 0.5, 0.5477225575051661, 0.5222329678670935]}, "NSP6": {"data": [0, 0.5, 0, 0.0, 0, 0.0, 0.0, 0, 1.0, 1.0, 1], "deviation": [0.0, 0.7071067811865476, 0.3713906763541038, 0.0, 0.0, 0.0, 0.4640954808922571, 0.0, 0.5, 0.752772652709081, 0.4472135954999579]}, "NSP7": {"data": [0, 0.0, 0, 0.0, 0, 0.0, 0.0, 0, 0.0, 0.0, 0], "deviation": [0.0, 0.0, 0.1856953381770519, 0.0, 0.0, 0.0, 0.0, 0.0, 0.0, 0.408248290463863, 0.0]}, "NSP8": {"data": [0, 0.0, 0, 0.0, 0, 0.5, 0.0, 0, 0.0, 0.0, 0], "deviation": [0.0, 0.0, 0.0, 0.0, 0.0, 0.7071067811865476, 0.5038314736557788, 0.30151134457776363, 0.0, 0.408248290463863, 0.0]}, "Spike": {"data": [2, 1.0, 2, 8.0, 0, 2.0, 5.0, 5, 8.0, 7.0, 7], "deviation": [0.5773502691896257, 1.4142135623730951, 0.8304547985373997, 4.131182235954578, 3.5276684147527875, 2.8284271247461903, 1.897771973008997, 2.335496832484569, 0.0, 3.331666249791536, 2.56195947736032]}, "NSP9": {"data": [1, 0.5, 1, 0.0, 0, 0.0, 0.0, 0, 0.0, 0.0, 0], "deviation": [0.0, 0.7071067811865476, 0.3844258722192448, 0.0, 0.0, 0.0, 0.3258125936084211, 0.0, 0.0, 0.0, 0.0]}, "NSP10": {"data": [0, 0.0, 0, 0.0, 0, 0.5, 0.0, 0, 0.0, 0.0, 0], "deviation": [0.5773502691896258, 0.0, 0.0, 0.0, 0.0, 0.7071067811865476, 0.4961389383568338, 0.0, 0.0, 0.0, 0.0]}, "NSP11": {"data": [0, 0.0, 0, 0.0, 0, 0.0, 0.0, 0, 0.0, 0.0, 0], "deviation": [0.0, 0.0, 0.0, 0.0, 0.0, 0.0, 0.0, 0.0, 0.0, 0.0, 0.0]}, "NSP12": {"data": [2, 1.0, 2, 1.0, 0, 1.0, 1.0, 1, 3.0, 2.5, 2], "deviation": [0.0, 1.4142135623730951, 0.7123125455595853, 0.5163977794943222, 0.44095855184409843, 1.4142135623730951, 0.5710988059467872, 0.30151134457776363, 1.0, 1.1690451944500122, 1.009049958219026]}, "M": {"data": [0, 0.0, 0, 0.0, 0, 0.0, 0.0, 1, 1.0, 1.0, 1], "deviation": [0.0, 0.0, 0.0, 0.0, 0.0, 0.0, 0.45234432086120485, 0.504524979109513, 0.5, 0.408248290463863, 0.4472135954999579]}, "NSP13": {"data": [2, 1.0, 2, 0.0, 0, 0.0, 0.0, 0, 1.0, 1.0, 1], "deviation": [0.5773502691896257, 1.4142135623730951, 0.8407714027749386, 0.0, 0.0, 0.0, 0.43145549730400484, 0.0, 0.5, 0.6324555320336759, 0.4472135954999579]}, "N": {"data": [0, 0.0, 1, 4.0, 0, 1.0, 3.5, 4, 5.0, 4.0, 4], "deviation": [0.0, 0.0, 0.41225082039488553, 2.065591117977289, 1.7638342073763937, 1.4142135623730951, 1.370569786060359, 1.689540012709215, 0.5, 1.8708286933869707, 1.2135597524338357]}, "NSP14": {"data": [0, 0.0, 0, 0.0, 0, 0.0, 0.0, 0, 1.0, 1.0, 1], "deviation": [1.1547005383792517, 0.0, 0.40925259281898757, 0.0, 0.0, 0.0, 0.4019184762342502, 0.6030226891555273, 0.5, 0.5163977794943222, 0.4472135954999579]}, "NS3": {"data": [0, 0.0, 1, 0.0, 0, 0.5, 0.0, 0, 1.5, 1.0, 1], "deviation": [0.5773502691896258, 0.0, 0.4987669525002673, 0.0, 0.0, 0.7071067811865476, 0.7615773105863908, 0.30151134457776363, 0.9574271077563381, 0.6324555320336759, 0.4472135954999579]}, "NSP15": {"data": [0, 0.0, 0, 0.0, 0, 0.0, 0.0, 1, 0.0, 0.0, 0], "deviation": [0.5773502691896258, 0.0, 0.1856953381770519, 0.0, 0.0, 0.0, 0.47067872433164165, 1.0954451150103321, 0.0, 0.0, 0.4045199174779452]}, "NSP16": {"data": [0, 0.0, 0, 0.0, 0, 0.0, 0.0, 1, 0.0, 0.0, 0],