{"indel": {"NSP4": {"data": [0.0, 0.0, 0, 0.0, 0.0, 0, 0, 0, 0.0, 0.0, 0, 0.0, 0, 0, 0, 0, 0.0, 0.0, 0.0], "deviation": [0.0, 0.0, 0.0, 0.0, 0.0, 0.0, 0.0, 0.0, 0.0, 0.0, 0.0, 0.0, 0.0, 0.0, 0.0, 0.0, 0.0, 0.0, 0.0]}, "E": {"data": [0.0, 0.0, 0, 0.0, 0.0, 0, 0, 0, 0.0, 0.0, 0, 0.0, 0, 0, 0, 0, 0.0, 0.0, 0.0], "deviation": [0.0, 0.0, 0.0, 0.0, 0.0, 0.0, 0.0, 0.0, 0.0, 0.0, 0.0, 0.0, 0.0, 0.0, 0.0, 0.0, 0.0, 0.16161498378886355, 0.0]}, "NS7a": {"data": [0.0, 0.0, 0, 0.0, 0.0, 0, 0, 0, 0.0, 0.0, 0, 0.0, 0, 0, 0, 0, 0.0, 0.0, 0.0], "deviation": [0.0, 0.0, 0.0, 0.0, 0.0, 0.0, 0.0, 0.0, 0.0, 0.0, 0.048621663832631515, 0.28143669968038565, 0.45533797367349876, 0.22302125833268394, 0.22057340974577622, 0.25230190096347543, 0.0, 0.2621408769622849, 0.3326426288744755]}, "NSP5": {"data": [0.0, 0.0, 0, 0.0, 0.0, 0, 0, 0, 0.0, 0.0, 0, 0.0, 0, 0, 0, 0, 0.0, 0.0, 0.0], "deviation": [0.0, 0.0, 0.0, 0.0, 0.0, 0.0, 0.0, 0.0, 0.0, 0.0, 0.0, 0.0, 0.0, 0.0, 0.0, 0.0, 0.0, 0.0, 0.0]}, "NS7b": {"data": [0.0, 0.0, 0, 0.0, 0.0, 0, 0, 0, 0.0, 0.0, 0, 0.0, 0, 0, 0, 0, 0.0, 0.0, 0.0], "deviation": [0.0, 0.0, 0.0, 0.0, 0.0, 0.0, 0.0, 0.0, 0.0, 0.0, 0.0, 0.0, 0.0, 0.05404726842506352, 0.10371574117304144, 0.12052504284883313, 0.23136641690821694, 0.0, 0.0]}, "NSP6": {"data": [0.0, 0.0, 0, 0.0, 0.0, 0, 0, 0, 0.0, 0.0, 0, 0.0, 0, 3, 3, 3, 3.0, 0.0, 0.0], "deviation": [0.0, 0.0, 0.0, 0.0, 0.0, 0.0, 0.0, 0.0, 0.0, 0.0, 0.0, 0.5980719243433462, 1.3137393635012005, 1.4546250871474762, 0.7980868887472222, 0.4654411318508428, 0.7934107217208983, 0.5572549228499573, 0.13301605211634315]}, "NSP7": {"data": [0.0, 0.0, 0, 0.0, 0.0, 0, 0, 0, 0.0, 0.0, 0, 0.0, 0, 0, 0, 0, 0.0, 0.0, 0.0], "deviation": [0.0, 0.0, 0.0, 0.0, 0.0, 0.0, 0.0, 0.0, 0.0, 0.0, 0.0, 0.0, 0.0, 0.0, 0.0, 0.0, 0.0, 0.0, 0.0]}, "NSP8": {"data": [0.0, 0.0, 0, 0.0, 0.0, 0, 0, 0, 0.0, 0.0, 0, 0.0, 0, 0, 0, 0, 0.0, 0.0, 0.0], "deviation": [0.0, 0.0, 0.0, 0.0, 0.0, 0.0, 0.0, 0.0, 0.0, 0.0, 0.0, 0.0, 0.0, 0.0, 0.0, 0.0, 0.0, 0.0, 0.0]}, "Spike": {"data": [0.0, 0.0, 0, 0.0, 0.0, 0, 0, 0, 0.0, 0.0, 0, 0.0, 0, 3, 3, 3, 3.0, 2.0, 2.0], "deviation": [0.0, 0.0, 0.0, 0.0, 0.0, 0.0, 0.0, 0.0, 1.5491933384829668, 0.5718776312789587, 0.29069117857062654, 0.6280953355684621, 1.014432341096944, 1.488203580365594, 0.929277686985676, 0.6163716267033343, 0.8998923309690263, 0.441562129748307, 0.3805591642615861]}, "NSP9": {"data": [0.0, 0.0, 0, 0.0, 0.0, 0, 0, 0, 0.0, 0.0, 0, 0.0, 0, 0, 0, 0, 0.0, 0.0, 0.0], "deviation": [0.0, 0.0, 0.0, 0.0, 0.0, 0.0, 0.0, 0.0, 0.0, 0.0, 0.0, 0.0, 0.0, 0.0, 0.0, 0.0, 0.0, 0.0, 0.0]}, "NSP10": {"data": [0.0, 0.0, 0, 0.0, 0.0, 0, 0, 0, 0.0, 0.0, 0, 0.0, 0, 0, 0, 0, 0.0, 0.0, 0.0], "deviation": [0.0, 0.0, 0.0, 0.0, 0.0, 0.0, 0.0, 0.0, 0.0, 0.0, 0.0, 0.0, 0.0, 0.0, 0.0, 0.0, 0.0, 0.0, 0.0]}, "NSP11": {"data": [0.0, 0.0, 0, 0.0, 0.0, 0, 0, 0, 0.0, 0.0, 0, 0.0, 0, 0, 0, 0, 0.0, 0.0, 0.0], "deviation": [0.0, 0.0, 0.0, 0.0, 0.0, 0.0, 0.0, 0.0, 0.0, 0.0, 0.0, 0.0, 0.0, 0.0, 0.0, 0.0, 0.0, 0.0, 0.0]}, "NSP12": {"data": [0.0, 0.0, 0, 0.0, 0.0, 0, 0, 0, 0.0, 0.0, 0, 0.0, 0, 0, 0, 0, 0.0, 0.0, 0.0], "deviation": [0.0, 0.0, 0.0, 0.0, 0.0, 0.0, 0.0, 0.0, 0.0, 0.0, 0.0, 0.0, 0.0, 0.0, 0.0, 0.01790000349050102, 0.0, 0.0, 0.0]}, "M": {"data": [0.0, 0.0, 0, 0.0, 0.0, 0, 0, 0, 0.0, 0.0, 0, 0.0, 0, 0, 0, 0, 0.0, 0.0, 0.0], "deviation": [0.0, 0.0, 0.0, 0.0, 0.0, 0.0, 0.0, 0.0, 0.0, 0.0, 0.0, 0.0, 0.0, 0.0, 0.0, 0.0, 0.0, 0.0, 0.0]}, "NSP13": {"data": [0.0, 0.0, 0, 0.0, 0.0, 0, 0, 0, 0.0, 0.0, 0, 0.0, 0, 0, 0, 0, 0.0, 0.0, 0.0], "deviation": [0.0, 0.0, 0.0, 0.0, 0.0, 0.0, 0.0, 0.0, 0.0, 0.0, 0.0, 0.0, 0.0, 0.0, 0.0, 0.0, 0.0, 0.0, 0.0]}, "N": {"data": [0.0, 0.0, 0, 0.0, 0.0, 0, 0, 0, 0.0, 0.0, 0, 0.0, 0, 0, 0, 0, 0.0, 0.0, 0.0], "deviation": [0.0, 0.0, 0.0, 0.0, 0.0, 0.0, 0.0, 0.0, 0.0, 0.0, 0.0, 0.0, 0.0, 0.018039260073589584, 0.06227815488601799, 0.040020492782926305, 0.0, 0.16155164468961303, 0.0]}, "NSP14": {"data": [0.0, 0.0, 0, 0.0, 0.0, 0, 0, 0, 0.0, 0.0, 0, 0.0, 0, 0, 0, 0, 0.0, 0.0, 0.0], "deviation": [0.0, 0.0, 0.3511234415883917, 0.0, 0.0, 0.0, 0.0, 0.0, 0.0, 0.0, 0.0, 0.0, 0.0, 0.10823556044153751, 0.0, 0.0, 0.0, 0.0, 0.0]}, "NS3": {"data": [0.0, 0.0, 0, 0.0, 0.0, 0, 0, 0, 0.0, 0.0, 0, 0.0, 0, 0, 0, 0, 0.0, 0.0, 0.0], "deviation": [0.0, 0.0, 0.0, 0.0, 0.0, 0.0, 0.3287979746107146, 0.0, 0.0, 0.0, 0.06867989722271516, 0.07035917492009641, 0.5557438475642006, 0.1287973021882899, 0.17247538271849575, 0.0, 0.0, 0.04613875429817793, 0.025615775978927998]}, "NSP15": {"data": [0.0, 0.0, 0, 0.0, 0.0, 0, 0, 0, 0.0, 0.0, 0, 0.0, 0, 0, 0, 0, 0.0, 0.0, 0.0], "deviation": [0.0, 0.0, 0.0, 0.0, 0.0, 0.0, 0.0, 0.0, 0.0, 0.0, 0.0, 0.0, 0.024175473851486187, 0.018039260073589584, 0.016089318388051083, 0.0, 0.0, 0.0, 0.0]}, "NSP16": {"data": [0.0, 0.0, 0, 0.0, 0.0, 0, 0, 0, 0.0, 0.0, 0, 0.0, 0, 0, 0, 0, 0.0, 0.0, 0.0], "deviation": [0.0, 0.0, 0.0, 0.0, 0.0, 0.0, 0.0, 0.0, 0.0, 0.0, 0.0, 0.0, 0.0, 0.0, 0.0, 0.0, 0.0, 0.0, 0.0]}, "NS9b": {"data": [0.0, 0.0, 0, 0.0, 0.0, 0, 0, 0, 0.0, 0.0, 0, 0.0, 0, 0, 0, 0, 0.0, 0.0, 0.0], "deviation": [0.0, 0.0, 0.0, 0.0, 0.0, 0.0, 0.0, 0.0, 0.0, 0.0, 0.0, 0.0, 0.0, 0.0, 0.0, 0.0, 0.0, 0.0, 0.0]}, "NS6": {"data": [0.0, 0.0, 0, 0.0, 0.0, 0, 0, 0, 0.0, 0.0, 0, 0.0, 0, 0, 0, 0, 0.0, 0.0, 0.0], "deviation": [0.0, 0.0, 0.0, 0.0, 0.0, 0.0, 0.0, 0.0, 0.0, 0.0, 0.0, 0.0, 0.024175473851486187, 0.0, 0.0, 0.0, 0.0, 0.023087854826980506, 0.0]}, "NS9c": {"data": [0.0, 0.0, 0, 0.0, 0.0, 0, 0, 0, 0.0, 0.0, 0, 0.0, 0, 0, 0, 0, 0.0, 0.0, 0.0], "deviation": [0.0, 0.0, 0.0, 0.0, 0.0, 0.0, 0.0, 0.0, 0.0, 0.0, 0.0, 0.0, 0.0, 0.0, 0.0, 0.0, 0.0, 0.0, 0.0]}, "NSP1": {"data": [0.0, 0.0, 0, 0.0, 0.0, 0, 0, 0, 0.0, 0.0, 0, 0.0, 0, 0, 0, 0, 0.0, 0.0, 0.0], "deviation": [0.0, 0.0, 0.0, 0.0, 0.0, 0.0, 0.0, 0.0, 0.0, 0.0, 0.0, 0.08137884587711595, 0.190122516753843, 0.14184948492034147, 0.17009373923162116, 0.20974784546438768, 0.0, 0.41242121428914835, 0.09233100052311839]}, "NSP2": {"data": [0.0, 0.5, 0, 0.0, 0.0, 0, 0, 0, 0.0, 0.0, 0, 0.0, 0, 0, 0, 0, 0.0, 0.0, 0.0], "deviation": [0.0, 0.7071067811865476, 0.0, 0.0, 0.0, 0.0, 0.0, 0.0, 0.0, 0.0, 0.0, 0.0, 0.0, 0.018039260073589584, 0.0, 0.0, 0.05015690659795791, 0.09235141930792203, 0.0]}, "NS8": {"data": [0.0, 0.0, 0, 0.0, 0.0, 0, 0, 0, 0.0, 0.0, 0, 0.0, 0, 0, 0, 0, 0.0, 0.0, 0.0], "deviation": [0.0, 0.0, 0.0, 0.0, 0.0, 0.0, 0.0, 0.0, 0.0, 0.0, 0.1909988651263617, 0.20750924288822786, 0.09921060629995566, 0.08047419190964357, 0.035958173620046156, 0.07373121311100518, 0.0793150452485609, 0.07982211922668662, 0.025615775978927998]}, "NSP3": {"data": [0.0, 0.0, 0, 0.0, 0.0, 0, 0, 0, 0.0, 0.0, 0, 0.0, 0, 0, 0, 0, 0.0, 0.0, 0.0], "deviation": [0.0, 0.0, 0.0, 0.0, 0.0, 0.0, 0.0, 0.0, 0.0, 0.0, 0.0, 0.16770131226438267, 0.29722387484728374, 0.2094187812323815, 0.032166136172156405, 0.14649891744467428, 0.0, 0.07299852497268443, 0.025615775978927998]}}, "missense": {"NSP4": {"data": [0.0, 0.0, 0, 0.0, 0.0, 0, 0, 0, 0.0, 0.0, 0, 0.0, 0, 0, 0, 0, 0.0, 2.0, 2.0], "deviation": [0.0, 0.0, 0.0, 0.0, 0.0, 0.0, 0.2767247306920301, 0.4951376478541908, 0.408248290463863, 0.3585825031987472, 0.4314452497470486, 0.36180351363459257, 0.39962146412549704, 0.3080112728095922, 0.24698188030565718, 0.29604881932732324, 0.5335935831044744, 0.5688355167009284, 0.47414828037949025]}, "E": {"data": [0.0, 0.0, 0, 0.0, 0.0, 0, 0, 0, 0.0, 0.0, 0, 0.0, 0, 0, 0, 0, 0.0, 0.0, 0.0], "deviation": [0.0, 0.0, 0.0, 0.0, 0.0, 0.0, 0.0, 0.0, 0.0, 0.0, 0.06867989722271516, 0.1557493172496401, 0.13128690919106067, 0.10781193627026178, 0.06996808718805467, 0.08915512207537855, 0.07915469118966992, 0.11751997818937783, 0.10506030364766648]}, "NS7a": {"data": [0.0, 0.0, 0, 1.0, 0.0, 0, 0, 0, 0.0, 0.0, 0, 0.0, 0, 0, 0, 0, 0.0, 2.0, 2.0], "deviation": [0.0, 0.0, 0.11704114719613055, 0.4258153136263201, 0.0, 0.0, 0.0, 0.0, 0.0, 0.13608276348795434, 0.6423936504529173, 0.25055263838813, 0.2809751352617507, 0.2345722562731151, 0.2662166080185735, 0.3709709354221566, 0.7055946892502607, 0.668572187900115, 0.6303454181745908]},