{"indel": {"NSP4": {"data": [0.0, 0, 0, 0.0, 0.0, 0, 0.0, 0, 0.0, 0, 0.0, 0.0, 0.0, 0, 0, 0, 0.0, 0.0, 0.0], "deviation": [0.0, 0.0, 0.0, 0.0, 0.0, 0.0, 0.0, 0.0, 0.0, 0.0, 0.02739983121755955, 0.04009634698823127, 0.0, 0.0, 0.0, 0.22317134106066827, 0.0, 0.0, 0.0]}, "E": {"data": [0.0, 0, 0, 0.0, 0.0, 0, 0.0, 0, 0.0, 0, 0.0, 0.0, 0.0, 0, 0, 0, 0.0, 0.0, 0.0], "deviation": [0.0, 0.0, 0.0, 0.0, 0.0, 0.0, 0.0, 0.0, 0.0, 0.0, 0.0, 0.0, 0.0, 0.0, 0.0, 0.0, 0.0, 0.0, 0.0]}, "NS7a": {"data": [0.0, 0, 0, 0.0, 0.0, 0, 0.0, 0, 0.0, 0, 0.0, 0.0, 0.0, 0, 0, 0, 0.0, 0.0, 0.0], "deviation": [0.0, 0.0, 0.0, 0.0, 0.0, 0.0, 0.0, 0.1856953381770519, 0.05311179906688781, 0.06259175439244058, 0.0, 0.24703428054383056, 0.59213335651876, 0.1823204239216086, 0.33370842558359043, 0.10037687929807601, 0.42846865035448645, 0.10517636228980429, 1.496420371216838]}, "NSP5": {"data": [0.0, 0, 0, 0.0, 0.0, 0, 0.0, 0, 0.0, 0, 0.0, 0.0, 0.0, 0, 0, 0, 0.0, 0.0, 0.0], "deviation": [0.0, 0.0, 0.0, 0.0, 0.0, 0.0, 0.0, 0.0, 0.0, 0.0, 0.0, 0.0, 0.0, 0.0, 0.0, 0.0, 0.0, 0.0, 0.0]}, "NS7b": {"data": [0.0, 0, 0, 0.0, 0.0, 0, 0.0, 0, 0.0, 0, 0.0, 0.0, 0.0, 0, 0, 0, 0.0, 0.0, 0.0], "deviation": [0.0, 0.0, 0.0, 0.0, 0.0, 0.0, 0.0, 0.0, 0.0, 0.03129587719622029, 0.0, 0.0, 0.028724249481071305, 0.022445006962161677, 0.0, 0.0, 0.07035917492009641, 0.0, 0.0]}, "NSP6": {"data": [0.0, 0, 0, 0.0, 0.0, 0, 0.0, 0, 0.0, 0, 0.0, 0.0, 3.0, 3, 3, 3, 3.0, 0.0, 0.0], "deviation": [0.0, 0.0, 0.0, 0.0, 0.0, 0.0, 0.0, 0.0, 0.0, 0.1083057602189586, 0.20096827361505906, 1.2308208337600846, 1.4121488823748114, 0.8215254214195168, 0.3859136884433983, 0.9380149227732388, 1.4615344097484395, 1.4963870125121066, 0.2970442628930023]}, "NSP7": {"data": [0.0, 0, 0, 0.0, 0.0, 0, 0.0, 0, 0.0, 0, 0.0, 0.0, 0.0, 0, 0, 0, 0.0, 0.0, 0.0], "deviation": [0.0, 0.0, 0.0, 0.0, 0.0, 0.0, 0.0, 0.0, 0.0, 0.0, 0.0, 0.0, 0.0, 0.0, 0.0, 0.0, 0.0, 0.0, 0.0]}, "NSP8": {"data": [0.0, 0, 0, 0.0, 0.0, 0, 0.0, 0, 0.0, 0, 0.0, 0.0, 0.0, 0, 0, 0, 0.0, 0.0, 0.0], "deviation": [0.0, 0.0, 0.0, 0.0, 0.0, 0.0, 0.0, 0.0, 0.0, 0.0, 0.0, 0.0, 0.0, 0.0, 0.0, 0.0, 0.0, 0.0, 0.0]}, "Spike": {"data": [0.0, 0, 0, 0.0, 0.0, 0, 0.0, 0, 0.0, 0, 0.0, 0.0, 3.0, 3, 3, 3, 2.0, 2.0, 2.0], "deviation": [0.0, 0.0, 0.0, 0.0, 0.0, 0.0, 0.0, 0.0, 0.2501847262609236, 0.3002082970291063, 0.2782462212723914, 1.2570783788643158, 1.4118760176968963, 0.909098198889348, 0.6070167504240898, 0.8811330803522822, 1.2351053222282198, 1.1037446063321252, 0.3586304543074197]}, "NSP9": {"data": [0.0, 0, 0, 0.0, 0.0, 0, 0.0, 0, 0.0, 0, 0.0, 0.0, 0.0, 0, 0, 0, 0.0, 0.0, 0.0], "deviation": [0.0, 0.0, 0.0, 0.0, 0.0, 0.0, 0.0, 0.0, 0.0, 0.03129587719622029, 0.061175752964203176, 0.0, 0.0, 0.0, 0.0, 0.0, 0.0, 0.0, 0.0]}, "NSP10": {"data": [0.0, 0, 0, 0.0, 0.0, 0, 0.0, 0, 0.0, 0, 0.0, 0.0, 0.0, 0, 0, 0, 0.0, 0.0, 0.0], "deviation": [0.0, 0.0, 0.0, 0.0, 0.0, 0.0, 0.0, 0.0, 0.0, 0.0, 0.0, 0.0, 0.0, 0.0, 0.0, 0.0, 0.0, 0.0, 0.0]}, "NSP11": {"data": [0.0, 0, 0, 0.0, 0.0, 0, 0.0, 0, 0.0, 0, 0.0, 0.0, 0.0, 0, 0, 0, 0.0, 0.0, 0.0], "deviation": [0.0, 0.0, 0.0, 0.0, 0.0, 0.0, 0.0, 0.0, 0.0, 0.0, 0.0, 0.0, 0.0, 0.0, 0.0, 0.0, 0.0, 0.0, 0.0]}, "NSP12": {"data": [0.0, 0, 0, 0.0, 0.0, 0, 0.0, 0, 0.0, 0, 0.0, 0.0, 0.0, 0, 0, 0, 0.0, 0.0, 0.0], "deviation": [0.0, 0.0, 0.0, 0.0, 0.0, 0.0, 0.0, 0.0, 0.0, 0.0, 0.02739983121755955, 0.0, 0.0, 0.0, 0.0, 0.0, 0.0, 0.3454761576089216, 0.0]}, "M": {"data": [0.0, 0, 0, 0.0, 0.0, 0, 0.0, 0, 0.0, 0, 0.0, 0.0, 0.0, 0, 0, 0, 0.0, 0.0, 0.0], "deviation": [0.0, 0.0, 0.0, 0.0, 0.0, 0.0, 0.0, 0.0, 0.0, 0.0, 0.0, 0.0, 0.0, 0.0, 0.0, 0.0, 0.0, 0.0, 0.0]}, "NSP13": {"data": [0.0, 0, 0, 0.0, 0.0, 0, 0.0, 0, 0.0, 0, 0.0, 0.0, 0.0, 0, 0, 0, 0.0, 0.0, 0.0], "deviation": [0.0, 0.0, 0.0, 0.0, 0.0, 0.0, 0.0, 0.0, 0.0, 0.0, 0.0, 0.0, 0.0, 0.0, 0.0, 0.0, 0.0, 0.0, 0.0]}, "N": {"data": [0.0, 0, 0, 0.0, 0.0, 0, 0.0, 0, 0.0, 0, 0.0, 0.0, 0.0, 0, 0, 0, 0.0, 0.0, 0.0], "deviation": [0.0, 0.0, 0.0, 0.0, 0.0, 0.0, 0.0, 0.0, 0.1879115070007072, 0.0, 0.0, 0.0, 0.0497107592477962, 0.21564320238991758, 0.23429828546654924, 0.335836149763514, 0.36437080192204296, 0.14848346848955055, 0.0]}, "NSP14": {"data": [0.0, 0, 0, 0.0, 0.0, 0, 0.0, 0, 0.0, 0, 0.0, 0.0, 0.0, 0, 0, 0, 0.0, 0.0, 0.0], "deviation": [0.0, 0.0, 0.0, 0.0, 0.0, 0.0, 0.0, 0.0, 0.0, 0.0, 0.0, 0.0, 0.0, 0.0, 0.0, 0.0, 0.0, 0.0, 0.0]}, "NS3": {"data": [0.0, 0, 0, 0.0, 0.0, 0, 0.0, 0, 0.0, 0, 0.0, 0.0, 0.0, 0, 0, 0, 0.0, 0.0, 0.0], "deviation": [0.0, 0.0, 0.0, 0.0, 0.0, 0.0, 0.0, 0.0, 0.21567168596027864, 0.18231102708050584, 0.061175752964203176, 0.0, 0.41003178067197354, 0.18368297935798503, 0.020256865075416467, 0.0, 0.04068942293855798, 0.14367777237956933, 0.09901475429766744]}, "NSP15": {"data": [0.0, 0, 0, 0.0, 0.0, 0, 0.0, 0, 0.0, 0, 0.0, 0.0, 0.0, 0, 0, 0, 0.0, 0.0, 0.0], "deviation": [0.0, 0.0, 0.0, 0.0, 0.0, 0.0, 0.0, 0.0, 0.0, 0.0, 0.0, 0.0, 0.0, 0.0, 0.0, 0.0, 0.0, 0.0, 0.0]}, "NSP16": {"data": [0.0, 0, 0, 0.0, 0.0, 0, 0.0, 0, 0.0, 0, 0.0, 0.0, 0.0, 0, 0, 0, 0.0, 0.0, 0.0], "deviation": [0.0, 0.0, 0.0, 0.0, 0.0, 0.0, 0.0, 0.0, 0.0, 0.0, 0.0, 0.0, 0.0, 0.0, 0.0, 0.0, 0.0, 0.0, 0.0]}, "NS9b": {"data": [0.0, 0, 0, 0.0, 0.0, 0, 0.0, 0, 0.0, 0, 0.0, 0.0, 0.0, 0, 0, 0, 0.0, 0.0, 0.0], "deviation": [0.0, 0.0, 0.0, 0.0, 0.0, 0.0, 0.0, 0.0, 0.0, 0.0, 0.0, 0.0, 0.0, 0.0, 0.0, 0.0, 0.0, 0.0, 0.0]}, "NS6": {"data": [0.0, 0, 0, 0.0, 0.0, 0, 0.0, 0, 0.0, 0, 0.0, 0.0, 0.0, 0, 0, 0, 0.0, 0.0, 0.0], "deviation": [0.0, 0.0, 0.0, 0.0, 0.0, 0.0, 0.0, 0.0, 0.0, 0.0, 0.02739983121755955, 0.0, 0.0, 0.0, 0.0, 0.027896417632583534, 0.0, 0.0, 0.0]}, "NS9c": {"data": [0.0, 0, 0, 0.0, 0.0, 0, 0.0, 0, 0.0, 0, 0.0, 0.0, 0.0, 0, 0, 0, 0.0, 0.0, 0.0], "deviation": [0.0, 0.0, 0.0, 0.0, 0.0, 0.0, 0.0, 0.0, 0.0, 0.0, 0.0, 0.0, 0.0, 0.0, 0.0, 0.0, 0.0, 0.0, 0.0]}, "NSP1": {"data": [0.0, 0, 0, 0.0, 0.0, 0, 0.0, 0, 0.0, 0, 0.0, 0.0, 0.0, 0, 0, 0, 0.0, 0.0, 0.0], "deviation": [0.0, 0.0, 0.0, 0.0, 0.0, 0.0, 1.0206207261596576, 0.0, 0.4046059304726283, 0.1363099403516919, 0.2535511388076562, 0.1650707254118854, 0.1572555571531599, 0.03885629279018108, 0.3028134076678829, 0.4443366496751559, 0.17248739878021757, 0.6892486574512899, 0.5093762673233696]}, "NSP2": {"data": [0.0, 0, 0, 0.0, 0.0, 0, 0.0, 0, 0.0, 0, 0.0, 0.0, 0.0, 0, 0, 0, 0.0, 0.0, 0.0], "deviation": [0.0, 0.07352146220938077, 0.0, 0.0, 0.0, 0.0, 0.0, 0.0, 0.07516460280028289, 0.0, 0.10913515925155902, 0.0, 0.028724249481071305, 0.0, 0.0, 0.0, 0.0, 0.0, 0.0]}, "NS8": {"data": [0.0, 0, 0, 0.0, 0.0, 0, 0.0, 0, 0.0, 0, 0.0, 0.0, 0.0, 0, 0, 0, 0.0, 0.0, 0.0], "deviation": [0.0, 0.0, 0.0, 0.0, 0.0, 0.0, 0.0, 0.0, 0.10622359813377562, 0.06259175439244058, 0.0, 0.0, 0.08610947335551282, 0.022445006962161677, 0.04528828898686614, 0.09229239133789213, 0.0, 0.0, 0.0]}, "NSP3": {"data": [0.0, 0, 0, 0.0, 0.0, 0, 0.0, 0, 0.0, 0, 0.0, 0.0, 0.0, 0, 0, 0, 0.0, 0.0, 0.0], "deviation": [0.0, 0.0, 0.0, 0.0, 0.0, 0.0, 0.0, 0.0, 0.037582301400141446, 0.0, 0.02739983121755955, 0.0, 0.04060544753989228, 0.022445006962161677, 0.020256865075416467, 0.05579283526516707, 0.0, 0.0, 0.0]}}, "missense": {"NSP4": {"data": [0.0, 0, 0, 0.0, 0.0, 0, 0.0, 0, 0.0, 0, 0.0, 0.0, 0.0, 0, 0, 0, 0.0, 1.0, 2.0], "deviation": [0.0, 0.1458392785985266, 0.20835461246451933, 0.0, 0.0, 0.199914947901746, 0.4148511169990534, 0.5012300141587653, 0.5570269022099367, 0.5401190621824002, 0.511996694761207, 0.5584079499965797, 0.39145162911681275, 0.3882981757720136, 0.4102835878762393, 1.8891819843542352, 0.8267673188582992, 1.020539071570529, 0.46295498170389054]}, "E": {"data": [0.0, 0, 0, 0.0, 0.0, 0, 0.0, 0, 0.0, 0, 0.0, 0.0, 0.0, 0, 0, 0, 0.0, 0.0, 0.0], "deviation": [0.0, 0.0, 0.0, 0.0, 0.0, 0.0, 0.0, 0.0, 0.09173136277782104, 0.11634984155226427, 0.1600158010847433, 0.23370019025935052, 0.3359330047711462, 0.4197854621597513, 0.34667705926596465, 0.28217851375671754, 0.1452406859031577, 0.1267285695723132, 0.0]}, "NS7a": {"data": [0.0, 0, 0, 0.0, 0.0, 0, 0.0, 0, 0.0, 0, 0.0, 0.0, 0.0, 0, 0, 0, 0.0, 2.0, 2.0],