{"indel": {"NSP4": {"data": [0.0, 0.0, 0, 0.0, 0.0, 0, 0, 0.0, 0.0, 0.0, 0.0, 0.0, 0, 0], "deviation": [0.0, 0.0, 0.0, 0.0, 0.0, 0.0, 2.316145940933868, 0.0, 0.0, 0.0, 0.0, 0.0, 0.0, 0.0]}, "E": {"data": [0.0, 0.0, 0, 0.0, 0.0, 0, 0, 0.0, 0.0, 0.0, 0.0, 0.0, 0, 0], "deviation": [0.0, 0.0, 0.0, 0.0, 0.0, 0.0, 0.0, 0.0, 0.0, 0.0, 0.0, 0.0, 0.0, 0.0]}, "NS7a": {"data": [0.0, 0.0, 0, 0.0, 0.0, 0, 0, 0.0, 0.0, 0.0, 0.0, 0.0, 0, 0], "deviation": [0.0, 0.0, 0.0, 0.0, 0.0, 0.0, 0.0, 0.0, 0.0, 0.0, 0.0, 0.0, 0.0, 0.0]}, "NSP5": {"data": [0.0, 0.0, 0, 0.0, 0.0, 0, 0, 0.0, 0.0, 0.0, 0.0, 0.0, 0, 0], "deviation": [0.0, 0.0, 0.0, 0.0, 0.0, 0.0, 0.07018624063435965, 0.0, 0.0, 0.0, 0.0, 0.0, 0.0, 0.0]}, "NS7b": {"data": [0.0, 0.0, 0, 0.0, 0.0, 0, 0, 0.0, 0.0, 0.0, 0.0, 0.0, 0, 0], "deviation": [0.0, 0.0, 0.0, 0.0, 0.0, 0.0, 0.0, 0.0, 0.0, 0.0, 0.0, 0.0, 0.0, 0.0]}, "NSP6": {"data": [0.0, 0.0, 0, 0.0, 3.0, 3, 3, 3.0, 3.0, 3.0, 1.0, 0.0, 0, 0], "deviation": [0.0, 0.0, 0.0, 1.5, 0.0, 0.8320502943378437, 0.7620657985533035, 0.45226701686664544, 0.7338690821851225, 1.508193584167478, 1.5050420310248864, 0.7888322795326393, 0.0, 0.0]}, "NSP7": {"data": [0.0, 0.0, 0, 0.0, 0.0, 0, 0, 0.0, 0.0, 0.0, 0.0, 0.0, 0, 0], "deviation": [0.0, 0.0, 0.0, 0.0, 0.0, 0.0, 0.0, 0.0, 0.0, 0.0, 0.0, 0.0, 0.0, 0.0]}, "NSP8": {"data": [0.0, 0.0, 0, 0.0, 0.0, 0, 0, 0.0, 0.0, 0.0, 0.0, 0.0, 0, 0], "deviation": [0.0, 0.0, 0.0, 0.0, 0.0, 0.0, 0.0, 0.0, 0.0, 0.0, 0.0, 0.0, 0.0, 0.0]}, "Spike": {"data": [0.0, 0.0, 0, 0.0, 1.5, 0, 3, 3.0, 3.0, 2.0, 0.0, 0.0, 0, 0], "deviation": [0.0, 0.0, 0.0, 1.5, 2.1213203435596424, 1.5191090506254998, 1.5104861968729686, 1.4384849323626054, 1.5865961156017474, 1.3554503666311895, 1.1934162828797101, 1.0650485238752998, 0.9952267030562385, 0.8770580193070292]}, "NSP9": {"data": [0.0, 0.0, 0, 0.0, 0.0, 0, 0, 0.0, 0.0, 0.0, 0.0, 0.0, 0, 0], "deviation": [0.0, 0.0, 0.0, 0.0, 0.0, 0.0, 0.0, 0.0, 0.0, 0.0, 0.0, 0.0, 0.0, 0.0]}, "NSP10": {"data": [0.0, 0.0, 0, 0.0, 0.0, 0, 0, 0.0, 0.0, 0.0, 0.0, 0.0, 0, 0], "deviation": [0.0, 0.0, 0.0, 0.0, 0.0, 0.0, 0.0, 0.0, 0.0, 0.0, 0.0, 0.0, 0.0, 0.0]}, "NSP11": {"data": [0.0, 0.0, 0, 0.0, 0.0, 0, 0, 0.0, 0.0, 0.0, 0.0, 0.0, 0, 0], "deviation": [0.0, 0.0, 0.0, 0.0, 0.0, 0.0, 0.0, 0.0, 0.0, 0.0, 0.0, 0.0, 0.0, 0.0]}, "NSP12": {"data": [0.0, 0.0, 0, 0.0, 0.0, 0, 0, 0.0, 0.0, 0.0, 0.0, 0.0, 0, 0], "deviation": [0.0, 0.0, 0.0, 0.0, 0.0, 0.0, 0.0, 0.0, 0.0, 0.2620342951428036, 0.0, 0.0, 0.0, 0.0]}, "M": {"data": [0.0, 0.0, 0, 0.0, 0.0, 0, 0, 0.0, 0.0, 0.0, 0.0, 0.0, 0, 0], "deviation": [0.0, 0.0, 0.0, 0.0, 0.0, 0.0, 0.0, 0.0, 0.0, 0.0, 0.0, 0.0, 0.0, 0.0]}, "NSP13": {"data": [0.0, 0.0, 0, 0.0, 0.0, 0, 0, 0.0, 0.0, 0.0, 0.0, 0.0, 0, 0], "deviation": [0.0, 0.0, 0.0, 0.0, 0.0, 0.0, 0.07018624063435965, 0.0, 0.0, 0.0, 0.0, 0.0, 0.0, 0.0]}, "N": {"data": [0.0, 0.0, 0, 0.0, 0.0, 0, 0, 0.0, 0.0, 0.0, 0.0, 0.0, 0, 0], "deviation": [0.0, 0.0, 0.0, 0.0, 0.0, 0.0, 0.0, 0.0, 0.0, 0.0, 0.0, 0.0, 0.0, 0.0]}, "NSP14": {"data": [0.0, 0.0, 0, 0.0, 0.0, 0, 0, 0.0, 0.0, 0.0, 0.0, 0.0, 0, 0], "deviation": [0.0, 0.0, 0.0, 0.0, 0.0, 0.0, 0.07018624063435965, 0.0, 0.0, 0.0, 0.0, 0.0, 0.0, 0.0]}, "NS3": {"data": [0.0, 0.0, 0, 0.0, 0.0, 0, 0, 0.0, 0.0, 0.0, 0.0, 0.0, 0, 0], "deviation": [0.0, 0.0, 0.0, 0.0, 0.0, 0.0, 0.15537956226449764, 0.0, 0.0, 0.0, 0.0, 0.0, 0.0, 0.0]}, "NSP15": {"data": [0.0, 0.0, 0, 0.0, 0.0, 0, 0, 0.0, 0.0, 0.0, 0.0, 0.0, 0, 0], "deviation": [0.0, 0.0, 0.0, 0.5, 0.0, 0.0, 0.0, 0.0, 0.0, 0.0, 0.0, 0.0, 0.0, 0.0]}, "NSP16": {"data": [0.0, 0.0, 0, 0.0, 0.0, 0, 0, 0.0, 0.0, 0.0, 0.0, 0.0, 0, 0], "deviation": [0.0, 0.0, 0.0, 0.0, 0.0, 0.0, 0.21055872190307892, 0.0, 0.0, 0.0, 0.0, 0.0, 0.0, 0.0]}, "NS9b": {"data": [0.0, 0.0, 0, 0.0, 0.0, 0, 0, 0.0, 0.0, 0.0, 0.0, 0.0, 0, 0], "deviation": [0.0, 0.0, 0.0, 0.0, 0.0, 0.0, 0.0, 0.0, 0.0, 0.0, 0.0, 0.0, 0.0, 0.0]}, "NS6": {"data": [0.0, 0.0, 0, 0.0, 0.0, 0, 0, 0.0, 0.0, 0.0, 0.0, 0.0, 0, 0], "deviation": [0.0, 0.0, 0.0, 0.0, 0.0, 0.0, 0.0, 0.0, 0.0, 0.0, 0.0, 0.0, 0.0, 0.0]}, "NS9c": {"data": [0.0, 0.0, 0, 0.0, 0.0, 0, 0, 0.0, 0.0, 0.0, 0.0, 0.0, 0, 0], "deviation": [0.0, 0.0, 0.0, 0.0, 0.0, 0.0, 0.0, 0.0, 0.0, 0.0, 0.0, 0.0, 0.0, 0.0]}, "NSP1": {"data": [0.0, 0.0, 0, 0.0, 0.0, 0, 0, 0.0, 0.0, 0.0, 0.0, 0.0, 0, 0], "deviation": [0.0, 0.0, 0.0, 0.0, 0.0, 0.0, 0.4083577897817582, 0.45226701686664544, 0.45351268875881323, 0.0, 0.0, 0.3638034375544995, 0.0, 1.3867504905630728]}, "NSP2": {"data": [0.0, 0.0, 0, 0.0, 0.0, 0, 0, 0.0, 0.0, 0.0, 0.0, 0.0, 0, 0], "deviation": [0.0, 0.0, 0.0, 0.0, 0.0, 0.0, 0.0, 0.0, 0.0, 0.0, 0.0, 0.0, 0.0, 0.0]}, "NS8": {"data": [0.0, 0.0, 0, 0.0, 0.0, 0, 0, 0.0, 0.0, 0.0, 0.0, 0.0, 0, 0], "deviation": [0.0, 0.0, 0.0, 0.0, 0.0, 0.0, 0.0, 0.0, 0.14433756729740643, 0.0, 0.0, 0.0, 0.0, 0.0]}, "NSP3": {"data": [0.0, 0.0, 0, 0.0, 0.0, 0, 0, 0.0, 0.0, 0.0, 0.0, 0.0, 0, 0], "deviation": [0.0, 0.0, 0.0, 0.0, 0.0, 0.0, 0.09901233962757897, 0.0, 0.0, 0.47140452079103173, 0.0, 0.242535625036333, 0.0, 0.0]}}, "missense": {"NSP4": {"data": [0.0, 0.0, 0, 0.0, 0.0, 0, 0, 0.0, 0.0, 0.0, 0.5, 1.0, 1, 1], "deviation": [0.0, 0.5, 0.0, 0.0, 0.0, 0.3755338080994054, 8.421407795155423, 0.15075567228888181, 0.3342186823915959, 0.5566499393061832, 0.6685579234215214, 0.6222392934932578, 0.2182178902359924, 0.3755338080994054]}, "E": {"data": [0.0, 0.0, 0, 0.0, 0.5, 1, 1, 1.0, 1.0, 1.0, 0.0, 0.0, 0, 0], "deviation": [0.0, 0.0, 0.0, 0.5, 0.7071067811865476, 0.2773500981126146, 0.2269463766067836, 0.2549717059293527, 0.4375949744936837, 0.503314522547481, 0.45226701686664544, 0.2068833061667868, 0.0, 0.0]}, "NS7a": {"data": [0.0, 0.0, 0, 0.0, 0.0, 0, 0, 0.0, 0.0, 1.0, 2.0, 2.0, 0, 0], "deviation": [0.0, 0.0, 0.0, 0.0, 0.0, 0.2773500981126146, 0.20634712200747243, 0.15075567228888181, 0.5191373094849674, 0.8349749089592748, 1.8319554050414564, 1.3655744866778583, 1.499206139134658, 0.2773500981126146]}, "NSP5": {"data": [0.0, 0.0, 0, 0.5, 0.5, 1, 1, 1.0, 1.0, 1.0, 0.0, 0.0, 0, 0], "deviation": [0.0, 0.0, 0.0, 0.5773502691896257, 0.7071067811865476, 0.2773500981126146, 0.24293158253328853, 0.21566554640687682, 0.4593396431851038, 0.5156016586693017, 0.45226701686664544, 0.3413936216694646, 0.0, 0.0]}, "NS7b": {"data": [0.0, 0.0, 0, 0.0, 0.0, 0, 0, 0.0, 0.0, 0.0, 0.0, 0.0, 0, 0], "deviation": [0.0, 0.5, 0.0, 0.0, 0.0, 0.2773500981126146, 0.2269463766067836, 0.15075567228888181, 0.0, 0.255992346325338, 0.3892494720807615, 0.3840544298562199, 0.0, 0.0]}, "NSP6": {"data": [0.0, 0.0, 0, 0.0, 0.0, 0, 0, 0.0, 0.0, 0.0, 1.0, 1.0, 2, 2], "deviation": [0.0, 0.0, 0.0, 0.0, 0.0, 1.1094003924504583, 0.428920828487807, 0.21070705494148545, 0.6574046326759722, 0.8362624577718171, 0.6513389472789296, 0.6192337160421795, 0.749603069567329, 0.6504436355879909]}, "NSP7": {"data": [0.0, 0.0, 0, 0.0, 0.0, 0, 0, 0.0, 0.0, 0.0, 0.0, 0.0, 0, 0], "deviation": [0.0, 0.0, 0.0, 0.0, 0.0, 0.0, 0.09901233962757897, 0.15075567228888181, 0.14433756729740643, 0.0, 0.0, 0.0, 0.0, 0.0]}, "NSP8": {"data": [0.0, 0.0, 0, 0.0, 0.5, 0, 0, 0.0, 0.0, 0.0, 0.0, 0.0, 0, 0], "deviation": [0.0, 0.0, 0.0, 0.5, 0.7071067811865476, 0.48038446141526137, 0.169779415691903, 0.2908033634511526, 0.0, 0.11785113019775793, 0.0, 0.0, 0.0, 0.0]}, "Spike": {"data": [0.5, 0.5, 1, 0.5, 6.0, 2, 6, 6.0, 5.5, 6.0, 7.0, 7.0, 5, 3], "deviation": [0.7071067811865476, 0.5773502691896257, 0.5477225575051661, 4.358898943540674, 1.4142135623730951, 2.8125178062114395, 1.8037662398174505, 2.2264743790748036, 2.4141280381117243, 1.5164718958670538, 1.1677484162422844, 1.5731365357592055, 2.441701202421124, 1.589226549501683]}, "NSP9": {"data": [0.0, 0.0, 0, 0.0, 0.5, 0, 0, 0.0, 0.0, 0.0, 0.0, 0.0, 0, 0], "deviation": [0.0, 0.0, 0.0, 0.0, 0.7071067811865476, 0.2773500981126146, 0.0, 0.15075567228888181, 0.0, 0.0, 0.0, 0.0, 0.0, 0.0]}, "NSP10": {"data": [0.0, 0.0, 0, 0.0, 0.0, 0, 0, 0.0, 0.0, 0.0, 0.0, 0.0, 0, 0], "deviation": [0.0, 0.0, 0.0, 0.0, 0.0, 0.0, 0.2622411558859776, 0.15075567228888181, 0.20194093652345885, 0.0, 0.28867513459481287, 0.1212678125181665, 0.0, 0.0]},