{"indel": {"NSP4": {"data": [0, 0, 0.0, 0, 0.0, 0.0, 0, 0.0, 0.0, 0, 0, 0.0, 0, 0.0, 0, 0.0, 0, 0.0, 0, 0.0], "deviation": [0.0, 0.0, 0.0, 0.0, 0.0, 0.0, 0.0, 0.0, 0.0, 0.0, 0.0, 0.0, 0.0, 0.0, 0.0, 0.09284533561690395, 0.0, 2.1667771340355735, 1.3518112779582487, 1.1465972765907455]}, "E": {"data": [0, 0, 0.0, 0, 0.0, 0.0, 0, 0.0, 0.0, 0, 0, 0.0, 0, 0.0, 0, 0.0, 0, 0.0, 0, 0.0], "deviation": [0.0, 0.0, 0.0, 0.0, 0.0, 0.0, 0.0, 0.0, 0.0, 0.0, 0.0, 0.0, 0.0, 0.0, 0.0, 0.0, 0.0, 0.0, 0.0, 0.0]}, "NS7a": {"data": [0, 0, 0.0, 0, 0.0, 0.0, 0, 0.0, 0.0, 0, 0, 0.0, 0, 0.0, 0, 0.0, 0, 0.0, 0, 0.0], "deviation": [0.0, 0.0, 0.0, 0.0, 0.0, 0.0, 0.0, 0.0, 0.0, 0.0, 0.0, 0.0, 0.23733823056740416, 0.0, 0.09578262852211514, 0.053760333057047034, 0.0, 0.1873171623163388, 0.6834861261734088, 0.0]}, "NSP5": {"data": [0, 0, 0.0, 0, 0.0, 0.0, 0, 0.0, 0.0, 0, 0, 0.0, 0, 0.0, 0, 0.0, 0, 0.0, 0, 0.0], "deviation": [0.0, 0.0, 0.0, 0.0, 0.0, 0.0, 0.0, 0.0, 0.0, 0.0, 0.0, 0.0, 0.0, 0.0, 0.0, 0.0, 0.0, 0.0, 0.0, 0.0]}, "NS7b": {"data": [0, 0, 0.0, 0, 0.0, 0.0, 0, 0.0, 0.0, 0, 0, 0.0, 0, 0.0, 0, 0.0, 0, 0.0, 0, 0.0], "deviation": [0.0, 0.0, 0.0, 0.0, 0.0, 0.0, 0.0, 0.0, 0.0, 0.0, 0.0, 0.0, 0.0, 0.0, 0.0, 0.0, 0.0, 0.0, 0.0, 0.0]}, "NSP6": {"data": [0, 0, 0.0, 0, 0.0, 0.0, 0, 0.0, 0.0, 0, 0, 0.0, 0, 0.0, 0, 0.0, 0, 0.0, 0, 0.0], "deviation": [0.0, 0.0, 0.20399732064980203, 0.12216944435630521, 0.2041241452319315, 0.0, 0.0, 0.0, 0.0, 0.0, 0.0, 0.3396831102433787, 0.3088674228546356, 0.7168704372813649, 1.119059237923378, 1.4728761529231542, 1.474292385151482, 1.1891451294094944, 0.361138175012372, 0.0]}, "NSP7": {"data": [0, 0, 0.0, 0, 0.0, 0.0, 0, 0.0, 0.0, 0, 0, 0.0, 0, 0.0, 0, 0.0, 0, 0.0, 0, 0.0], "deviation": [0.0, 0.0, 0.0, 0.0, 0.0, 0.0, 0.0, 0.0, 0.0, 0.0, 0.0, 0.0, 0.0, 0.0, 0.0, 0.0, 0.0, 0.0, 0.0, 0.0]}, "NSP8": {"data": [0, 0, 0.0, 0, 0.0, 0.0, 0, 0.0, 0.0, 0, 0, 0.0, 0, 0.0, 0, 0.0, 0, 0.0, 0, 0.0], "deviation": [0.0, 0.0, 0.0, 0.0, 0.0, 0.0, 0.0, 0.0, 0.0, 0.0, 0.0, 0.0, 0.0, 0.0, 0.0, 0.0, 0.0, 0.0, 0.0, 0.0]}, "Spike": {"data": [0, 0, 0.0, 0, 0.0, 0.0, 0, 0.0, 0.0, 0, 0, 0.0, 0, 0.0, 0, 0.0, 2, 2.0, 2, 2.0], "deviation": [3.0, 1.6666666666666667, 0.23904572186687875, 0.24433888871261042, 0.0, 0.0, 0.0, 1.5811388300841898, 0.0, 0.1111111111111111, 0.0, 0.3396831102433787, 0.3088674228546356, 0.7168704372813649, 1.2173008136085741, 1.4669604144290618, 1.459415901365519, 0.7405147234062477, 0.43105609871621875, 0.25]}, "NSP9": {"data": [0, 0, 0.0, 0, 0.0, 0.0, 0, 0.0, 0.0, 0, 0, 0.0, 0, 0.0, 0, 0.0, 0, 0.0, 0, 0.0], "deviation": [0.0, 0.0, 0.0, 0.0, 0.0, 0.0, 0.0, 0.0, 0.0, 0.0, 0.0, 0.0, 0.0, 0.0, 0.0, 0.0, 0.0, 0.0, 0.0, 0.0]}, "NSP10": {"data": [0, 0, 0.0, 0, 0.0, 0.0, 0, 0.0, 0.0, 0, 0, 0.0, 0, 0.0, 0, 0.0, 0, 0.0, 0, 0.0], "deviation": [0.0, 0.0, 0.0, 0.0, 0.0, 0.0, 0.0, 0.0, 0.0, 0.0, 0.0, 0.0, 0.0, 0.0, 0.0, 0.0, 0.0, 0.0, 0.0, 0.0]}, "NSP11": {"data": [0, 0, 0.0, 0, 0.0, 0.0, 0, 0.0, 0.0, 0, 0, 0.0, 0, 0.0, 0, 0.0, 0, 0.0, 0, 0.0], "deviation": [0.0, 0.0, 0.0, 0.0, 0.0, 0.0, 0.0, 0.0, 0.0, 0.0, 0.0, 0.0, 0.0, 0.0, 0.0, 0.0, 0.0, 0.0, 0.0, 0.0]}, "NSP12": {"data": [0, 0, 0.0, 0, 0.0, 0.0, 0, 0.0, 0.0, 0, 0, 0.0, 0, 0.0, 0, 0.0, 0, 0.0, 0, 0.0], "deviation": [0.0, 0.0, 0.0, 0.0, 0.0, 0.0, 0.0, 0.0, 0.0, 0.0, 0.0, 0.0, 0.0, 0.0, 0.0, 0.0, 0.07312724241271307, 0.0, 0.1708715315433522, 0.0]}, "M": {"data": [0, 0, 0.0, 0, 0.0, 0.0, 0, 0.0, 0.0, 0, 0, 0.0, 0, 0.0, 0, 0.0, 0, 0.0, 0, 0.0], "deviation": [0.0, 0.0, 0.0, 0.0, 0.0, 0.0, 0.0, 0.0, 0.0, 0.0, 0.0, 0.0, 0.0, 0.0, 0.0, 0.0, 0.0, 0.1873171623163388, 0.0, 0.0]}, "NSP13": {"data": [0, 0, 0.0, 0, 0.0, 0.0, 0, 0.0, 0.0, 0, 0, 0.0, 0, 0.0, 0, 0.0, 0, 0.0, 0, 0.0], "deviation": [0.0, 0.0, 0.0, 0.0, 0.0, 0.0, 0.0, 0.0, 0.0, 0.0, 0.0, 0.0, 0.0, 0.0, 0.0, 0.0, 0.0, 0.0, 0.0, 0.0]}, "N": {"data": [0, 0, 0.0, 0, 0.0, 0.0, 0, 0.0, 0.0, 0, 0, 0.0, 0, 0.0, 0, 0.0, 0, 0.0, 0, 0.0], "deviation": [0.0, 0.0, 0.0, 0.0, 1.224744871391589, 0.0, 0.0, 0.0, 0.0, 0.0, 0.0, 0.0, 0.0, 0.0, 0.0, 0.0, 0.0, 0.1873171623163388, 0.5980503604017328, 0.08333333333333334]}, "NSP14": {"data": [0, 0, 0.0, 0, 0.0, 0.0, 0, 0.0, 0.0, 0, 0, 0.0, 0, 0.0, 0, 0.0, 0, 0.0, 0, 0.0], "deviation": [0.0, 0.0, 0.0, 0.0, 0.0, 0.0, 0.0, 0.0, 0.0, 0.0, 0.0, 0.0, 0.0, 0.0, 0.0, 0.053760333057047034, 0.0, 0.0, 0.0, 0.0]}, "NS3": {"data": [0, 0, 0.0, 0, 0.0, 0.0, 0, 0.0, 0.0, 0, 0, 0.0, 0, 0.0, 0, 0.0, 0, 0.0, 0, 0.0], "deviation": [0.0, 0.0, 0.0, 0.0, 0.6123724356957945, 0.0, 0.0, 0.0, 0.0, 0.0, 0.0, 0.0, 0.11866911528370208, 0.0, 0.0, 0.0, 0.0, 0.0, 0.0, 0.4166666666666667]}, "NSP15": {"data": [0, 0, 0.0, 0, 0.0, 0.0, 0, 0.0, 0.0, 0, 0, 0.0, 0, 0.0, 0, 0.0, 0, 0.0, 0, 0.0], "deviation": [0.0, 0.0, 0.0, 0.0, 0.0, 0.0, 0.0, 0.0, 0.0, 8.555555555555555, 0.0, 0.0, 0.0, 0.0, 0.0, 0.0, 0.0, 0.0, 0.0, 0.0]}, "NSP16": {"data": [0, 0, 0.0, 0, 0.0, 0.0, 0, 0.0, 0.0, 0, 0, 0.0, 0, 0.0, 0, 0.0, 0, 0.0, 0, 0.0], "deviation": [0.0, 0.0, 0.0, 0.0, 0.0, 0.0, 0.0, 0.0, 0.0, 0.0, 0.0, 0.0, 0.0, 0.0, 0.0, 0.0, 0.0, 0.0, 0.0, 0.0]}, "NS9b": {"data": [0, 0, 0.0, 0, 0.0, 0.0, 0, 0.0, 0.0, 0, 0, 0.0, 0, 0.0, 0, 0.0, 0, 0.0, 0, 0.0], "deviation": [0.0, 0.0, 0.0, 0.0, 0.0, 0.0, 0.0, 0.0, 0.0, 0.0, 0.0, 0.0, 0.0, 0.0, 0.0, 0.0, 0.0, 0.0, 0.0, 0.0]}, "NS6": {"data": [0, 0, 0.0, 0, 0.0, 0.0, 0, 0.0, 0.0, 0, 0, 0.0, 0, 0.0, 0, 0.0, 0, 0.0, 0, 0.0], "deviation": [0.0, 0.0, 0.0, 0.0, 0.0, 0.0, 0.0, 0.0, 0.0, 0.0, 0.0, 0.0, 0.0, 0.9408465102823032, 0.0, 0.9634694782589466, 0.0, 0.0, 0.0, 0.0]}, "NS9c": {"data": [0, 0, 0.0, 0, 0.0, 0.0, 0, 0.0, 0.0, 0, 0, 0.0, 0, 0.0, 0, 0.0, 0, 0.0, 0, 0.0], "deviation": [0.0, 0.0, 0.0, 0.0, 0.0, 0.0, 0.0, 0.0, 0.0, 0.0, 0.0, 0.0, 0.0, 0.0, 0.0, 0.0, 0.0, 0.0, 0.0, 0.0]}, "NSP1": {"data": [0, 0, 0.0, 0, 0.0, 0.0, 0, 0.0, 0.0, 0, 0, 0.0, 0, 0.0, 0, 0.0, 0, 0.0, 0, 0.0], "deviation": [0.0, 0.0, 0.5034045580527882, 0.36650833306891567, 0.0, 0.0, 0.0, 0.0, 1.0080322575483707, 0.2222222222222222, 0.7927550624003498, 0.0, 0.17896499588156808, 0.0, 0.28734788556634544, 0.0, 0.3094174775858179, 0.1318658570441865, 0.3702377591258416, 0.0]}, "NSP2": {"data": [0, 0, 0.0, 0, 0.0, 0.0, 0, 0.0, 0.0, 0, 0, 0.0, 0, 0.0, 0, 0.0, 0, 0.0, 0, 0.0], "deviation": [0.0, 0.0, 0.0, 0.0, 0.0, 0.0, 0.0, 0.0, 0.0, 0.0, 0.0, 0.0, 0.0, 0.0, 0.0, 0.0, 0.0, 0.1873171623163388, 0.0, 0.0]}, "NS8": {"data": [0, 0, 0.0, 0, 0.0, 0.0, 0, 0.0, 0.0, 0, 0, 0.0, 0, 0.0, 0, 0.0, 0, 0.0, 0, 0.0], "deviation": [0.0, 0.0, 0.0, 0.0, 0.0, 0.0, 0.0, 0.0, 0.0, 0.0, 0.0, 4.755563543407302, 0.0, 0.0, 0.0, 0.10752066611409407, 0.0, 0.0, 0.0854357657716761, 0.0]}, "NSP3": {"data": [0, 0, 0.0, 0, 0.0, 0.0, 0, 0.0, 0.0, 0, 0, 0.0, 0, 0.0, 0, 0.0, 0, 0.0, 0, 0.0], "deviation": [0.0, 0.0, 0.0, 0.0, 0.0, 0.0, 0.0, 0.0, 0.0, 0.15614965913950218, 0.09667364890456635, 2.4644323024637083, 0.0, 0.0, 0.09578262852211514, 0.0, 0.5118906968889915, 1.1867927133976786, 0.768921891945085, 1.0569450634412685]}}, "missense": {"NSP4": {"data": [0, 0, 0.0, 0, 0.0, 0.0, 1, 1.0, 1.0, 1, 1, 1.0, 1, 0.0, 0, 0.0, 0, 1.0, 1, 1.0], "deviation": [0.0, 0.0, 0.11952286093343938, 0.3701919264586908, 0.0, 0.0, 0.5, 0.0, 0.1767766952966369, 0.4183300132670378, 0.467418426993567, 0.8115877393570327, 0.7209022477693081, 0.7102337869014268, 0.7395207418489846, 0.5776911520027695, 0.5678605842535253, 17.90697945095651, 11.109104107654685, 9.430992465330405]}, "E": {"data": [0, 0, 0.0, 0, 0.0, 0.0, 0, 0.0, 0.0, 0, 0, 0.0, 0, 0.0, 0, 0.0, 0, 0.0, 0, 0.0], "deviation": [0.0, 0.0, 0.11952286093343938, 0.12216944435630521, 0.2041241452319315, 0.0, 0.0, 0.0, 0.0, 0.1111111111111111, 0.0, 0.19355241528469094, 0.16660734412815578, 0.22850159822149158, 0.3806837920207603, 0.4737651108368925, 0.4934741751533985, 0.3577821589746287, 0.1468869755904545, 0.1433246595738432]}, "NS7a": {"data": [0, 0, 0.0, 0, 0.0, 0.0, 0, 0.0, 0.0, 0, 0, 0.0, 0, 0.0, 0, 0.0, 0, 2.0, 2, 2.0],