{"indel": {"NSP4": {"data": [0, 0, 0.0, 0.0, 0.0, 0.0, 0.0, 0.0, 0], "deviation": [0.0, 0.0, 0.0, 0.0, 0.0, 0.0, 0.0, 0.0, 0.0]}, "E": {"data": [0, 0, 0.0, 0.0, 0.0, 0.0, 0.0, 0.0, 0], "deviation": [0.0, 0.0, 0.0, 0.0, 0.0, 0.0, 0.0, 0.0, 0.0]}, "NS7a": {"data": [0, 0, 0.0, 0.0, 0.0, 0.0, 0.0, 0.0, 0], "deviation": [0.0, 0.0, 0.0, 0.0, 0.0, 0.0, 0.956182887467515, 0.0, 0.0]}, "NSP5": {"data": [0, 0, 0.0, 0.0, 0.0, 0.0, 0.0, 0.0, 0], "deviation": [0.0, 0.0, 0.0, 0.0, 0.0, 0.0, 0.0, 0.0, 0.0]}, "NS7b": {"data": [0, 0, 0.0, 0.0, 0.0, 0.0, 0.0, 0.0, 0], "deviation": [0.0, 0.0, 0.0, 0.0, 0.0, 0.0, 0.0, 0.0, 0.0]}, "NSP6": {"data": [0, 0, 0.0, 3.0, 1.5, 3.0, 3.0, 0.0, 0], "deviation": [0.0, 0.0, 1.5, 0.9631146619216513, 2.1213203435596424, 1.006499127752277, 0.8458888522202896, 1.5251733823253821, 0.4285714285714286]}, "NSP7": {"data": [0, 0, 0.0, 0.0, 0.0, 0.0, 0.0, 0.0, 0], "deviation": [0.0, 0.0, 0.0, 0.0, 0.0, 0.0, 0.0, 0.0, 0.0]}, "NSP8": {"data": [0, 0, 0.0, 0.0, 0.0, 0.0, 0.0, 0.0, 0], "deviation": [0.0, 0.0, 0.0, 0.0, 0.0, 0.0, 0.0, 0.0, 0.0]}, "Spike": {"data": [0, 0, 0.0, 2.0, 1.0, 2.0, 2.0, 2.0, 2], "deviation": [0.0, 0.0, 1.0, 0.7399788580489365, 1.4142135623730951, 1.132141028391546, 1.2756681357416528, 0.9046886417224096, 1.0]}, "NSP9": {"data": [0, 0, 0.0, 0.0, 0.0, 0.0, 0.0, 0.0, 0], "deviation": [0.0, 0.0, 0.0, 0.0, 0.0, 0.0, 0.0, 0.0, 0.0]}, "NSP10": {"data": [0, 0, 0.0, 0.0, 0.0, 0.0, 0.0, 0.0, 0], "deviation": [0.0, 0.0, 0.0, 0.0, 0.0, 0.0, 0.0, 0.0, 0.0]}, "NSP11": {"data": [0, 0, 0.0, 0.0, 0.0, 0.0, 0.0, 0.0, 0], "deviation": [0.0, 0.0, 0.0, 0.0, 0.0, 0.0, 0.0, 0.0, 0.0]}, "NSP12": {"data": [0, 0, 0.0, 0.0, 0.0, 0.0, 0.0, 0.0, 0], "deviation": [0.0, 0.0, 0.0, 0.0, 0.0, 0.0, 0.0, 0.0, 0.0]}, "M": {"data": [0, 0, 0.0, 0.0, 0.0, 0.0, 0.0, 0.0, 0], "deviation": [0.0, 0.0, 0.0, 0.0, 0.0, 0.0, 0.0, 0.0, 0.0]}, "NSP13": {"data": [0, 0, 0.0, 0.0, 0.0, 0.0, 0.0, 0.0, 0], "deviation": [0.0, 0.0, 0.0, 0.0, 0.0, 0.0, 0.0, 0.0, 0.0]}, "N": {"data": [0, 0, 0.0, 0.0, 0.0, 0.0, 0.0, 0.0, 0], "deviation": [0.0, 0.0, 0.0, 1.9598237397554636, 0.0, 1.9019670969274298, 0.0, 0.0, 0.0]}, "NSP14": {"data": [0, 0, 0.0, 0.0, 0.0, 0.0, 0.0, 0.0, 0], "deviation": [0.0, 0.0, 0.0, 0.0, 0.0, 0.0, 0.0, 0.0, 0.0]}, "NS3": {"data": [0, 0, 0.0, 0.0, 0.0, 0.0, 0.0, 0.0, 0], "deviation": [0.0, 0.0, 0.0, 0.0, 0.0, 0.0, 0.0, 0.0, 0.0]}, "NSP15": {"data": [0, 0, 0.0, 0.0, 0.0, 0.0, 0.0, 0.0, 0], "deviation": [0.0, 0.0, 0.0, 0.0, 0.0, 0.0, 0.0, 0.0, 0.0]}, "NSP16": {"data": [0, 0, 0.0, 0.0, 0.0, 0.0, 0.0, 0.0, 0], "deviation": [0.0, 0.0, 0.0, 0.0, 0.0, 0.0, 0.0, 0.0, 0.0]}, "NS9b": {"data": [0, 0, 0.0, 0.0, 0.0, 0.0, 0.0, 0.0, 0], "deviation": [0.0, 0.0, 0.0, 0.0, 0.0, 0.0, 0.0, 0.0, 0.0]}, "NS6": {"data": [0, 0, 0.0, 0.0, 0.0, 0.0, 0.0, 0.0, 0], "deviation": [0.0, 0.0, 0.0, 0.0, 0.0, 0.0, 0.0, 0.0, 0.0]}, "NS9c": {"data": [0, 0, 0.0, 0.0, 0.0, 0.0, 0.0, 0.0, 0], "deviation": [0.0, 0.0, 0.0, 0.0, 0.0, 0.0, 0.0, 0.0, 0.0]}, "NSP1": {"data": [0, 0, 0.0, 0.0, 0.0, 0.0, 0.0, 0.0, 0], "deviation": [0.0, 0.0, 0.0, 0.0, 0.0, 0.5157106231293968, 0.5976143046671968, 0.0, 0.0]}, "NSP2": {"data": [0, 0, 0.0, 0.0, 0.0, 0.0, 0.0, 0.0, 0], "deviation": [0.0, 0.0, 0.0, 0.0, 0.0, 0.0, 0.3356030387018588, 0.0, 0.0]}, "NS8": {"data": [0, 0, 0.0, 0.0, 0.0, 0.0, 0.0, 0.0, 0], "deviation": [0.0, 0.0, 0.0, 0.0, 0.0, 0.0, 0.23904572186687875, 0.0, 0.0]}, "NSP3": {"data": [0, 0, 0.0, 0.0, 0.0, 0.0, 0.0, 0.0, 0], "deviation": [0.0, 0.0, 0.0, 1.2642423296489127, 0.0, 1.474561228551307, 0.0, 0.0, 0.0]}}, "missense": {"NSP4": {"data": [0, 0, 0.0, 0.0, 0.5, 0.0, 0.0, 1.0, 2], "deviation": [0.0, 0.0, 0.0, 0.40803245735839216, 0.7071067811865476, 0.4869610777910891, 0.4902781565677319, 0.9389027966400257, 0.4412798331631104]}, "E": {"data": [0, 0, 0.0, 0.0, 0.0, 0.0, 0.0, 0.0, 0], "deviation": [0.0, 0.0, 0.0, 0.21070705494148545, 0.0, 0.2958184904168056, 0.23379132809659064, 0.19611613513818404, 0.0]}, "NS7a": {"data": [0, 0, 0.0, 0.0, 0.0, 0.0, 0.0, 2.0, 2], "deviation": [0.0, 0.0, 0.0, 0.21070705494148545, 0.0, 0.3301726148797985, 0.5275043787166296, 1.0414486951431572, 0.4489216103563048]}, "NSP5": {"data": [0, 0, 0.0, 0.0, 0.0, 0.0, 0.0, 0.0, 0], "deviation": [0.0, 0.0, 0.0, 0.0, 0.0, 0.17671602026643132, 0.30216609311120096, 0.271746488194703, 0.14285714285714285]}, "NS7b": {"data": [0, 0, 0.0, 0.0, 0.0, 0.0, 0.0, 0.5, 1], "deviation": [0.0, 0.0, 0.0, 0.0, 0.0, 0.10314212462587935, 0.28196295074009653, 0.5099019513592785, 0.40720550896397784]}, "NSP6": {"data": [0, 0, 0.0, 0.0, 0.5, 0.0, 0.0, 1.0, 1], "deviation": [0.0, 0.0, 0.0, 0.32103822064055043, 0.7071067811865476, 0.2639388044961831, 0.580747002355881, 0.6373020054525532, 0.2041241452319315]}, "NSP7": {"data": [0, 0, 0.0, 0.0, 0.0, 0.0, 0.0, 0.0, 0], "deviation": [0.0, 0.0, 0.0, 0.21070705494148545, 0.0, 0.24576020475855118, 0.11952286093343938, 0.0, 0.14285714285714285]}, "NSP8": {"data": [0, 0, 0.0, 0.0, 0.0, 0.0, 0.0, 0.0, 0], "deviation": [0.0, 0.0, 0.0, 0.0, 0.0, 0.10314212462587935, 0.23379132809659064, 0.19611613513818404, 0.14285714285714285]}, "Spike": {"data": [2, 2, 5.0, 7.0, 3.5, 7.0, 8.0, 7.0, 6], "deviation": [0.0, 1.1126972805283737, 2.516611478423583, 1.6352033706621776, 4.949747468305833, 2.49724167210261, 2.6189704487031014, 1.7836867610481562, 0.9020950671653635]}, "NSP9": {"data": [0, 0, 0.0, 1.0, 0.0, 0.0, 0.0, 0.0, 0], "deviation": [0.0, 0.0, 0.5, 0.4615215208036402, 0.0, 0.4763930673403309, 0.20399732064980203, 0.19611613513818404, 0.24222607082590245]}, "NSP10": {"data": [0, 0, 0.0, 0.0, 0.0, 0.0, 0.0, 0.0, 0], "deviation": [0.0, 0.0, 0.0, 0.0, 0.0, 0.10314212462587935, 0.20399732064980203, 0.3258125936084211, 0.14285714285714285]}, "NSP11": {"data": [0, 0, 0.0, 0.0, 0.0, 0.0, 0.0, 0.0, 0], "deviation": [0.0, 0.0, 0.0, 0.0, 0.0, 0.0, 0.0, 0.0, 0.0]}, "NSP12": {"data": [1, 1, 0.0, 2.0, 0.5, 2.0, 1.0, 1.0, 2], "deviation": [0.5773502691896257, 0.3779644730092272, 1.0, 0.7270084086278815, 0.7071067811865476, 0.8046422163400528, 0.47917285530255066, 0.7971101651494701, 0.5167270098621597]}, "M": {"data": [0, 0, 0.0, 0.0, 0.0, 0.0, 0.0, 1.0, 1], "deviation": [0.0, 0.0, 0.0, 0.2549717059293527, 0.0, 0.4037402346511726, 0.30216609311120096, 0.485164524037584, 0.2041241452319315]}, "NSP13": {"data": [0, 0, 0.0, 1.0, 0.5, 1.0, 1.0, 1.0, 1], "deviation": [0.0, 0.0, 0.5, 0.586583615750035, 0.7071067811865476, 0.8226378383228516, 0.7971221529402344, 0.47067872433164165, 0.2041241452319315]}, "N": {"data": [1, 1, 0.0, 4.0, 2.0, 4.0, 4.0, 4.0, 4], "deviation": [0.5773502691896257, 0.5773502691896257, 2.0, 0.9989423582445273, 2.8284271247461903, 1.043823550542487, 0.8687107603185124, 0.8840466399113011, 0.7548032135308266]}, "NSP14": {"data": [1, 1, 0.0, 0.0, 0.0, 0.0, 0.0, 1.0, 1], "deviation": [0.0, 0.3779644730092272, 0.0, 0.3867520743564635, 0.0, 0.5425184246961128, 0.30216609311120096, 0.5038314736557788, 0.2491482087673375]}, "NS3": {"data": [1, 1, 0.0, 0.0, 0.5, 0.0, 1.0, 1.0, 1], "deviation": [0.5773502691896257, 0.5773502691896257, 0.0, 0.47562132502684945, 0.7071067811865476, 0.6994621589678437, 0.8270779715446983, 0.7961445558729607, 0.28571428571428575]}, "NSP15": {"data": [2, 2, 0.0, 0.0, 0.0, 0.0, 0.0, 0.0, 0], "deviation": [0.0, 0.7559289460184544, 0.0, 0.21070705494148545, 0.0, 0.10314212462587935, 0.23379132809659064, 0.485164524037584, 0.199914947901746]}, "NSP16": {"data": [0, 0, 0.0, 0.0, 0.0, 0.0, 0.0, 0.0, 0], "deviation": [0.0, 0.0, 0.0, 0.0, 0.0, 0.1450786515834624, 0.30216609311120096, 0.36794648440311994, 0.2766416675862441]}, "NS9b": {"data": [0, 0, 0.0, 0.0, 0.0, 0.0, 0.0, 0.0, 0], "deviation": [0.0, 0.0, 0.0, 0.0, 0.0, 0.0, 0.0, 0.0, 0.0]}, "NS6": {"data": [0, 0, 0.0, 0.0, 0.5, 0.0, 0.0, 0.0, 0], "deviation": [0.0, 0.0, 0.0, 0.21070705494148545, 0.7071067811865476, 0.1450786515834624, 0.20399732064980203, 0.19611613513818404, 0.0]}, "NS9c": {"data": [0, 0, 0.0, 0.0, 0.0, 0.0, 0.0, 0.0, 0], "deviation": [0.0, 0.0, 0.0, 0.0, 0.0, 0.0, 0.0, 0.0, 0.0]},