{"indel": {"NSP4": {"data": [0.0, 0, 0, 0.0, 0, 0.0, 0.0], "deviation": [0.0, 0.0, 0.0, 0.0, 0.0, 0.0, 0.0]}, "E": {"data": [0.0, 0, 0, 0.0, 0, 0.0, 0.0], "deviation": [0.0, 0.0, 0.0, 0.0, 0.0, 0.0, 0.0]}, "NS7a": {"data": [0.0, 0, 0, 0.0, 0, 0.0, 0.0], "deviation": [0.0, 0.0, 0.0, 0.0, 0.0, 0.0, 0.0]}, "NSP5": {"data": [0.0, 0, 0, 0.0, 0, 0.0, 0.0], "deviation": [0.0, 0.0, 0.0, 0.0, 0.0, 0.0, 0.0]}, "NS7b": {"data": [0.0, 0, 0, 0.0, 0, 0.0, 0.0], "deviation": [0.0, 0.0, 0.0, 0.0, 0.0, 0.0, 0.0]}, "NSP6": {"data": [3.0, 0, 3, 3.0, 3, 3.0, 0.0], "deviation": [1.2867960816866657, 1.52127765851133, 0.0, 0.0, 0.0, 1.169288098061535, 1.4762267044796566]}, "NSP7": {"data": [0.0, 0, 0, 0.0, 0, 0.0, 0.0], "deviation": [0.0, 0.0, 0.0, 0.0, 0.0, 0.0, 0.0]}, "NSP8": {"data": [0.0, 0, 0, 0.0, 0, 0.0, 0.0], "deviation": [0.0, 0.0, 0.0, 0.0, 0.0, 0.0, 0.0]}, "Spike": {"data": [3.0, 0, 3, 3.0, 3, 3.0, 2.0], "deviation": [1.3801311186847085, 1.52127765851133, 0.0, 0.0, 0.0, 0.6011757793840921, 0.6142951168339512]}, "NSP9": {"data": [0.0, 0, 0, 0.0, 0, 0.0, 0.0], "deviation": [0.0, 0.0, 0.0, 0.0, 0.0, 0.0, 0.0]}, "NSP10": {"data": [0.0, 0, 0, 0.0, 0, 0.0, 0.0], "deviation": [0.0, 0.0, 0.0, 0.0, 0.0, 0.0, 0.0]}, "NSP11": {"data": [0.0, 0, 0, 0.0, 0, 0.0, 0.0], "deviation": [0.0, 0.0, 0.0, 0.0, 0.0, 0.0, 0.0]}, "NSP12": {"data": [0.0, 0, 0, 0.0, 0, 0.0, 0.0], "deviation": [0.0, 0.0, 0.0, 0.0, 0.0, 0.0, 0.0]}, "M": {"data": [0.0, 0, 0, 0.0, 0, 0.0, 0.0], "deviation": [0.0, 0.0, 0.0, 0.0, 0.0, 0.0, 0.0]}, "NSP13": {"data": [0.0, 0, 0, 0.0, 0, 0.0, 0.0], "deviation": [0.0, 0.0, 0.0, 0.0, 0.0, 0.0, 0.0]}, "N": {"data": [0.0, 0, 0, 0.0, 0, 0.0, 0.0], "deviation": [0.29424494316824984, 0.0, 0.0, 0.0, 0.0, 0.10127123185047565, 0.0]}, "NSP14": {"data": [0.0, 0, 0, 0.0, 0, 0.0, 0.0], "deviation": [0.0, 0.0, 0.0, 0.0, 0.0, 0.0, 0.0]}, "NS3": {"data": [0.0, 0, 0, 0.0, 0, 0.0, 1.0], "deviation": [0.0, 0.0, 0.0, 0.0, 0.0, 0.376695462120391, 0.5043486642416058]}, "NSP15": {"data": [0.0, 0, 0, 0.0, 0, 0.0, 0.0], "deviation": [0.0, 0.0, 0.0, 0.0, 0.0, 0.0, 0.0]}, "NSP16": {"data": [0.0, 0, 0, 0.0, 0, 0.0, 0.0], "deviation": [0.0, 0.0, 0.0, 0.0, 0.0, 0.0, 0.0]}, "NS9b": {"data": [0.0, 0, 0, 0.0, 0, 0.0, 0.0], "deviation": [0.0, 0.0, 0.0, 0.0, 0.0, 0.0, 0.0]}, "NS6": {"data": [0.0, 0, 0, 0.0, 0, 0.0, 0.0], "deviation": [0.0, 0.0, 0.0, 0.0, 0.0, 0.0, 0.0]}, "NS9c": {"data": [0.0, 0, 0, 0.0, 0, 0.0, 0.0], "deviation": [0.0, 0.0, 0.0, 0.0, 0.0, 0.0, 0.0]}, "NSP1": {"data": [0.0, 0, 0, 0.0, 0, 0.0, 0.0], "deviation": [0.0, 0.0, 0.0, 0.0, 0.0, 0.4274137913183595, 1.0886621079036347]}, "NSP2": {"data": [0.0, 0, 0, 0.0, 0, 0.0, 0.0], "deviation": [0.0, 0.0, 0.0, 0.0, 0.0, 0.0, 0.0]}, "NS8": {"data": [0.0, 0, 0, 0.0, 0, 0.0, 0.0], "deviation": [0.0, 0.0, 0.0, 0.0, 0.0, 0.0, 0.0]}, "NSP3": {"data": [0.0, 0, 0, 0.0, 0, 0.0, 0.0], "deviation": [0.8827348295047496, 0.0, 0.0, 0.0, 0.0, 0.10127123185047565, 0.0]}}, "missense": {"NSP4": {"data": [0.0, 1, 0, 0.0, 0, 0.0, 3.0], "deviation": [0.7385489458759964, 0.7037315505489967, 0.0, 0.0, 0.1796053020267749, 1.145345191695757, 1.518117927083103]}, "E": {"data": [0.0, 0, 1, 0.0, 0, 0.0, 0.0], "deviation": [0.0, 0.0, 0.5773502691896257, 0.0, 0.0, 0.0, 0.0]}, "NS7a": {"data": [0.0, 0, 0, 0.0, 0, 0.0, 2.0], "deviation": [0.21320071635561044, 0.2581988897471611, 0.0, 0.0, 0.1796053020267749, 0.8262460583924949, 1.0313059166806777]}, "NSP5": {"data": [0.0, 1, 1, 1.0, 0, 0.0, 0.0], "deviation": [0.4767312946227962, 0.4879500364742666, 0.0, 0.28867513459481287, 0.24973103811470745, 0.19935261925038025, 0.13608276348795434]}, "NS7b": {"data": [0.0, 0, 0, 0.0, 0, 0.0, 1.0], "deviation": [0.0, 0.0, 0.0, 0.0, 0.0, 0.3855254607447237, 0.49596555413404597]}, "NSP6": {"data": [0.0, 1, 0, 0.0, 0, 0.0, 2.0], "deviation": [0.39477101697586137, 0.50709255283711, 0.0, 0.0, 0.4250237185032414, 0.755727025736513, 0.9597052890283343]}, "NSP7": {"data": [0.0, 0, 0, 0.0, 0, 0.0, 0.0], "deviation": [0.21320071635561044, 0.0, 0.0, 0.0, 0.0, 0.1424712637727865, 0.0]}, "NSP8": {"data": [0.0, 0, 0, 0.0, 0, 0.0, 0.0], "deviation": [0.29424494316824984, 0.3518657752744984, 0.5773502691896258, 0.0, 0.0, 0.0717958158617738, 0.0]}, "Spike": {"data": [7.5, 4, 7, 8.0, 8, 8.0, 10.0], "deviation": [2.348896765998033, 1.7182493859684491, 0.0, 0.5149286505444373, 0.4819315973414993, 1.0062169867009916, 1.8573329089291437]}, "NSP9": {"data": [0.0, 1, 0, 0.0, 0, 0.0, 0.0], "deviation": [0.35125008665710444, 0.50709255283711, 0.0, 0.28867513459481287, 0.0, 0.0717958158617738, 0.0]}, "NSP10": {"data": [0.0, 0, 0, 0.0, 0, 0.0, 0.0], "deviation": [0.0, 0.0, 0.0, 0.28867513459481287, 0.0, 0.0717958158617738, 0.0]}, "NSP11": {"data": [0.0, 0, 0, 0.0, 0, 0.0, 0.0], "deviation": [0.0, 0.0, 0.0, 0.0, 0.0, 0.0, 0.0]}, "NSP12": {"data": [1.0, 1, 1, 1.0, 1, 1.0, 2.0], "deviation": [0.5884898863364997, 0.0, 0.0, 0.0, 0.1796053020267749, 0.42528391306166674, 0.6845096486679328]}, "M": {"data": [0.0, 0, 0, 0.0, 0, 0.0, 1.0], "deviation": [0.29424494316824984, 0.0, 0.0, 0.0, 0.3592106040535498, 0.3979005853324625, 0.4874382900970034]}, "NSP13": {"data": [0.0, 0, 0, 1.0, 0, 0.0, 1.0], "deviation": [0.7963662060880875, 0.5163977794943222, 0.5773502691896258, 0.4264014327112209, 0.24973103811470745, 0.4383954699921174, 0.5247208169200972]}, "N": {"data": [4.0, 3, 2, 5.0, 5, 5.0, 4.0], "deviation": [1.3451854182690985, 0.8338093878327919, 2.309401076758503, 0.3892494720807615, 0.6081878600549995, 0.5256113520594978, 0.7458246225320818]}, "NSP14": {"data": [0.0, 0, 0, 0.0, 0, 0.0, 2.0], "deviation": [0.0, 0.2581988897471611, 0.0, 0.0, 0.3592106040535498, 0.7713452917499067, 0.9525793444156804]}, "NS3": {"data": [0.0, 0, 2, 1.0, 0, 0.0, 1.0], "deviation": [0.5810872031479765, 0.50709255283711, 0.5773502691896257, 0.4264014327112209, 0.4016096644512494, 0.46789450850159187, 0.5197026511020928]}, "NSP15": {"data": [0.0, 1, 0, 0.0, 0, 0.0, 0.0], "deviation": [0.4289320272288885, 0.50709255283711, 0.0, 0.0, 0.0, 0.1869779112000881, 0.23121228232266414]}, "NSP16": {"data": [0.0, 0, 0, 0.0, 0, 0.0, 1.0], "deviation": [0.29424494316824984, 0.0, 0.0, 0.28867513459481287, 0.0, 0.38976269935384494, 0.6300200212008396]}, "NS9b": {"data": [0.0, 0, 0, 0.0, 0, 0.0, 0.0], "deviation": [0.0, 0.0, 0.0, 0.0, 0.0, 0.0, 0.0]}, "NS6": {"data": [0.0, 0, 0, 0.0, 0, 0.0, 0.0], "deviation": [0.0, 0.0, 0.0, 0.0, 0.0, 0.0, 0.0]}, "NS9c": {"data": [0.0, 0, 0, 0.0, 0, 0.0, 0.0], "deviation": [0.0, 0.0, 0.0, 0.0, 0.0, 0.0, 0.0]}, "NSP1": {"data": [0.0, 0, 0, 0.0, 0, 0.0, 0.0], "deviation": [0.29424494316824984, 0.41403933560541256, 0.0, 0.0, 0.0, 0.1424712637727865, 0.19062587709298626]}, "NSP2": {"data": [1.0, 0, 1, 0.0, 1, 1.0, 0.5], "deviation": [0.49236596391733095, 0.3518657752744984, 0.5773502691896257, 0.3892494720807615, 0.4275461366036783, 0.49114807361126983, 0.5734030477824037]}, "NS8": {"data": [3.0, 2, 0, 4.0, 3, 3.0, 0.0], "deviation": [0.9128709291752769, 0.7432233529572065, 2.3094010767585034, 0.6513389472789296, 0.40160966445124946, 1.2183386748557306, 1.4969103983674976]}, "NSP3": {"data": [4.0, 3, 1, 4.0, 4, 4.0, 4.0], "deviation": [1.4050003466284178, 1.0997835284835873, 1.7320508075688772, 0.5149286505444373, 0.3962186862224294, 0.5633093741372195, 0.7164338269315373]}}, "labels": ["01/2021", "02/2021", "04/2021", "05/2021", "06/2021", "07/2021", "08/2021"]}