{"indel": {"NSP4": {"data": [0.0, 0.0, 0, 0.0, 0.0, 0.0, 0.0, 0, 0.0, 0, 0, 0.0, 0, 0], "deviation": [0.0, 0.0, 0.0, 0.0, 0.0, 0.0, 0.0, 0.0, 0.0, 0.0, 0.0, 0.0, 0.0, 0.0]}, "E": {"data": [0.0, 0.0, 0, 0.0, 0.0, 0.0, 0.0, 0, 0.0, 0, 0, 0.0, 0, 0], "deviation": [0.0, 0.0, 0.0, 0.0, 0.0, 0.0, 0.0, 0.0, 0.0, 0.0, 0.0, 0.0, 0.0, 0.0]}, "NS7a": {"data": [0.0, 0.0, 0, 0.0, 0.0, 0.0, 0.0, 0, 0.0, 0, 0, 0.0, 0, 0], "deviation": [0.0, 0.0, 0.0, 0.0, 0.0, 0.0, 0.0, 0.0, 0.0, 0.0, 0.0, 0.0, 0.0, 0.0]}, "NSP5": {"data": [0.0, 0.0, 0, 0.0, 0.0, 0.0, 0.0, 0, 0.0, 0, 0, 0.0, 0, 0], "deviation": [0.0, 0.0, 0.0, 0.0, 0.0, 0.0, 0.0, 0.0, 0.0, 0.0, 0.0, 0.0, 0.0, 0.0]}, "NS7b": {"data": [0.0, 0.0, 0, 0.0, 0.0, 0.0, 0.0, 0, 0.0, 0, 0, 0.0, 0, 0], "deviation": [0.0, 0.0, 0.0, 0.0, 0.0, 0.0, 0.0, 0.0, 0.0, 0.0, 0.0, 0.0, 0.0, 0.0]}, "NSP6": {"data": [3.0, 1.5, 0, 1.5, 3.0, 3.0, 3.0, 3, 3.0, 3, 3, 0.0, 0, 0], "deviation": [0.8017837257372732, 1.6035674514745464, 1.52127765851133, 2.1213203435596424, 0.0, 0.0, 0.0, 0.0, 0.6466208061135635, 0.6647156333151664, 1.1677484162422844, 1.5116898686207, 1.5169496905422948, 1.3887301496588271]}, "NSP7": {"data": [0.0, 0.0, 0, 0.0, 0.0, 0.0, 0.0, 0, 0.0, 0, 0, 0.0, 0, 0], "deviation": [0.0, 0.0, 0.0, 0.0, 0.0, 0.0, 0.0, 0.0, 0.0, 0.0, 0.0, 0.0, 0.0, 0.0]}, "NSP8": {"data": [0.0, 0.0, 0, 0.0, 0.0, 0.0, 0.0, 0, 0.0, 0, 0, 0.0, 0, 0], "deviation": [0.0, 0.0, 0.0, 0.0, 0.0, 0.0, 0.0, 0.0, 0.0, 0.0, 0.0, 0.0, 0.0, 0.0]}, "Spike": {"data": [3.0, 1.5, 0, 1.5, 3.0, 3.0, 3.0, 3, 3.0, 3, 3, 2.0, 2, 2], "deviation": [1.2043875831929896, 1.6035674514745464, 1.52127765851133, 2.1213203435596424, 0.0, 0.0, 0.0, 0.0, 0.3702025687755161, 0.2267860471084201, 0.465655470101036, 0.9257652249777445, 0.6990252954195317, 0.46291004988627577]}, "NSP9": {"data": [0.0, 0.0, 0, 0.0, 0.0, 0.0, 0.0, 0, 0.0, 0, 0, 0.0, 0, 0], "deviation": [0.0, 0.0, 0.0, 0.0, 0.0, 0.0, 0.0, 0.0, 0.0, 0.0, 0.0, 0.0, 0.0, 0.0]}, "NSP10": {"data": [0.0, 0.0, 0, 0.0, 0.0, 0.0, 0.0, 0, 0.0, 0, 0, 0.0, 0, 0], "deviation": [0.0, 0.0, 0.0, 0.0, 0.0, 0.0, 0.0, 0.0, 0.0, 0.0, 0.0, 0.0, 0.0, 0.0]}, "NSP11": {"data": [0.0, 0.0, 0, 0.0, 0.0, 0.0, 0.0, 0, 0.0, 0, 0, 0.0, 0, 0], "deviation": [0.0, 0.0, 0.0, 0.0, 0.0, 0.0, 0.0, 0.0, 0.0, 0.0, 0.0, 0.0, 0.0, 0.0]}, "NSP12": {"data": [0.0, 0.0, 0, 0.0, 0.0, 0.0, 0.0, 0, 0.0, 0, 0, 0.0, 0, 0], "deviation": [0.0, 0.0, 0.0, 0.0, 0.0, 0.0, 0.0, 0.0, 0.0, 0.0, 0.0, 0.0, 0.0, 0.0]}, "M": {"data": [0.0, 0.0, 0, 0.0, 0.0, 0.0, 0.0, 0, 0.0, 0, 0, 0.0, 0, 0], "deviation": [0.0, 0.0, 0.0, 0.0, 0.0, 0.0, 0.0, 0.0, 0.0, 0.0, 0.0, 0.0, 0.0, 0.0]}, "NSP13": {"data": [0.0, 0.0, 0, 0.0, 0.0, 0.0, 0.0, 0, 0.0, 0, 0, 0.0, 0, 0], "deviation": [0.0, 0.0, 0.0, 0.0, 0.0, 0.0, 0.0, 0.0, 0.0, 0.0, 0.0, 0.0, 0.0, 0.0]}, "N": {"data": [0.0, 0.0, 0, 0.0, 0.0, 0.0, 0.0, 0, 0.0, 0, 0, 0.0, 0, 0], "deviation": [0.3631365196012815, 0.0, 0.0, 0.0, 0.0, 0.0, 0.0, 0.0, 0.1543033499620919, 0.0, 0.0, 0.16222142113076254, 0.0, 0.0]}, "NSP14": {"data": [0.0, 0.0, 0, 0.0, 0.0, 0.0, 0.0, 0, 0.0, 0, 0, 0.0, 0, 0], "deviation": [0.0, 0.0, 0.0, 0.0, 0.0, 0.0, 0.0, 0.0, 0.0, 0.0, 0.0, 0.0, 0.0, 0.0]}, "NS3": {"data": [0.0, 0.0, 0, 0.0, 0.0, 0.0, 0.0, 0, 0.0, 0, 0, 1.0, 0, 1], "deviation": [0.0, 0.0, 0.0, 0.0, 0.0, 0.0, 0.0, 0.0, 0.0, 0.22157187777172213, 0.37335497772755005, 0.5038966228735667, 0.5075192189225523, 0.50709255283711]}, "NSP15": {"data": [0.0, 0.0, 0, 0.0, 0.0, 0.0, 0.0, 0, 0.0, 0, 0, 0.0, 0, 0], "deviation": [0.0, 0.0, 0.0, 0.0, 0.0, 0.0, 0.0, 0.0, 0.0, 0.0, 0.0, 0.0, 0.0, 0.0]}, "NSP16": {"data": [0.0, 0.0, 0, 0.0, 0.0, 0.0, 0.0, 0, 0.0, 0, 0, 0.0, 0, 0], "deviation": [0.0, 0.0, 0.0, 0.0, 0.0, 0.0, 0.0, 0.0, 0.0, 0.0, 0.0, 0.0, 0.0, 0.0]}, "NS9b": {"data": [0.0, 0.0, 0, 0.0, 0.0, 0.0, 0.0, 0, 0.0, 0, 0, 0.0, 0, 0], "deviation": [0.0, 0.0, 0.0, 0.0, 0.0, 0.0, 0.0, 0.0, 0.0, 0.0, 0.0, 0.0, 0.0, 0.0]}, "NS6": {"data": [0.0, 0.0, 0, 0.0, 0.0, 0.0, 0.0, 0, 0.0, 0, 0, 0.0, 0, 0], "deviation": [0.0, 0.0, 0.0, 0.0, 0.0, 0.0, 0.0, 0.0, 0.0, 0.0, 0.0, 0.0, 0.0, 0.0]}, "NS9c": {"data": [0.0, 0.0, 0, 0.0, 0.0, 0.0, 0.0, 0, 0.0, 0, 0, 0.0, 0, 0], "deviation": [0.0, 0.0, 0.0, 0.0, 0.0, 0.0, 0.0, 0.0, 0.0, 0.0, 0.0, 0.0, 0.0, 0.0]}, "NSP1": {"data": [0.0, 0.0, 0, 0.0, 0.0, 0.0, 0.0, 0, 0.0, 0, 0, 0.0, 0, 0], "deviation": [0.0, 0.0, 0.0, 0.0, 0.0, 0.0, 0.0, 0.0, 0.6466208061135635, 0.547562474918814, 0.0, 0.0, 1.3926212476455828, 0.0]}, "NSP2": {"data": [0.0, 0.0, 0, 0.0, 0.0, 0.0, 0.0, 0, 0.0, 0, 0, 0.0, 0, 0], "deviation": [0.0, 0.0, 0.0, 0.0, 0.0, 0.0, 0.0, 0.0, 0.0, 0.0, 0.0, 0.0, 0.0, 0.0]}, "NS8": {"data": [0.0, 0.0, 0, 0.0, 0.0, 0.0, 0.0, 0, 0.0, 0, 0, 0.0, 0, 0], "deviation": [0.0, 0.0, 0.0, 0.0, 0.0, 0.0, 0.0, 0.0, 0.0, 0.0, 0.0, 0.0, 0.0, 0.0]}, "NSP3": {"data": [0.0, 0.0, 0, 0.0, 0.0, 0.0, 0.0, 0, 0.0, 0, 0, 0.0, 0, 0], "deviation": [1.0894095588038444, 0.0, 0.0, 0.0, 0.0, 0.0, 0.0, 0.0, 0.1543033499620919, 0.0, 0.0, 0.16222142113076254, 0.0, 0.0]}}, "missense": {"NSP4": {"data": [0.0, 0.5, 1, 0.0, 0.0, 0.0, 0.0, 0, 0.0, 0, 0, 3.0, 3, 3], "deviation": [0.8516306272526402, 0.5345224838248488, 0.7037315505489967, 0.0, 0.0, 0.0, 0.0, 0.1796053020267749, 0.5516315153139572, 0.7138931876289858, 1.1034076388662613, 1.4870230507099802, 1.613743060919757, 1.3592715135759477]}, "E": {"data": [0.0, 0.0, 0, 0.5, 0.5, 0.0, 0.0, 0, 0.0, 0, 0, 0.0, 0, 0], "deviation": [0.0, 0.0, 0.0, 0.7071067811865476, 0.7071067811865476, 0.0, 0.0, 0.0, 0.0, 0.0, 0.0, 0.0, 0.0, 0.0]}, "NS7a": {"data": [0.0, 0.0, 0, 0.0, 0.0, 0.0, 0.0, 0, 0.0, 0, 0, 2.0, 2, 2], "deviation": [0.0, 0.3535533905932738, 0.2581988897471611, 0.0, 0.0, 0.0, 0.0, 0.1796053020267749, 0.4722250688807642, 0.45805984260122323, 0.8320191657984161, 0.9838670185038084, 1.0931952056132324, 0.9258200997725514]}, "NSP5": {"data": [0.0, 0.0, 1, 0.5, 1.0, 1.0, 1.0, 0, 0.0, 0, 0, 0.0, 0, 0], "deviation": [0.4688072309384954, 0.5175491695067657, 0.4879500364742666, 0.7071067811865476, 0.0, 0.0, 0.3535533905932738, 0.24973103811470745, 0.1543033499620919, 0.22157187777172213, 0.13483997249264842, 0.2732763127330939, 0.0, 0.21821789023599236]}, "NS7b": {"data": [0.0, 0.0, 0, 0.0, 0.0, 0.0, 0.0, 0, 0.0, 0, 0, 1.0, 1, 1], "deviation": [0.0, 0.0, 0.0, 0.0, 0.0, 0.0, 0.0, 0.0, 0.1543033499620919, 0.22157187777172213, 0.38924947208076144, 0.5038966228735667, 0.5075192189225523, 0.4629100498862757]}, "NSP6": {"data": [0.0, 0.0, 1, 0.0, 0.0, 0.0, 0.0, 0, 0.0, 0, 0, 1.5, 2, 2], "deviation": [0.2672612419124244, 0.5175491695067657, 0.50709255283711, 0.0, 0.0, 0.0, 0.0, 0.4250237185032414, 0.4173919355648411, 0.4718864240414456, 0.760116950066092, 0.984950771744254, 0.9981042636979972, 0.9023778112773575]}, "NSP7": {"data": [0.0, 0.0, 0, 0.0, 0.0, 0.0, 0.0, 0, 0.0, 0, 0, 0.0, 0, 0], "deviation": [0.2672612419124244, 0.0, 0.0, 0.0, 0.0, 0.0, 0.0, 0.0, 0.0, 0.182520824972938, 0.0, 0.22629428592141426, 0.0, 0.0]}, "NSP8": {"data": [0.0, 0.0, 0, 0.0, 0.5, 0.0, 0.0, 0, 0.0, 0, 0, 0.0, 0, 0], "deviation": [0.0, 0.4629100498862757, 0.3518657752744984, 0.0, 0.7071067811865476, 0.0, 0.0, 0.0, 0.0, 0.13018891098082386, 0.0, 0.0, 0.0, 0.0]}, "Spike": {"data": [8.0, 5.5, 4, 3.5, 7.0, 7.0, 8.0, 8, 8.0, 8, 8, 9.0, 9, 10], "deviation": [2.134231724753677, 1.9820624179302297, 1.7182493859684491, 4.949747468305833, 0.0, 0.5, 0.4629100498862757, 0.4819315973414993, 0.5927357389374333, 0.6545261200646413, 0.7806584460746002, 1.5385053063037817, 2.137773551519374, 1.3273676061682242]}, "NSP9": {"data": [0.0, 0.0, 1, 0.0, 0.0, 0.0, 0.0, 0, 0.0, 0, 0, 0.0, 0, 0], "deviation": [0.0, 0.5175491695067657, 0.50709255283711, 0.0, 0.0, 0.5, 0.0, 0.0, 0.0, 0.0, 0.13483997249264842, 0.0, 0.0, 0.0]}, "NSP10": {"data": [0.0, 0.0, 0, 0.0, 0.0, 0.0, 0.0, 0, 0.0, 0, 0, 0.0, 0, 0], "deviation": [0.0, 0.0, 0.0, 0.0, 0.0, 0.5, 0.0, 0.0, 0.1543033499620919, 0.0, 0.0, 0.0, 0.0, 0.0]}, "NSP11": {"data": [0.0, 0.0, 0, 0.0, 0.0, 0.0, 0.0, 0, 0.0, 0, 0, 0.0, 0, 0], "deviation": [0.0, 0.0, 0.0, 0.0, 0.0, 0.0, 0.0, 0.0, 0.0, 0.0, 0.0, 0.0, 0.0, 0.0]},