{"indel": {"NSP4": {"data": [0.0, 0, 0, 0, 0.0, 0.0, 0, 0.0, 0, 0], "deviation": [0.0, 0.0, 0.0, 0.0, 0.0, 0.0, 0.0, 0.0, 0.0, 0.0]}, "E": {"data": [0.0, 0, 0, 0, 0.0, 0.0, 0, 0.0, 0, 0], "deviation": [0.0, 0.0, 0.0, 0.0, 0.0, 0.0, 0.0, 0.0, 0.0, 0.0]}, "NS7a": {"data": [0.0, 0, 0, 0, 0.0, 0.0, 0, 0.0, 0, 0], "deviation": [0.0, 0.0, 0.0, 0.0, 0.0, 0.0, 0.0, 0.0, 0.0, 0.0]}, "NSP5": {"data": [0.0, 0, 0, 0, 0.0, 0.0, 0, 0.0, 0, 0], "deviation": [0.0, 0.0, 0.0, 0.0, 0.0, 0.0, 0.0, 0.0, 0.0, 0.0]}, "NS7b": {"data": [0.0, 0, 0, 0, 0.0, 0.0, 0, 0.0, 0, 0], "deviation": [0.0, 0.0, 0.0, 0.0, 0.0, 0.0, 0.0, 0.0, 0.0, 0.0]}, "NSP6": {"data": [0.0, 0, 0, 0, 1.5, 0.0, 3, 3.0, 3, 3], "deviation": [0.0, 1.4638501094227998, 1.3416407864998738, 1.4638501094227998, 1.6431676725154984, 1.4665806660010134, 0.0, 2.444173050430859, 1.5056710977319896, 0.50709255283711]}, "NSP7": {"data": [0.0, 0, 0, 0, 0.0, 0.0, 0, 0.0, 0, 0], "deviation": [0.0, 0.0, 0.0, 0.0, 0.0, 0.0, 0.0, 0.0, 0.0, 0.0]}, "NSP8": {"data": [0.0, 0, 0, 0, 0.0, 0.0, 0, 0.0, 0, 0], "deviation": [0.0, 0.0, 0.0, 0.0, 0.0, 0.0, 0.0, 0.0, 0.0, 0.0]}, "Spike": {"data": [1.0, 0, 0, 0, 0.0, 1.0, 1, 1.0, 1, 1], "deviation": [1.4142135623730951, 1.4638501094227998, 1.3416407864998738, 1.3732131246511905, 0.408248290463863, 0.42336537115199285, 0.0, 0.19418390934515434, 0.6671399834935375, 6.244055997035712]}, "NSP9": {"data": [0.0, 0, 0, 0, 0.0, 0.0, 0, 0.0, 0, 0], "deviation": [0.0, 0.0, 0.0, 0.0, 0.0, 0.0, 0.0, 0.0, 0.0, 0.0]}, "NSP10": {"data": [0.0, 0, 0, 0, 0.0, 0.0, 0, 0.0, 0, 0], "deviation": [0.0, 0.0, 0.0, 0.0, 0.0, 0.0, 0.0, 0.0, 0.0, 0.0]}, "NSP11": {"data": [0.0, 0, 0, 0, 0.0, 0.0, 0, 0.0, 0, 0], "deviation": [0.0, 0.0, 0.0, 0.0, 0.0, 0.0, 0.0, 0.0, 0.0, 0.0]}, "NSP12": {"data": [0.0, 0, 0, 0, 0.0, 0.0, 0, 0.0, 0, 0], "deviation": [0.0, 0.0, 0.0, 0.0, 0.0, 0.0, 0.0, 0.0, 0.0, 0.0]}, "M": {"data": [0.0, 0, 0, 0, 0.0, 0.0, 0, 0.0, 0, 0], "deviation": [0.0, 0.0, 0.0, 0.0, 0.0, 0.0, 0.0, 0.0, 0.0, 0.0]}, "NSP13": {"data": [0.0, 0, 0, 0, 0.0, 0.0, 0, 0.0, 0, 0], "deviation": [0.0, 0.0, 0.0, 0.0, 0.0, 0.0, 0.0, 0.0, 0.0, 0.0]}, "N": {"data": [0.0, 0, 0, 0, 0.0, 1.0, 1, 1.0, 1, 1], "deviation": [0.0, 0.0, 0.0, 0.0, 0.408248290463863, 0.2677597710565683, 0.0, 0.19418390934515434, 0.5075192189225523, 0.1690308509457033]}, "NSP14": {"data": [0.0, 0, 0, 0, 0.0, 0.0, 0, 0.0, 0, 0], "deviation": [0.0, 0.0, 0.0, 0.0, 0.0, 0.0, 0.0, 0.0, 0.0, 0.0]}, "NS3": {"data": [0.0, 0, 0, 0, 0.0, 0.0, 0, 0.0, 0, 0], "deviation": [0.0, 0.0, 0.0, 0.2581988897471611, 0.0, 0.0, 0.0, 0.0, 0.17407765595569785, 0.0]}, "NSP15": {"data": [0.0, 0, 0, 0, 0.0, 0.0, 0, 0.0, 0, 0], "deviation": [0.0, 0.0, 0.0, 0.0, 0.0, 0.0, 0.0, 0.0, 0.0, 0.0]}, "NSP16": {"data": [0.0, 0, 0, 0, 0.0, 0.0, 0, 0.0, 0, 0], "deviation": [0.0, 0.0, 0.0, 0.0, 0.0, 0.0, 0.0, 0.0, 0.0, 0.0]}, "NS9b": {"data": [0.0, 0, 0, 0, 0.0, 0.0, 0, 0.0, 0, 0], "deviation": [0.0, 0.0, 0.0, 0.0, 0.0, 0.0, 0.0, 0.0, 0.0, 0.0]}, "NS6": {"data": [0.0, 0, 0, 0, 0.0, 0.0, 0, 0.0, 0, 0], "deviation": [0.0, 0.0, 0.0, 0.0, 0.0, 0.0, 0.0, 0.0, 0.0, 0.0]}, "NS9c": {"data": [0.0, 0, 0, 0, 0.0, 0.0, 0, 0.0, 0, 0], "deviation": [0.0, 0.0, 0.0, 0.0, 0.0, 0.0, 0.0, 0.0, 0.0, 0.0]}, "NSP1": {"data": [0.0, 0, 0, 0, 0.0, 0.0, 0, 0.0, 0, 0], "deviation": [0.0, 0.0, 0.0, 0.0, 0.0, 0.19611613513818404, 0.0, 0.0, 0.0, 0.0]}, "NSP2": {"data": [0.0, 0, 0, 0, 0.0, 0.0, 0, 0.0, 0, 0], "deviation": [0.0, 0.0, 0.0, 0.0, 0.0, 0.0, 0.0, 0.0, 0.0, 0.0]}, "NS8": {"data": [0.0, 0, 0, 0, 0.0, 0.0, 0, 0.0, 0, 0], "deviation": [0.0, 0.0, 0.0, 0.0, 0.0, 0.0, 0.0, 0.0, 0.0, 2.8950842138082993]}, "NSP3": {"data": [0.0, 0, 0, 0, 0.0, 0.0, 0, 0.0, 0, 0], "deviation": [0.0, 0.0, 0.0, 0.0, 0.0, 0.09805806756909202, 0.0, 0.0, 0.0, 0.0]}}, "missense": {"NSP4": {"data": [0.5, 0, 0, 0, 0.0, 2.0, 2, 2.0, 2, 2], "deviation": [0.7071067811865476, 0.37796447300922725, 0.447213595499958, 0.816496580927726, 0.816496580927726, 0.5533521986160521, 0.0, 0.1386750490563073, 0.4646601886422926, 0.0]}, "E": {"data": [0.0, 0, 0, 0, 0.0, 0.0, 0, 0.0, 0, 0], "deviation": [0.0, 0.0, 0.447213595499958, 0.41403933560541256, 0.0, 0.1380002272946792, 0.0, 0.0, 0.24230584229877994, 0.0]}, "NS7a": {"data": [0.0, 0, 0, 0, 0.0, 0.0, 0, 0.0, 0, 0], "deviation": [0.0, 0.37796447300922725, 0.0, 0.2581988897471611, 0.0, 0.0, 0.0, 0.3883678186903087, 1.0534934669225455, 0.3734913631120909]}, "NSP5": {"data": [0.0, 0, 1, 0, 0.0, 0.0, 0, 0.0, 0, 0], "deviation": [0.0, 0.4879500364742666, 0.5477225575051661, 0.4879500364742666, 0.408248290463863, 0.09805806756909202, 0.0, 0.19418390934515434, 0.3843530573929037, 0.0]}, "NS7b": {"data": [0.0, 0, 0, 0, 0.0, 0.0, 0, 0.0, 0, 0], "deviation": [0.0, 0.0, 0.0, 0.0, 0.5163977794943223, 0.0, 0.0, 0.13867504905630726, 0.47871355387816905, 0.1690308509457033]}, "NSP6": {"data": [0.0, 0, 0, 0, 0.0, 0.0, 0, 0.0, 0, 0], "deviation": [0.0, 0.5345224838248488, 0.447213595499958, 0.816496580927726, 0.0, 0.1380002272946792, 0.0, 3.33968098475583, 0.6628679652796169, 0.1690308509457033]}, "NSP7": {"data": [0.0, 0, 0, 0, 0.0, 0.0, 0, 0.0, 0, 0], "deviation": [0.0, 0.0, 0.0, 0.0, 0.5163977794943223, 0.0, 0.0, 0.0, 0.0, 0.0]}, "NSP8": {"data": [0.0, 0, 0, 0, 0.0, 0.0, 0, 0.0, 0, 0], "deviation": [0.0, 0.0, 0.0, 0.41403933560541256, 0.0, 0.09805806756909202, 0.0, 0.0, 0.0, 0.4710082159536056]}, "Spike": {"data": [2.5, 2, 2, 3, 2.0, 5.0, 6, 7.0, 8, 7], "deviation": [0.7071067811865476, 1.9880595947760098, 2.7748873851023217, 2.4260491103261463, 1.505545305418162, 1.3292467558784724, 0.30151134457776363, 0.5250152622934172, 1.7227312704838877, 1.9250668437592438]}, "NSP9": {"data": [0.5, 0, 0, 0, 0.0, 0.0, 0, 0.0, 0, 0], "deviation": [0.7071067811865476, 0.0, 0.0, 0.0, 0.0, 0.0, 0.0, 0.0, 0.17407765595569785, 0.0]}, "NSP10": {"data": [0.0, 0, 0, 0, 0.0, 0.0, 0, 0.0, 0, 0], "deviation": [0.0, 0.0, 0.0, 0.0, 0.0, 0.0, 0.0, 0.0, 0.0, 0.0]}, "NSP11": {"data": [0.0, 0, 0, 0, 0.0, 0.0, 0, 0.0, 0, 0], "deviation": [0.0, 0.0, 0.0, 0.0, 0.0, 0.0, 0.0, 0.0, 0.0, 0.0]}, "NSP12": {"data": [2.5, 1, 1, 1, 1.0, 1.0, 1, 1.0, 2, 2], "deviation": [0.7071067811865476, 0.7559289460184544, 0.4472135954999579, 0.8338093878327919, 0.408248290463863, 0.17039031763436546, 0.0, 0.48662348204027467, 0.4286165199944132, 0.0]}, "M": {"data": [0.0, 0, 0, 0, 0.0, 1.0, 1, 1.0, 1, 1], "deviation": [0.0, 0.0, 0.0, 0.2581988897471611, 0.5163977794943223, 0.16818452471614478, 0.0, 0.4123837191561249, 0.25, 0.0]}, "NSP13": {"data": [2.0, 0, 0, 0, 0.0, 0.0, 0, 0.0, 0, 0], "deviation": [0.0, 0.7559289460184545, 0.0, 0.9856107606091623, 0.0, 0.1380002272946792, 0.0, 0.19418390934515434, 0.5018903659106632, 0.3734913631120909]}, "N": {"data": [1.0, 1, 2, 2, 2.0, 3.0, 3, 3.0, 3, 3], "deviation": [1.4142135623730951, 0.5773502691896257, 0.7071067811865476, 1.0997835284835873, 1.224744871391589, 0.7073707747672165, 0.0, 0.3446422500840349, 0.6030226891555273, 0.1690308509457033]}, "NSP14": {"data": [0.5, 0, 0, 0, 0.0, 0.0, 0, 0.0, 0, 0], "deviation": [0.7071067811865476, 0.0, 0.447213595499958, 0.4577377082170635, 0.0, 0.09805806756909202, 0.0, 0.19418390934515434, 0.4885042104591972, 0.1690308509457033]}, "NS3": {"data": [0.5, 1, 2, 1, 0.0, 0.0, 0, 0.0, 0, 0], "deviation": [0.7071067811865476, 1.0690449676496976, 1.3038404810405297, 1.3870146083619754, 0.0, 0.2725971128968012, 0.0, 0.23543547789870936, 0.6657190234489458, 0.1690308509457033]}, "NSP15": {"data": [0.0, 0, 0, 0, 0.0, 1.0, 1, 1.0, 1, 1], "deviation": [0.0, 0.37796447300922725, 0.0, 0.41403933560541256, 0.408248290463863, 0.3968462303527438, 0.0, 0.23543547789870936, 0.5075192189225523, 0.24253562503633297]}, "NSP16": {"data": [0.0, 0, 0, 0, 0.0, 0.0, 1, 1.0, 1, 1], "deviation": [0.0, 0.0, 0.0, 0.41403933560541256, 0.0, 0.3715769837019344, 0.4472135954999579, 0.24175701748921175, 0.4351941398892446, 0.0]}, "NS9b": {"data": [0.0, 0, 0, 0, 0.0, 0.0, 0, 0.0, 0, 0], "deviation": [0.0, 0.0, 0.0, 0.0, 0.0, 0.0, 0.0, 0.0, 0.0, 0.0]}, "NS6": {"data": [0.0, 0, 0, 0, 0.0, 0.0, 0, 0.0, 0, 0],