{"indel": {"NSP4": {"data": [0, 0.0, 0.0, 0, 0.0, 0, 0], "deviation": [0.0, 0.0, 0.0, 0.0, 0.0, 0.0, 0.0]}, "E": {"data": [0, 0.0, 0.0, 0, 0.0, 0, 0], "deviation": [0.0, 0.0, 0.0, 0.0, 0.0, 0.0, 0.0]}, "NS7a": {"data": [0, 0.0, 0.0, 0, 0.0, 0, 0], "deviation": [0.9940817596851687, 0.0, 0.0, 6.934760925288564, 0.0, 0.0, 0.0]}, "NSP5": {"data": [0, 0.0, 0.0, 0, 0.0, 0, 0], "deviation": [0.0, 0.0, 0.0, 0.0, 0.0, 0.0, 0.0]}, "NS7b": {"data": [0, 0.0, 0.0, 0, 0.0, 0, 0], "deviation": [0.0, 0.0, 0.0, 0.0, 0.0, 0.0, 0.0]}, "NSP6": {"data": [3, 3.0, 3.0, 3, 1.5, 0, 0], "deviation": [1.4972662808899857, 0.0, 0.0, 0.0, 2.1213203435596424, 0.0, 1.5]}, "NSP7": {"data": [0, 0.0, 0.0, 0, 0.0, 0, 0], "deviation": [0.0, 0.0, 0.0, 0.0, 0.0, 0.0, 0.0]}, "NSP8": {"data": [0, 0.0, 0.0, 0, 0.0, 0, 0], "deviation": [0.0, 0.0, 0.0, 0.0, 0.0, 0.0, 0.0]}, "Spike": {"data": [3, 3.0, 3.0, 3, 3.5, 2, 2], "deviation": [1.494969371787041, 0.778498944161523, 0.0, 0.30151134457776363, 4.949747468305833, 0.0, 1.6414763002993509]}, "NSP9": {"data": [0, 0.0, 0.0, 0, 0.0, 0, 0], "deviation": [0.0, 0.0, 0.0, 0.0, 0.0, 0.0, 0.0]}, "NSP10": {"data": [0, 0.0, 0.0, 0, 0.0, 0, 0], "deviation": [0.0, 0.0, 0.0, 0.0, 0.0, 0.0, 0.0]}, "NSP11": {"data": [0, 0.0, 0.0, 0, 0.0, 0, 0], "deviation": [0.0, 0.0, 0.0, 0.0, 0.0, 0.0, 0.0]}, "NSP12": {"data": [0, 0.0, 0.0, 0, 0.0, 0, 0], "deviation": [0.0, 0.0, 0.0, 0.0, 0.0, 0.0, 0.0]}, "M": {"data": [0, 0.0, 0.0, 0, 0.0, 0, 0], "deviation": [0.0, 0.0, 0.0, 0.0, 0.0, 0.0, 0.0]}, "NSP13": {"data": [0, 0.0, 0.0, 0, 0.0, 0, 0], "deviation": [0.0, 0.0, 0.0, 0.0, 0.0, 0.0, 0.0]}, "N": {"data": [0, 0.0, 0.0, 0, 0.0, 0, 0], "deviation": [0.0, 0.0, 0.0, 0.0, 0.0, 0.0, 0.0]}, "NSP14": {"data": [0, 0.0, 0.0, 0, 0.0, 0, 0], "deviation": [0.0, 0.0, 0.0, 0.0, 0.0, 0.0, 0.0]}, "NS3": {"data": [0, 0.0, 0.0, 0, 0.0, 0, 0], "deviation": [0.15022315323773594, 0.0, 0.0, 0.0, 0.0, 0.0, 0.0]}, "NSP15": {"data": [0, 0.0, 0.0, 0, 0.0, 0, 0], "deviation": [0.0, 0.0, 0.0, 0.0, 0.0, 0.0, 0.0]}, "NSP16": {"data": [0, 0.0, 0.0, 0, 0.0, 0, 0], "deviation": [0.0, 0.0, 0.0, 0.0, 0.0, 0.0, 0.0]}, "NS9b": {"data": [0, 0.0, 0.0, 0, 0.0, 0, 0], "deviation": [0.0, 0.0, 0.0, 0.0, 0.0, 0.0, 0.0]}, "NS6": {"data": [0, 0.0, 0.0, 0, 0.0, 0, 0], "deviation": [0.0, 0.0, 0.0, 0.0, 0.0, 0.0, 0.0]}, "NS9c": {"data": [0, 0.0, 0.0, 0, 0.0, 0, 0], "deviation": [0.0, 0.0, 0.0, 0.0, 0.0, 0.0, 0.0]}, "NSP1": {"data": [0, 0.0, 0.0, 0, 0.0, 0, 0], "deviation": [0.2727829263165759, 0.0, 0.0, 0.0, 0.0, 0.0, 0.0]}, "NSP2": {"data": [0, 0.0, 0.0, 0, 0.0, 0, 0], "deviation": [0.0, 0.0, 0.0, 0.0, 0.0, 0.0, 0.0]}, "NS8": {"data": [0, 0.0, 0.0, 0, 0.0, 0, 0], "deviation": [0.07511157661886797, 0.0, 0.0, 0.0, 0.0, 0.0, 0.0]}, "NSP3": {"data": [0, 0.0, 0.0, 0, 0.0, 0, 0], "deviation": [1.0515620726641515, 0.0, 14.0, 0.0, 0.0, 0.0, 0.0]}}, "missense": {"NSP4": {"data": [0, 0.0, 0.0, 0, 1.0, 2, 2], "deviation": [0.5477887494324479, 0.0, 0.0, 0.0, 1.4142135623730951, 0.0, 1.2018504251546631]}, "E": {"data": [1, 1.0, 1.0, 1, 0.0, 0, 0], "deviation": [0.5000418332527281, 0.0, 0.0, 0.30151134457776363, 0.0, 0.0, 0.44095855184409843]}, "NS7a": {"data": [0, 0.0, 0.5, 0, 0.0, 2, 2], "deviation": [0.3293753525136712, 0.0, 0.5773502691896257, 0.4045199174779452, 0.0, 0.0, 1.130388330520878]}, "NSP5": {"data": [1, 2.0, 2.0, 2, 0.5, 0, 0], "deviation": [0.9857381474214176, 0.0, 1.0, 0.6030226891555273, 0.7071067811865476, 0.0, 0.5]}, "NS7b": {"data": [0, 0.0, 0.0, 0, 0.0, 1, 1], "deviation": [0.3508993784629866, 0.0, 0.0, 0.0, 0.0, 0.0, 0.44095855184409843]}, "NSP6": {"data": [0, 0.0, 0.0, 0, 0.0, 1, 1], "deviation": [0.32468480506777697, 0.45226701686664544, 0.0, 0.4045199174779452, 0.0, 0.0, 0.5]}, "NSP7": {"data": [0, 0.0, 0.0, 0, 0.0, 0, 0], "deviation": [0.09166711037016742, 0.0, 0.0, 0.0, 0.0, 0.0, 0.3333333333333333]}, "NSP8": {"data": [0, 0.0, 0.0, 0, 0.0, 1, 0], "deviation": [0.2489649311255437, 0.0, 0.0, 0.0, 0.0, 0.6666666666666667, 0.44095855184409843]}, "Spike": {"data": [7, 8.5, 7.5, 8, 4.0, 9, 8], "deviation": [2.810507167589845, 0.6685579234215214, 0.9574271077563381, 0.8090398349558905, 5.656854249492381, 1.509230856356236, 1.130388330520878]}, "NSP9": {"data": [0, 0.0, 0.0, 0, 0.0, 0, 0], "deviation": [0.09166711037016742, 0.0, 0.0, 0.0, 0.0, 0.0, 0.0]}, "NSP10": {"data": [0, 0.0, 0.0, 0, 0.0, 0, 0], "deviation": [0.08373973559758825, 0.3892494720807615, 0.0, 0.0, 0.0, 0.0, 0.0]}, "NSP11": {"data": [0, 0.0, 0.0, 0, 0.0, 0, 0], "deviation": [0.0, 0.0, 0.0, 0.0, 0.0, 0.0, 0.0]}, "NSP12": {"data": [1, 1.0, 1.0, 1, 1.0, 3, 3], "deviation": [1.0114096535145367, 0.28867513459481287, 0.5, 0.40451991747794525, 1.4142135623730951, 0.0, 0.8819171036881968]}, "M": {"data": [0, 0.0, 0.0, 0, 0.0, 1, 1], "deviation": [0.14400766821823657, 0.0, 0.5, 0.0, 0.0, 0.0, 0.5]}, "NSP13": {"data": [0, 0.0, 0.0, 0, 0.0, 1, 1], "deviation": [0.9582850226481745, 0.0, 0.0, 0.4045199174779452, 0.0, 0.0, 0.5]}, "N": {"data": [1, 1.0, 1.0, 1, 2.0, 4, 4], "deviation": [0.6306341834038129, 0.5773502691896257, 0.5, 0.9045340337332909, 2.8284271247461903, 0.44095855184409843, 0.97182531580755]}, "NSP14": {"data": [0, 0.0, 0.0, 0, 0.0, 2, 1], "deviation": [0.22255930278243205, 0.0, 0.0, 0.0, 0.0, 0.6009252125773316, 0.7817359599705717]}, "NS3": {"data": [2, 2.0, 2.0, 2, 0.0, 4, 1], "deviation": [0.720220921326065, 0.0, 1.0, 0.8738628975053029, 0.0, 1.481365736219265, 1.4529663145135578]}, "NSP15": {"data": [0, 0.0, 0.0, 0, 0.0, 0, 0], "deviation": [0.4541876334876443, 0.0, 0.0, 0.0, 0.0, 0.0, 0.0]}, "NSP16": {"data": [0, 0.0, 0.0, 0, 0.0, 0, 0], "deviation": [0.2742614353914616, 0.0, 0.0, 0.0, 0.0, 0.0, 0.0]}, "NS9b": {"data": [0, 0.0, 0.0, 0, 0.0, 0, 0], "deviation": [0.0, 0.0, 0.0, 0.0, 0.0, 0.0, 0.0]}, "NS6": {"data": [0, 0.0, 0.0, 0, 0.0, 0, 0], "deviation": [0.2464880866283496, 0.0, 0.0, 0.0, 0.0, 0.0, 0.0]}, "NS9c": {"data": [0, 0.0, 0.0, 0, 0.0, 0, 0], "deviation": [0.0, 0.0, 0.0, 0.0, 0.0, 0.0, 0.0]}, "NSP1": {"data": [0, 0.0, 0.0, 0, 0.5, 0, 0], "deviation": [0.32608683526083904, 0.0, 0.0, 0.0, 0.7071067811865476, 0.0, 0.3333333333333333]}, "NSP2": {"data": [1, 1.0, 1.5, 1, 0.0, 0, 0], "deviation": [0.5939399767980119, 0.45226701686664544, 0.9574271077563381, 0.30151134457776363, 0.0, 0.0, 0.44095855184409843]}, "NS8": {"data": [0, 0.0, 0.0, 1, 0.5, 0, 0], "deviation": [0.3933924705482722, 0.45226701686664544, 0.0, 1.1677484162422844, 0.7071067811865476, 0.0, 0.44095855184409843]}, "NSP3": {"data": [2, 3.0, 2.5, 2, 1.5, 3, 3], "deviation": [1.1681174676540316, 0.6513389472789296, 0.9574271077563381, 0.674199862463242, 2.1213203435596424, 0.0, 1.0540925533894598]}}, "labels": ["01/2021", "02/2021", "03/2021", "04/2021", "05/2021", "07/2021", "08/2021"]}