{"indel": {"NSP4": {"data": [0, 0.0, 0.0, 0.0, 0, 0, 0, 0, 0.0], "deviation": [0.0, 0.0, 0.0, 0.0, 0.0, 0.0, 0.0, 0.0, 0.0]}, "E": {"data": [0, 0.0, 0.0, 0.0, 0, 0, 0, 0, 0.0], "deviation": [0.0, 0.0, 0.0, 0.0, 0.0, 0.0, 0.0, 0.0, 0.0]}, "NS7a": {"data": [0, 0.0, 0.0, 0.0, 0, 0, 0, 0, 0.0], "deviation": [0.0, 0.0, 0.0, 0.0, 0.0, 0.0, 0.0, 0.0, 0.0]}, "NSP5": {"data": [0, 0.0, 0.0, 0.0, 0, 0, 0, 0, 0.0], "deviation": [0.0, 0.0, 0.0, 0.0, 0.0, 0.0, 0.0, 0.0, 0.0]}, "NS7b": {"data": [0, 0.0, 0.0, 0.0, 0, 0, 0, 0, 0.0], "deviation": [0.0, 0.0, 0.0, 0.0, 0.0, 0.0, 0.0, 0.0, 0.0]}, "NSP6": {"data": [0, 0.0, 0.0, 1.5, 3, 3, 3, 0, 0.0], "deviation": [0.0, 0.0, 1.0606601717798212, 2.1213203435596424, 0.0, 0.0, 1.5666989036012806, 1.126601424298216, 1.1677484162422844]}, "NSP7": {"data": [0, 0.0, 0.0, 0.0, 0, 0, 0, 0, 0.0], "deviation": [0.0, 0.0, 0.0, 0.0, 0.0, 0.0, 0.0, 0.0, 0.0]}, "NSP8": {"data": [0, 0.0, 0.0, 0.0, 0, 0, 0, 0, 0.0], "deviation": [0.0, 0.0, 0.0, 0.0, 0.0, 0.0, 0.0, 0.0, 0.0]}, "Spike": {"data": [0, 0.0, 0.0, 1.5, 3, 3, 3, 0, 2.0], "deviation": [0.0, 0.0, 1.0606601717798212, 2.1213203435596424, 0.0, 0.0, 1.5666989036012806, 1.2351684199496948, 0.38924947208076144]}, "NSP9": {"data": [0, 0.0, 0.0, 0.0, 0, 0, 0, 0, 0.0], "deviation": [0.0, 0.0, 0.0, 0.0, 0.0, 0.0, 0.0, 0.0, 0.0]}, "NSP10": {"data": [0, 0.0, 0.0, 0.0, 0, 0, 0, 0, 0.0], "deviation": [0.0, 0.0, 0.0, 0.0, 0.0, 0.0, 0.0, 0.0, 0.0]}, "NSP11": {"data": [0, 0.0, 0.0, 0.0, 0, 0, 0, 0, 0.0], "deviation": [0.0, 0.0, 0.0, 0.0, 0.0, 0.0, 0.0, 0.0, 0.0]}, "NSP12": {"data": [0, 0.0, 0.0, 0.0, 0, 0, 0, 0, 0.0], "deviation": [0.0, 0.0, 0.0, 0.0, 0.0, 0.0, 0.0, 0.0, 0.0]}, "M": {"data": [0, 0.0, 0.0, 0.0, 0, 0, 0, 0, 0.0], "deviation": [0.0, 0.0, 0.0, 0.0, 0.0, 0.0, 0.0, 0.0, 0.0]}, "NSP13": {"data": [0, 0.0, 0.0, 0.0, 0, 0, 0, 0, 0.0], "deviation": [0.0, 0.0, 0.0, 0.0, 0.0, 0.0, 0.0, 0.0, 0.0]}, "N": {"data": [0, 0.0, 0.0, 0.0, 0, 0, 0, 0, 0.0], "deviation": [0.0, 0.0, 0.0, 0.0, 0.0, 0.0, 0.0, 0.0, 0.0]}, "NSP14": {"data": [0, 0.0, 0.0, 0.0, 0, 0, 0, 0, 0.0], "deviation": [0.0, 0.0, 0.0, 0.0, 0.0, 0.0, 0.0, 0.0, 0.0]}, "NS3": {"data": [0, 0.0, 0.0, 0.0, 0, 0, 0, 0, 0.0], "deviation": [0.0, 0.0, 0.0, 0.0, 0.0, 0.0, 0.0, 0.0, 0.0]}, "NSP15": {"data": [0, 0.0, 0.0, 0.0, 0, 0, 0, 0, 0.0], "deviation": [0.0, 0.0, 0.0, 0.0, 0.0, 0.0, 0.0, 0.0, 0.0]}, "NSP16": {"data": [0, 0.0, 0.0, 0.0, 0, 0, 0, 0, 0.0], "deviation": [0.0, 0.0, 0.0, 0.0, 0.0, 0.0, 0.0, 0.0, 0.0]}, "NS9b": {"data": [0, 0.0, 0.0, 0.0, 0, 0, 0, 0, 0.0], "deviation": [0.0, 0.0, 0.0, 0.0, 0.0, 0.0, 0.0, 0.0, 0.0]}, "NS6": {"data": [0, 0.0, 0.0, 0.0, 0, 0, 0, 0, 0.0], "deviation": [0.0, 0.0, 0.0, 0.0, 0.0, 0.0, 0.0, 0.0, 0.0]}, "NS9c": {"data": [0, 0.0, 0.0, 0.0, 0, 0, 0, 0, 0.0], "deviation": [0.0, 0.0, 0.0, 0.0, 0.0, 0.0, 0.0, 0.0, 0.0]}, "NSP1": {"data": [0, 0.0, 0.0, 0.0, 0, 0, 0, 0, 0.0], "deviation": [0.0, 0.0, 0.0, 0.0, 0.0, 0.0, 0.0, 0.0, 0.0]}, "NSP2": {"data": [0, 0.0, 0.0, 0.0, 0, 0, 0, 0, 0.0], "deviation": [0.0, 0.0, 0.0, 0.0, 0.0, 0.0, 0.0, 0.0, 0.0]}, "NS8": {"data": [0, 0.0, 0.0, 0.0, 0, 0, 0, 0, 0.0], "deviation": [0.0, 28.0, 19.79898987322333, 0.0, 0.0, 0.0, 0.0, 0.0, 0.0]}, "NSP3": {"data": [0, 0.0, 0.0, 0.0, 0, 0, 0, 0, 0.0], "deviation": [0.0, 0.0, 0.0, 0.0, 0.0, 0.0, 0.0, 0.0, 0.0]}}, "missense": {"NSP4": {"data": [0, 0.0, 0.0, 0.0, 0, 0, 0, 0, 2.0], "deviation": [0.0, 0.0, 0.7440238091428449, 0.0, 0.0, 0.0, 0.0, 0.5991446895152781, 0.778498944161523]}, "E": {"data": [0, 0.0, 0.0, 0.0, 0, 0, 0, 0, 0.0], "deviation": [0.0, 0.0, 0.0, 0.0, 0.0, 0.0, 0.30151134457776363, 0.0, 0.0]}, "NS7a": {"data": [0, 0.0, 0.0, 0.0, 0, 1, 0, 0, 3.0], "deviation": [0.0, 0.5, 0.0, 0.0, 0.0, 0.5477225575051661, 0.4045199174779452, 0.8548504142651104, 1.2401124093721456]}, "NSP5": {"data": [0, 0.0, 0.0, 0.0, 0, 0, 0, 0, 0.0], "deviation": [0.0, 0.0, 0.4629100498862757, 0.0, 0.0, 0.0, 0.30151134457776363, 0.3755338080994054, 0.0]}, "NS7b": {"data": [0, 0.0, 0.0, 0.0, 0, 0, 0, 0, 1.0], "deviation": [0.0, 0.0, 0.4629100498862757, 0.0, 0.0, 0.0, 0.30151134457776363, 0.2773500981126146, 0.3892494720807615]}, "NSP6": {"data": [0, 0.0, 0.0, 0.0, 0, 0, 0, 0, 1.0], "deviation": [0.447213595499958, 0.0, 0.3535533905932738, 0.0, 0.0, 0.0, 0.30151134457776363, 0.48038446141526137, 0.3892494720807615]}, "NSP7": {"data": [0, 0.0, 0.0, 0.0, 0, 0, 0, 0, 0.0], "deviation": [0.0, 0.0, 0.0, 0.0, 0.0, 0.0, 0.0, 0.0, 0.28867513459481287]}, "NSP8": {"data": [0, 0.0, 0.0, 0.0, 0, 0, 0, 0, 0.0], "deviation": [0.0, 0.5, 0.3535533905932738, 0.0, 0.0, 0.0, 0.30151134457776363, 0.0, 0.0]}, "Spike": {"data": [1, 1.5, 1.0, 3.5, 7, 7, 7, 7, 8.0], "deviation": [0.7071067811865476, 0.9574271077563381, 2.100170061141308, 4.949747468305833, 0.7867957924694432, 0.5477225575051661, 0.6030226891555273, 0.6887372317211945, 0.5773502691896257]}, "NSP9": {"data": [0, 0.0, 0.0, 0.0, 0, 0, 0, 0, 0.0], "deviation": [0.0, 0.0, 0.0, 0.0, 0.0, 0.0, 0.0, 0.2773500981126146, 0.28867513459481287]}, "NSP10": {"data": [0, 0.0, 0.0, 0.0, 0, 0, 0, 0, 0.0], "deviation": [0.0, 0.0, 0.0, 0.0, 0.0, 0.0, 0.0, 0.2773500981126146, 0.0]}, "NSP11": {"data": [0, 0.0, 0.0, 0.0, 0, 0, 0, 0, 0.0], "deviation": [0.0, 0.0, 0.0, 0.0, 0.0, 0.0, 0.0, 0.0, 0.0]}, "NSP12": {"data": [1, 0.5, 1.0, 0.5, 1, 1, 1, 1, 2.0], "deviation": [0.0, 0.5773502691896257, 0.7559289460184544, 0.7071067811865476, 0.3779644730092272, 0.0, 0.30151134457776363, 0.48038446141526137, 0.6030226891555273]}, "M": {"data": [0, 0.0, 0.0, 0.0, 0, 0, 0, 0, 1.0], "deviation": [0.0, 0.0, 0.0, 0.0, 0.0, 0.0, 0.30151134457776363, 0.3755338080994054, 0.3892494720807615]}, "NSP13": {"data": [0, 0.0, 0.0, 0.5, 0, 0, 0, 0, 1.0], "deviation": [0.447213595499958, 0.0, 0.3535533905932738, 0.7071067811865476, 0.37796447300922725, 0.447213595499958, 0.4045199174779452, 0.6504436355879909, 0.5149286505444373]}, "N": {"data": [0, 2.0, 2.0, 2.0, 4, 4, 4, 4, 4.0], "deviation": [1.3038404810405297, 1.0, 0.7071067811865476, 2.8284271247461903, 0.0, 0.4472135954999579, 0.6030226891555273, 0.3755338080994054, 0.3892494720807615]}, "NSP14": {"data": [0, 0.0, 0.0, 0.0, 0, 0, 0, 0, 1.0], "deviation": [0.0, 0.0, 0.4629100498862757, 0.0, 0.37796447300922725, 0.0, 0.30151134457776363, 0.3755338080994054, 0.3892494720807615]}, "NS3": {"data": [0, 1.0, 0.0, 0.0, 0, 0, 0, 0, 1.0], "deviation": [0.447213595499958, 0.5, 0.4629100498862757, 0.0, 0.0, 0.0, 0.504524979109513, 0.4385290096535146, 0.4264014327112209]}, "NSP15": {"data": [0, 0.0, 0.0, 0.0, 0, 0, 0, 0, 0.0], "deviation": [0.447213595499958, 0.0, 0.3535533905932738, 0.0, 0.37796447300922725, 0.0, 0.30151134457776363, 0.3755338080994054, 0.28867513459481287]}, "NSP16": {"data": [0, 0.0, 0.0, 0.0, 0, 0, 0, 0, 0.0], "deviation": [0.0, 0.0, 0.3535533905932738, 0.0, 0.0, 0.0, 0.674199862463242, 0.0, 0.28867513459481287]}, "NS9b": {"data": [0, 0.0, 0.0, 0.0, 0, 0, 0, 0, 0.0], "deviation": [0.0, 0.0, 0.0, 0.0, 0.0, 0.0, 0.0, 0.0, 0.0]}, "NS6": {"data": [0, 0.0, 0.0, 0.0, 0, 0, 0, 0, 0.0], "deviation": [0.0, 0.0, 0.0, 0.0, 0.0, 0.0, 0.0, 0.0, 0.0]}, "NS9c": {"data": [0, 0.0, 0.0, 0.0, 0, 0, 0, 0, 0.0], "deviation": [0.0, 0.0, 0.0, 0.0, 0.0, 0.0, 0.0, 0.0, 0.0]}, "NSP1": {"data": [0, 0.0, 0.0, 0.0, 0, 0, 0, 0, 0.0], "deviation": [0.0, 0.0, 0.0, 0.0, 0.0, 0.0, 0.0, 0.0, 0.28867513459481287]}, "NSP2": {"data": [0, 1.0, 0.5, 0.0, 0, 0, 0, 0, 1.0], "deviation": [0.0, 0.5, 0.5345224838248488, 0.0, 0.0, 0.0, 0.6466697906828632, 0.48038446141526137, 0.5773502691896257]}, "NS8": {"data": [0, 0.0, 0.0, 1.5, 3, 3, 3, 3, 0.0], "deviation": [0.0, 0.5, 1.0606601717798212, 2.1213203435596424, 0.3779644730092272, 0.0, 1.044465935734187, 1.192927878405448, 1.1677484162422844]}, "NSP3": {"data": [0, 1.5, 1.5, 2.0, 3, 3, 3, 3, 3.0], "deviation": [0.0, 1.8929694486000912, 1.407885953173359, 2.8284271247461903, 1.1338934190276817, 0.5477225575051661, 1.0357254813546264, 0.5547001962252291, 0.6513389472789296]}}, "labels": ["03/2020", "06/2020", "09/2020", "01/2021", "02/2021", "03/2021", "04/2021", "05/2021", "06/2021"]}