{"indel": {"NSP4": {"data": [0.0, 0.0, 0, 0.0, 0.0, 0, 0, 0, 0.0, 0.0, 0.0], "deviation": [0.0, 0.0, 0.0, 0.0, 0.0, 0.0, 0.0, 0.0, 0.0, 0.0, 0.0]}, "E": {"data": [0.0, 0.0, 0, 0.0, 0.0, 0, 0, 0, 0.0, 0.0, 0.0], "deviation": [0.0, 0.0, 0.0, 0.0, 0.0, 0.0, 0.0, 0.0, 0.0, 0.0, 0.0]}, "NS7a": {"data": [0.0, 0.0, 0, 0.0, 0.0, 0, 0, 0, 0.0, 0.0, 0.0], "deviation": [0.0, 0.0, 0.0, 0.0, 0.0, 0.0, 0.0, 0.0, 0.0, 0.0, 0.0]}, "NSP5": {"data": [0.0, 0.0, 0, 0.0, 0.0, 0, 0, 0, 0.0, 0.0, 0.0], "deviation": [0.0, 0.0, 0.0, 0.0, 0.0, 0.0, 0.0, 0.0, 0.0, 0.0, 0.0]}, "NS7b": {"data": [0.0, 0.0, 0, 0.0, 0.0, 0, 0, 0, 0.0, 0.0, 0.0], "deviation": [0.0, 0.0, 0.0, 0.0, 0.0, 0.0, 0.0, 0.0, 0.0, 0.0, 0.0]}, "NSP6": {"data": [1.5, 1.0, 0, 1.5, 0.0, 0, 0, 0, 0.0, 0.0, 0.0], "deviation": [2.1213203435596424, 1.4142135623730951, 1.6431676725154984, 2.1213203435596424, 0.0, 0.0, 0.0, 0.0, 0.0, 0.0, 0.0]}, "NSP7": {"data": [0.0, 0.0, 0, 0.0, 0.0, 0, 0, 0, 0.0, 0.0, 0.0], "deviation": [0.0, 0.0, 0.0, 0.0, 0.0, 0.0, 0.0, 0.0, 0.0, 0.0, 0.0]}, "NSP8": {"data": [0.0, 0.0, 0, 0.0, 0.0, 0, 0, 0, 0.0, 0.0, 0.0], "deviation": [0.0, 0.0, 0.0, 0.0, 0.0, 0.0, 0.0, 0.0, 0.0, 0.0, 0.0]}, "Spike": {"data": [1.5, 0.0, 2, 2.5, 1.0, 2, 2, 2, 1.0, 1.0, 2.0], "deviation": [2.1213203435596424, 0.0, 1.5165750888103102, 0.7071067811865476, 1.4142135623730951, 0.0, 0.0, 0.0, 1.4142135623730951, 1.4142135623730951, 0.0]}, "NSP9": {"data": [0.0, 0.0, 0, 0.0, 0.0, 0, 0, 0, 0.0, 0.0, 0.0], "deviation": [0.0, 0.0, 0.0, 0.0, 0.0, 0.0, 0.0, 0.0, 0.0, 0.0, 0.0]}, "NSP10": {"data": [0.0, 0.0, 0, 0.0, 0.0, 0, 0, 0, 0.0, 0.0, 0.0], "deviation": [0.0, 0.0, 0.0, 0.0, 0.0, 0.0, 0.0, 0.0, 0.0, 0.0, 0.0]}, "NSP11": {"data": [0.0, 0.0, 0, 0.0, 0.0, 0, 0, 0, 0.0, 0.0, 0.0], "deviation": [0.0, 0.0, 0.0, 0.0, 0.0, 0.0, 0.0, 0.0, 0.0, 0.0, 0.0]}, "NSP12": {"data": [0.0, 0.0, 0, 0.0, 0.0, 0, 0, 0, 0.0, 0.0, 0.0], "deviation": [0.0, 0.0, 0.0, 0.0, 0.0, 0.0, 0.0, 0.0, 0.0, 0.0, 0.0]}, "M": {"data": [0.0, 0.0, 0, 0.0, 0.0, 0, 0, 0, 0.0, 0.0, 0.0], "deviation": [0.0, 0.0, 0.0, 0.0, 0.0, 0.0, 0.0, 0.0, 0.0, 0.0, 0.0]}, "NSP13": {"data": [0.0, 0.0, 0, 0.0, 0.0, 0, 0, 0, 0.0, 0.0, 0.0], "deviation": [0.0, 0.0, 0.0, 0.0, 0.0, 0.0, 0.0, 0.0, 0.0, 0.0, 0.0]}, "N": {"data": [0.0, 0.0, 0, 0.0, 0.0, 0, 0, 0, 0.0, 0.0, 0.0], "deviation": [0.0, 0.0, 0.0, 0.0, 0.0, 0.0, 0.0, 0.0, 0.0, 0.0, 0.0]}, "NSP14": {"data": [0.0, 0.0, 0, 0.0, 0.0, 0, 0, 0, 0.0, 0.0, 0.0], "deviation": [0.0, 0.0, 0.0, 0.0, 0.0, 0.0, 0.0, 0.0, 0.0, 0.0, 0.0]}, "NS3": {"data": [0.0, 0.0, 0, 0.0, 0.0, 0, 0, 0, 0.0, 0.0, 0.0], "deviation": [0.0, 0.0, 0.0, 0.0, 0.0, 0.0, 0.0, 0.0, 0.0, 0.0, 0.0]}, "NSP15": {"data": [0.0, 0.0, 0, 0.0, 0.0, 0, 0, 0, 0.0, 0.0, 0.0], "deviation": [0.0, 0.0, 0.0, 0.0, 0.0, 0.0, 0.0, 0.0, 0.0, 0.0, 0.0]}, "NSP16": {"data": [0.0, 0.0, 0, 0.0, 0.0, 0, 0, 0, 0.0, 0.0, 0.0], "deviation": [0.0, 0.0, 0.0, 0.0, 0.0, 0.0, 0.0, 0.0, 0.0, 0.0, 0.0]}, "NS9b": {"data": [0.0, 0.0, 0, 0.0, 0.0, 0, 0, 0, 0.0, 0.0, 0.0], "deviation": [0.0, 0.0, 0.0, 0.0, 0.0, 0.0, 0.0, 0.0, 0.0, 0.0, 0.0]}, "NS6": {"data": [0.0, 0.0, 0, 0.0, 0.0, 0, 0, 0, 0.0, 0.0, 0.0], "deviation": [0.0, 0.0, 0.0, 0.0, 0.0, 0.0, 0.0, 0.0, 0.0, 0.0, 0.0]}, "NS9c": {"data": [0.0, 0.0, 0, 0.0, 0.0, 0, 0, 0, 0.0, 0.0, 0.0], "deviation": [0.0, 0.0, 0.0, 0.0, 0.0, 0.0, 0.0, 0.0, 0.0, 0.0, 0.0]}, "NSP1": {"data": [0.0, 0.0, 0, 0.0, 0.0, 0, 0, 0, 0.0, 0.0, 0.0], "deviation": [0.0, 0.0, 0.0, 0.0, 0.0, 0.0, 0.0, 0.0, 0.0, 0.0, 0.0]}, "NSP2": {"data": [0.0, 0.0, 0, 0.0, 0.0, 0, 0, 0, 0.0, 0.0, 0.0], "deviation": [0.0, 0.0, 0.0, 0.0, 0.0, 0.0, 0.0, 0.0, 0.0, 0.0, 0.0]}, "NS8": {"data": [0.0, 0.0, 0, 0.0, 0.0, 0, 0, 0, 0.0, 0.0, 0.0], "deviation": [0.0, 0.0, 0.0, 0.0, 0.0, 0.0, 0.0, 0.0, 0.0, 0.0, 0.0]}, "NSP3": {"data": [0.0, 0.0, 0, 0.0, 0.0, 0, 0, 0, 0.0, 0.0, 0.0], "deviation": [0.0, 0.0, 0.0, 0.0, 0.0, 0.0, 0.0, 0.0, 0.0, 0.0, 0.0]}}, "missense": {"NSP4": {"data": [0.0, 0.5, 1, 1.0, 1.0, 2, 2, 2, 1.0, 1.0, 2.0], "deviation": [0.0, 0.7071067811865476, 0.8366600265340756, 1.4142135623730951, 1.4142135623730951, 0.0, 0.0, 0.0, 1.4142135623730951, 1.4142135623730951, 0.3892494720807615]}, "E": {"data": [0.0, 0.0, 0, 0.0, 0.0, 0, 0, 0, 0.0, 0.0, 0.0], "deviation": [0.0, 0.0, 0.447213595499958, 0.0, 0.0, 0.0, 0.0, 0.0, 0.0, 0.0, 0.0]}, "NS7a": {"data": [0.0, 0.0, 0, 1.5, 1.5, 3, 3, 3, 1.0, 1.5, 2.0], "deviation": [0.0, 0.0, 1.3416407864998738, 2.1213203435596424, 2.1213203435596424, 0.0, 0.33333333333333337, 0.30151134457776363, 1.4142135623730951, 2.1213203435596424, 0.28867513459481287]}, "NSP5": {"data": [0.0, 0.0, 0, 0.0, 0.0, 0, 0, 0, 0.0, 0.0, 0.0], "deviation": [0.0, 0.0, 0.894427190999916, 0.0, 0.0, 0.0, 0.0, 0.0, 0.0, 0.0, 0.0]}, "NS7b": {"data": [0.0, 0.0, 0, 0.5, 0.5, 1, 1, 1, 0.5, 0.5, 1.0], "deviation": [0.0, 0.0, 0.447213595499958, 0.7071067811865476, 0.7071067811865476, 0.0, 0.0, 0.0, 0.7071067811865476, 0.7071067811865476, 0.28867513459481287]}, "NSP6": {"data": [0.0, 0.5, 0, 0.5, 0.5, 1, 1, 1, 0.5, 1.0, 1.0], "deviation": [0.0, 0.7071067811865476, 0.447213595499958, 0.7071067811865476, 0.7071067811865476, 0.0, 0.0, 0.0, 0.7071067811865476, 1.4142135623730951, 0.621581560508061]}, "NSP7": {"data": [0.0, 0.0, 0, 0.0, 0.0, 0, 0, 0, 0.0, 0.0, 0.0], "deviation": [0.0, 0.0, 0.0, 0.0, 0.0, 0.0, 0.0, 0.0, 0.0, 0.0, 0.28867513459481287]}, "NSP8": {"data": [0.0, 0.0, 0, 0.0, 0.0, 0, 0, 0, 0.0, 0.5, 0.0], "deviation": [0.0, 0.0, 0.0, 0.0, 0.0, 0.0, 0.0, 0.0, 0.0, 0.7071067811865476, 0.3892494720807615]}, "Spike": {"data": [3.5, 1.5, 7, 8.5, 4.0, 9, 8, 9, 3.5, 3.5, 7.0], "deviation": [4.949747468305833, 2.1213203435596424, 3.361547262794322, 2.1213203435596424, 5.656854249492381, 0.8201995322647244, 1.2360330811826103, 0.5222329678670935, 4.949747468305833, 4.949747468305833, 0.6685579234215214]}, "NSP9": {"data": [0.0, 0.0, 0, 0.0, 0.0, 0, 0, 0, 0.0, 0.0, 0.0], "deviation": [0.0, 0.0, 0.0, 0.0, 0.0, 0.0, 0.0, 0.0, 0.0, 0.0, 0.0]}, "NSP10": {"data": [0.5, 0.0, 0, 0.0, 0.0, 0, 0, 0, 0.0, 0.0, 0.0], "deviation": [0.7071067811865476, 0.0, 0.0, 0.0, 0.0, 0.0, 0.0, 0.0, 0.0, 0.0, 0.0]}, "NSP11": {"data": [0.0, 0.0, 0, 0.0, 0.0, 0, 0, 0, 0.0, 0.0, 0.0], "deviation": [0.0, 0.0, 0.0, 0.0, 0.0, 0.0, 0.0, 0.0, 0.0, 0.0, 0.0]}, "NSP12": {"data": [0.5, 1.0, 2, 1.5, 1.0, 2, 2, 2, 1.0, 1.5, 2.0], "deviation": [0.7071067811865476, 1.4142135623730951, 1.0, 0.7071067811865476, 1.4142135623730951, 0.0, 0.0, 0.30151134457776363, 1.4142135623730951, 2.1213203435596424, 0.5149286505444373]}, "M": {"data": [0.0, 0.0, 0, 0.5, 0.5, 1, 1, 1, 0.5, 0.5, 1.0], "deviation": [0.0, 0.0, 0.5477225575051661, 0.7071067811865476, 0.7071067811865476, 0.0, 0.0, 0.0, 0.7071067811865476, 0.7071067811865476, 0.0]}, "NSP13": {"data": [0.0, 0.0, 1, 0.5, 0.5, 1, 1, 1, 1.0, 0.5, 1.0], "deviation": [0.0, 0.0, 1.0, 0.7071067811865476, 0.7071067811865476, 0.0, 0.0, 0.0, 1.4142135623730951, 0.7071067811865476, 0.3892494720807615]}, "N": {"data": [2.0, 2.0, 3, 4.0, 2.0, 4, 4, 4, 2.5, 2.0, 5.0], "deviation": [2.8284271247461903, 2.8284271247461903, 1.224744871391589, 0.0, 2.8284271247461903, 0.30151134457776363, 0.33333333333333337, 0.30151134457776363, 3.5355339059327378, 2.8284271247461903, 0.778498944161523]}, "NSP14": {"data": [0.0, 0.0, 0, 1.0, 1.0, 2, 2, 2, 0.5, 0.5, 1.0], "deviation": [0.0, 0.0, 0.447213595499958, 1.4142135623730951, 1.4142135623730951, 0.30151134457776363, 0.5, 0.30151134457776363, 0.7071067811865476, 0.7071067811865476, 0.4264014327112209]}, "NS3": {"data": [0.5, 0.5, 1, 0.5, 0.5, 1, 1, 1, 0.5, 0.5, 1.0], "deviation": [0.7071067811865476, 0.7071067811865476, 0.7071067811865476, 0.7071067811865476, 0.7071067811865476, 0.0, 0.0, 0.0, 0.7071067811865476, 0.7071067811865476, 0.3892494720807615]}, "NSP15": {"data": [0.0, 0.0, 0, 0.0, 0.0, 0, 0, 0, 0.0, 0.0, 0.0], "deviation": [0.0, 0.0, 0.0, 0.0, 0.0, 0.0, 0.0, 0.0, 0.0, 0.0, 0.0]}, "NSP16": {"data": [0.0, 0.0, 0, 1.0, 0.0, 2, 0, 2, 0.0, 0.0, 0.0], "deviation": [0.0, 0.0, 0.0, 1.4142135623730951, 0.0, 0.9341987329938275, 0.9718253158075502, 0.6030226891555273, 0.0, 0.0, 0.0]},