{"indel": {"NSP4": {"data": [0.0, 0.0, 0.0, 0.0, 0.0, 0], "deviation": [0.0, 0.0, 0.0, 0.0, 0.0, 0.0]}, "E": {"data": [0.0, 0.0, 0.0, 0.0, 0.0, 0], "deviation": [0.0, 0.0, 0.0, 0.0, 0.0, 0.0]}, "NS7a": {"data": [0.0, 0.0, 0.0, 0.0, 0.0, 0], "deviation": [0.0, 0.0, 0.0, 0.0, 0.0, 0.0]}, "NSP5": {"data": [0.0, 0.0, 0.0, 0.0, 0.0, 0], "deviation": [0.0, 0.0, 0.0, 0.0, 0.0, 0.0]}, "NS7b": {"data": [0.0, 0.0, 0.0, 0.0, 0.0, 0], "deviation": [0.0, 0.0, 0.0, 0.0, 0.0, 0.0]}, "NSP6": {"data": [1.5, 1.0, 1.5, 0.0, 0.0, 0], "deviation": [2.1213203435596424, 1.505545305418162, 2.1213203435596424, 0.0, 0.0, 0.0]}, "NSP7": {"data": [0.0, 0.0, 0.0, 0.0, 0.0, 0], "deviation": [0.0, 0.0, 0.0, 0.0, 0.0, 0.0]}, "NSP8": {"data": [0.0, 0.0, 0.0, 0.0, 0.0, 0], "deviation": [0.0, 0.0, 0.0, 0.0, 0.0, 0.0]}, "Spike": {"data": [1.5, 1.0, 2.5, 1.0, 2.0, 2], "deviation": [2.1213203435596424, 1.505545305418162, 0.7071067811865476, 1.4142135623730951, 0.0, 0.0]}, "NSP9": {"data": [0.0, 0.0, 0.0, 0.0, 0.0, 0], "deviation": [0.0, 0.0, 0.0, 0.0, 0.0, 0.0]}, "NSP10": {"data": [0.0, 0.0, 0.0, 0.0, 0.0, 0], "deviation": [0.0, 0.0, 0.0, 0.0, 0.0, 0.0]}, "NSP11": {"data": [0.0, 0.0, 0.0, 0.0, 0.0, 0], "deviation": [0.0, 0.0, 0.0, 0.0, 0.0, 0.0]}, "NSP12": {"data": [0.0, 0.0, 0.0, 0.0, 0.0, 0], "deviation": [0.0, 0.0, 0.0, 0.0, 0.0, 0.0]}, "M": {"data": [0.0, 0.0, 0.0, 0.0, 0.0, 0], "deviation": [0.0, 0.0, 0.0, 0.0, 0.0, 0.0]}, "NSP13": {"data": [0.0, 0.0, 0.0, 0.0, 0.0, 0], "deviation": [0.0, 0.0, 0.0, 0.0, 0.0, 0.0]}, "N": {"data": [0.0, 0.0, 0.0, 0.0, 0.0, 0], "deviation": [0.0, 0.0, 0.0, 0.0, 0.0, 0.0]}, "NSP14": {"data": [0.0, 0.0, 0.0, 0.0, 0.0, 0], "deviation": [0.0, 0.0, 0.0, 0.0, 0.0, 0.0]}, "NS3": {"data": [0.0, 0.0, 0.0, 0.0, 0.0, 0], "deviation": [0.0, 0.0, 0.0, 0.0, 0.0, 0.0]}, "NSP15": {"data": [0.0, 0.0, 0.0, 0.0, 0.0, 0], "deviation": [0.0, 0.0, 0.0, 0.0, 0.0, 0.0]}, "NSP16": {"data": [0.0, 0.0, 0.0, 0.0, 0.0, 0], "deviation": [0.0, 0.0, 0.0, 0.0, 0.0, 0.0]}, "NS9b": {"data": [0.0, 0.0, 0.0, 0.0, 0.0, 0], "deviation": [0.0, 0.0, 0.0, 0.0, 0.0, 0.0]}, "NS6": {"data": [0.0, 0.0, 0.0, 0.0, 0.0, 0], "deviation": [0.0, 0.0, 0.0, 0.0, 0.0, 0.0]}, "NS9c": {"data": [0.0, 0.0, 0.0, 0.0, 0.0, 0], "deviation": [0.0, 0.0, 0.0, 0.0, 0.0, 0.0]}, "NSP1": {"data": [0.0, 0.0, 0.0, 0.0, 0.0, 0], "deviation": [0.0, 0.0, 0.0, 0.0, 0.0, 0.0]}, "NSP2": {"data": [0.0, 0.0, 0.0, 0.0, 0.0, 0], "deviation": [0.0, 0.0, 0.0, 0.0, 0.0, 0.0]}, "NS8": {"data": [0.0, 0.0, 0.0, 0.0, 0.0, 0], "deviation": [0.0, 0.0, 0.0, 0.0, 0.0, 0.0]}, "NSP3": {"data": [0.0, 0.0, 0.0, 0.0, 0.0, 0], "deviation": [0.0, 0.0, 0.0, 0.0, 0.0, 0.0]}}, "missense": {"NSP4": {"data": [0.0, 1.0, 1.0, 1.0, 2.0, 2], "deviation": [0.0, 0.752772652709081, 1.4142135623730951, 1.4142135623730951, 0.0, 0.3755338080994054]}, "E": {"data": [0.0, 0.0, 0.0, 0.0, 0.0, 0], "deviation": [0.0, 0.408248290463863, 0.0, 0.0, 0.0, 0.0]}, "NS7a": {"data": [0.0, 0.0, 1.5, 1.5, 3.0, 2], "deviation": [0.0, 1.224744871391589, 2.1213203435596424, 2.1213203435596424, 0.29614458108029906, 0.3755338080994054]}, "NSP5": {"data": [0.0, 0.0, 0.0, 0.0, 0.0, 0], "deviation": [0.0, 0.816496580927726, 0.0, 0.0, 0.0, 0.0]}, "NS7b": {"data": [0.0, 0.0, 0.5, 0.5, 1.0, 1], "deviation": [0.0, 0.408248290463863, 0.7071067811865476, 0.7071067811865476, 0.0, 0.2773500981126146]}, "NSP6": {"data": [0.0, 0.0, 0.5, 0.5, 1.0, 1], "deviation": [0.0, 0.5163977794943223, 0.7071067811865476, 0.7071067811865476, 0.0, 0.6304251719561152]}, "NSP7": {"data": [0.0, 0.0, 0.0, 0.0, 0.0, 0], "deviation": [0.0, 0.0, 0.0, 0.0, 0.0, 0.2773500981126146]}, "NSP8": {"data": [0.0, 0.0, 0.0, 0.0, 0.0, 0], "deviation": [0.0, 0.0, 0.0, 0.0, 0.0, 0.4385290096535146]}, "Spike": {"data": [3.5, 5.0, 8.5, 4.0, 9.0, 7], "deviation": [4.949747468305833, 3.188521078284832, 2.1213203435596424, 5.656854249492381, 0.9979818344716921, 0.6504436355879909]}, "NSP9": {"data": [0.0, 0.0, 0.0, 0.0, 0.0, 0], "deviation": [0.0, 0.0, 0.0, 0.0, 0.0, 0.0]}, "NSP10": {"data": [0.5, 0.0, 0.0, 0.0, 0.0, 0], "deviation": [0.7071067811865476, 0.0, 0.0, 0.0, 0.0, 0.0]}, "NSP11": {"data": [0.0, 0.0, 0.0, 0.0, 0.0, 0], "deviation": [0.0, 0.0, 0.0, 0.0, 0.0, 0.0]}, "NSP12": {"data": [0.5, 2.0, 1.5, 1.0, 2.0, 2], "deviation": [0.7071067811865476, 0.8944271909999159, 0.7071067811865476, 1.4142135623730951, 0.1767766952966369, 0.5188745216627708]}, "M": {"data": [0.0, 0.0, 0.5, 0.5, 1.0, 1], "deviation": [0.0, 0.5163977794943223, 0.7071067811865476, 0.7071067811865476, 0.0, 0.0]}, "NSP13": {"data": [0.0, 0.5, 0.5, 0.5, 1.0, 1], "deviation": [0.0, 0.983192080250175, 0.7071067811865476, 0.7071067811865476, 0.1767766952966369, 0.3755338080994054]}, "N": {"data": [2.0, 3.5, 4.0, 2.0, 4.0, 5], "deviation": [2.8284271247461903, 1.1690451944500122, 0.0, 2.8284271247461903, 0.3360107525161235, 0.7679476477883045]}, "NSP14": {"data": [0.0, 0.0, 1.0, 1.0, 2.0, 1], "deviation": [0.0, 0.408248290463863, 1.4142135623730951, 1.4142135623730951, 0.39655776945626603, 0.408248290463863]}, "NS3": {"data": [0.5, 1.0, 0.5, 0.5, 1.0, 1], "deviation": [0.7071067811865476, 0.6324555320336759, 0.7071067811865476, 0.7071067811865476, 0.0, 0.3755338080994054]}, "NSP15": {"data": [0.0, 0.0, 0.0, 0.0, 0.0, 0], "deviation": [0.0, 0.0, 0.0, 0.0, 0.0, 0.0]}, "NSP16": {"data": [0.0, 0.0, 1.0, 0.0, 2.0, 0], "deviation": [0.0, 0.0, 1.4142135623730951, 0.0, 0.9370294518041506, 0.0]}, "NS9b": {"data": [0.0, 0.0, 0.0, 0.0, 0.0, 0], "deviation": [0.0, 0.0, 0.0, 0.0, 0.0, 0.0]}, "NS6": {"data": [0.0, 0.0, 0.0, 0.0, 0.0, 0], "deviation": [0.0, 0.0, 0.0, 0.0, 0.0, 0.0]}, "NS9c": {"data": [0.0, 0.0, 0.0, 0.0, 0.0, 0], "deviation": [0.0, 0.0, 0.0, 0.0, 0.0, 0.0]}, "NSP1": {"data": [0.0, 0.0, 0.0, 0.0, 0.0, 0], "deviation": [0.0, 0.0, 0.0, 0.0, 0.0, 0.2773500981126146]}, "NSP2": {"data": [0.0, 1.0, 1.0, 1.0, 2.0, 0], "deviation": [0.0, 0.6324555320336759, 1.4142135623730951, 1.4142135623730951, 0.4908435793150795, 0.6602252917735247]}, "NS8": {"data": [1.5, 0.0, 2.0, 0.0, 0.0, 0], "deviation": [2.1213203435596424, 1.632993161855452, 2.8284271247461903, 0.0, 0.0, 0.2773500981126146]}, "NSP3": {"data": [2.0, 2.0, 4.5, 2.0, 4.0, 4], "deviation": [2.8284271247461903, 0.8366600265340756, 0.7071067811865476, 2.8284271247461903, 0.47412908273673127, 1.0439078454267836]}}, "labels": ["01/2021", "02/2021", "04/2021", "05/2021", "06/2021", "07/2021"]}