{"indel": {"NSP4": {"data": [0.0, 0.0, 0.0, 0.0, 0.0, 0, 0, 0], "deviation": [0.0, 0.0, 0.0, 0.0, 0.0, 0.0, 0.0, 0.0]}, "E": {"data": [0.0, 0.0, 0.0, 0.0, 0.0, 0, 0, 0], "deviation": [0.0, 0.0, 0.0, 0.0, 0.0, 0.0, 0.0, 0.0]}, "NS7a": {"data": [0.0, 0.0, 0.0, 0.0, 0.0, 0, 0, 0], "deviation": [0.0, 0.0, 0.0, 0.0, 0.0, 0.0, 0.0, 0.0]}, "NSP5": {"data": [0.0, 0.0, 0.0, 0.0, 0.0, 0, 0, 0], "deviation": [0.0, 0.0, 0.0, 0.0, 0.0, 0.0, 0.0, 0.0]}, "NS7b": {"data": [0.0, 0.0, 0.0, 0.0, 0.0, 0, 0, 0], "deviation": [0.0, 0.0, 0.0, 0.0, 0.0, 0.0, 0.0, 0.0]}, "NSP6": {"data": [0.0, 0.0, 0.0, 0.0, 0.0, 0, 0, 0], "deviation": [0.0, 0.0, 0.0, 0.0, 0.0, 0.0, 0.0, 0.0]}, "NSP7": {"data": [0.0, 0.0, 0.0, 0.0, 0.0, 0, 0, 0], "deviation": [0.0, 0.0, 0.0, 0.0, 0.0, 0.0, 0.0, 0.0]}, "NSP8": {"data": [0.0, 0.0, 0.0, 0.0, 0.0, 0, 0, 0], "deviation": [0.0, 0.0, 0.0, 0.0, 0.0, 0.0, 0.0, 0.0]}, "Spike": {"data": [0.0, 1.5, 0.0, 0.0, 0.0, 0, 0, 0], "deviation": [1.224744871391589, 2.1213203435596424, 0.0, 0.0, 0.0, 0.0, 0.0, 0.0]}, "NSP9": {"data": [0.0, 0.0, 0.0, 0.0, 0.0, 0, 0, 0], "deviation": [0.0, 0.0, 0.0, 0.0, 0.0, 0.0, 0.0, 0.0]}, "NSP10": {"data": [0.0, 0.0, 0.0, 0.0, 0.0, 0, 0, 0], "deviation": [0.0, 0.0, 0.0, 0.0, 0.0, 0.0, 0.0, 0.0]}, "NSP11": {"data": [0.0, 0.0, 0.0, 0.0, 0.0, 0, 0, 0], "deviation": [0.0, 0.0, 0.0, 0.0, 0.0, 0.0, 0.0, 0.0]}, "NSP12": {"data": [0.0, 0.0, 0.0, 0.0, 0.0, 0, 0, 0], "deviation": [0.0, 0.0, 0.0, 0.0, 0.0, 0.0, 0.0, 0.0]}, "M": {"data": [0.0, 0.0, 0.0, 0.0, 0.0, 0, 0, 0], "deviation": [0.0, 0.0, 0.0, 0.0, 0.0, 0.0, 0.0, 0.0]}, "NSP13": {"data": [0.0, 0.0, 0.0, 0.0, 0.0, 0, 0, 0], "deviation": [0.0, 0.0, 0.0, 0.0, 0.0, 0.0, 0.0, 0.0]}, "N": {"data": [0.0, 0.0, 0.0, 0.0, 0.0, 0, 0, 0], "deviation": [0.0, 0.0, 0.0, 0.0, 0.0, 0.0, 0.0, 0.0]}, "NSP14": {"data": [0.0, 0.0, 0.0, 0.0, 0.0, 0, 0, 0], "deviation": [0.0, 0.0, 0.0, 0.0, 0.0, 0.0, 0.0, 0.0]}, "NS3": {"data": [0.0, 0.0, 0.0, 0.0, 0.0, 0, 0, 0], "deviation": [0.0, 0.0, 0.0, 0.0, 0.0, 0.0, 0.0, 0.0]}, "NSP15": {"data": [0.0, 0.0, 0.0, 0.0, 0.0, 0, 0, 0], "deviation": [0.0, 0.0, 0.0, 0.0, 0.0, 0.0, 0.0, 0.0]}, "NSP16": {"data": [0.0, 0.0, 0.0, 0.0, 0.0, 0, 0, 0], "deviation": [0.0, 0.0, 0.0, 0.0, 0.0, 0.0, 0.0, 0.0]}, "NS9b": {"data": [0.0, 0.0, 0.0, 0.0, 0.0, 0, 0, 0], "deviation": [0.0, 0.0, 0.0, 0.0, 0.0, 0.0, 0.0, 0.0]}, "NS6": {"data": [0.0, 0.0, 0.0, 0.0, 0.0, 0, 0, 0], "deviation": [0.0, 0.0, 0.0, 0.0, 0.0, 0.0, 0.0, 0.0]}, "NS9c": {"data": [0.0, 0.0, 0.0, 0.0, 0.0, 0, 0, 0], "deviation": [0.0, 0.0, 0.0, 0.0, 0.0, 0.0, 0.0, 0.0]}, "NSP1": {"data": [0.0, 0.0, 0.0, 0.0, 0.0, 0, 0, 0], "deviation": [0.0, 0.0, 0.0, 0.0, 0.0, 0.0, 0.0, 0.0]}, "NSP2": {"data": [0.0, 0.0, 0.0, 0.0, 0.0, 0, 0, 0], "deviation": [0.0, 0.0, 0.0, 0.0, 0.0, 0.0, 0.0, 0.0]}, "NS8": {"data": [0.0, 0.0, 0.0, 0.0, 0.0, 0, 0, 0], "deviation": [0.0, 0.0, 0.0, 0.0, 0.0, 0.0, 0.0, 0.0]}, "NSP3": {"data": [1.0, 0.5, 0.0, 0.0, 0.0, 0, 0, 0], "deviation": [0.8944271909999159, 0.7071067811865476, 0.0, 0.0, 0.0, 0.0, 0.0, 0.0]}}, "missense": {"NSP4": {"data": [0.0, 0.0, 0.0, 0.0, 0.5, 0, 0, 0], "deviation": [0.0, 0.0, 0.0, 0.0, 0.5773502691896257, 0.0, 0.5477225575051661, 0.447213595499958]}, "E": {"data": [0.0, 0.0, 0.0, 0.0, 0.0, 0, 0, 0], "deviation": [0.0, 0.0, 0.0, 0.0, 0.0, 0.0, 0.0, 0.0]}, "NS7a": {"data": [2.0, 1.0, 0.0, 0.0, 0.5, 0, 0, 0], "deviation": [0.816496580927726, 1.4142135623730951, 0.0, 0.0, 0.5773502691896257, 0.0, 0.0, 0.0]}, "NSP5": {"data": [0.0, 0.0, 0.0, 0.5, 0.5, 0, 0, 0], "deviation": [0.0, 0.0, 0.0, 0.7071067811865476, 0.5773502691896257, 0.0, 0.0, 0.0]}, "NS7b": {"data": [0.0, 0.0, 0.0, 0.0, 0.0, 0, 0, 0], "deviation": [0.0, 0.0, 0.0, 0.0, 0.5, 0.0, 0.0, 0.0]}, "NSP6": {"data": [1.0, 0.5, 0.0, 0.0, 0.0, 1, 1, 1], "deviation": [0.0, 0.7071067811865476, 0.0, 0.0, 0.5, 0.0, 0.0, 0.0]}, "NSP7": {"data": [0.0, 0.0, 0.0, 0.0, 0.0, 0, 0, 0], "deviation": [0.0, 0.0, 0.0, 0.0, 0.0, 0.0, 0.0, 0.0]}, "NSP8": {"data": [0.0, 0.0, 0.0, 0.0, 0.0, 0, 0, 0], "deviation": [0.0, 0.0, 0.0, 0.0, 0.0, 0.0, 0.0, 0.0]}, "Spike": {"data": [2.0, 1.5, 1.0, 0.5, 2.5, 4, 4, 4], "deviation": [0.6324555320336759, 2.1213203435596424, 1.4142135623730951, 0.7071067811865476, 0.5773502691896257, 0.0, 0.0, 0.0]}, "NSP9": {"data": [0.0, 0.0, 0.0, 0.0, 0.5, 0, 0, 0], "deviation": [0.0, 0.0, 0.0, 0.0, 0.5773502691896257, 0.0, 0.0, 0.0]}, "NSP10": {"data": [0.0, 0.0, 0.0, 0.0, 0.0, 0, 0, 0], "deviation": [0.0, 0.0, 0.0, 0.0, 0.0, 0.0, 0.0, 0.0]}, "NSP11": {"data": [0.0, 0.0, 0.0, 0.0, 0.0, 0, 0, 0], "deviation": [0.0, 0.0, 0.0, 0.0, 0.0, 0.0, 0.0, 0.0]}, "NSP12": {"data": [0.0, 0.0, 1.0, 0.5, 1.0, 1, 1, 1], "deviation": [0.408248290463863, 0.0, 1.4142135623730951, 0.7071067811865476, 0.0, 0.0, 0.0, 0.0]}, "M": {"data": [7.0, 3.5, 0.0, 0.0, 0.0, 0, 0, 0], "deviation": [3.3714487489307423, 4.949747468305833, 0.0, 0.0, 0.0, 0.0, 0.0, 0.0]}, "NSP13": {"data": [0.0, 0.0, 0.0, 0.5, 0.0, 0, 0, 0], "deviation": [0.0, 0.0, 0.0, 0.7071067811865476, 0.0, 0.0, 0.447213595499958, 0.447213595499958]}, "N": {"data": [0.0, 0.0, 1.0, 1.5, 2.0, 2, 2, 2], "deviation": [0.0, 0.0, 1.4142135623730951, 2.1213203435596424, 0.5, 0.0, 0.0, 0.0]}, "NSP14": {"data": [0.0, 0.0, 0.5, 0.0, 0.0, 0, 0, 1], "deviation": [0.0, 0.0, 0.7071067811865476, 0.0, 0.0, 0.5773502691896258, 0.5477225575051661, 0.4472135954999579]}, "NS3": {"data": [2.0, 1.0, 0.0, 0.5, 0.5, 2, 2, 2], "deviation": [0.408248290463863, 1.4142135623730951, 0.0, 0.7071067811865476, 0.9574271077563381, 0.0, 0.0, 0.0]}, "NSP15": {"data": [0.0, 0.0, 0.5, 0.0, 0.0, 0, 0, 0], "deviation": [0.0, 0.0, 0.7071067811865476, 0.0, 0.0, 0.0, 0.0, 0.0]}, "NSP16": {"data": [0.0, 0.0, 0.0, 0.0, 0.0, 0, 0, 0], "deviation": [0.0, 0.0, 0.0, 0.0, 0.5, 0.0, 0.0, 0.0]}, "NS9b": {"data": [0.0, 0.0, 0.0, 0.0, 0.0, 0, 0, 0], "deviation": [0.0, 0.0, 0.0, 0.0, 0.0, 0.0, 0.0, 0.0]}, "NS6": {"data": [0.0, 0.0, 0.0, 0.0, 0.0, 0, 0, 0], "deviation": [0.0, 0.0, 0.0, 0.0, 0.0, 0.0, 0.0, 0.0]}, "NS9c": {"data": [0.0, 0.0, 0.0, 0.0, 0.0, 0, 0, 0], "deviation": [0.0, 0.0, 0.0, 0.0, 0.0, 0.0, 0.0, 0.0]}, "NSP1": {"data": [0.0, 0.0, 0.0, 0.0, 0.0, 0, 0, 0], "deviation": [0.0, 0.0, 0.0, 0.0, 0.0, 0.0, 0.0, 0.0]}, "NSP2": {"data": [0.0, 0.0, 0.0, 0.5, 1.0, 1, 1, 1], "deviation": [0.816496580927726, 0.0, 0.0, 0.7071067811865476, 0.5, 0.0, 0.0, 0.0]}, "NS8": {"data": [0.0, 0.0, 0.0, 0.0, 0.0, 0, 0, 0], "deviation": [0.0, 0.0, 0.0, 0.0, 0.5, 0.0, 0.0, 0.0]}, "NSP3": {"data": [9.0, 9.5, 1.5, 0.5, 2.0, 2, 2, 2], "deviation": [8.066391179868893, 13.435028842544403, 2.1213203435596424, 0.7071067811865476, 1.2583057392117916, 0.5773502691896257, 0.0, 0.0]}}, "labels": ["03/2020", "04/2020", "08/2020", "10/2020", "11/2020", "12/2020", "01/2021", "02/2021"]}