{"indel": {"NSP4": {"data": [0, 0.0, 0.0, 0.0, 0.0, 0, 0.0, 0.0, 0, 0], "deviation": [0.0, 0.0, 0.0, 0.0, 0.0, 0.0, 0.0, 0.0, 0.0, 0.0]}, "E": {"data": [0, 0.0, 0.0, 0.0, 0.0, 0, 0.0, 0.0, 0, 0], "deviation": [0.0, 0.0, 0.0, 0.0, 0.0, 0.0, 0.0, 0.0, 0.0, 0.0]}, "NS7a": {"data": [0, 0.0, 0.0, 0.0, 0.0, 0, 0.0, 0.0, 0, 0], "deviation": [0.0, 0.0, 0.0, 0.0, 0.0, 0.22941573387056177, 0.0, 0.0, 0.0, 0.0]}, "NSP5": {"data": [0, 0.0, 0.0, 0.0, 0.0, 0, 0.0, 0.0, 0, 0], "deviation": [0.0, 0.0, 0.0, 0.0, 0.0, 0.0, 0.0, 0.0, 0.0, 0.0]}, "NS7b": {"data": [0, 0.0, 0.0, 0.0, 0.0, 0, 0.0, 0.0, 0, 0], "deviation": [0.0, 0.0, 0.0, 0.0, 0.0, 0.0, 0.0, 0.0, 0.0, 0.0]}, "NSP6": {"data": [0, 0.0, 0.0, 0.0, 0.0, 0, 1.5, 3.0, 0, 0], "deviation": [0.0, 0.0, 0.0, 0.0, 0.0, 1.5217718205053643, 2.1213203435596424, 0.8198289381992817, 1.1556887290080164, 0.8758113121817134]}, "NSP7": {"data": [0, 0.0, 0.0, 0.0, 0.0, 0, 0.0, 0.0, 0, 0], "deviation": [0.0, 0.0, 0.0, 0.0, 0.0, 0.0, 0.0, 0.0, 0.0, 0.0]}, "NSP8": {"data": [0, 0.0, 0.0, 0.0, 0.0, 0, 0.0, 0.0, 0, 0], "deviation": [0.0, 0.0, 0.0, 0.0, 0.0, 0.0, 0.0, 0.0, 0.0, 0.0]}, "Spike": {"data": [0, 0.0, 0.0, 0.0, 1.0, 2, 1.5, 3.0, 2, 2], "deviation": [0.0, 0.0, 0.0, 0.0, 1.4142135623730951, 1.2139539573337679, 2.1213203435596424, 0.6220234955518097, 0.560970565758026, 0.4330127018922193]}, "NSP9": {"data": [0, 0.0, 0.0, 0.0, 0.0, 0, 0.0, 0.0, 0, 0], "deviation": [0.0, 0.0, 0.0, 0.0, 0.0, 0.0, 0.0, 0.0, 0.0, 0.0]}, "NSP10": {"data": [0, 0.0, 0.0, 0.0, 0.0, 0, 0.0, 0.0, 0, 0], "deviation": [0.0, 0.0, 0.0, 0.0, 0.0, 0.0, 0.0, 0.0, 0.0, 0.0]}, "NSP11": {"data": [0, 0.0, 0.0, 0.0, 0.0, 0, 0.0, 0.0, 0, 0], "deviation": [0.0, 0.0, 0.0, 0.0, 0.0, 0.0, 0.0, 0.0, 0.0, 0.0]}, "NSP12": {"data": [0, 0.0, 0.0, 0.0, 0.0, 0, 0.0, 0.0, 0, 0], "deviation": [0.0, 0.0, 0.0, 0.0, 0.0, 0.0, 0.0, 0.0, 0.0, 0.0]}, "M": {"data": [0, 0.0, 0.0, 0.0, 0.0, 0, 0.0, 0.0, 0, 0], "deviation": [0.0, 0.0, 0.0, 0.0, 0.0, 0.0, 0.0, 0.0, 0.0, 0.0]}, "NSP13": {"data": [0, 0.0, 0.0, 0.0, 0.0, 0, 0.0, 0.0, 0, 0], "deviation": [0.0, 0.0, 0.0, 0.0, 0.0, 0.0, 0.0, 0.0, 0.0, 0.0]}, "N": {"data": [0, 0.0, 0.0, 0.0, 0.0, 0, 0.0, 0.0, 0, 0], "deviation": [0.0, 0.0, 0.0, 0.0, 0.0, 0.0, 0.0, 0.0, 0.11704114719613055, 0.0]}, "NSP14": {"data": [0, 0.0, 0.0, 0.0, 0.0, 0, 0.0, 0.0, 0, 0], "deviation": [0.0, 0.0, 0.0, 0.0, 0.0, 0.0, 0.0, 0.0, 0.0, 0.0]}, "NS3": {"data": [0, 0.0, 0.0, 0.0, 0.0, 0, 0.0, 0.0, 0, 0], "deviation": [0.0, 0.0, 0.0, 0.0, 0.0, 0.0, 0.0, 0.0, 0.0, 0.0]}, "NSP15": {"data": [0, 0.0, 0.0, 0.0, 0.0, 0, 0.0, 0.0, 0, 0], "deviation": [0.0, 0.0, 0.0, 0.0, 0.0, 0.0, 0.0, 0.0, 0.0, 0.0]}, "NSP16": {"data": [0, 0.0, 0.0, 0.0, 0.0, 0, 0.0, 0.0, 0, 0], "deviation": [0.0, 0.0, 0.0, 0.0, 0.0, 0.0, 0.0, 0.0, 0.0, 0.0]}, "NS9b": {"data": [0, 0.0, 0.0, 0.0, 0.0, 0, 0.0, 0.0, 0, 0], "deviation": [0.0, 0.0, 0.0, 0.0, 0.0, 0.0, 0.0, 0.0, 0.0, 0.0]}, "NS6": {"data": [0, 0.0, 0.0, 0.0, 0.0, 0, 0.0, 0.0, 0, 0], "deviation": [0.0, 0.0, 0.0, 0.0, 0.0, 0.0, 0.0, 0.0, 0.0, 0.0]}, "NS9c": {"data": [0, 0.0, 0.0, 0.0, 0.0, 0, 0.0, 0.0, 0, 0], "deviation": [0.0, 0.0, 0.0, 0.0, 0.0, 0.0, 0.0, 0.0, 0.0, 0.0]}, "NSP1": {"data": [0, 0.0, 0.0, 0.0, 0.0, 0, 0.0, 0.0, 0, 0], "deviation": [0.0, 0.0, 0.0, 0.0, 0.0, 0.0, 0.0, 0.0, 0.0, 0.0]}, "NSP2": {"data": [0, 0.0, 0.0, 0.0, 0.0, 0, 0.0, 0.0, 0, 0], "deviation": [0.0, 0.0, 0.0, 0.0, 0.0, 0.0, 0.0, 0.0, 0.0, 0.0]}, "NS8": {"data": [0, 0.0, 0.0, 0.0, 0.0, 0, 0.0, 0.0, 0, 0], "deviation": [0.0, 0.0, 0.0, 0.0, 0.0, 0.0, 0.0, 0.0, 0.0, 0.0]}, "NSP3": {"data": [0, 0.0, 0.0, 0.0, 0.0, 0, 0.0, 0.0, 0, 0], "deviation": [0.0, 0.0, 0.0, 0.0, 0.0, 0.0, 0.0, 0.0, 0.0, 0.0]}}, "missense": {"NSP4": {"data": [0, 0.0, 0.0, 0.0, 0.5, 0, 0.0, 0.0, 1, 2], "deviation": [0.5773502691896258, 0.0, 0.0, 0.0, 0.7071067811865476, 0.4775669329409193, 0.0, 0.5122954783945485, 0.817428123251144, 0.6990252954195317]}, "E": {"data": [0, 0.0, 0.0, 0.0, 0.0, 0, 0.0, 0.0, 0, 0], "deviation": [0.0, 0.0, 0.0, 0.0, 0.0, 0.0, 0.0, 0.2732763127330939, 0.25433830943623054, 0.24230584229877994]}, "NS7a": {"data": [0, 0.0, 0.0, 0.0, 0.0, 0, 0.0, 0.0, 3, 3], "deviation": [0.0, 0.0, 0.0, 0.0, 0.0, 0.3153017676423058, 0.0, 0.8913205635931026, 0.9755379423767908, 0.7917663414126288]}, "NSP5": {"data": [0, 0.0, 0.5, 1.0, 0.0, 0, 0.0, 0.0, 0, 0], "deviation": [0.0, 0.0, 0.7071067811865476, 0.31622776601683794, 0.0, 0.3153017676423058, 0.0, 0.0, 0.16436770598316272, 0.24230584229877994]}, "NS7b": {"data": [0, 0.0, 0.0, 0.0, 0.0, 0, 0.0, 0.0, 1, 1], "deviation": [0.0, 0.0, 0.0, 0.0, 0.0, 0.0, 0.0, 0.31101174777590485, 0.4068477776211284, 0.24230584229877994]}, "NSP6": {"data": [0, 0.0, 0.0, 0.0, 0.0, 0, 0.0, 0.0, 1, 1], "deviation": [0.0, 0.0, 0.0, 0.0, 0.0, 0.4524139283588641, 0.0, 0.5891382910924178, 0.9291900861147531, 0.6922186552431729]}, "NSP7": {"data": [0, 0.0, 0.0, 0.0, 0.0, 0, 0.0, 0.0, 0, 0], "deviation": [0.0, 0.0, 0.0, 0.42163702135578396, 0.0, 0.0, 0.0, 0.0, 0.16436770598316272, 0.17407765595569785]}, "NSP8": {"data": [0, 0.0, 0.0, 0.0, 0.0, 0, 0.0, 0.0, 0, 0], "deviation": [0.0, 0.0, 0.0, 0.0, 0.0, 0.0, 0.0, 0.3425699874501045, 0.11704114719613055, 0.24230584229877994]}, "Spike": {"data": [1, 0.5, 0.5, 1.0, 1.5, 4, 3.5, 7.0, 8, 9], "deviation": [0.0, 0.7071067811865476, 0.7071067811865476, 0.4216370213557839, 2.1213203435596424, 3.218186623892224, 4.949747468305833, 1.3187023234692454, 1.0406501889826034, 1.0037807318213263]}, "NSP9": {"data": [0, 0.0, 0.0, 0.0, 0.5, 0, 0.0, 0.0, 0, 0], "deviation": [0.0, 0.0, 0.0, 0.0, 0.7071067811865476, 0.5129891760425771, 0.0, 0.0, 0.0, 0.0]}, "NSP10": {"data": [0, 0.0, 0.0, 0.0, 0.0, 0, 0.0, 0.0, 0, 0], "deviation": [0.0, 0.0, 0.0, 0.0, 0.0, 0.22941573387056177, 0.0, 0.0, 0.11704114719613055, 0.17407765595569785]}, "NSP11": {"data": [0, 0.0, 0.0, 0.0, 0.0, 0, 0.0, 0.0, 0, 0], "deviation": [0.0, 0.0, 0.0, 0.0, 0.0, 0.0, 0.0, 0.0, 0.0, 0.0]}, "NSP12": {"data": [1, 0.5, 0.5, 1.0, 1.5, 2, 0.5, 1.0, 2, 2], "deviation": [0.0, 0.7071067811865476, 0.7071067811865476, 0.31622776601683794, 2.1213203435596424, 0.6578362547106201, 0.7071067811865476, 0.5651067699567265, 0.6700825728894212, 0.6990252954195317]}, "M": {"data": [0, 0.0, 0.0, 0.0, 0.0, 0, 0.0, 0.0, 1, 1], "deviation": [0.0, 0.0, 0.0, 0.0, 0.0, 0.0, 0.0, 0.369537021476632, 0.41883000042282753, 0.4330127018922193]}, "NSP13": {"data": [0, 0.0, 0.0, 0.0, 1.0, 1, 0.0, 0.0, 1, 1], "deviation": [0.0, 0.0, 0.0, 0.0, 1.4142135623730951, 1.025978352085154, 0.0, 0.5651067699567265, 0.4045028141264598, 0.5276448530110863]}, "N": {"data": [2, 1.5, 1.0, 2.0, 0.0, 4, 2.0, 4.0, 4, 4], "deviation": [1.5275252316519468, 2.1213203435596424, 1.4142135623730951, 0.4216370213557839, 0.0, 1.8064212949190015, 2.8284271247461903, 1.1280088576470926, 0.7003478153067022, 0.45226701686664544]}, "NSP14": {"data": [0, 0.0, 0.0, 0.0, 0.0, 0, 0.5, 0.0, 1, 1], "deviation": [0.0, 0.0, 0.0, 0.0, 0.0, 0.4775669329409193, 0.7071067811865476, 0.6450379591198859, 0.5313605064581295, 0.4330127018922193]}, "NS3": {"data": [0, 0.0, 0.5, 1.0, 0.0, 1, 0.0, 0.0, 1, 1], "deviation": [0.0, 0.0, 0.7071067811865476, 0.5676462121975467, 0.0, 0.6533762964749499, 0.0, 0.4953553834402849, 0.3969058409438471, 0.6261353324525414]}, "NSP15": {"data": [0, 0.0, 0.5, 1.0, 0.0, 0, 0.0, 0.0, 0, 0], "deviation": [0.0, 0.0, 0.7071067811865476, 0.5676462121975467, 0.0, 0.4188539082916955, 0.0, 0.22629428592141426, 0.35596675233387076, 0.4646601886422925]}, "NSP16": {"data": [0, 0.0, 0.0, 0.0, 0.0, 0, 0.0, 0.0, 0, 0], "deviation": [0.0, 0.0, 0.0, 0.0, 0.0, 0.0, 0.0, 0.3425699874501045, 0.2964785715342602, 0.17407765595569785]}, "NS9b": {"data": [0, 0.0, 0.0, 0.0, 0.0, 0, 0.0, 0.0, 0, 0], "deviation": [0.0, 0.0, 0.0, 0.0, 0.0, 0.0, 0.0, 0.0, 0.0, 0.0]}, "NS6": {"data": [0, 0.5, 0.0, 0.0, 0.0, 0, 0.0, 0.0, 0, 0], "deviation": [0.5773502691896258, 0.7071067811865476, 0.0, 0.31622776601683794, 0.0, 0.22941573387056177, 0.0, 0.16222142113076254, 0.0, 0.0]}, "NS9c": {"data": [0, 0.0, 0.0, 0.0, 0.0, 0, 0.0, 0.0, 0, 0],