{"indel": {"NSP4": {"data": [0, 0.0, 0, 0.0, 0.0, 0, 0.0, 0.0, 0, 0, 0, 0, 0.0, 0, 0.0, 0.0], "deviation": [0.0, 0.0, 0.0, 0.0, 0.0, 0.0, 0.0, 0.0, 0.0, 0.0, 0.23094010767585033, 0.0, 18.462172406159333, 6.619868586197325, 0.0, 0.0]}, "E": {"data": [0, 0.0, 0, 0.0, 0.0, 0, 0.0, 0.0, 0, 0, 0, 0, 0.0, 0, 0.0, 0.0], "deviation": [0.0, 0.0, 0.0, 0.0, 0.18898223650461363, 0.0, 0.0, 0.0, 0.0, 0.0, 0.6928203230275509, 0.0, 1.355815361366601, 0.1856953381770519, 0.0, 0.0]}, "NS7a": {"data": [0, 0.0, 0, 0.0, 0.0, 0, 0.0, 0.0, 0, 0, 0, 0, 0.0, 0, 0.0, 0.0], "deviation": [0.0, 0.0, 0.0, 0.0, 0.0, 0.0, 0.0, 0.0, 0.0, 0.0, 0.6928203230275509, 0.0, 0.8320502943378437, 0.0, 0.0, 0.0]}, "NSP5": {"data": [0, 0.0, 0, 0.0, 0.0, 0, 0.0, 0.0, 0, 0, 0, 0, 0.0, 0, 0.0, 0.0], "deviation": [0.0, 0.0, 0.0, 0.0, 0.0, 0.0, 0.0, 0.0, 0.0, 0.0, 0.0, 0.0, 1.532331300889685, 0.0, 0.0, 0.0]}, "NS7b": {"data": [0, 0.0, 0, 0.0, 0.0, 0, 0.0, 0.0, 0, 0, 0, 0, 0.0, 0, 0.0, 0.0], "deviation": [0.0, 0.0, 0.0, 0.0, 0.0, 0.0, 0.0, 0.0, 0.0, 0.0, 0.11547005383792516, 0.0, 0.0, 0.0, 0.0, 0.0]}, "NSP6": {"data": [0, 0.0, 0, 0.0, 0.0, 0, 0.0, 0.0, 0, 0, 0, 3, 3.0, 3, 1.5, 1.5], "deviation": [0.0, 0.0, 0.0, 0.0, 2.8340335269269543, 0.0, 0.0, 0.0, 0.0, 1.6924558427507101, 1.2372593951192332, 1.0555973258234952, 7.569362514028396, 0.9298021400838102, 1.6431676725154984, 2.1213203435596424]}, "NSP7": {"data": [0, 0.0, 0, 0.0, 0.0, 0, 0.0, 0.0, 0, 0, 0, 0, 0.0, 0, 0.0, 0.0], "deviation": [0.0, 0.0, 0.0, 0.0, 0.0, 0.0, 0.0, 0.0, 0.0, 0.0, 0.0, 0.0, 0.0, 2.5997347344787265, 0.0, 0.0]}, "NSP8": {"data": [0, 0.0, 0, 0.0, 0.0, 0, 0.0, 0.0, 0, 0, 0, 0, 0.0, 0, 0.0, 0.0], "deviation": [0.0, 0.0, 0.0, 0.0, 0.0, 0.0, 0.0, 0.0, 0.0, 0.0, 0.0, 0.0, 0.0, 4.270992778072193, 0.0, 0.0]}, "Spike": {"data": [0, 0.0, 0, 0.0, 0.0, 0, 0.0, 0.0, 0, 0, 0, 3, 3.0, 3, 2.0, 1.5], "deviation": [0.0, 0.0, 0.0, 0.0, 0.18898223650461363, 0.0, 0.0, 0.0, 0.0, 0.2603778219616477, 1.2229045324535746, 1.2421180068162376, 33.027269458789185, 0.982607368881035, 1.0327955589886444, 2.1213203435596424]}, "NSP9": {"data": [0, 0.0, 0, 0.0, 0.0, 0, 0.0, 0.0, 0, 0, 0, 0, 0.0, 0, 0.0, 0.0], "deviation": [0.0, 0.0, 0.0, 0.0, 0.0, 0.0, 0.0, 0.0, 0.0, 0.0, 0.0, 0.0, 2.912176030182453, 7.05642285072797, 0.0, 0.0]}, "NSP10": {"data": [0, 0.0, 0, 0.0, 0.0, 0, 0.0, 0.0, 0, 0, 0, 0, 0.0, 0, 0.0, 0.0], "deviation": [0.0, 0.0, 0.0, 0.0, 0.0, 0.0, 0.0, 0.0, 0.0, 0.0, 0.0, 0.0, 7.348366601114431, 0.0, 0.0, 0.0]}, "NSP11": {"data": [0, 0.0, 0, 0.0, 0.0, 0, 0.0, 0.0, 0, 0, 0, 0, 0.0, 0, 0.0, 0.0], "deviation": [0.0, 0.0, 0.0, 0.0, 0.0, 0.0, 0.0, 0.0, 0.0, 0.0, 0.0, 0.0, 0.0, 0.0, 0.0, 0.0]}, "NSP12": {"data": [0, 0.0, 0, 0.0, 0.0, 0, 0.0, 0.0, 0, 0, 0, 0, 0.0, 0, 0.0, 0.0], "deviation": [0.0, 0.0, 0.0, 0.0, 0.0, 0.0, 0.0, 0.0, 0.0, 0.2603778219616477, 0.0, 0.0, 28.69343737540502, 0.0, 0.0, 0.0]}, "M": {"data": [0, 0.0, 0, 0.0, 0.0, 0, 0.0, 0.0, 0, 0, 0, 0, 0.0, 0, 0.0, 0.0], "deviation": [0.0, 0.0, 0.0, 0.0, 0.0, 0.0, 0.0, 0.0, 0.0, 0.0, 0.0, 8.778762251403478, 0.13867504905630726, 0.0, 0.0, 0.0]}, "NSP13": {"data": [0, 0.0, 0, 0.0, 0.0, 0, 0.0, 0.0, 0, 0, 0, 0, 0.0, 0, 0.0, 0.0], "deviation": [0.0, 0.0, 0.0, 0.0, 0.0, 0.0, 0.0, 0.0, 0.0, 0.0, 0.11547005383792516, 0.0, 11.79641277886935, 0.1856953381770519, 0.0, 0.0]}, "N": {"data": [0, 0.0, 0, 0.0, 0.0, 0, 0.0, 0.0, 0, 0, 0, 0, 0.0, 0, 0.0, 0.0], "deviation": [0.0, 0.0, 0.0, 0.0, 0.0, 0.0, 0.0, 0.0, 0.0, 0.0, 0.0, 0.0, 3.882901373576604, 0.0, 0.0, 0.0]}, "NSP14": {"data": [0, 0.0, 0, 0.0, 0.0, 0, 0.0, 0.0, 0, 0, 0, 0, 0.0, 0, 0.0, 0.0], "deviation": [0.0, 0.0, 0.0, 0.0, 0.0, 0.0, 0.0, 0.0, 0.0, 0.0, 0.0, 0.0, 10.187754753035332, 0.1856953381770519, 0.0, 0.0]}, "NS3": {"data": [0, 0.0, 0, 0.0, 0.0, 0, 5.0, 0.0, 0, 0, 0, 0, 0.0, 0, 0.0, 0.0], "deviation": [0.0, 0.0, 0.0, 0.0, 0.0, 0.0, 7.0710678118654755, 0.0, 0.0, 0.0, 1.0392304845413265, 0.0, 11.323219913107902, 0.0, 0.0, 0.0]}, "NSP15": {"data": [0, 0.0, 0, 0.0, 0.0, 0, 0.0, 0.0, 0, 0, 0, 0, 0.0, 0, 0.0, 0.0], "deviation": [0.0, 0.0, 0.0, 0.0, 0.0, 0.0, 0.0, 0.0, 0.0, 0.0, 0.0, 0.0, 10.591321613204313, 6.643453016338383, 0.0, 0.0]}, "NSP16": {"data": [0, 0.0, 0, 0.0, 0.0, 0, 0.0, 0.0, 0, 0, 0, 0, 0.0, 0, 0.0, 0.0], "deviation": [0.0, 0.0, 0.0, 0.0, 0.0, 0.0, 0.0, 0.0, 0.0, 0.0, 1.9629909152447276, 0.0, 0.6933752452815365, 12.441587657862476, 0.0, 0.0]}, "NS9b": {"data": [0, 0.0, 0, 0.0, 0.0, 0, 0.0, 0.0, 0, 0, 0, 0, 0.0, 0, 0.0, 0.0], "deviation": [0.0, 0.0, 0.0, 0.0, 0.0, 0.0, 0.0, 0.0, 0.0, 0.0, 0.0, 0.0, 0.0, 0.0, 0.0, 0.0]}, "NS6": {"data": [0, 0.0, 0, 0.0, 0.0, 0, 0.0, 0.0, 0, 0, 0, 0, 0.0, 0, 0.0, 0.0], "deviation": [0.0, 0.0, 0.0, 0.0, 0.0, 0.0, 0.0, 0.0, 0.0, 0.0, 0.0, 0.0, 0.0, 0.0, 0.0, 0.0]}, "NS9c": {"data": [0, 0.0, 0, 0.0, 0.0, 0, 0.0, 0.0, 0, 0, 0, 0, 0.0, 0, 0.0, 0.0], "deviation": [0.0, 0.0, 0.0, 0.0, 0.0, 0.0, 0.0, 0.0, 0.0, 0.0, 0.0, 0.0, 0.0, 0.0, 0.0, 0.0]}, "NSP1": {"data": [0, 0.0, 0, 0.0, 0.0, 0, 0.0, 0.0, 0, 0, 0, 0, 0.0, 0, 0.0, 0.0], "deviation": [0.0, 0.0, 0.0, 0.0, 0.0, 0.0, 0.0, 0.0, 0.0, 0.6509445549041194, 0.23094010767585033, 0.0, 0.30764516984328466, 4.456688116249245, 0.0, 0.0]}, "NSP2": {"data": [0, 0.0, 0, 0.0, 0.0, 0, 0.0, 0.0, 0, 0, 0, 0, 0.0, 0, 0.0, 0.0], "deviation": [0.0, 0.0, 0.0, 0.0, 0.0, 0.0, 0.0, 0.0, 0.0, 0.0, 0.9237604307034013, 8.778762251403478, 16.870581372232078, 26.0802097365316, 0.0, 0.0]}, "NS8": {"data": [0, 0.0, 0, 0.0, 0.0, 0, 0.0, 0.0, 0, 0, 0, 0, 0.0, 0, 0.0, 0.0], "deviation": [0.0, 0.0, 0.0, 0.0, 0.0, 0.0, 0.0, 0.0, 0.0, 0.0, 0.0, 0.0, 0.0, 0.0, 0.0, 0.0]}, "NSP3": {"data": [0, 0.0, 0, 0.0, 0.0, 0, 0.0, 0.0, 0, 0, 0, 0, 0.0, 0, 0.0, 0.0], "deviation": [0.0, 0.0, 0.0, 0.0, 0.0, 0.0, 0.0, 0.0, 0.0, 0.0, 4.981840898577426, 8.026741021645798, 40.14019079480989, 1.485562705416415, 0.0, 0.0]}}, "missense": {"NSP4": {"data": [0, 0.0, 0, 0.0, 0.0, 0, 0.5, 0.0, 0, 0, 0, 0, 0.0, 0, 1.0, 0.0], "deviation": [0.447213595499958, 0.0, 0.0, 0.0, 0.18898223650461363, 0.30079260375911915, 0.7071067811865476, 0.0, 0.4629100498862757, 0.5576103308961831, 0.575161551923293, 0.4879500364742666, 4.376467648679659, 4.9812456154834805, 0.752772652709081, 0.0]}, "E": {"data": [0, 0.0, 0, 0.0, 0.0, 0, 0.0, 0.0, 0, 0, 0, 0, 0.0, 0, 0.0, 0.0], "deviation": [0.0, 0.0, 0.0, 0.0, 0.7559289460184545, 0.0, 0.0, 0.0, 0.0, 0.2535545088414485, 0.25112360116696136, 0.2581988897471611, 0.8794194574843744, 0.40925259281898757, 0.0, 0.0]}, "NS7a": {"data": [0, 0.0, 0, 0.0, 0.0, 0, 0.0, 0.0, 0, 0, 0, 0, 0.0, 0, 0.0, 0.0], "deviation": [0.0, 0.0, 0.0, 0.0, 0.0, 0.4023739080814782, 0.0, 0.0, 0.21821789023599236, 0.6985833540195117, 0.22621045769630363, 0.2581988897471611, 4.575617391107338, 0.6602731185903338, 1.2110601416389968, 0.0]}, "NSP5": {"data": [0, 0.0, 0, 0.0, 0.0, 0, 0.0, 0.0, 0, 0, 0, 0, 0.0, 0, 0.0, 0.0], "deviation": [0.0, 0.0, 0.3321055820775357, 0.18257418583505536, 0.0, 0.0, 0.0, 0.0, 0.0, 0.3784060204413424, 0.34222378222022665, 0.2581988897471611, 5.824611018285154, 0.25788071477756375, 0.0, 0.0]}, "NS7b": {"data": [0, 0.0, 0, 0.0, 0.0, 0, 0.0, 0.0, 0, 0, 0, 0, 0.0, 0, 0.0, 0.0], "deviation": [0.0, 0.0, 0.0, 0.0, 0.0, 0.0, 0.0, 0.0, 0.0, 0.0, 0.0, 0.2581988897471611, 0.0, 0.1856953381770519, 0.408248290463863, 0.0]}, "NSP6": {"data": [0, 0.0, 0, 0.0, 0.0, 0, 0.5, 0.0, 0, 0, 0, 0, 0.0, 0, 0.0, 0.0], "deviation": [0.0, 0.0, 0.24253562503633297, 0.0, 4.728613788393842, 0.4023739080814782, 0.7071067811865476, 0.0, 0.21821789023599236, 1.5906286043891926, 0.3107677212591047, 0.41403933560541256, 0.3575304942220209, 0.35093120317179816, 0.5163977794943223, 0.0]}, "NSP7": {"data": [0, 0.0, 0, 0.0, 0.0, 0, 0.0, 0.0, 0, 0, 0, 0, 0.0, 0, 0.0, 0.0], "deviation": [0.0, 0.0, 0.0, 0.0, 0.0, 0.21821789023599236, 0.0, 0.0, 0.0, 0.13018891098082386, 0.19727878476642874, 0.0, 0.43594179527636284, 2.97112541083283, 0.0, 0.0]}, "NSP8": {"data": [0, 0.0, 0, 0.0, 0.0, 0, 0.0, 0.0, 0, 0, 0, 0, 0.0, 0, 0.0, 0.0],