{"indel": {"NSP4": {"data": [0, 0, 0, 0.0, 0.0, 0.0, 0, 0, 0, 0.0, 0.0, 0], "deviation": [0.0, 0.0, 0.0, 0.0, 0.0, 0.0, 0.0, 0.0, 0.0, 0.0, 0.0, 0.0]}, "E": {"data": [0, 0, 0, 0.0, 0.0, 0.0, 0, 0, 0, 0.0, 0.0, 0], "deviation": [0.0, 0.0, 0.0, 0.0, 0.0, 0.0, 0.0, 0.0, 0.0, 0.0, 0.0, 0.0]}, "NS7a": {"data": [0, 0, 0, 0.0, 0.0, 0.0, 0, 0, 0, 0.0, 0.0, 0], "deviation": [0.0, 0.0, 0.0, 0.0, 0.0, 0.0, 0.0, 0.0, 0.0, 0.0, 0.0, 0.0]}, "NSP5": {"data": [0, 0, 0, 0.0, 0.0, 0.0, 0, 0, 0, 0.0, 0.0, 0], "deviation": [0.0, 0.0, 0.0, 0.0, 0.0, 0.0, 0.0, 0.0, 0.0, 0.0, 0.0, 0.0]}, "NS7b": {"data": [0, 0, 0, 0.0, 0.0, 0.0, 0, 0, 0, 0.0, 0.0, 0], "deviation": [0.0, 0.0, 0.0, 0.0, 0.0, 0.0, 0.0, 0.0, 0.0, 0.0, 0.0, 0.0]}, "NSP6": {"data": [0, 0, 0, 3.0, 0.0, 0.0, 3, 3, 3, 3.0, 0.0, 0], "deviation": [0.0, 1.4012980994907414, 1.3155870289605436, 1.5312533566021211, 1.3981241472851111, 1.276306889434551, 1.1656244929156059, 1.1397885255252422, 1.1692812887210056, 0.6396021490668313, 0.0, 0.0]}, "NSP7": {"data": [0, 0, 0, 0.0, 0.0, 0.0, 0, 0, 0, 0.0, 0.0, 0], "deviation": [0.0, 0.0, 0.0, 0.0, 0.0, 0.0, 0.0, 0.0, 0.0, 0.0, 0.0, 0.0]}, "NSP8": {"data": [0, 0, 0, 0.0, 0.0, 0.0, 0, 0, 0, 0.0, 0.0, 0], "deviation": [0.0, 0.0, 0.0, 0.0, 0.0, 0.0, 0.0, 0.0, 0.0, 0.0, 0.0, 0.0]}, "Spike": {"data": [0, 0, 0, 0.0, 0.0, 0.0, 3, 0, 0, 3.0, 2.0, 2], "deviation": [0.0, 0.0, 0.8320502943378437, 0.0, 0.582551728035463, 1.237151157468375, 1.2909222636341955, 1.4404326772818443, 1.235538851501396, 0.8937009000226522, 0.816496580927726, 0.9837962469551741]}, "NSP9": {"data": [0, 0, 0, 0.0, 0.0, 0.0, 0, 0, 0, 0.0, 0.0, 0], "deviation": [0.0, 0.0, 0.0, 0.0, 0.0, 0.0, 0.0, 0.0, 0.0, 0.0, 0.0, 0.0]}, "NSP10": {"data": [0, 0, 0, 0.0, 0.0, 0.0, 0, 0, 0, 0.0, 0.0, 0], "deviation": [0.0, 0.0, 0.0, 0.0, 0.0, 0.0, 0.0, 0.0, 0.0, 0.0, 0.0, 0.0]}, "NSP11": {"data": [0, 0, 0, 0.0, 0.0, 0.0, 0, 0, 0, 0.0, 0.0, 0], "deviation": [0.0, 0.0, 0.0, 0.0, 0.0, 0.0, 0.0, 0.0, 0.0, 0.0, 0.0, 0.0]}, "NSP12": {"data": [0, 0, 0, 0.0, 0.0, 0.0, 0, 0, 0, 0.0, 0.0, 0], "deviation": [0.0, 0.0, 0.0, 0.0, 0.0, 0.0, 0.0, 0.0, 0.0, 0.0, 0.0, 0.0]}, "M": {"data": [0, 0, 0, 0.0, 0.0, 0.0, 0, 0, 0, 0.0, 0.0, 0], "deviation": [0.0, 0.0, 0.0, 0.0, 0.0, 0.0, 0.0, 0.0, 0.0, 0.0, 0.0, 0.0]}, "NSP13": {"data": [0, 0, 0, 0.0, 0.0, 0.0, 0, 0, 0, 0.0, 0.0, 0], "deviation": [0.0, 0.0, 0.0, 0.0, 0.0, 0.0, 0.0, 0.0, 0.0, 0.0, 0.0, 0.0]}, "N": {"data": [0, 0, 0, 0.0, 0.0, 0.0, 0, 0, 0, 0.0, 0.0, 0], "deviation": [0.0, 0.0, 0.0, 0.0, 0.0, 0.0, 0.08247860988423225, 0.0, 0.0, 0.0, 0.0, 0.0]}, "NSP14": {"data": [0, 0, 0, 0.0, 0.0, 0.0, 0, 0, 0, 0.0, 0.0, 0], "deviation": [0.0, 0.0, 0.0, 0.0, 0.0, 0.0, 0.0, 0.0, 0.0, 0.0, 0.0, 0.0]}, "NS3": {"data": [0, 0, 0, 0.0, 0.0, 0.0, 0, 0, 0, 0.0, 0.0, 0], "deviation": [0.0, 0.0, 0.4385290096535146, 0.0, 0.3979585917202717, 0.23543547789870936, 0.25265342404003527, 0.4522065654840501, 0.0, 0.0, 0.0, 0.0]}, "NSP15": {"data": [0, 0, 0, 0.0, 0.0, 0.0, 0, 0, 0, 0.0, 0.0, 0], "deviation": [0.0, 0.0, 0.0, 0.0, 0.0, 0.0, 0.0, 0.0, 0.0, 0.0, 0.0, 0.0]}, "NSP16": {"data": [0, 0, 0, 0.0, 0.0, 0.0, 0, 0, 0, 0.0, 0.0, 0], "deviation": [0.0, 0.0, 0.0, 0.0, 0.0, 0.0, 0.0, 0.0, 0.0, 0.0, 0.0, 0.0]}, "NS9b": {"data": [0, 0, 0, 0.0, 0.0, 0.0, 0, 0, 0, 0.0, 0.0, 0], "deviation": [0.0, 0.0, 0.0, 0.0, 0.0, 0.0, 0.0, 0.0, 0.0, 0.0, 0.0, 0.0]}, "NS6": {"data": [0, 0, 0, 0.0, 0.0, 0.0, 0, 0, 0, 0.0, 0.0, 0], "deviation": [0.0, 0.0, 0.0, 0.0, 0.0, 0.0, 0.0, 0.0, 0.0, 0.0, 0.0, 0.0]}, "NS9c": {"data": [0, 0, 0, 0.0, 0.0, 0.0, 0, 0, 0, 0.0, 0.0, 0], "deviation": [0.0, 0.0, 0.0, 0.0, 0.0, 0.0, 0.0, 0.0, 0.0, 0.0, 0.0, 0.0]}, "NSP1": {"data": [0, 0, 0, 0.0, 0.0, 0.0, 0, 0, 0, 0.0, 0.0, 0], "deviation": [0.0, 0.0, 0.0, 0.0, 0.0, 0.0, 0.0, 0.32163376045133846, 0.29559878344928797, 0.0, 0.0, 0.39056673294247163]}, "NSP2": {"data": [0, 0, 0, 0.0, 0.0, 0.0, 0, 0, 0, 0.0, 0.0, 0], "deviation": [0.0, 0.0, 0.0, 0.0, 0.0, 0.0, 0.0, 0.0, 0.0, 0.0, 0.0, 0.0]}, "NS8": {"data": [0, 0, 0, 0.0, 0.0, 0.0, 0, 0, 0, 0.0, 0.0, 0], "deviation": [0.0, 0.0, 0.0, 0.0, 0.0, 0.0, 0.0, 0.0, 0.0, 0.0, 0.0, 0.0]}, "NSP3": {"data": [0, 0, 0, 0.0, 0.0, 0.0, 0, 0, 0, 0.0, 0.0, 0], "deviation": [0.0, 0.0, 0.0, 0.0, 0.0, 0.0, 0.4184497306214024, 0.0, 0.0, 0.0, 0.0, 0.0]}}, "missense": {"NSP4": {"data": [0, 0, 0, 0.0, 0.0, 0.0, 0, 0, 0, 0.0, 2.0, 2], "deviation": [0.37796447300922725, 0.674199862463242, 0.48038446141526137, 0.0, 0.5899484856207994, 0.269069117598525, 0.2559514328173097, 0.15073552182801672, 0.1689825771046658, 0.5010810823432182, 0.408248290463863, 0.365041649945876]}, "E": {"data": [0, 1, 0, 1.0, 0.0, 0.0, 1, 1, 1, 1.0, 0.0, 0], "deviation": [0.0, 0.5222329678670935, 0.5063696835418333, 0.36634754853252327, 0.5045045954972344, 0.42543562981151706, 0.38854149763853535, 0.18641369806709912, 0.3897604295736685, 0.39477101697586137, 0.0, 0.0]}, "NS7a": {"data": [0, 0, 0, 0.0, 0.0, 0.0, 0, 0, 0, 0.0, 2.0, 2], "deviation": [0.37796447300922725, 0.46709936649691375, 0.0, 0.0, 0.19418390934515434, 0.23543547789870936, 0.19854094572374473, 0.2106493822826957, 0.333713850961035, 0.5679003631895497, 0.0, 0.4496898080194689]}, "NSP5": {"data": [0, 0, 0, 1.0, 1.0, 1.0, 1, 1, 1, 1.0, 0.0, 0], "deviation": [0.37796447300922725, 0.6875516509523286, 0.5188745216627708, 0.5026246899500346, 0.6463728710165083, 0.7570682517832987, 0.28669108954049793, 0.3998128404696844, 0.30322839345135294, 0.42640143271122083, 0.0, 0.3928049560394925]}, "NS7b": {"data": [0, 0, 0, 0.0, 0.0, 0.0, 0, 0, 0, 0.0, 1.0, 1], "deviation": [0.0, 0.0, 0.2773500981126146, 0.0, 0.13867504905630726, 0.0, 0.14187529518897737, 0.0, 0.0, 0.21320071635561044, 0.0, 0.31428116006932044]}, "NSP6": {"data": [0, 0, 0, 0.0, 0.0, 0.0, 0, 0, 0, 0.0, 1.0, 1], "deviation": [0.37796447300922725, 0.0, 0.0, 0.0, 0.0, 0.3446422500840349, 0.4322520792682019, 0.18352338815966715, 3.9380313120754553, 0.5504818825631803, 0.0, 0.2603778219616477]}, "NSP7": {"data": [0, 0, 0, 0.0, 0.0, 0.0, 0, 0, 0, 0.0, 0.0, 0], "deviation": [0.0, 0.0, 0.0, 0.0, 0.13867504905630726, 0.13867504905630726, 0.1839218027367766, 0.10721125348377948, 0.0, 0.0, 0.0, 0.0]}, "NSP8": {"data": [0, 0, 0, 0.0, 0.0, 0.0, 0, 0, 0, 0.0, 0.0, 0], "deviation": [0.0, 0.30151134457776363, 0.2773500981126146, 0.30779350562554625, 0.269069117598525, 0.32260253903223585, 0.18188382512203038, 0.0, 0.0985329278164293, 0.0, 0.0, 0.0]}, "Spike": {"data": [1, 3, 2, 4.0, 3.0, 3.0, 7, 5, 5, 8.0, 7.5, 7], "deviation": [0.5345224838248488, 1.3280197150781925, 1.2659242088545832, 1.1742858972247996, 1.0541521723229872, 1.9768646809575754, 2.0017697882046233, 1.9695625632927747, 2.302011634876008, 1.6877454928053721, 1.1690451944500122, 0.684639858485468]}, "NSP9": {"data": [0, 0, 0, 0.0, 0.0, 0.0, 0, 0, 0, 0.0, 0.0, 0], "deviation": [0.0, 0.0, 0.0, 0.0, 0.0, 0.0, 0.08247860988423225, 0.10721125348377948, 0.2837700020247292, 0.21320071635561044, 0.0, 0.13018891098082386]}, "NSP10": {"data": [0, 0, 0, 0.0, 0.0, 0.0, 0, 0, 0, 0.0, 0.0, 0], "deviation": [0.0, 0.0, 0.0, 0.0, 0.0, 0.0, 0.08247860988423225, 0.10721125348377948, 0.0985329278164293, 0.0, 0.0, 0.13018891098082386]}, "NSP11": {"data": [0, 0, 0, 0.0, 0.0, 0.0, 0, 0, 0, 0.0, 0.0, 0], "deviation": [0.0, 0.0, 0.0, 0.0, 0.0, 0.0, 0.0, 0.0, 0.0, 0.0, 0.0, 0.0]}, "NSP12": {"data": [1, 1, 1, 1.0, 1.0, 1.0, 1, 1, 1, 1.0, 2.0, 2], "deviation": [0.0, 0.0, 0.48038446141526137, 0.30779350562554625, 0.3820047143818447, 0.5717718748968657, 0.42802748695285603, 0.3865556717425342, 0.2837700020247292, 0.4767312946227962, 0.5163977794943222, 0.6048701625149621]}, "M": {"data": [0, 0, 0, 0.0, 0.0, 0.0, 0, 0, 0, 0.0, 1.0, 1], "deviation": [0.0, 0.0, 0.0, 0.0, 0.0, 0.13867504905630726, 0.2747403277525853, 0.10721125348377948, 0.0985329278164293, 0.21320071635561044, 0.408248290463863, 0.182520824972938]}, "NSP13": {"data": [1, 0, 0, 0.0, 0.0, 1.0, 0, 0, 0, 0.0, 1.0, 1],