{"indel": {"NSP4": {"data": [0.0, 0, 0.0, 0.0, 0.0, 0, 0, 0.0, 0.0], "deviation": [0.0, 0.0, 0.0, 0.0, 0.0, 0.0, 0.0, 0.0, 0.0]}, "E": {"data": [0.0, 0, 0.0, 0.0, 0.0, 0, 0, 0.0, 0.0], "deviation": [0.0, 0.0, 0.0, 0.0, 0.0, 0.0, 0.0, 0.0, 0.0]}, "NS7a": {"data": [0.0, 0, 0.0, 0.0, 0.0, 0, 0, 0.0, 0.0], "deviation": [0.0, 0.0, 0.0, 0.0, 0.0, 0.0, 0.0, 0.0, 0.0]}, "NSP5": {"data": [0.0, 0, 0.0, 0.0, 0.0, 0, 0, 0.0, 0.0], "deviation": [0.0, 0.0, 0.0, 0.0, 0.0, 0.0, 0.0, 0.0, 0.0]}, "NS7b": {"data": [0.0, 0, 0.0, 0.0, 0.0, 0, 0, 0.0, 0.0], "deviation": [0.0, 0.0, 0.0, 0.0, 0.0, 0.0, 0.0, 0.0, 0.0]}, "NSP6": {"data": [0.0, 0, 0.0, 0.0, 0.0, 0, 0, 0.0, 0.0], "deviation": [0.0, 0.0, 0.0, 0.0, 0.0, 0.0, 0.0, 0.0, 0.0]}, "NSP7": {"data": [0.0, 0, 0.0, 0.0, 0.0, 0, 0, 0.0, 0.0], "deviation": [0.0, 0.0, 0.0, 0.0, 0.0, 0.0, 0.0, 0.0, 0.0]}, "NSP8": {"data": [0.0, 0, 0.0, 0.0, 0.0, 0, 0, 0.0, 0.0], "deviation": [0.0, 0.0, 0.0, 0.0, 0.0, 0.0, 0.0, 0.0, 0.0]}, "Spike": {"data": [0.0, 0, 0.0, 0.0, 0.0, 0, 0, 0.0, 2.0], "deviation": [0.0, 0.0, 0.0, 0.0, 0.0, 0.0, 0.0, 0.816496580927726, 0.0]}, "NSP9": {"data": [0.0, 0, 0.0, 0.0, 0.0, 0, 0, 0.0, 0.0], "deviation": [0.0, 0.0, 0.0, 0.0, 0.0, 0.0, 0.0, 0.0, 0.0]}, "NSP10": {"data": [0.0, 0, 0.0, 0.0, 0.0, 0, 0, 0.0, 0.0], "deviation": [0.0, 0.0, 0.0, 0.0, 0.0, 0.0, 0.0, 0.0, 0.0]}, "NSP11": {"data": [0.0, 0, 0.0, 0.0, 0.0, 0, 0, 0.0, 0.0], "deviation": [0.0, 0.0, 0.0, 0.0, 0.0, 0.0, 0.0, 0.0, 0.0]}, "NSP12": {"data": [0.0, 0, 0.0, 0.0, 0.0, 0, 0, 0.0, 0.0], "deviation": [0.0, 0.0, 0.0, 0.0, 0.0, 0.0, 0.0, 0.0, 0.0]}, "M": {"data": [0.0, 0, 0.0, 0.0, 0.0, 0, 0, 0.0, 0.0], "deviation": [0.0, 0.0, 0.0, 0.0, 0.0, 0.0, 0.0, 0.0, 0.0]}, "NSP13": {"data": [0.0, 0, 0.0, 0.0, 0.0, 0, 0, 0.0, 0.0], "deviation": [0.0, 0.0, 0.0, 0.0, 0.0, 0.0, 0.0, 0.0, 0.0]}, "N": {"data": [0.0, 0, 0.0, 0.0, 0.0, 0, 0, 0.0, 0.0], "deviation": [0.0, 0.0, 0.0, 0.0, 0.0, 0.0, 0.0, 0.0, 0.0]}, "NSP14": {"data": [0.0, 0, 0.0, 0.0, 0.0, 0, 0, 0.0, 0.0], "deviation": [0.0, 0.0, 0.0, 0.0, 0.0, 0.0, 0.0, 0.0, 0.0]}, "NS3": {"data": [0.0, 0, 0.0, 0.0, 0.0, 0, 0, 0.0, 0.0], "deviation": [0.0, 0.0, 0.0, 0.0, 0.0, 0.0, 0.0, 0.0, 0.0]}, "NSP15": {"data": [0.0, 0, 0.0, 0.0, 0.0, 0, 0, 0.0, 0.0], "deviation": [0.0, 0.447213595499958, 0.0, 0.0, 0.0, 0.0, 0.447213595499958, 0.0, 0.0]}, "NSP16": {"data": [0.0, 0, 0.0, 0.0, 0.0, 0, 0, 0.0, 0.0], "deviation": [0.0, 0.0, 0.0, 0.0, 0.0, 0.0, 0.0, 0.0, 0.0]}, "NS9b": {"data": [0.0, 0, 0.0, 0.0, 0.0, 0, 0, 0.0, 0.0], "deviation": [0.0, 0.0, 0.0, 0.0, 0.0, 0.0, 0.0, 0.0, 0.0]}, "NS6": {"data": [0.0, 0, 0.0, 0.0, 0.0, 0, 0, 0.0, 0.0], "deviation": [0.0, 0.0, 0.0, 0.0, 0.0, 0.0, 0.0, 0.0, 0.0]}, "NS9c": {"data": [0.0, 0, 0.0, 0.0, 0.0, 0, 0, 0.0, 0.0], "deviation": [0.0, 0.0, 0.0, 0.0, 0.0, 0.0, 0.0, 0.0, 0.0]}, "NSP1": {"data": [0.0, 0, 0.0, 0.0, 0.0, 0, 0, 0.0, 0.0], "deviation": [0.0, 0.0, 0.0, 0.6708203932499369, 0.0, 0.0, 0.0, 0.0, 0.0]}, "NSP2": {"data": [0.0, 0, 0.0, 0.0, 0.0, 0, 0, 0.0, 0.0], "deviation": [0.0, 0.0, 0.0, 0.4472135954999579, 0.0, 0.0, 0.0, 0.0, 0.0]}, "NS8": {"data": [0.0, 0, 0.0, 0.0, 0.0, 0, 0, 0.0, 0.0], "deviation": [0.0, 0.0, 0.0, 0.0, 0.0, 0.0, 0.0, 0.0, 0.0]}, "NSP3": {"data": [0.0, 0, 0.0, 0.0, 0.0, 0, 0, 0.0, 0.0], "deviation": [0.0, 0.0, 0.0, 0.0, 6.640783086353596, 0.0, 0.0, 0.0, 0.0]}}, "missense": {"NSP4": {"data": [0.0, 0, 0.0, 0.0, 0.0, 0, 0, 1.0, 1.0], "deviation": [0.0, 0.0, 0.408248290463863, 0.22360679774997896, 0.42163702135578396, 0.0, 0.5477225575051661, 0.5163977794943222, 0.28867513459481287]}, "E": {"data": [0.0, 0, 0.0, 0.0, 0.0, 0, 0, 0.0, 0.0], "deviation": [0.0, 0.0, 0.0, 0.0, 0.0, 0.0, 0.0, 0.0, 0.0]}, "NS7a": {"data": [0.0, 0, 0.0, 0.0, 0.0, 0, 1, 3.0, 3.0], "deviation": [0.0, 0.0, 0.0, 0.0, 0.0, 0.44095855184409843, 1.3038404810405297, 1.0327955589886444, 0.621581560508061]}, "NSP5": {"data": [0.0, 0, 0.0, 0.0, 0.0, 0, 0, 0.0, 0.0], "deviation": [0.0, 0.0, 0.0, 0.30779350562554625, 0.0, 0.0, 0.0, 0.0, 0.0]}, "NS7b": {"data": [0.0, 0, 0.0, 0.0, 0.0, 0, 0, 0.0, 0.0], "deviation": [0.0, 0.0, 0.0, 0.0, 0.0, 0.0, 0.0, 0.0, 0.28867513459481287]}, "NSP6": {"data": [0.5, 1, 0.0, 1.0, 1.0, 1, 2, 1.0, 1.0], "deviation": [0.7071067811865476, 0.4472135954999579, 0.0, 0.5501196042201808, 0.0, 0.0, 0.5477225575051661, 0.408248290463863, 0.3892494720807615]}, "NSP7": {"data": [0.0, 0, 0.0, 0.0, 0.0, 0, 0, 0.0, 0.0], "deviation": [0.0, 0.0, 0.0, 0.0, 0.0, 0.0, 0.447213595499958, 0.0, 0.28867513459481287]}, "NSP8": {"data": [0.0, 0, 0.0, 0.0, 0.0, 0, 0, 0.0, 0.0], "deviation": [0.0, 0.0, 0.0, 0.22360679774997896, 0.0, 0.0, 0.0, 0.0, 0.49236596391733095]}, "Spike": {"data": [0.0, 1, 1.0, 1.0, 1.0, 2, 10, 9.5, 9.0], "deviation": [0.0, 0.0, 0.0, 0.5712405705774795, 0.0, 2.438123139721299, 0.8366600265340756, 0.816496580927726, 1.3706888336846839]}, "NSP9": {"data": [0.0, 0, 0.0, 0.0, 0.0, 0, 0, 0.0, 0.0], "deviation": [0.0, 0.0, 0.0, 0.0, 0.0, 0.0, 0.5477225575051661, 0.0, 0.0]}, "NSP10": {"data": [0.0, 0, 0.0, 0.0, 0.0, 0, 0, 0.0, 0.0], "deviation": [0.0, 0.0, 0.0, 0.0, 0.31622776601683794, 0.0, 0.0, 0.0, 0.0]}, "NSP11": {"data": [0.0, 0, 0.0, 0.0, 0.0, 0, 0, 0.0, 0.0], "deviation": [0.0, 0.0, 0.0, 0.0, 0.0, 0.0, 0.0, 0.0, 0.0]}, "NSP12": {"data": [0.5, 1, 1.0, 1.0, 1.0, 1, 1, 2.0, 2.0], "deviation": [0.7071067811865476, 0.0, 0.408248290463863, 0.4442616583193193, 0.0, 0.0, 0.5477225575051661, 0.5163977794943222, 0.6685579234215215]}, "M": {"data": [0.0, 0, 0.0, 0.0, 0.0, 0, 1, 1.0, 1.0], "deviation": [0.0, 0.0, 0.0, 0.22360679774997896, 0.0, 0.44095855184409843, 0.5477225575051661, 0.0, 0.0]}, "NSP13": {"data": [0.0, 0, 0.0, 0.0, 0.0, 0, 1, 1.0, 2.0], "deviation": [0.0, 0.0, 0.0, 0.22360679774997896, 0.0, 1.0, 0.8944271909999159, 1.0327955589886444, 0.5149286505444373]}, "N": {"data": [0.5, 1, 1.0, 1.0, 1.0, 1, 4, 2.0, 5.0], "deviation": [0.7071067811865476, 0.4472135954999579, 0.6324555320336759, 0.22360679774997896, 0.0, 0.9999999999999999, 2.073644135332772, 2.401388487243717, 0.7977240352174656]}, "NSP14": {"data": [0.0, 0, 0.0, 0.0, 0.0, 0, 0, 0.0, 0.0], "deviation": [0.0, 0.0, 0.408248290463863, 0.41039134083406165, 0.31622776601683794, 0.0, 0.0, 0.0, 0.28867513459481287]}, "NS3": {"data": [0.0, 0, 1.0, 1.0, 1.0, 1, 1, 1.0, 1.0], "deviation": [0.0, 0.447213595499958, 0.408248290463863, 0.3940344628262062, 0.4216370213557839, 0.33333333333333337, 1.0, 0.5163977794943222, 0.3892494720807615]}, "NSP15": {"data": [0.0, 0, 0.0, 0.0, 0.0, 0, 0, 1.0, 1.0], "deviation": [0.0, 0.447213595499958, 0.0, 0.0, 0.0, 1.0, 1.3038404810405297, 1.0327955589886444, 0.3892494720807615]}, "NSP16": {"data": [0.0, 0, 0.0, 0.0, 0.0, 0, 0, 0.0, 0.0], "deviation": [0.0, 0.0, 0.0, 0.0, 0.31622776601683794, 0.0, 0.0, 0.0, 0.0]}, "NS9b": {"data": [0.0, 0, 0.0, 0.0, 0.0, 0, 0, 0.0, 0.0], "deviation": [0.0, 0.0, 0.0, 0.0, 0.0, 0.0, 0.0, 0.0, 0.0]}, "NS6": {"data": [0.0, 0, 0.0, 0.0, 0.0, 0, 0, 0.0, 0.0], "deviation": [0.0, 0.0, 0.408248290463863, 0.0, 0.0, 0.0, 0.0, 0.0, 0.0]}, "NS9c": {"data": [0.0, 0, 0.0, 0.0, 0.0, 0, 0, 0.0, 0.0], "deviation": [0.0, 0.0, 0.0, 0.0, 0.0, 0.0, 0.0, 0.0, 0.0]}, "NSP1": {"data": [0.0, 0, 0.0, 0.0, 0.0, 0, 0, 0.0, 0.0], "deviation": [0.0, 0.0, 0.408248290463863, 0.0, 0.0, 0.0, 0.0, 0.0, 0.0]}, "NSP2": {"data": [0.0, 0, 0.5, 0.0, 0.0, 0, 0, 1.5, 1.0], "deviation": [0.0, 0.447213595499958, 0.5477225575051661, 0.22360679774997896, 0.0, 0.3333333333333333, 1.0954451150103321, 0.983192080250175, 0.7929614610987591]}, "NS8": {"data": [0.0, 0, 0.0, 0.0, 0.0, 0, 1, 0.0, 0.0], "deviation": [0.0, 0.0, 0.0, 0.0, 0.0, 0.0, 1.5165750888103102, 0.0, 0.0]}, "NSP3": {"data": [0.5, 3, 0.0, 0.0, 0.0, 0, 2, 2.0, 2.0], "deviation": [0.7071067811865476, 0.5477225575051661, 0.408248290463863, 0.22360679774997896, 0.0, 0.3333333333333333, 2.04939015319192, 0.752772652709081, 1.4668044012461754]}}, "labels": ["01/2020", "04/2020", "05/2020", "08/2020", "09/2020", "01/2021", "05/2021", "06/2021", "07/2021"]}