{"indel": {"NSP4": {"data": [0, 0.0, 0.0, 0, 0, 0, 0, 0.0, 0, 0.0], "deviation": [0.0, 0.0, 0.0, 0.0, 0.0, 0.0, 0.0, 0.0, 0.0, 0.0]}, "E": {"data": [0, 0.0, 0.0, 0, 0, 0, 0, 0.0, 0, 0.0], "deviation": [0.0, 0.0, 0.0, 0.0, 0.0, 0.0, 0.0, 0.0, 0.0, 0.0]}, "NS7a": {"data": [0, 0.0, 0.0, 0, 0, 0, 0, 0.0, 0, 0.0], "deviation": [0.0, 0.0, 0.0, 0.0, 0.0, 0.0, 0.0, 0.0, 0.0, 0.0]}, "NSP5": {"data": [0, 0.0, 0.0, 0, 0, 0, 0, 0.0, 0, 0.0], "deviation": [0.0, 0.0, 0.0, 0.0, 0.0, 0.0, 0.0, 0.0, 0.0, 0.0]}, "NS7b": {"data": [0, 0.0, 0.0, 0, 0, 0, 0, 0.0, 0, 0.0], "deviation": [0.0, 0.0, 0.0, 0.0, 0.0, 0.0, 0.0, 0.0, 0.0, 0.0]}, "NSP6": {"data": [0, 0.0, 0.0, 0, 0, 0, 3, 3.0, 0, 0.0], "deviation": [0.0, 0.0, 1.449137674618944, 1.7320508075688772, 1.1338934190276817, 1.4763086328702342, 1.4526003741187568, 1.2890067732709791, 0.0, 0.0]}, "NSP7": {"data": [0, 0.0, 0.0, 0, 0, 0, 0, 0.0, 0, 0.0], "deviation": [0.0, 0.0, 0.0, 0.0, 0.0, 0.0, 0.0, 0.0, 0.0, 0.0]}, "NSP8": {"data": [0, 0.0, 0.0, 0, 0, 0, 0, 0.0, 0, 0.0], "deviation": [0.0, 0.0, 0.0, 0.0, 0.0, 0.0, 0.0, 0.0, 0.0, 0.0]}, "Spike": {"data": [0, 0.0, 0.0, 0, 0, 0, 1, 1.0, 2, 2.0], "deviation": [0.0, 0.0, 1.2649110640673518, 0.0, 0.0, 1.3846945213219113, 0.5449701654246841, 0.5602197371087115, 0.0, 0.0]}, "NSP9": {"data": [0, 0.0, 0.0, 0, 0, 0, 0, 0.0, 0, 0.0], "deviation": [0.0, 0.0, 0.0, 0.0, 0.0, 0.0, 0.0, 0.0, 0.0, 0.0]}, "NSP10": {"data": [0, 0.0, 0.0, 0, 0, 0, 0, 0.0, 0, 0.0], "deviation": [0.0, 0.0, 0.0, 0.0, 0.0, 0.0, 0.0, 0.0, 0.0, 0.0]}, "NSP11": {"data": [0, 0.0, 0.0, 0, 0, 0, 0, 0.0, 0, 0.0], "deviation": [0.0, 0.0, 0.0, 0.0, 0.0, 0.0, 0.0, 0.0, 0.0, 0.0]}, "NSP12": {"data": [0, 0.0, 0.0, 0, 0, 0, 0, 0.0, 0, 0.0], "deviation": [0.0, 0.0, 0.0, 0.0, 0.0, 0.0, 0.0, 0.0, 0.0, 0.0]}, "M": {"data": [0, 0.0, 0.0, 0, 0, 0, 0, 0.0, 0, 0.0], "deviation": [0.0, 0.0, 0.0, 0.0, 0.0, 0.0, 0.0, 0.0, 0.0, 0.0]}, "NSP13": {"data": [0, 0.0, 0.0, 0, 0, 0, 0, 0.0, 0, 0.0], "deviation": [0.0, 0.0, 0.0, 0.0, 0.0, 0.0, 0.0, 0.0, 0.0, 0.0]}, "N": {"data": [0, 0.0, 0.0, 0, 0, 0, 0, 0.0, 0, 0.0], "deviation": [0.0, 0.0, 0.0, 0.0, 0.0, 0.0, 0.0, 0.0, 0.0, 0.0]}, "NSP14": {"data": [0, 0.0, 0.0, 0, 0, 0, 0, 0.0, 0, 0.0], "deviation": [0.0, 0.0, 0.0, 0.0, 0.0, 0.0, 0.0, 0.0, 0.0, 0.0]}, "NS3": {"data": [0, 0.0, 0.0, 0, 0, 0, 0, 0.0, 0, 0.0], "deviation": [0.0, 0.0, 0.0, 0.0, 0.0, 0.0, 0.0, 0.0, 0.0, 0.0]}, "NSP15": {"data": [0, 0.0, 0.0, 0, 0, 0, 0, 0.0, 0, 0.0], "deviation": [0.0, 0.0, 0.0, 0.0, 0.0, 0.0, 0.0, 0.0, 0.0, 0.0]}, "NSP16": {"data": [0, 0.0, 0.0, 0, 0, 0, 0, 0.0, 0, 0.0], "deviation": [0.0, 0.0, 0.0, 0.0, 0.0, 0.0, 0.0, 0.0, 0.0, 0.0]}, "NS9b": {"data": [0, 0.0, 0.0, 0, 0, 0, 0, 0.0, 0, 0.0], "deviation": [0.0, 0.0, 0.0, 0.0, 0.0, 0.0, 0.0, 0.0, 0.0, 0.0]}, "NS6": {"data": [0, 0.0, 0.0, 0, 0, 0, 0, 0.0, 0, 0.0], "deviation": [0.0, 0.0, 0.0, 0.0, 0.0, 0.0, 0.086710996952412, 0.0, 0.0, 0.0]}, "NS9c": {"data": [0, 0.0, 0.0, 0, 0, 0, 0, 0.0, 0, 0.0], "deviation": [0.0, 0.0, 0.0, 0.0, 0.0, 0.0, 0.0, 0.0, 0.0, 0.0]}, "NSP1": {"data": [0, 0.0, 0.0, 0, 0, 0, 0, 0.0, 0, 0.0], "deviation": [0.0, 0.0, 0.0, 0.0, 0.0, 0.0, 0.0, 0.0, 0.0, 1.224744871391589]}, "NSP2": {"data": [0, 0.0, 0.0, 0, 0, 0, 0, 0.0, 0, 0.0], "deviation": [0.0, 0.0, 0.0, 0.0, 0.0, 0.0, 0.0, 0.0, 0.0, 0.0]}, "NS8": {"data": [0, 0.0, 0.0, 0, 0, 0, 0, 0.0, 0, 0.0], "deviation": [0.0, 0.0, 0.0, 0.0, 0.0, 0.0, 0.0, 0.0, 0.0, 0.0]}, "NSP3": {"data": [0, 0.0, 0.0, 0, 0, 0, 0, 0.0, 0, 0.0], "deviation": [0.0, 0.0, 0.0, 0.0, 0.0, 0.0, 0.0, 0.0, 0.0, 0.0]}}, "missense": {"NSP4": {"data": [0, 0.0, 0.0, 1, 0, 0, 0, 0.0, 2, 2.0], "deviation": [0.447213595499958, 0.5, 0.0, 0.5773502691896257, 0.4879500364742666, 0.5091750772173156, 0.5190602651881987, 0.533493565673837, 0.0, 0.0]}, "E": {"data": [0, 0.0, 0.0, 0, 0, 0, 1, 1.0, 0, 0.0], "deviation": [0.0, 0.0, 0.42163702135578396, 0.0, 0.37796447300922725, 0.44657608470472243, 0.48806675697264085, 0.47067872433164165, 0.0, 0.0]}, "NS7a": {"data": [0, 0.0, 0.0, 1, 0, 0, 0, 0.0, 2, 2.0], "deviation": [0.5477225575051661, 0.0, 0.31622776601683794, 0.5773502691896257, 0.5345224838248488, 0.2668802563418119, 0.28758784208880117, 0.533493565673837, 0.0, 0.0]}, "NSP5": {"data": [0, 0.0, 0.0, 1, 1, 1, 1, 1.0, 0, 0.0], "deviation": [0.894427190999916, 0.5, 0.42163702135578396, 0.5773502691896257, 0.7559289460184544, 0.6558958989042623, 0.5695029070827176, 0.5602197371087115, 0.0, 0.0]}, "NS7b": {"data": [0, 0.0, 0.0, 0, 0, 0, 0, 0.0, 1, 1.0], "deviation": [0.0, 0.0, 0.0, 0.0, 0.0, 0.19245008972987526, 0.086710996952412, 0.19611613513818404, 0.0, 0.0]}, "NSP6": {"data": [0, 0.0, 0.0, 0, 0, 0, 0, 0.0, 1, 1.0], "deviation": [0.0, 0.5, 0.0, 0.0, 0.0, 0.2668802563418119, 0.4665869150354483, 0.4296689244236597, 0.0, 0.0]}, "NSP7": {"data": [0, 0.0, 0.0, 0, 0, 0, 0, 0.0, 0, 0.0], "deviation": [0.0, 0.0, 0.0, 0.0, 0.0, 0.19245008972987526, 0.0, 0.0, 0.0, 0.0]}, "NSP8": {"data": [0, 0.0, 0.0, 0, 0, 0, 0, 0.0, 0, 0.0], "deviation": [0.0, 0.5, 0.0, 0.0, 0.0, 0.0, 0.086710996952412, 0.271746488194703, 0.0, 0.0]}, "Spike": {"data": [2, 2.5, 2.0, 3, 3, 3, 6, 6.5, 7, 7.0], "deviation": [0.7071067811865476, 0.9574271077563381, 2.6331223544175333, 1.0, 0.6900655593423543, 2.8599802760661093, 2.683077776882566, 2.006144407717297, 0.7071067811865476, 0.6324555320336759]}, "NSP9": {"data": [0, 0.0, 0.0, 1, 0, 0, 0, 0.0, 0, 0.0], "deviation": [0.447213595499958, 0.5, 0.31622776601683794, 0.5773502691896257, 0.4879500364742666, 0.5063696835418333, 0.4323709452692853, 0.3258125936084211, 0.0, 0.0]}, "NSP10": {"data": [0, 0.0, 0.0, 0, 0, 0, 0, 0.0, 0, 0.0], "deviation": [0.447213595499958, 0.0, 0.0, 0.0, 0.0, 0.0, 0.12216248531529497, 0.0, 0.0, 0.0]}, "NSP11": {"data": [0, 0.0, 0.0, 0, 0, 0, 0, 0.0, 0, 0.0], "deviation": [0.0, 0.0, 0.0, 0.0, 0.0, 0.0, 0.0, 0.0, 0.0, 0.0]}, "NSP12": {"data": [2, 2.0, 2.0, 1, 2, 1, 2, 1.0, 2, 2.0], "deviation": [0.5477225575051661, 0.5, 1.286683937707919, 1.0, 0.7559289460184544, 0.8883545402449347, 0.7229594125149741, 0.4961389383568338, 0.0, 0.0]}, "M": {"data": [1, 1.0, 1.0, 0, 0, 0, 0, 0.0, 1, 1.0], "deviation": [0.4472135954999579, 0.5, 0.6324555320336759, 0.0, 0.4879500364742666, 0.32025630761017426, 0.40375882570784605, 0.271746488194703, 0.0, 0.0]}, "NSP13": {"data": [0, 0.0, 0.0, 0, 0, 0, 0, 0.0, 1, 1.0], "deviation": [0.447213595499958, 0.0, 0.31622776601683794, 0.5773502691896258, 0.37796447300922725, 0.4833407013879895, 0.4400749744528395, 0.36794648440311994, 0.0, 0.5163977794943222]}, "N": {"data": [2, 2.0, 2.0, 2, 2, 2, 2, 1.0, 4, 4.0], "deviation": [0.4472135954999579, 0.5, 0.7888106377466155, 1.1547005383792515, 0.5773502691896257, 0.8770580193070292, 0.8168453173639612, 1.4142135623730951, 0.0, 0.0]}, "NSP14": {"data": [0, 0.0, 0.0, 0, 0, 0, 0, 0.0, 1, 1.0], "deviation": [0.0, 0.0, 0.31622776601683794, 0.0, 0.0, 0.0, 0.12216248531529497, 0.271746488194703, 0.44095855184409843, 0.408248290463863]}, "NS3": {"data": [0, 0.5, 0.0, 0, 0, 0, 2, 2.0, 1, 1.0], "deviation": [0.5477225575051661, 0.9574271077563381, 0.0, 0.0, 0.7867957924694431, 0.4833407013879895, 1.4240472905790111, 1.101746864686328, 0.0, 0.0]}, "NSP15": {"data": [0, 0.0, 0.0, 0, 0, 0, 0, 0.0, 0, 0.0], "deviation": [0.0, 0.0, 0.0, 0.0, 0.0, 0.32025630761017426, 0.12216248531529497, 0.0, 0.0, 0.0]}, "NSP16": {"data": [0, 0.0, 0.0, 0, 0, 0, 0, 0.0, 0, 0.0], "deviation": [0.447213595499958, 0.0, 0.31622776601683794, 0.5773502691896258, 0.37796447300922725, 0.3958473906635696, 0.31282308429655314, 0.271746488194703, 0.0, 0.0]}, "NS9b": {"data": [0, 0.0, 0.0, 0, 0, 0, 0, 0.0, 0, 0.0], "deviation": [0.0, 0.0, 0.0, 0.0, 0.0, 0.0, 0.0, 0.0, 0.0, 0.0]}, "NS6": {"data": [0, 0.0, 0.0, 0, 0, 0, 0, 0.0, 0, 0.0], "deviation": [0.0, 0.0, 0.0, 0.0, 0.37796447300922725, 0.36201399289824565, 0.2521269738374535, 0.4019184762342502, 0.0, 0.0]}, "NS9c": {"data": [0, 0.0, 0.0, 0, 0, 0, 0, 0.0, 0, 0.0], "deviation": [0.0, 0.0, 0.0, 0.0, 0.0, 0.0, 0.0, 0.0, 0.0, 0.0]}, "NSP1": {"data": [0, 0.0, 0.0, 0, 0, 0, 0, 0.0, 0, 0.0],