{"indel": {"NSP4": {"data": [0.0, 0.0, 0, 0.0, 0.0, 0.0, 0, 0, 0.0, 0, 0], "deviation": [0.0, 0.0, 0.0, 0.0, 0.0, 0.0, 0.0, 0.0, 0.0, 0.0, 0.0]}, "E": {"data": [0.0, 0.0, 0, 0.0, 0.0, 0.0, 0, 0, 0.0, 0, 0], "deviation": [0.0, 0.0, 0.0, 0.0, 0.0, 0.0, 0.0, 0.0, 0.0, 0.0, 0.0]}, "NS7a": {"data": [0.0, 0.0, 0, 0.0, 0.0, 0.0, 0, 0, 0.0, 0, 0], "deviation": [0.0, 0.0, 0.0, 0.0, 0.0, 0.0, 0.0, 0.0, 0.0, 0.0, 0.0]}, "NSP5": {"data": [0.0, 0.0, 0, 0.0, 0.0, 0.0, 0, 0, 0.0, 0, 0], "deviation": [0.0, 0.0, 0.0, 0.0, 0.0, 0.0, 0.0, 0.0, 0.0, 0.0, 0.0]}, "NS7b": {"data": [0.0, 0.0, 0, 0.0, 0.0, 0.0, 0, 0, 0.0, 0, 0], "deviation": [0.0, 0.0, 0.0, 0.0, 0.0, 0.0, 0.0, 0.0, 0.0, 0.0, 0.0]}, "NSP6": {"data": [0.0, 0.0, 0, 0.0, 0.0, 0.0, 3, 0, 0.0, 0, 0], "deviation": [0.0, 0.0, 0.0, 0.0, 0.0, 0.0, 1.5217718205053643, 0.0, 0.0, 0.0, 0.0]}, "NSP7": {"data": [0.0, 0.0, 0, 0.0, 0.0, 0.0, 0, 0, 0.0, 0, 0], "deviation": [0.0, 0.0, 0.0, 0.0, 0.0, 0.0, 0.0, 0.0, 0.0, 0.0, 0.0]}, "NSP8": {"data": [0.0, 0.0, 0, 0.0, 0.0, 0.0, 0, 0, 0.0, 0, 0], "deviation": [0.0, 0.0, 0.0, 0.0, 0.0, 0.0, 0.0, 0.0, 0.0, 0.0, 0.0]}, "Spike": {"data": [0.0, 0.0, 0, 0.0, 0.0, 0.5, 3, 0, 0.0, 0, 0], "deviation": [0.0, 0.0, 0.0, 0.0, 0.0, 0.7071067811865476, 1.26814318375447, 0.48507125007266594, 0.4326690864153608, 0.0, 0.4364357804719847]}, "NSP9": {"data": [0.0, 0.0, 0, 0.0, 0.0, 0.0, 0, 0, 0.0, 0, 0], "deviation": [0.0, 0.0, 0.0, 0.0, 0.0, 0.0, 0.22941573387056177, 0.0, 0.0, 0.0, 0.0]}, "NSP10": {"data": [0.0, 0.0, 0, 0.0, 0.0, 0.0, 0, 0, 0.0, 0, 0], "deviation": [0.0, 0.0, 0.0, 0.0, 0.0, 0.0, 0.0, 0.0, 0.0, 0.0, 0.0]}, "NSP11": {"data": [0.0, 0.0, 0, 0.0, 0.0, 0.0, 0, 0, 0.0, 0, 0], "deviation": [0.0, 0.0, 0.0, 0.0, 0.0, 0.0, 0.0, 0.0, 0.0, 0.0, 0.0]}, "NSP12": {"data": [0.0, 0.0, 0, 0.0, 0.0, 0.0, 0, 0, 0.0, 0, 0], "deviation": [0.0, 0.0, 0.0, 0.0, 0.0, 0.0, 0.0, 0.0, 0.0, 0.0, 0.0]}, "M": {"data": [0.0, 0.0, 0, 0.0, 0.0, 0.0, 0, 0, 0.0, 0, 0], "deviation": [0.0, 0.0, 0.0, 0.0, 0.0, 0.0, 0.0, 0.0, 0.0, 0.0, 0.0]}, "NSP13": {"data": [0.0, 0.0, 0, 0.0, 0.0, 0.0, 0, 0, 0.0, 0, 0], "deviation": [0.0, 0.0, 0.0, 0.0, 0.0, 0.0, 0.0, 0.0, 0.0, 0.0, 0.0]}, "N": {"data": [0.0, 0.0, 0, 0.0, 0.0, 0.0, 0, 0, 0.0, 0, 0], "deviation": [0.0, 0.0, 0.0, 0.0, 0.0, 0.0, 0.0, 0.0, 0.0, 0.0, 0.0]}, "NSP14": {"data": [0.0, 0.0, 0, 0.0, 0.0, 0.0, 0, 0, 0.0, 0, 0], "deviation": [0.0, 0.0, 0.0, 0.0, 0.0, 0.0, 0.0, 0.0, 0.0, 0.0, 0.0]}, "NS3": {"data": [0.0, 0.0, 0, 0.0, 0.0, 0.0, 0, 0, 0.0, 0, 0], "deviation": [0.0, 0.0, 0.0, 0.0, 0.0, 0.0, 0.0, 0.0, 0.0, 0.0, 0.0]}, "NSP15": {"data": [0.0, 0.0, 0, 0.0, 0.0, 0.0, 0, 0, 0.0, 0, 0], "deviation": [0.0, 0.0, 0.0, 0.0, 0.0, 0.0, 0.0, 0.0, 0.0, 0.0, 0.0]}, "NSP16": {"data": [0.0, 0.0, 0, 0.0, 0.0, 0.0, 0, 0, 0.0, 0, 0], "deviation": [0.0, 0.0, 0.0, 0.0, 0.0, 0.0, 0.0, 0.0, 0.0, 0.0, 0.0]}, "NS9b": {"data": [0.0, 0.0, 0, 0.0, 0.0, 0.0, 0, 0, 0.0, 0, 0], "deviation": [0.0, 0.0, 0.0, 0.0, 0.0, 0.0, 0.0, 0.0, 0.0, 0.0, 0.0]}, "NS6": {"data": [0.0, 0.0, 0, 0.0, 0.0, 0.0, 0, 0, 0.0, 0, 0], "deviation": [0.0, 0.0, 0.0, 0.0, 0.0, 0.0, 0.0, 0.0, 0.0, 0.0, 0.0]}, "NS9c": {"data": [0.0, 0.0, 0, 0.0, 0.0, 0.0, 0, 0, 0.0, 0, 0], "deviation": [0.0, 0.0, 0.0, 0.0, 0.0, 0.0, 0.0, 0.0, 0.0, 0.0, 0.0]}, "NSP1": {"data": [0.0, 0.0, 0, 0.0, 0.0, 0.0, 0, 0, 0.0, 0, 0], "deviation": [0.0, 0.0, 0.0, 0.0, 0.0, 0.0, 0.0, 0.0, 0.0, 0.0, 0.0]}, "NSP2": {"data": [0.0, 0.0, 0, 0.0, 0.0, 0.0, 0, 0, 0.0, 0, 0], "deviation": [0.0, 0.0, 0.0, 0.0, 0.0, 0.0, 0.0, 0.0, 0.0, 0.0, 0.0]}, "NS8": {"data": [0.0, 0.0, 0, 0.0, 0.0, 0.0, 0, 0, 0.0, 0, 0], "deviation": [0.0, 0.0, 0.0, 0.0, 0.0, 0.0, 0.0, 0.0, 0.0, 0.0, 0.0]}, "NSP3": {"data": [0.0, 0.0, 0, 0.0, 0.0, 0.0, 0, 0, 0.0, 0, 0], "deviation": [0.0, 0.0, 0.0, 0.0, 0.0, 0.0, 0.0, 0.0, 0.0, 0.0, 0.0]}}, "missense": {"NSP4": {"data": [0.0, 0.0, 0, 0.0, 0.0, 0.0, 0, 1, 2.0, 1, 2], "deviation": [0.0, 0.0, 0.3755338080994054, 0.0, 0.0, 0.0, 0.7685331969757723, 0.6359337738364604, 0.7184212081070996, 0.7554515674132066, 0.7837638128197258]}, "E": {"data": [0.0, 0.0, 0, 0.0, 0.0, 0.0, 0, 0, 0.0, 0, 0], "deviation": [0.0, 0.0, 0.0, 0.0, 0.0, 0.0, 0.3153017676423058, 0.24253562503633297, 0.2163345432076804, 0.2084090771399927, 0.21821789023599236]}, "NS7a": {"data": [0.0, 0.0, 0, 0.0, 0.0, 0.0, 0, 0, 0.0, 2, 2], "deviation": [0.0, 0.0, 0.0, 0.0, 0.0, 0.0, 0.5353033790313108, 0.9314757424772422, 1.010390230963274, 1.170771997746389, 0.9023778112773575]}, "NSP5": {"data": [0.0, 0.0, 0, 0.0, 0.0, 0.0, 0, 0, 0.0, 0, 0], "deviation": [0.0, 0.0, 0.2773500981126146, 0.0, 0.0, 0.0, 0.3746343246326776, 0.24253562503633297, 0.17812704394997528, 0.2084090771399927, 0.21821789023599236]}, "NS7b": {"data": [0.0, 0.0, 0, 0.0, 0.0, 0.0, 0, 0, 1.0, 0, 1], "deviation": [0.0, 0.0, 0.0, 0.0, 0.0, 0.0, 0.3153017676423058, 0.3929526239966879, 0.5346284732803652, 0.502518907629606, 0.49761335152811925]}, "NSP6": {"data": [0.0, 0.0, 0, 0.0, 0.0, 0.0, 0, 1, 1.0, 1, 1], "deviation": [0.0, 0.0, 0.0, 0.0, 0.0, 0.0, 0.4775669329409193, 0.6063390625908325, 0.6213204750642001, 0.5622825056513995, 0.6690433824641325]}, "NSP7": {"data": [0.0, 0.0, 0, 0.0, 0.0, 0.0, 0, 0, 0.0, 0, 0], "deviation": [0.0, 0.0, 0.2773500981126146, 0.0, 0.0, 0.0, 0.22941573387056177, 0.0, 0.0, 0.0, 0.0]}, "NSP8": {"data": [0.5, 0.0, 0, 0.0, 0.0, 0.0, 0, 0, 0.0, 0, 0], "deviation": [0.7071067811865476, 0.0, 0.2773500981126146, 0.0, 0.0, 0.0, 0.0, 0.0, 0.0, 0.0, 0.0]}, "Spike": {"data": [1.0, 2.0, 1, 0.0, 0.0, 2.5, 7, 5, 6.0, 6, 7], "deviation": [1.4142135623730951, 1.4142135623730951, 0.4385290096535146, 0.0, 0.0, 3.5355339059327378, 2.141213516125243, 2.8620231429162546, 1.4896079289953645, 1.513574937328539, 1.1547005383792515]}, "NSP9": {"data": [0.0, 0.0, 0, 0.0, 0.0, 0.0, 0, 0, 0.0, 0, 0], "deviation": [0.0, 0.0, 0.0, 0.0, 0.0, 0.0, 0.3746343246326776, 0.0, 0.1270001270001905, 0.14907119849998596, 0.21821789023599236]}, "NSP10": {"data": [0.0, 0.0, 0, 0.0, 0.0, 0.0, 0, 0, 0.0, 0, 0], "deviation": [0.0, 0.0, 0.0, 0.0, 0.0, 0.0, 0.0, 0.0, 0.0, 0.0, 0.0]}, "NSP11": {"data": [0.0, 0.0, 0, 0.0, 0.0, 0.0, 0, 0, 0.0, 0, 0], "deviation": [0.0, 0.0, 0.0, 0.0, 0.0, 0.0, 0.0, 0.0, 0.0, 0.0, 0.0]}, "NSP12": {"data": [0.5, 1.0, 1, 0.0, 0.0, 0.5, 1, 2, 2.0, 2, 2], "deviation": [0.7071067811865476, 0.0, 0.2773500981126146, 0.0, 0.0, 0.7071067811865476, 0.512989176042577, 0.5072996561958923, 0.47463420745151796, 0.4240259187808922, 0.3842122429322726]}, "M": {"data": [0.0, 0.0, 0, 0.0, 0.0, 0.0, 0, 1, 1.0, 1, 1], "deviation": [0.0, 0.0, 0.0, 0.0, 0.0, 0.0, 0.3153017676423058, 0.3321055820775357, 0.1270001270001905, 0.14907119849998599, 0.0]}, "NSP13": {"data": [0.0, 0.0, 0, 0.0, 0.0, 0.0, 0, 1, 1.0, 1, 1], "deviation": [0.0, 0.0, 0.4385290096535146, 0.0, 0.0, 0.0, 0.49559462778335206, 0.5622957145383871, 0.442338863334282, 0.29814239699997197, 0.3585685828003181]}, "N": {"data": [1.5, 1.5, 2, 0.0, 0.0, 0.5, 4, 2, 3.0, 3, 4], "deviation": [2.1213203435596424, 0.7071067811865476, 0.8320502943378437, 0.0, 0.0, 0.7071067811865476, 1.393384536958932, 1.0914103126634984, 0.8449307576322569, 0.874440658161813, 0.8047478161629565]}, "NSP14": {"data": [0.0, 0.0, 0, 0.0, 0.0, 0.0, 0, 0, 1.0, 1, 1], "deviation": [0.0, 0.0, 0.0, 0.0, 0.0, 0.0, 0.4188539082916955, 0.6242642728467978, 0.5753623005008688, 0.504524979109513, 0.7684244858645451]}, "NS3": {"data": [0.5, 1.0, 1, 0.0, 0.0, 1.0, 0, 1, 1.0, 1, 1], "deviation": [0.7071067811865476, 1.4142135623730951, 0.6504436355879909, 0.0, 0.0, 1.4142135623730951, 0.8852263727398502, 0.3929526239966879, 0.5253992966699716, 0.6451058953083719, 0.5895922723535711]}, "NSP15": {"data": [0.0, 0.5, 0, 0.0, 0.0, 0.0, 0, 0, 0.0, 0, 0], "deviation": [0.0, 0.7071067811865476, 0.2773500981126146, 0.0, 0.0, 0.0, 0.22941573387056177, 0.0, 0.35513904889601594, 0.4840903163082632, 0.5606119105813882]}, "NSP16": {"data": [0.0, 0.0, 0, 0.0, 0.0, 0.0, 0, 0, 0.0, 0, 0], "deviation": [0.0, 0.0, 0.2773500981126146, 0.0, 0.0, 0.0, 0.0, 0.0, 0.24767560367065308, 0.2522624895547565, 0.3585685828003181]},