{"indel": {"NSP4": {"data": [0.0, 0.0, 0.0, 0, 0.0, 0, 0, 0.0, 0, 0, 0, 0, 0.0, 0, 0.0, 0, 0, 0.0, 0, 0, 0.0], "deviation": [0.0, 0.0, 0.0, 0.0, 0.0, 0.0, 0.0, 0.0, 0.0, 0.0, 0.0, 0.0, 0.0, 0.0, 0.0, 0.0, 0.0, 0.0, 0.0, 0.0, 0.0]}, "E": {"data": [0.0, 0.0, 0.0, 0, 0.0, 0, 0, 0.0, 0, 0, 0, 0, 0.0, 0, 0.0, 0, 0, 0.0, 0, 0, 0.0], "deviation": [0.0, 0.0, 0.0, 0.0, 0.0, 0.0, 0.0, 0.0, 0.0, 0.0, 0.0, 0.0, 0.0, 0.0, 0.0, 0.0, 0.0, 0.0, 0.0, 0.0, 0.0]}, "NS7a": {"data": [0.0, 0.0, 0.0, 0, 0.0, 0, 0, 0.0, 0, 0, 0, 0, 0.0, 0, 0.0, 0, 0, 0.0, 0, 0, 0.0], "deviation": [0.0, 0.0, 0.0, 0.0, 0.0, 0.0, 0.0, 0.6431176973252628, 0.0, 0.0, 0.0, 0.5714285714285714, 0.0, 0.1643989873053573, 0.13130643285972254, 0.0, 0.0, 0.0, 0.0, 0.1518360128360016, 0.19069251784911848]}, "NSP5": {"data": [0.0, 0.0, 0.0, 0, 0.0, 0, 0, 0.0, 0, 0, 0, 0, 0.0, 0, 0.0, 0, 0, 0.0, 0, 0, 0.0], "deviation": [0.0, 0.0, 0.0, 0.0, 0.0, 0.0, 0.0, 0.0, 0.0, 0.0, 0.0, 0.0, 0.0, 0.0, 0.0, 0.0, 0.0, 0.0, 0.0, 0.0, 0.0]}, "NS7b": {"data": [0.0, 0.0, 0.0, 0, 0.0, 0, 0, 0.0, 0, 0, 0, 0, 0.0, 0, 0.0, 0, 0, 0.0, 0, 0, 0.0], "deviation": [0.0, 0.0, 0.0, 0.0, 0.0, 0.0, 0.0, 0.0, 0.0, 0.0, 0.14002800840280097, 0.14285714285714285, 0.0, 0.0, 0.0, 0.0, 0.0, 0.0, 0.0, 0.0, 0.0]}, "NSP6": {"data": [0.0, 0.0, 0.0, 0, 0.0, 0, 0, 0.0, 0, 0, 0, 0, 3.0, 3, 3.0, 3, 0, 0.0, 0, 0, 0.0], "deviation": [0.0, 0.0, 0.056796183424706485, 0.0, 0.0, 0.0, 0.0, 0.0, 0.0, 0.0, 0.0, 1.2216165268919335, 1.4192553379451192, 1.30487650860252, 1.2619663163753863, 1.332784974957958, 1.5389675281277313, 1.4127872245796547, 0.3611575592573076, 0.0, 0.0]}, "NSP7": {"data": [0.0, 0.0, 0.0, 0, 0.0, 0, 0, 0.0, 0, 0, 0, 0, 0.0, 0, 0.0, 0, 0, 0.0, 0, 0, 0.0], "deviation": [0.0, 0.0, 0.0, 0.0, 0.0, 0.0, 0.0, 0.0, 0.0, 0.0, 0.0, 0.0, 0.0, 0.0, 0.0, 0.0, 0.0, 0.0, 0.0, 0.0, 0.0]}, "NSP8": {"data": [0.0, 0.0, 0.0, 0, 0.0, 0, 0, 0.0, 0, 0, 0, 0, 0.0, 0, 0.0, 0, 0, 0.0, 0, 0, 0.0], "deviation": [0.0, 0.0, 0.0, 0.0, 0.0, 0.0, 0.0, 0.0, 0.0, 0.0, 0.0, 0.0, 0.0, 0.0, 0.0, 0.0, 0.0, 0.0, 0.0, 0.0, 0.0]}, "Spike": {"data": [0.0, 0.0, 0.0, 0, 0.0, 0, 0, 0.0, 0, 0, 0, 0, 1.0, 3, 3.0, 3, 2, 2.0, 2, 2, 2.0], "deviation": [0.06537204504606135, 0.0, 0.0, 0.0, 0.0, 0.0, 0.0, 0.1873171623163388, 0.0, 0.0, 0.36729002271272454, 1.1693361102674928, 1.5011382844589378, 1.30487650860252, 1.4103583614826385, 1.2632753704771322, 1.2841817655680772, 0.7822372794046079, 0.4311012089340692, 0.2004211258768111, 0.0]}, "NSP9": {"data": [0.0, 0.0, 0.0, 0, 0.0, 0, 0, 0.0, 0, 0, 0, 0, 0.0, 0, 0.0, 0, 0, 0.0, 0, 0, 0.0], "deviation": [0.0, 0.0, 0.0, 0.0, 0.0, 0.0, 0.0, 0.0, 0.0, 0.0, 0.0, 0.0, 0.0, 0.0, 0.0, 0.0, 0.0, 0.0, 0.0, 0.0, 0.0]}, "NSP10": {"data": [0.0, 0.0, 0.0, 0, 0.0, 0, 0, 0.0, 0, 0, 0, 0, 0.0, 0, 0.0, 0, 0, 0.0, 0, 0, 0.0], "deviation": [0.0, 0.0, 0.0, 0.0, 0.0, 0.0, 0.0, 0.0, 0.0, 0.0, 0.0, 0.0, 0.0, 0.0, 0.0, 0.0, 0.0, 0.0, 0.0, 0.0, 0.0]}, "NSP11": {"data": [0.0, 0.0, 0.0, 0, 0.0, 0, 0, 0.0, 0, 0, 0, 0, 0.0, 0, 0.0, 0, 0, 0.0, 0, 0, 0.0], "deviation": [0.0, 0.0, 0.0, 0.0, 0.0, 0.0, 0.0, 0.0, 0.0, 0.0, 0.0, 0.0, 0.0, 0.0, 0.0, 0.0, 0.0, 0.0, 0.0, 0.0, 0.0]}, "NSP12": {"data": [0.0, 0.0, 0.0, 0, 0.0, 0, 0, 0.0, 0, 0, 0, 0, 0.0, 0, 0.0, 0, 0, 0.0, 0, 0, 0.0], "deviation": [0.0, 0.0, 0.0, 0.0, 0.0, 0.0, 0.0, 0.0, 0.0, 0.0, 0.0, 0.0, 0.0, 0.0, 0.0, 0.0, 0.0, 0.0, 0.0, 0.0, 0.0]}, "M": {"data": [0.0, 0.0, 0.0, 0, 0.0, 0, 0, 0.0, 0, 0, 0, 0, 0.0, 0, 0.0, 0, 0, 0.0, 0, 0, 0.0], "deviation": [0.0, 0.0, 0.0, 0.0, 0.0, 0.0, 0.0, 0.0, 0.0, 0.0, 0.0, 0.0, 0.0, 0.0, 0.0, 0.0, 0.0, 0.0, 0.0, 0.0, 0.0]}, "NSP13": {"data": [0.0, 0.0, 0.0, 0, 0.0, 0, 0, 0.0, 0, 0, 0, 0, 0.0, 0, 0.0, 0, 0, 0.0, 0, 0, 0.0], "deviation": [0.0, 0.0, 0.0, 0.0, 0.0, 0.0, 0.0, 0.0, 0.0, 0.0, 0.0, 0.0, 0.0, 0.0, 0.0, 0.0, 0.0, 0.0, 0.0, 0.0, 0.0]}, "N": {"data": [0.0, 0.0, 0.0, 0, 0.0, 0, 0, 0.0, 0, 0, 0, 0, 0.0, 0, 0.0, 0, 0, 0.0, 0, 0, 0.0], "deviation": [0.0, 0.0, 0.0, 0.0, 0.0, 0.0, 0.0, 0.0, 0.0, 0.0, 0.0, 0.0, 0.0, 0.0, 0.0, 0.39735970711951313, 0.6882472016116853, 0.0, 0.0, 0.0, 0.0]}, "NSP14": {"data": [0.0, 0.0, 0.0, 0, 0.0, 0, 0, 0.0, 0, 0, 0, 0, 0.0, 0, 0.0, 0, 0, 0.0, 0, 0, 0.0], "deviation": [0.0, 0.0, 0.0, 0.0, 0.0, 0.0, 0.0, 0.0, 0.9999999999999999, 0.0, 0.0, 0.0, 0.0, 0.0, 0.0, 0.0, 0.0, 0.0, 0.0, 0.0, 0.0]}, "NS3": {"data": [0.0, 0.0, 0.0, 0, 0.0, 0, 0, 0.0, 0, 0, 0, 0, 0.0, 0, 0.0, 0, 0, 0.0, 0, 0, 0.0], "deviation": [0.06537204504606135, 0.0, 0.0, 0.0, 0.0, 0.0, 0.0, 0.0, 0.0, 1.4801572161819112, 0.0, 0.0, 0.0, 0.0, 0.0, 0.0, 0.0, 0.1767766952966369, 0.0, 0.0, 0.0]}, "NSP15": {"data": [0.0, 0.0, 0.0, 0, 0.0, 0, 0, 0.0, 0, 0, 0, 0, 0.0, 0, 0.0, 0, 0, 0.0, 0, 0, 0.0], "deviation": [0.0, 0.0, 0.0, 0.0, 0.0, 0.0, 0.0, 0.0, 0.0, 0.0, 0.0, 0.0, 0.0, 0.0, 0.0, 0.0, 0.0, 0.0, 0.0, 0.0, 0.0]}, "NSP16": {"data": [0.0, 0.0, 0.0, 0, 0.0, 0, 0, 0.0, 0, 0, 0, 0, 0.0, 0, 0.0, 0, 0, 0.0, 0, 0, 0.0], "deviation": [0.0, 0.0, 0.0, 0.0, 0.0, 0.0, 0.0, 0.0, 0.0, 0.0, 0.0, 0.0, 0.0, 0.0, 0.0, 0.0, 0.0, 0.0, 0.0, 0.0, 0.0]}, "NS9b": {"data": [0.0, 0.0, 0.0, 0, 0.0, 0, 0, 0.0, 0, 0, 0, 0, 0.0, 0, 0.0, 0, 0, 0.0, 0, 0, 0.0], "deviation": [0.0, 0.0, 0.0, 0.0, 0.0, 0.0, 0.0, 0.0, 0.0, 0.0, 0.0, 0.0, 0.0, 0.0, 0.0, 0.0, 0.0, 0.0, 0.0, 0.0, 0.0]}, "NS6": {"data": [0.0, 0.0, 0.0, 0, 0.0, 0, 0, 0.0, 0, 0, 0, 0, 0.0, 0, 0.0, 0, 0, 0.0, 0, 0, 0.0], "deviation": [0.0, 0.0, 0.0, 0.0, 0.0, 0.0, 0.0, 0.0, 0.0, 0.0, 0.0, 0.0, 0.0, 0.0, 0.0, 0.0, 0.0, 0.0, 0.0, 0.0, 0.0]}, "NS9c": {"data": [0.0, 0.0, 0.0, 0, 0.0, 0, 0, 0.0, 0, 0, 0, 0, 0.0, 0, 0.0, 0, 0, 0.0, 0, 0, 0.0], "deviation": [0.0, 0.0, 0.0, 0.0, 0.0, 0.0, 0.0, 0.0, 0.0, 0.0, 0.0, 0.0, 0.0, 0.0, 0.0, 0.0, 0.0, 0.0, 0.0, 0.0, 0.0]}, "NSP1": {"data": [0.0, 0.0, 0.0, 0, 0.0, 0, 0, 0.0, 0, 0, 0, 0, 0.0, 0, 0.0, 0, 0, 0.0, 0, 0, 0.0], "deviation": [0.19611613513818404, 0.0, 0.11359236684941297, 0.2229882438741499, 0.0, 0.0, 0.0, 0.0, 0.0, 0.0, 0.0, 0.4285714285714286, 0.0, 0.0, 0.0, 0.37127430766055175, 0.0, 0.5303300858899106, 0.0, 0.30568897886329777, 0.7062806526447191]}, "NSP2": {"data": [0.0, 0.0, 0.0, 0, 0.0, 0, 0, 0.0, 0, 0, 0, 0, 0.0, 0, 0.0, 0, 0, 0.0, 0, 0, 0.0], "deviation": [0.0, 0.0, 0.12617544212909043, 0.0, 0.0, 0.0, 0.0, 0.0, 0.0, 0.0, 0.0, 0.0, 0.0, 0.0, 0.0, 0.0, 0.0, 0.0, 0.0, 0.0, 0.0]}, "NS8": {"data": [0.0, 0.0, 0.0, 0, 0.0, 0, 0, 0.0, 0, 0, 0, 0, 0.0, 0, 0.0, 0, 0, 0.0, 0, 0, 0.0], "deviation": [0.0, 0.0, 0.0, 0.0, 0.0, 0.0, 0.0, 0.0, 0.0, 0.0, 0.0, 0.0, 0.0, 0.0, 0.0, 0.0, 0.0, 0.0, 0.0, 0.0, 0.0]}, "NSP3": {"data": [0.0, 0.0, 0.0, 0, 0.0, 0, 0, 0.0, 0, 0, 0, 0, 0.0, 0, 0.0, 0, 0, 0.0, 0, 0, 0.0], "deviation": [0.0, 0.0, 0.056796183424706485, 0.14865882924943327, 0.0, 0.0, 0.0, 0.0, 0.0, 0.12403473458920845, 0.5601120336112039, 0.0, 0.0, 0.0, 0.0, 0.0, 0.0, 0.0, 0.0, 0.03804179284542667, 0.0]}}, "missense": {"NSP4": {"data": [0.0, 0.0, 0.0, 0, 0.0, 0, 0, 0.0, 0, 0, 0, 0, 0.0, 0, 0.0, 0, 0, 2.0, 2, 2, 2.0], "deviation": [0.09225142875258155, 0.0, 0.22160194603543001, 0.2061068875847757, 0.0, 0.5345224838248488, 0.0, 0.0936585811581694, 0.14285714285714285, 0.3215048749480863, 0.4686233489032049, 0.46838846602157147, 0.37769048640344216, 0.2767247306920301, 0.5926041455484716, 0.7097600992562492, 0.9334586382051248, 0.9108441671187193, 0.4708013157828698, 0.1610984963262293, 0.13422001531226763]}, "E": {"data": [0.0, 0.0, 0.0, 0, 0.0, 0, 0, 0.0, 0, 0, 0, 0, 0.0, 0, 0.0, 0, 0, 0.0, 0, 0, 0.0], "deviation": [0.0, 0.0, 0.0, 0.0, 0.0, 0.0, 0.0, 0.1318658570441865, 0.0, 0.17403580533459642, 0.14002800840280097, 0.199914947901746, 0.44021451574860226, 0.2767247306920301, 0.2831206276062635, 0.2252817784447915, 0.3746343246326776, 0.47092907485988494, 0.1203858530857692, 0.03804179284542667, 0.0]}, "NS7a": {"data": [0.0, 0.0, 0.0, 0, 0.0, 0, 0, 0.0, 0, 0, 0, 0, 0.0, 0, 0.0, 0, 0, 2.0, 2, 3, 3.0],