{"indel": {"NSP4": {"data": [0, 0.0, 0.0, 0.0, 0, 0.0, 0.0, 0.0, 0.0, 0, 0.0, 0, 0, 0, 0, 0.0, 0.0], "deviation": [0.0, 0.0, 0.0, 0.0, 0.0, 0.0, 0.0, 0.0, 0.0, 0.0, 0.0, 0.0, 0.0, 0.0, 0.0, 0.0, 0.0]}, "E": {"data": [0, 0.0, 0.0, 0.0, 0, 0.0, 0.0, 0.0, 0.0, 0, 0.0, 0, 0, 0, 0, 0.0, 0.0], "deviation": [0.0, 0.0, 0.0, 0.0, 0.0, 0.0, 0.0, 0.0, 0.0, 0.0, 0.0, 0.0, 0.0, 0.0, 0.0, 0.0, 0.0]}, "NS7a": {"data": [0, 0.0, 0.0, 0.0, 0, 0.0, 0.0, 0.0, 0.0, 0, 0.0, 0, 0, 0, 0, 0.0, 0.0], "deviation": [0.0, 0.0, 0.0, 0.0, 0.0, 0.0, 0.0, 0.0, 0.0, 0.0, 0.0, 0.0, 0.0, 1.0814807843832106, 0.0, 0.0, 0.0]}, "NSP5": {"data": [0, 0.0, 0.0, 0.0, 0, 0.0, 0.0, 0.0, 0.0, 0, 0.0, 0, 0, 0, 0, 0.0, 0.0], "deviation": [0.0, 0.0, 0.0, 0.0, 0.0, 0.0, 0.0, 0.0, 0.0, 0.0, 0.0, 0.0, 0.0, 0.0, 0.0, 0.0, 0.0]}, "NS7b": {"data": [0, 0.0, 0.0, 0.0, 0, 0.0, 0.0, 0.0, 0.0, 0, 0.0, 0, 0, 0, 0, 0.0, 0.0], "deviation": [0.0, 0.0, 0.0, 0.0, 0.0, 0.0, 0.0, 0.0, 0.0, 0.0, 0.0, 0.0, 0.0, 0.0, 0.0, 0.0, 0.0]}, "NSP6": {"data": [0, 0.0, 0.0, 0.0, 0, 0.0, 0.0, 0.0, 0.0, 0, 0.0, 0, 3, 3, 3, 3.0, 0.0], "deviation": [0.0, 0.0, 0.0, 0.0, 0.0, 0.0, 0.0, 0.0, 0.21320071635561044, 0.21808478995509087, 1.0345145233283017, 1.4785842350729246, 0.6998859538031281, 0.4406609267713635, 0.42008402520840293, 1.0894095588038444, 1.0047961905856255]}, "NSP7": {"data": [0, 0.0, 0.0, 0.0, 0, 0.0, 0.0, 0.0, 0.0, 0, 0.0, 0, 0, 0, 0, 0.0, 0.0], "deviation": [0.0, 0.0, 0.0, 0.0, 0.0, 0.0, 0.0, 0.0, 0.0, 0.0, 0.0, 0.0, 0.0, 0.0, 0.0, 0.0, 0.0]}, "NSP8": {"data": [0, 0.0, 0.0, 0.0, 0, 0.0, 0.0, 0.0, 0.0, 0, 0.0, 0, 0, 0, 0, 0.0, 0.0], "deviation": [0.0, 0.0, 0.0, 0.0, 0.0, 0.0, 0.0, 0.0, 0.0, 0.0, 0.0, 0.0, 0.0, 0.0, 0.0, 0.0, 0.0]}, "Spike": {"data": [0, 0.0, 0.0, 0.0, 0, 0.0, 0.0, 0.0, 0.0, 0, 0.0, 2, 3, 3, 3, 3.0, 2.0], "deviation": [0.0, 0.0, 0.0, 0.0, 0.0, 0.0, 0.0, 0.19611613513818404, 0.0, 0.3744915251898558, 1.090814712715708, 1.2577935735006436, 0.5895805500215519, 0.4059190654269822, 0.14002800840280097, 0.36313651960128146, 0.3349320635285418]}, "NSP9": {"data": [0, 0.0, 0.0, 0.0, 0, 0.0, 0.0, 0.0, 0.0, 0, 0.0, 0, 0, 0, 0, 0.0, 0.0], "deviation": [0.0, 0.0, 0.0, 0.0, 0.0, 0.0, 0.0, 0.0, 0.0, 0.0, 0.0, 0.0, 0.0, 0.0, 0.0, 0.0, 0.0]}, "NSP10": {"data": [0, 0.0, 0.0, 0.0, 0, 0.0, 0.0, 0.0, 0.0, 0, 0.0, 0, 0, 0, 0, 0.0, 0.0], "deviation": [0.0, 0.0, 0.0, 0.0, 0.0, 0.0, 0.0, 0.0, 0.0, 0.0, 0.0, 0.0, 0.0, 0.0, 0.0, 0.0, 0.0]}, "NSP11": {"data": [0, 0.0, 0.0, 0.0, 0, 0.0, 0.0, 0.0, 0.0, 0, 0.0, 0, 0, 0, 0, 0.0, 0.0], "deviation": [0.0, 0.0, 0.0, 0.0, 0.0, 0.0, 0.0, 0.0, 0.0, 0.0, 0.0, 0.0, 0.0, 0.0, 0.0, 0.0, 0.0]}, "NSP12": {"data": [0, 0.0, 0.0, 0.0, 0, 0.0, 0.0, 0.0, 0.0, 0, 0.0, 0, 0, 0, 0, 0.0, 0.0], "deviation": [0.0, 0.0, 0.0, 0.0, 0.0, 0.0, 0.0, 0.0, 0.0, 0.0, 0.0, 0.0, 0.0, 0.0, 0.0, 0.0, 0.0]}, "M": {"data": [0, 0.0, 0.0, 0.0, 0, 0.0, 0.0, 0.0, 0.0, 0, 0.0, 0, 0, 0, 0, 0.0, 0.0], "deviation": [0.0, 0.0, 0.0, 0.0, 0.0, 0.0, 0.0, 0.0, 0.0, 0.0, 0.0, 0.0, 0.0, 0.0, 0.0, 0.0, 0.0]}, "NSP13": {"data": [0, 0.0, 0.0, 0.0, 0, 0.0, 0.0, 0.0, 0.0, 0, 0.0, 0, 0, 0, 0, 0.0, 0.0], "deviation": [0.0, 0.0, 0.0, 0.0, 0.0, 0.0, 0.0, 0.0, 0.0, 0.0, 0.0, 0.0, 0.0, 0.0, 0.0, 0.0, 0.0]}, "N": {"data": [0, 0.0, 0.0, 0.0, 0, 0.0, 0.0, 0.0, 0.0, 0, 0.0, 0, 0, 0, 0, 0.0, 0.0], "deviation": [0.0, 0.0, 0.0, 0.0, 0.0, 0.0, 0.0, 0.0, 0.0, 0.0, 0.0, 0.0, 0.0, 0.0, 0.0, 0.0, 0.0]}, "NSP14": {"data": [0, 0.0, 0.0, 0.0, 0, 0.0, 0.0, 0.0, 0.0, 0, 0.0, 0, 0, 0, 0, 0.0, 0.0], "deviation": [0.0, 0.0, 0.0, 2.4693444761271746, 0.0, 0.0, 0.0, 0.0, 0.0, 0.0, 0.0, 0.0, 0.0, 0.0, 0.0, 0.0, 0.0]}, "NS3": {"data": [0, 0.0, 0.0, 0.0, 0, 0.0, 0.0, 0.0, 0.0, 0, 0.0, 0, 0, 0, 0, 0.0, 0.0], "deviation": [0.0, 0.0, 0.0, 0.0, 0.0, 0.0, 0.0, 0.0, 0.4264014327112209, 0.43616957991018174, 0.36455534998074074, 0.0, 0.0, 0.0, 0.0, 0.0, 0.0]}, "NSP15": {"data": [0, 0.0, 0.0, 0.0, 0, 0.0, 0.0, 0.0, 0.0, 0, 0.0, 0, 0, 0, 0, 0.0, 0.0], "deviation": [0.0, 0.0, 0.0, 0.0, 0.0, 0.0, 0.0, 0.0, 0.0, 0.0, 0.0, 0.0, 0.0, 0.0, 0.0, 0.0, 0.0]}, "NSP16": {"data": [0, 0.0, 0.0, 0.0, 0, 0.0, 0.0, 0.0, 0.0, 0, 0.0, 0, 0, 0, 0, 0.0, 0.0], "deviation": [0.0, 0.0, 0.0, 0.0, 0.0, 0.0, 0.0, 0.0, 0.0, 0.0, 0.0, 0.0, 0.0, 0.0, 0.0, 0.0, 0.0]}, "NS9b": {"data": [0, 0.0, 0.0, 0.0, 0, 0.0, 0.0, 0.0, 0.0, 0, 0.0, 0, 0, 0, 0, 0.0, 0.0], "deviation": [0.0, 0.0, 0.0, 0.0, 0.0, 0.0, 0.0, 0.0, 0.0, 0.0, 0.0, 0.0, 0.0, 0.0, 0.0, 0.0, 0.0]}, "NS6": {"data": [0, 0.0, 0.0, 0.0, 0, 0.0, 0.0, 0.0, 0.0, 0, 0.0, 0, 0, 0, 0, 0.0, 0.0], "deviation": [0.0, 0.0, 0.0, 0.0, 0.0, 0.0, 0.0, 0.0, 0.0, 0.0, 0.0, 0.0, 0.0, 0.0, 0.0, 0.0, 0.0]}, "NS9c": {"data": [0, 0.0, 0.0, 0.0, 0, 0.0, 0.0, 0.0, 0.0, 0, 0.0, 0, 0, 0, 0, 0.0, 0.0], "deviation": [0.0, 0.0, 0.0, 0.0, 0.0, 0.0, 0.0, 0.0, 0.0, 0.0, 0.0, 0.0, 0.0, 0.0, 0.0, 0.0, 0.0]}, "NSP1": {"data": [0, 0.0, 0.0, 0.0, 0, 0.0, 0.0, 0.0, 0.0, 0, 0.0, 0, 0, 0, 0, 0.0, 0.0], "deviation": [0.0, 0.0, 0.0, 0.0, 0.9045340337332909, 1.1677484162422844, 0.0, 0.0, 0.6644986392449886, 0.0, 0.4490132550669373, 0.0, 0.0, 0.0, 0.420084025208403, 1.4064216928154862, 0.9114654303753]}, "NSP2": {"data": [0, 0.0, 0.0, 0.0, 0, 0.0, 0.0, 0.0, 0.0, 0, 0.0, 0, 0, 0, 0, 0.0, 0.0], "deviation": [0.0, 0.0, 0.0, 0.0, 0.0, 0.0, 0.0, 0.0, 0.0, 0.0, 0.0, 0.0, 0.0, 0.0, 0.0, 0.0, 0.0]}, "NS8": {"data": [0, 0.0, 0.0, 0.0, 0, 0.0, 0.0, 0.0, 0.0, 0, 0.0, 0, 0, 0, 0, 0.0, 0.0], "deviation": [0.0, 0.0, 0.0, 0.0, 0.0, 0.0, 0.0, 0.0, 0.0, 0.0, 0.25296562544743517, 0.0, 0.0, 0.0, 0.0, 0.0, 0.0]}, "NSP3": {"data": [0, 0.0, 0.0, 0.0, 0, 0.0, 0.0, 0.0, 0.0, 0, 0.0, 0, 0, 0, 0, 0.0, 0.0], "deviation": [0.0, 0.0, 0.0, 0.0, 0.0, 0.0, 0.0, 0.0, 0.0, 0.0, 0.0, 0.0, 0.0, 0.0, 0.0, 0.0, 0.0]}}, "missense": {"NSP4": {"data": [0, 0.0, 0.0, 0.0, 0, 0.0, 1.0, 0.0, 0.0, 0, 0.0, 0, 0, 0, 0, 0.0, 2.0], "deviation": [0.0, 0.0, 0.0, 0.269069117598525, 0.46709936649691375, 0.90033663737852, 0.5163977794943222, 0.4296689244236597, 0.39477101697586137, 0.3809487514345101, 0.2466667375479233, 0.2974692799409564, 0.39407807939039596, 0.30856528899047025, 0.4338609156373123, 0.7449463436684919, 0.7696152885095854]}, "E": {"data": [0, 0.0, 0.0, 0.0, 0, 0.0, 0.0, 0.0, 0.0, 0, 0.0, 0, 0, 0, 0, 0.0, 0.0], "deviation": [0.0, 0.0, 0.0, 0.13867504905630726, 0.0, 0.0, 0.0, 0.19611613513818404, 0.0, 0.0, 0.1774014725270341, 0.19987109247774534, 0.1923802475610973, 0.3417430630867044, 0.0, 0.2672612419124244, 0.22072142786315224]}, "NS7a": {"data": [0, 0.0, 0.0, 0.0, 0, 0.0, 0.0, 0.0, 0.0, 0, 0.0, 0, 0, 0, 0, 0.0, 2.0], "deviation": [0.0, 0.0, 0.0, 0.3340866299625872, 0.6030226891555273, 0.0, 0.0, 0.271746488194703, 0.0, 0.15617376188860604, 0.26049942954462746, 0.4411208778396001, 0.5089902922077038, 0.5178231676697422, 0.7297595628752275, 0.9376144618769908, 0.944281031614353]}, "NSP5": {"data": [0, 0.0, 0.0, 0.0, 1, 0.0, 0.0, 1.0, 1.0, 1, 0.0, 0, 0, 0, 0, 0.0, 0.0], "deviation": [0.5477225575051661, 0.0, 0.0, 0.5363836226513325, 0.5222329678670935, 0.5149286505444373, 0.48304589153964794, 0.508391127441794, 0.5504818825631803, 0.5120499213467565, 0.5768390128860101, 0.408511252352942, 0.23329531793437602, 0.3181567242088336, 0.3372321013724501, 0.2672612419124244, 0.22072142786315224]}, "NS7b": {"data": [0, 0.0, 0.0, 0.0, 0, 0.0, 0.0, 0.0, 0.0, 0, 0.0, 0, 0, 0, 0, 0.0, 1.0], "deviation": [0.0, 0.0, 0.0, 0.0, 0.30151134457776363, 0.0, 0.0, 0.0, 0.0, 0.15617376188860604, 0.08980265101338746, 0.0, 0.1923802475610973, 0.1468869755904545, 0.0, 0.3631365196012815, 0.4385290096535146]}, "NSP6": {"data": [0, 0.5, 0.0, 0.0, 0, 0.0, 0.0, 0.0, 0.0, 0, 0.0, 0, 0, 0, 0, 0.0, 1.0], "deviation": [0.0, 0.7071067811865476, 0.0, 0.269069117598525, 0.0, 0.28867513459481287, 0.0, 0.271746488194703, 1.0930714500000422, 1.1315864106987361, 0.9893214262023425, 0.7386018183352312, 0.3418128057789596, 0.5004291846283779, 0.3850133687518487, 0.6333236937766509, 0.4743416490252569]}, "NSP7": {"data": [0, 0.0, 0.0, 0.0, 0, 0.0, 0.0, 0.0, 0.0, 0, 0.0, 0, 0, 0, 0, 0.0, 0.0],