{"indel": {"NSP4": {"data": [0.0, 0, 0.0, 0, 0, 0, 0.0, 0.0, 0, 0, 0.0, 0, 0, 0, 0.0, 0.0, 0.0, 0, 0.0, 0], "deviation": [0.0, 0.0, 0.0, 0.0, 0.0, 0.0, 0.0, 0.0, 0.0, 0.0, 0.0, 0.0, 0.46117230584078406, 0.0, 0.0, 0.0, 0.0, 0.0, 0.1051903366076434, 0.0]}, "E": {"data": [0.0, 0, 0.0, 0, 0, 0, 0.0, 0.0, 0, 0, 0.0, 0, 0, 0, 0.0, 0.0, 0.0, 0, 0.0, 0], "deviation": [0.0, 0.0, 0.0, 0.0, 0.0, 0.0, 0.0, 0.0, 0.0, 0.0, 0.0, 0.0, 0.0, 0.0, 0.0, 0.0, 0.0, 0.0, 0.0, 0.0]}, "NS7a": {"data": [0.0, 0, 0.0, 0, 0, 0, 0.0, 0.0, 0, 0, 0.0, 0, 0, 0, 0.0, 0.0, 0.0, 0, 0.0, 0], "deviation": [0.0, 0.0, 0.0, 0.0, 0.0, 0.0, 0.0, 0.0, 0.0, 0.28252896560880664, 0.0, 0.0, 0.024551430807011814, 0.11716962269825298, 0.20273909610130178, 0.32852229633717767, 0.07212705552515175, 0.14153681180540686, 0.02629758415191085, 0.0]}, "NSP5": {"data": [0.0, 0, 0.0, 0, 0, 0, 0.0, 0.0, 0, 0, 0.0, 0, 0, 0, 0.0, 0.0, 0.0, 0, 0.0, 0], "deviation": [0.0, 0.0, 0.0, 0.0, 0.0, 0.0, 0.0, 0.0, 0.0, 0.0, 0.0, 0.0, 0.0, 0.0, 0.0, 0.0, 0.0, 0.0, 0.0, 0.0]}, "NS7b": {"data": [0.0, 0, 0.0, 0, 0, 0, 0.0, 0.0, 0, 0, 0.0, 0, 0, 0, 0.0, 0.0, 0.0, 0, 0.0, 0], "deviation": [0.0, 0.0, 0.0, 0.0, 0.0, 0.0, 0.0, 0.0, 0.37721676807715887, 0.04708816093480111, 0.051708768999501914, 0.0, 0.06483933998013683, 0.17855196591802994, 0.06462779063855664, 0.1139560254381207, 0.0, 0.0, 0.0, 0.0]}, "NSP6": {"data": [0.0, 0, 0.0, 0, 0, 0, 0.0, 0.0, 0, 0, 0.0, 0, 0, 3, 3.0, 3.0, 3.0, 3, 0.0, 0], "deviation": [0.0, 0.0, 0.0, 0.0, 0.0, 0.0, 0.41011470356579816, 0.0, 0.0, 0.0, 0.0, 0.712893365036499, 1.144860887235952, 1.4744948594720686, 0.7131286334918958, 0.3832957173650273, 0.6972922130355582, 1.2250887606085892, 1.172793864192979, 0.5161673208040631]}, "NSP7": {"data": [0.0, 0, 0.0, 0, 0, 0, 0.0, 0.0, 0, 0, 0.0, 0, 0, 0, 0.0, 0.0, 0.0, 0, 0.0, 0], "deviation": [0.0, 0.0, 0.0, 0.0, 0.0, 0.0, 0.0, 0.0, 0.0, 0.0, 0.0, 0.0, 0.29749068896559483, 0.0, 0.0, 0.0, 0.0, 0.0, 0.0, 0.0]}, "NSP8": {"data": [0.0, 0, 0.0, 0, 0, 0, 0.0, 0.0, 0, 0, 0.0, 0, 0, 0, 0.0, 0.0, 0.0, 0, 0.0, 0], "deviation": [0.0, 0.0, 0.0, 0.0, 0.0, 0.0, 0.0, 0.0, 0.0, 0.0, 0.0, 0.0, 0.0694209882117613, 0.0, 0.0, 0.0, 0.0, 0.0, 0.0, 0.0]}, "Spike": {"data": [1.5, 0, 0.0, 0, 0, 0, 0.0, 0.0, 0, 0, 0.0, 0, 0, 3, 3.0, 3.0, 3.0, 3, 2.0, 2], "deviation": [2.1213203435596424, 0.0, 0.0, 0.0, 0.4931969619160719, 0.0, 0.0, 0.0, 0.12573892269238632, 0.4364180388194856, 0.6708048984373722, 0.7692050975753125, 1.1718702720446863, 1.4728320983710992, 0.7224751363155671, 0.4804998885726813, 0.4478511803050042, 0.6004426758633858, 0.4436674719470928, 0.2919590959010363]}, "NSP9": {"data": [0.0, 0, 0.0, 0, 0, 0, 0.0, 0.0, 0, 0, 0.0, 0, 0, 0, 0.0, 0.0, 0.0, 0, 0.0, 0], "deviation": [0.0, 0.0, 0.0, 0.0, 0.0, 0.0, 0.0, 0.0, 0.0, 0.0, 0.0, 0.0, 0.0, 0.0, 0.0, 0.0, 0.0, 0.0, 0.0, 0.0]}, "NSP10": {"data": [0.0, 0, 0.0, 0, 0, 0, 0.0, 0.0, 0, 0, 0.0, 0, 0, 0, 0.0, 0.0, 0.0, 0, 0.0, 0], "deviation": [0.0, 0.0, 0.0, 0.0, 0.0, 0.0, 0.0, 0.0, 0.0, 0.0, 0.0, 0.0, 0.0, 0.0, 0.0, 0.0, 0.0, 0.0, 0.0, 0.0]}, "NSP11": {"data": [0.0, 0, 0.0, 0, 0, 0, 0.0, 0.0, 0, 0, 0.0, 0, 0, 0, 0.0, 0.0, 0.0, 0, 0.0, 0], "deviation": [0.0, 0.0, 0.0, 0.0, 0.0, 0.0, 0.0, 0.0, 0.0, 0.0, 0.0, 0.0, 0.0, 0.0, 0.0, 0.0, 0.0, 0.0, 0.0, 0.0]}, "NSP12": {"data": [0.0, 0, 0.0, 0, 0, 0, 0.0, 0.0, 0, 0, 0.0, 0, 0, 0, 0.0, 0.0, 0.0, 0, 0.0, 0], "deviation": [0.0, 0.0, 0.0, 0.0, 0.0, 0.0, 0.0, 0.0, 0.0, 0.0, 0.0, 0.0419960525565808, 0.0, 0.0, 0.13084683595481034, 0.0, 0.0, 0.0, 0.0, 0.0]}, "M": {"data": [0.0, 0, 0.0, 0, 0, 0, 0.0, 0.0, 0, 0, 0.0, 0, 0, 0, 0.0, 0.0, 0.0, 0, 0.0, 0], "deviation": [0.0, 0.0, 0.0, 0.0, 0.0, 0.0, 0.0, 0.0, 0.0, 0.0, 0.0, 0.0, 0.0, 0.0, 0.0, 0.0, 0.0, 0.0, 0.0, 0.0]}, "NSP13": {"data": [0.0, 0, 0.0, 0, 0, 0, 0.0, 0.0, 0, 0, 0.0, 0, 0, 0, 0.0, 0.0, 0.0, 0, 0.0, 0], "deviation": [0.0, 0.0, 0.0, 0.0, 0.0, 0.0, 0.0, 0.0, 0.0, 0.0, 0.0, 0.0, 0.0, 0.0, 0.0, 0.0, 0.0, 0.19822791512600965, 0.0, 0.0]}, "N": {"data": [0.0, 0, 0.0, 0, 0, 0, 0.0, 0.0, 0, 0, 0.0, 0, 0, 0, 0.0, 0.0, 0.0, 0, 0.0, 0], "deviation": [0.0, 0.0, 0.0, 0.09090909090909091, 0.0, 0.0, 0.0, 0.2609020145060391, 0.0, 0.0, 0.0, 0.0, 0.0, 0.07750772025659257, 0.05607721540920443, 0.04730886665220093, 0.04804296951932953, 0.05656832404968554, 0.0, 0.0]}, "NSP14": {"data": [0.0, 0, 0.0, 0, 0, 0, 0.0, 0.0, 0, 0, 0.0, 0, 0, 0, 0.0, 0.0, 0.0, 0, 0.0, 0], "deviation": [0.0, 0.0, 0.0, 0.0, 0.0, 0.0, 0.0, 0.0, 0.0, 0.0, 0.0, 0.0, 0.0, 0.023433924539650597, 0.0, 0.0, 0.0, 0.0, 0.0, 0.0]}, "NS3": {"data": [0.0, 0, 0.0, 0, 0, 0, 0.0, 0.0, 0, 0, 0.0, 0, 0, 0, 0.0, 0.0, 0.0, 0, 0.0, 0], "deviation": [0.0, 0.0, 0.0, 0.0, 0.0, 0.0, 0.0, 0.06565321642986127, 0.0, 0.3991120965742946, 0.0, 0.4133418490320819, 0.1097708441585513, 0.07030177361895178, 0.1334767495933353, 0.29626691136461064, 0.5037199849317838, 0.0566365471788599, 0.03717752928752301, 0.050379190742763]}, "NSP15": {"data": [0.0, 0, 0.0, 0, 0, 0, 0.0, 0.0, 0, 0, 0.0, 0, 0, 0, 0.0, 0.0, 0.0, 0, 0.0, 0], "deviation": [0.0, 0.0, 0.0, 0.0, 0.0, 0.19727878476642874, 0.0, 0.0, 0.0, 0.28252896560880664, 0.0, 0.0, 0.0, 0.0, 0.0, 0.0, 0.0, 0.0, 0.0, 0.0]}, "NSP16": {"data": [0.0, 0, 0.0, 0, 0, 0, 0.0, 0.0, 0, 0, 0.0, 0, 0, 0, 0.0, 0.0, 0.0, 0, 0.0, 0], "deviation": [0.0, 0.0, 0.0, 0.0, 0.0, 0.0, 0.0, 0.0, 0.0, 0.0, 0.0, 0.0, 0.024551430807011814, 0.0, 0.0, 0.0, 0.0, 0.0, 0.0, 0.0]}, "NS9b": {"data": [0.0, 0, 0.0, 0, 0, 0, 0.0, 0.0, 0, 0, 0.0, 0, 0, 0, 0.0, 0.0, 0.0, 0, 0.0, 0], "deviation": [0.0, 0.0, 0.0, 0.0, 0.0, 0.0, 0.0, 0.0, 0.0, 0.0, 0.0, 0.0, 0.0, 0.0, 0.0, 0.0, 0.0, 0.0, 0.0, 0.0]}, "NS6": {"data": [0.0, 0, 0.0, 0, 0, 0, 0.0, 0.0, 0, 0, 0.0, 0, 0, 0, 0.0, 0.0, 0.0, 0, 0.0, 0], "deviation": [0.0, 0.0, 0.0, 0.0, 0.0, 0.0, 0.0, 0.0, 0.0, 0.0, 0.0, 0.0, 0.0, 0.0, 0.0, 0.0, 0.0, 0.0, 0.23667825736719764, 0.0]}, "NS9c": {"data": [0.0, 0, 0.0, 0, 0, 0, 0.0, 0.0, 0, 0, 0.0, 0, 0, 0, 0.0, 0.0, 0.0, 0, 0.0, 0], "deviation": [0.0, 0.0, 0.0, 0.0, 0.0, 0.0, 0.0, 0.0, 0.0, 0.0, 0.0, 0.0, 0.0, 0.0, 0.0, 0.0, 0.0, 0.0, 0.0, 0.0]}, "NSP1": {"data": [0.0, 0, 0.0, 0, 0, 0, 0.0, 0.0, 0, 0, 0.0, 0, 0, 0, 0.0, 0.0, 0.0, 0, 0.0, 0], "deviation": [0.0, 0.0, 0.20645821711594575, 0.39364791081110845, 0.0, 0.0, 0.0, 0.19695964928958384, 0.0, 0.16960455724678086, 0.0, 0.36473169534586547, 0.3601380174717905, 0.15873714865737779, 0.1659762558881193, 0.24547765874312433, 0.2942706439776934, 0.8011987386436444, 1.501165632279958, 1.3659237866423408]}, "NSP2": {"data": [0.0, 0, 0.0, 0, 0, 0, 0.0, 0.0, 0, 0, 0.0, 0, 0, 0, 0.0, 0.0, 0.0, 0, 0.0, 0], "deviation": [0.0, 0.0, 0.11274070028239612, 0.19986221148898362, 0.0, 0.3243843788242973, 0.0, 0.0, 0.0, 0.0, 0.0, 0.0, 0.0, 0.0, 0.0, 0.06341442636052734, 0.10475031951892265, 0.02831827358942995, 0.0, 0.0]}, "NS8": {"data": [0.0, 0, 0.0, 0, 0, 0, 0.0, 0.0, 0, 0, 0.0, 0, 0, 0, 0.0, 0.0, 0.0, 0, 0.0, 0], "deviation": [0.0, 0.0, 0.0, 0.0, 0.0, 0.0, 0.0, 0.0, 0.06286946134619316, 0.16925557630655702, 0.051708768999501914, 0.11085842600828621, 0.0, 0.0, 0.05286086511223265, 0.04235235498876267, 0.053747894294026065, 0.08945676392160949, 0.02629758415191085, 0.10681744551194204]}, "NSP3": {"data": [0.0, 0, 0.0, 0, 0, 0, 0.0, 0.0, 0, 0, 0.0, 0, 0, 0, 0.0, 0.0, 0.0, 0, 0.0, 0], "deviation": [0.0, 0.0, 0.0, 0.0, 0.0, 0.0, 0.0, 0.06565321642986127, 0.0, 0.0, 0.5170876899950191, 0.0419960525565808, 0.03471049410588065, 0.033131468099362196, 0.0, 0.0, 0.0, 0.06330125353085855, 0.07889275245573255, 0.07966664138952355]}}, "missense": {"NSP4": {"data": [0.0, 0, 0.0, 0, 0, 0, 0.0, 0.0, 1, 0, 0.0, 0, 0, 0, 0.0, 0.0, 0.0, 0, 2.0, 2], "deviation": [0.0, 0.30151134457776363, 0.06537204504606135, 0.19986221148898362, 0.2767247306920301, 0.16219218941214866, 0.19146195951337386, 0.4581085160195337, 0.5041082244431139, 0.44016167604571643, 0.36686925795077985, 0.33829758292094625, 2.523955311666173, 0.5908677355554266, 0.4158523019660305, 0.43833420458391287, 0.6311983238229997, 0.8620143608306621, 0.7973547656298504, 0.5259864870251065]},