{"indel": {"NSP4": {"data": [0.0, 0, 0, 0, 0, 0.0, 0, 0.0, 0, 0, 0.0], "deviation": [0.0, 0.0, 0.07352146220938077, 0.0, 0.0, 0.0, 0.0, 0.0, 0.0, 0.0, 0.2208630521496931]}, "E": {"data": [0.0, 0, 0, 0, 0, 0.0, 0, 0.0, 0, 0, 0.0], "deviation": [0.0, 0.0, 0.0, 0.0, 0.0, 0.0, 0.0, 0.0, 0.0, 0.0, 0.0]}, "NS7a": {"data": [0.0, 0, 0, 0, 0, 0.0, 0, 0.0, 0, 0, 0.0], "deviation": [0.0, 0.0, 0.07352146220938077, 0.5970223141259935, 0.9370425713316364, 0.0, 0.0, 0.0, 0.0, 0.09325048082403138, 0.0]}, "NSP5": {"data": [0.0, 0, 0, 0, 0, 0.0, 0, 0.0, 0, 0, 0.0], "deviation": [0.0, 0.0, 0.0, 0.0, 0.0, 0.0, 0.0, 0.0, 0.0, 0.0, 0.0]}, "NS7b": {"data": [0.0, 0, 0, 0, 0, 0.0, 0, 0.0, 0, 0, 0.0], "deviation": [0.0, 0.0, 0.0, 0.0, 0.0, 0.0, 0.0, 0.0, 0.0, 0.0, 0.0]}, "NSP6": {"data": [0.0, 0, 0, 0, 0, 0.0, 0, 0.0, 0, 0, 0.0], "deviation": [0.0, 0.0, 0.0, 0.0, 0.0, 0.0, 0.0, 0.0, 0.0, 0.27975144247209416, 0.0]}, "NSP7": {"data": [0.0, 0, 0, 0, 0, 0.0, 0, 0.0, 0, 0, 0.0], "deviation": [0.0, 0.0, 0.0, 0.0, 0.0, 0.0, 0.0, 0.0, 0.0, 0.0, 0.0]}, "NSP8": {"data": [0.0, 0, 0, 0, 0, 0.0, 0, 0.0, 0, 0, 0.0], "deviation": [0.0, 0.0, 0.0, 0.0, 0.0, 0.0, 0.0, 0.0, 0.0, 0.0, 0.0]}, "Spike": {"data": [0.0, 0, 0, 0, 0, 0.0, 0, 0.0, 1, 1, 1.0], "deviation": [0.0, 0.0, 0.6587118433707905, 0.40929787743799445, 0.6401219396028975, 1.4177675885225107, 0.9420164319072111, 1.5275252316519465, 1.8037087859783199, 1.8823926219625162, 1.7794707386202058]}, "NSP9": {"data": [0.0, 0, 0, 0, 0, 0.0, 0, 0.0, 0, 0, 0.0], "deviation": [0.0, 0.0, 0.0, 0.0, 0.0, 0.0, 0.0, 0.0, 0.0, 0.0, 0.0]}, "NSP10": {"data": [0.0, 0, 0, 0, 0, 0.0, 0, 0.0, 0, 0, 0.0], "deviation": [0.0, 0.0, 0.0, 0.0, 0.0, 0.0, 0.0, 0.0, 0.0, 0.0, 0.0]}, "NSP11": {"data": [0.0, 0, 0, 0, 0, 0.0, 0, 0.0, 0, 0, 0.0], "deviation": [0.0, 0.0, 0.0, 0.0, 0.0, 0.0, 0.0, 0.0, 0.0, 0.0, 0.0]}, "NSP12": {"data": [0.0, 0, 0, 0, 0, 0.0, 0, 0.0, 0, 0, 0.0], "deviation": [0.0, 0.0, 0.0, 0.0, 0.0, 0.0, 0.0, 0.0, 0.0, 0.0, 0.0]}, "M": {"data": [0.0, 0, 0, 0, 0, 0.0, 0, 0.0, 0, 0, 0.0], "deviation": [0.0, 0.0, 0.0, 0.0, 0.0, 0.0, 0.0, 0.0, 0.0, 0.0, 0.0]}, "NSP13": {"data": [0.0, 0, 0, 0, 0, 0.0, 0, 0.0, 0, 0, 0.0], "deviation": [0.0, 0.0, 0.0, 0.0, 0.0, 0.0, 0.0, 0.0, 0.0, 0.0, 0.0]}, "N": {"data": [0.0, 0, 0, 0, 0, 0.0, 0, 0.0, 0, 0, 0.0], "deviation": [0.0, 0.0, 0.0, 0.0, 0.0, 0.0, 0.0, 0.0, 0.0, 0.0, 0.0]}, "NSP14": {"data": [0.0, 0, 0, 0, 0, 0.0, 0, 0.0, 0, 0, 0.0], "deviation": [0.0, 0.0, 0.0, 0.0, 0.0, 0.0, 0.0, 0.0, 0.0, 0.0, 0.0]}, "NS3": {"data": [0.0, 0, 0, 0, 0, 0.0, 0, 0.0, 0, 0, 0.0], "deviation": [0.0, 0.0, 0.0, 0.0, 0.0, 0.0, 0.0, 0.0, 0.0, 0.0, 0.0]}, "NSP15": {"data": [0.0, 0, 0, 0, 0, 0.0, 0, 0.0, 0, 0, 0.0], "deviation": [0.0, 0.0, 0.0, 0.0, 0.0, 0.0, 0.0, 0.0, 0.0, 0.0, 0.0]}, "NSP16": {"data": [0.0, 0, 0, 0, 0, 0.0, 0, 0.0, 0, 0, 0.0], "deviation": [0.0, 0.0, 0.0, 0.0, 0.0, 0.0, 0.0, 0.0, 0.0, 0.0, 0.0]}, "NS9b": {"data": [0.0, 0, 0, 0, 0, 0.0, 0, 0.0, 0, 0, 0.0], "deviation": [0.0, 0.0, 0.0, 0.0, 0.0, 0.0, 0.0, 0.0, 0.0, 0.0, 0.0]}, "NS6": {"data": [0.0, 0, 0, 0, 0, 0.0, 0, 0.0, 0, 0, 0.0], "deviation": [0.0, 0.0, 0.0, 0.0, 0.0, 0.0, 0.0, 0.0, 0.0, 0.0, 0.0]}, "NS9c": {"data": [0.0, 0, 0, 0, 0, 0.0, 0, 0.0, 0, 0, 0.0], "deviation": [0.0, 0.0, 0.0, 0.0, 0.0, 0.0, 0.0, 0.0, 0.0, 0.0, 0.0]}, "NSP1": {"data": [0.0, 0, 0, 0, 0, 0.0, 0, 0.0, 0, 0, 0.0], "deviation": [0.0, 0.0, 0.22056438662814232, 0.0, 0.0, 0.5617690055391233, 0.0, 0.0, 0.0, 0.0, 0.0]}, "NSP2": {"data": [0.0, 0, 0, 0, 0, 0.0, 0, 0.0, 0, 0, 0.0], "deviation": [0.0, 0.0, 0.0, 0.0, 0.3123475237772121, 0.0, 0.0, 0.0, 0.0, 0.0, 0.0]}, "NS8": {"data": [0.0, 0, 0, 0, 0, 0.0, 0, 0.0, 0, 0, 0.0], "deviation": [0.0, 0.0, 0.14704292441876154, 0.0, 0.0, 0.0, 0.0, 0.0, 0.0, 0.0, 0.0]}, "NSP3": {"data": [0.0, 0, 0, 0, 0, 0.0, 0, 0.0, 0, 0, 0.0], "deviation": [0.0, 0.0, 0.0, 0.0, 0.0, 0.0, 0.0, 0.0, 0.0, 0.0, 0.11043152607484655]}}, "missense": {"NSP4": {"data": [1.0, 1, 1, 1, 0, 1.0, 0, 2.0, 2, 2, 2.0], "deviation": [0.5175491695067657, 0.590568215206384, 0.7748241906648778, 0.5413587599094458, 0.7105477104181589, 0.933503385868831, 0.6673665793703669, 1.087114613009218, 1.0793071139179276, 0.7561595527797733, 0.44798723473016544]}, "E": {"data": [0.0, 0, 0, 0, 0, 0.0, 0, 0.0, 0, 0, 0.0], "deviation": [0.0, 0.07161148740394328, 0.1266489360258298, 0.0, 0.0, 0.1336306209562122, 0.23550410797680277, 0.0, 0.17403580533459642, 0.20482360180554882, 0.11043152607484655]}, "NS7a": {"data": [0.0, 0, 0, 0, 0, 0.0, 0, 0.0, 0, 0, 0.0], "deviation": [0.0, 0.1421112660846749, 0.1266489360258298, 0.1400141435571407, 0.3123475237772121, 0.227207782928703, 0.2840286409986905, 0.28867513459481287, 0.34807161066919284, 0.4604908998041556, 0.40787933576538826]}, "NSP5": {"data": [0.0, 0, 0, 0, 0, 0.0, 0, 0.0, 0, 0, 0.0], "deviation": [0.0, 0.12339372391778994, 0.1266489360258298, 0.09950371902099892, 0.15617376188860604, 0.1872563351797078, 0.2840286409986905, 0.621581560508061, 0.26854307776478736, 0.28781509446886033, 0.1888968593886662]}, "NS7b": {"data": [0.0, 0, 0, 0, 0, 0.0, 0, 0.0, 0, 0, 0.0], "deviation": [0.0, 0.1865132861788311, 0.07352146220938077, 0.09950371902099892, 0.0, 0.1872563351797078, 0.0, 0.28867513459481287, 0.17403580533459642, 0.1600915070134858, 0.11043152607484655]}, "NSP6": {"data": [0.0, 0, 0, 0, 0, 0.0, 0, 1.0, 1, 1, 1.0], "deviation": [0.3535533905932738, 0.1865132861788311, 0.3005087734396761, 0.3760134819575774, 0.3809487514345101, 0.5284134548067254, 0.4815939919779354, 0.49236596391733095, 0.5132850460139459, 0.4266127921745749, 0.36337108113834304]}, "NSP7": {"data": [0.0, 0, 0, 0, 0, 0.0, 0, 0.0, 0, 0, 0.0], "deviation": [0.0, 0.1010125841779382, 0.2157162256571139, 0.09950371902099892, 0.21808478995509087, 0.1336306209562122, 0.23550410797680277, 0.28867513459481287, 0.12403473458920845, 0.26975707352826817, 0.36749106632702194]}, "NSP8": {"data": [0.0, 0, 0, 0, 0, 0.0, 0, 0.0, 0, 0, 0.0], "deviation": [0.0, 0.2905690043449514, 0.3149244962016659, 0.21800172585382785, 0.0, 0.1336306209562122, 0.32280285109067564, 0.45226701686664544, 0.21145103088313014, 0.20482360180554882, 0.0]}, "Spike": {"data": [0.0, 0, 0, 0, 1, 1.0, 1, 2.0, 3, 3, 3.0], "deviation": [0.3535533905932738, 0.7375004760367107, 0.6886694199089602, 0.6711892799389383, 0.8820707344016153, 1.2503246331699973, 0.780002154705061, 1.2673044646258476, 1.1137255565823276, 1.168033415402388, 0.7512911700279722]}, "NSP9": {"data": [0.0, 0, 0, 0, 0, 0.0, 0, 0.0, 0, 0, 0.0], "deviation": [0.0, 0.1010125841779382, 0.0, 0.09950371902099892, 0.15617376188860604, 0.0, 0.0, 0.0, 0.0, 0.13129641673149106, 0.0]}, "NSP10": {"data": [0.0, 0, 0, 0, 0, 0.0, 0, 0.0, 0, 0, 0.0], "deviation": [0.0, 0.07161148740394328, 0.07352146220938077, 0.0, 0.0, 0.0, 0.0, 0.0, 0.0, 0.0, 0.11043152607484655]}, "NSP11": {"data": [0.0, 0, 0, 0, 0, 0.0, 0, 0.0, 0, 0, 0.0], "deviation": [0.0, 0.0, 0.0, 0.0, 0.0, 0.0, 0.0, 0.0, 0.0, 0.0, 0.0]}, "NSP12": {"data": [0.0, 0, 0, 0, 1, 1.0, 1, 0.5, 0, 0, 0.0], "deviation": [0.0, 0.5932923145907686, 0.5863708615791274, 0.5044357694935545, 0.7001741943538224, 0.7887191655322712, 0.49365724849494175, 0.8876253645985945, 0.7088045189993122, 0.6396509345555614, 0.4577940902716244]}, "M": {"data": [0.0, 0, 0, 0, 0, 0.0, 0, 0.0, 0, 0, 0.0], "deviation": [0.0, 0.23672807132133689, 0.10369212315422188, 0.1400141435571407, 0.0, 0.0, 0.1690308509457033, 0.0, 0.0, 0.0, 0.0]}, "NSP13": {"data": [0.0, 0, 0, 0, 0, 0.0, 0, 1.0, 1, 1, 1.0], "deviation": [0.7071067811865476, 0.5362857745011785, 0.37473061221013093, 0.30604471296958174, 0.5108577196794598, 0.5317821055584776, 0.42996970774675736, 0.8528028654224418, 0.630552260995196, 0.6059707998090379, 0.6622482306964088]}, "N": {"data": [1.0, 1, 1, 1, 0, 1.0, 0, 2.0, 2, 3, 2.0], "deviation": [0.5175491695067657, 0.6104214341366975, 0.7710234015783397, 0.7444846712609833, 0.9337832829474915, 1.3550051516651, 1.0108653419203757, 0.9653072991634227, 1.4793449693906888, 1.2931787242352255, 1.1090088513351264]},