{"indel": {"NSP4": {"data": [0.0, 0, 0.0, 0.0, 0.0, 0.0, 0.0, 0, 0, 0.0, 0], "deviation": [0.0, 0.0, 0.0, 0.0, 0.0, 0.0, 0.0, 0.0, 0.0, 0.0, 0.0]}, "E": {"data": [0.0, 0, 0.0, 0.0, 0.0, 0.0, 0.0, 0, 0, 0.0, 0], "deviation": [0.0, 0.0, 0.0, 0.0, 0.0, 0.0, 0.0, 0.0, 0.0, 0.0, 0.0]}, "NS7a": {"data": [0.0, 0, 0.0, 0.0, 0.0, 0.0, 0.0, 0, 0, 0.0, 0], "deviation": [0.0, 0.0, 0.0, 0.0, 0.0, 0.0, 0.0, 0.0, 0.0, 0.0, 0.0]}, "NSP5": {"data": [0.0, 0, 0.0, 0.0, 0.0, 0.0, 0.0, 0, 0, 0.0, 0], "deviation": [0.0, 0.0, 0.0, 0.0, 0.0, 0.0, 0.0, 0.0, 0.0, 0.0, 0.0]}, "NS7b": {"data": [0.0, 0, 0.0, 0.0, 0.0, 0.0, 0.0, 0, 0, 0.0, 0], "deviation": [0.0, 0.0, 0.0, 0.0, 0.0, 0.0, 0.0, 0.0, 0.0, 0.0, 0.0]}, "NSP6": {"data": [0.0, 0, 0.0, 0.0, 0.0, 0.0, 0.0, 0, 0, 0.0, 0], "deviation": [0.0, 0.0, 0.0, 0.0, 0.0, 0.0, 0.1577428236506207, 0.0, 0.25763941153881403, 0.0, 0.0]}, "NSP7": {"data": [0.0, 0, 0.0, 0.0, 0.0, 0.0, 0.0, 0, 0, 0.0, 0], "deviation": [0.0, 0.0, 0.0, 0.0, 0.0, 0.0, 0.0, 0.0, 0.0, 0.0, 0.0]}, "NSP8": {"data": [0.0, 0, 0.0, 0.0, 0.0, 0.0, 0.0, 0, 0, 0.0, 0], "deviation": [0.0, 0.0, 0.0, 0.0, 0.0, 0.0, 0.0, 0.0, 0.0, 0.0, 0.0]}, "Spike": {"data": [0.0, 0, 0.0, 0.0, 0.0, 0.0, 0.0, 0, 0, 0.0, 2], "deviation": [0.0, 0.0, 0.0, 0.0, 0.0, 0.0, 0.0, 0.0, 0.0, 0.23904572186687875, 0.7559289460184544]}, "NSP9": {"data": [0.0, 0, 0.0, 0.0, 0.0, 0.0, 0.0, 0, 0, 0.0, 0], "deviation": [0.0, 0.0, 0.0, 0.0, 0.0, 0.0, 0.0, 0.0, 0.0, 0.0, 0.0]}, "NSP10": {"data": [0.0, 0, 0.0, 0.0, 0.0, 0.0, 0.0, 0, 0, 0.0, 0], "deviation": [0.0, 0.0, 0.0, 0.0, 0.0, 0.0, 0.0, 0.0, 0.0, 0.0, 0.0]}, "NSP11": {"data": [0.0, 0, 0.0, 0.0, 0.0, 0.0, 0.0, 0, 0, 0.0, 0], "deviation": [0.0, 0.0, 0.0, 0.0, 0.0, 0.0, 0.0, 0.0, 0.0, 0.0, 0.0]}, "NSP12": {"data": [0.0, 0, 0.0, 0.0, 0.0, 0.0, 0.0, 0, 0, 0.0, 0], "deviation": [0.0, 0.0, 0.0, 0.0, 0.0, 0.0, 0.0, 0.0, 0.0, 0.0, 0.0]}, "M": {"data": [0.0, 0, 0.0, 0.0, 0.0, 0.0, 0.0, 0, 0, 0.0, 0], "deviation": [0.0, 0.0, 0.0, 0.0, 0.0, 0.0, 0.0, 0.0, 0.0, 0.0, 0.0]}, "NSP13": {"data": [0.0, 0, 0.0, 0.0, 0.0, 0.0, 0.0, 0, 0, 0.0, 0], "deviation": [0.0, 0.0, 0.0, 0.0, 0.0, 0.0, 0.0, 0.0, 0.0, 0.0, 0.0]}, "N": {"data": [0.0, 0, 0.0, 0.0, 0.0, 0.0, 0.0, 0, 0, 0.0, 0], "deviation": [0.0, 0.0, 0.0, 0.0, 0.0, 0.0, 0.0, 0.0, 0.0, 0.0, 0.0]}, "NSP14": {"data": [0.0, 0, 0.0, 0.0, 0.0, 0.0, 0.0, 0, 0, 0.0, 0], "deviation": [0.0, 0.0, 0.0, 0.0, 0.0, 0.0, 0.0, 0.0, 0.0, 0.0, 0.0]}, "NS3": {"data": [0.0, 0, 0.0, 0.0, 0.0, 0.0, 0.0, 0, 0, 0.0, 0], "deviation": [0.0, 0.0, 0.0, 0.0, 0.0, 0.0, 0.0, 0.0, 0.0, 0.0, 0.0]}, "NSP15": {"data": [0.0, 0, 0.0, 0.0, 0.0, 0.0, 0.0, 0, 0, 0.0, 0], "deviation": [0.0, 0.0, 0.0, 0.0, 0.0, 0.0, 0.0, 0.0, 0.0, 0.0, 0.0]}, "NSP16": {"data": [0.0, 0, 0.0, 0.0, 0.0, 0.0, 0.0, 0, 0, 0.0, 0], "deviation": [0.0, 0.0, 0.0, 0.0, 0.0, 0.0, 0.0, 0.0, 0.0, 0.0, 0.0]}, "NS9b": {"data": [0.0, 0, 0.0, 0.0, 0.0, 0.0, 0.0, 0, 0, 0.0, 0], "deviation": [0.0, 0.0, 0.0, 0.0, 0.0, 0.0, 0.0, 0.0, 0.0, 0.0, 0.0]}, "NS6": {"data": [0.0, 0, 0.0, 0.0, 0.0, 0.0, 0.0, 0, 0, 0.0, 0], "deviation": [0.0, 0.0, 0.0, 0.0, 0.0, 0.0, 0.0, 0.0, 0.0, 0.0, 0.0]}, "NS9c": {"data": [0.0, 0, 0.0, 0.0, 0.0, 0.0, 0.0, 0, 0, 0.0, 0], "deviation": [0.0, 0.0, 0.0, 0.0, 0.0, 0.0, 0.0, 0.0, 0.0, 0.0, 0.0]}, "NSP1": {"data": [0.0, 0, 0.0, 0.0, 0.0, 0.0, 0.0, 0, 0, 0.0, 0], "deviation": [0.0, 0.0, 0.0, 0.0, 0.0, 0.0, 0.5127125349812175, 0.30486903545521854, 0.20100756305184242, 0.0, 0.0]}, "NSP2": {"data": [0.0, 0, 0.0, 0.0, 0.0, 0.0, 0.0, 0, 0, 0.0, 0], "deviation": [0.0, 0.0, 0.0, 0.0, 0.0, 0.0, 0.0, 0.0, 0.0, 0.0, 0.0]}, "NS8": {"data": [0.0, 0, 0.0, 0.0, 0.0, 0.0, 0.0, 0, 0, 0.0, 0], "deviation": [0.0, 0.0, 0.0, 0.0, 0.0, 0.0, 0.0, 0.0, 0.0, 0.0, 0.0]}, "NSP3": {"data": [0.0, 0, 0.0, 0.0, 0.0, 0.0, 0.0, 0, 0, 0.0, 0], "deviation": [0.0, 0.0, 0.0, 0.0, 0.0, 0.0, 0.0, 0.0, 0.0, 0.3585685828003181, 0.0]}}, "missense": {"NSP4": {"data": [0.0, 0, 0.0, 0.0, 0.0, 0.0, 0.0, 0, 0, 0.0, 2], "deviation": [0.0, 0.5477225575051661, 0.0, 0.5, 0.0, 0.15811388300841897, 0.06509445549041193, 0.0, 0.10050378152592121, 0.23904572186687875, 0.0]}, "E": {"data": [0.0, 0, 0.0, 0.0, 0.0, 0.0, 0.0, 0, 0, 0.0, 0], "deviation": [0.0, 0.0, 0.0, 0.0, 0.0, 0.0, 0.0, 0.0, 0.10050378152592121, 0.0, 0.0]}, "NS7a": {"data": [0.0, 0, 0.0, 0.0, 0.0, 0.0, 0.0, 0, 0, 0.0, 2], "deviation": [0.0, 0.0, 0.0, 0.0, 0.0, 0.15811388300841897, 0.09186138603624779, 0.10259783520851541, 0.17229219690157924, 0.3293760963343256, 0.0]}, "NSP5": {"data": [0.0, 0, 0.0, 0.0, 0.0, 0.0, 0.0, 0, 0, 0.0, 0], "deviation": [0.0, 0.0, 0.0, 0.0, 0.0, 0.0, 0.14431153942463198, 0.17580402404729137, 0.22009911374694652, 0.11952286093343938, 0.0]}, "NS7b": {"data": [0.0, 0, 0.0, 0.0, 0.0, 0.0, 0.0, 0, 0, 0.0, 1], "deviation": [0.0, 0.0, 0.0, 0.0, 0.0, 0.0, 0.17001092432178777, 0.20189472049435528, 0.14140677897022574, 0.11952286093343938, 0.0]}, "NSP6": {"data": [1.0, 1, 1.0, 1.0, 1.0, 1.0, 0.0, 0, 1, 1.0, 1], "deviation": [0.0, 0.0, 0.0, 0.0, 0.0, 0.22645540682891915, 0.28532442104281697, 0.34550383548659236, 0.5501072776320372, 0.42805351729029895, 0.0]}, "NSP7": {"data": [0.0, 0, 0.0, 0.0, 0.0, 0.0, 0.0, 0, 0, 0.0, 0], "deviation": [0.0, 0.0, 0.0, 0.0, 0.0, 0.0, 0.06509445549041193, 0.0, 0.0, 0.0, 0.0]}, "NSP8": {"data": [0.0, 0, 0.0, 0.0, 0.0, 0.0, 0.0, 0, 0, 0.0, 0], "deviation": [0.0, 0.0, 0.0, 0.0, 0.0, 0.0, 0.09186138603624779, 0.0, 0.10050378152592121, 0.11952286093343938, 0.0]}, "Spike": {"data": [0.5, 0, 1.0, 0.0, 0.0, 0.0, 2.0, 2, 3, 3.0, 8], "deviation": [0.7071067811865476, 0.0, 1.4142135623730951, 0.0, 0.0, 0.4385290096535146, 0.634902617961989, 0.9473248714638843, 1.1301603515075032, 0.8083416041923879, 0.3779644730092272]}, "NSP9": {"data": [0.0, 0, 0.0, 0.0, 0.0, 0.0, 0.0, 0, 0, 0.0, 0], "deviation": [0.0, 0.0, 0.0, 0.0, 0.0, 0.0, 0.0, 0.0, 0.0, 0.11952286093343938, 0.0]}, "NSP10": {"data": [0.0, 0, 0.0, 0.0, 0.0, 0.0, 0.0, 0, 0, 0.0, 0], "deviation": [0.0, 0.447213595499958, 0.0, 0.0, 0.0, 0.36162028533978946, 0.0, 0.1443214031708876, 0.17229219690157924, 0.0, 0.0]}, "NSP11": {"data": [0.0, 0, 0.0, 0.0, 0.0, 0.0, 0.0, 0, 0, 0.0, 0], "deviation": [0.0, 0.0, 0.0, 0.0, 0.0, 0.0, 0.0, 0.0, 0.0, 0.0, 0.0]}, "NSP12": {"data": [1.0, 1, 1.5, 1.0, 1.0, 1.0, 1.0, 1, 1, 1.0, 2], "deviation": [0.0, 0.0, 0.7071067811865476, 0.0, 0.0, 0.6222374845503019, 0.1712788916036633, 0.3925396107714941, 0.1722921969015792, 0.2593988910521574, 0.0]}, "M": {"data": [0.0, 0, 0.0, 0.0, 0.0, 0.0, 0.0, 0, 0, 0.0, 1], "deviation": [0.0, 0.0, 0.0, 0.0, 0.0, 0.0, 0.1293552487619172, 0.10259783520851541, 0.0, 0.11952286093343938, 0.0]}, "NSP13": {"data": [0.0, 0, 0.0, 0.0, 0.0, 0.0, 0.0, 1, 1, 1.0, 1], "deviation": [0.0, 0.0, 0.0, 0.5, 0.0, 0.22072142786315224, 0.49306404543729726, 0.540208578190617, 0.521838084659122, 0.20801735872780208, 0.0]}, "N": {"data": [1.5, 1, 1.0, 1.0, 1.0, 1.0, 2.0, 1, 2, 2.0, 4], "deviation": [0.7071067811865476, 0.0, 0.0, 0.5, 0.0, 0.2667467828369185, 0.5037185918367424, 0.484935432836328, 0.4619069933449023, 0.49927483645667603, 1.1338934190276817]}, "NSP14": {"data": [0.0, 0, 0.0, 0.0, 0.0, 0.0, 0.0, 0, 1, 1.0, 1], "deviation": [0.0, 0.0, 0.0, 0.0, 0.0, 0.0, 0.22453220995413517, 0.24453717969020555, 0.8858818442261355, 0.9348331634458958, 0.0]}, "NS3": {"data": [0.0, 0, 0.0, 0.0, 0.0, 0.0, 1.0, 1, 1, 1.0, 2], "deviation": [0.0, 0.447213595499958, 0.0, 0.0, 0.0, 0.2667467828369185, 0.30596898744251144, 0.42196150506665736, 0.3910986486273674, 0.30216609311120096, 0.4879500364742666]}, "NSP15": {"data": [0.0, 0, 0.0, 0.0, 0.0, 0.0, 1.0, 1, 0, 0.0, 0], "deviation": [0.0, 0.447213595499958, 0.0, 0.0, 0.0, 0.15811388300841897, 0.22194758041695126, 0.4098452443302374, 0.4887942413208054, 0.3371418043988196, 0.0]}, "NSP16": {"data": [0.0, 0, 0.0, 0.0, 0.0, 0.0, 0.0, 0, 0, 0.0, 0], "deviation": [0.0, 0.0, 0.0, 0.0, 0.0, 0.22072142786315224, 0.09186138603624779, 0.10259783520851541, 0.17229219690157924, 0.20399732064980203, 0.0]}, "NS9b": {"data": [0.0, 0, 0.0, 0.0, 0.0, 0.0, 0.0, 0, 0, 0.0, 0],