{"indel": {"NSP4": {"data": [0.0, 0.0, 0.0, 0, 0.0, 0, 0.0, 0.0, 0, 0, 0, 0, 0.0, 0.0, 0], "deviation": [0.0, 0.0, 0.0, 0.0, 0.0, 0.0, 0.0, 0.0, 0.0, 0.0, 0.0, 0.0, 0.0, 0.0, 0.0]}, "E": {"data": [0.0, 0.0, 0.0, 0, 0.0, 0, 0.0, 0.0, 0, 0, 0, 0, 0.0, 0.0, 0], "deviation": [0.0, 0.0, 0.0, 0.0, 0.0, 0.0, 0.0, 0.0, 0.0, 0.0, 0.0, 0.0, 0.0, 0.0, 0.0]}, "NS7a": {"data": [0.0, 0.0, 0.0, 0, 0.0, 0, 0.0, 0.0, 0, 0, 0, 0, 0.0, 0.0, 0], "deviation": [0.0, 0.0, 0.0, 0.0, 0.0, 0.0, 0.0, 0.0, 0.0, 0.0, 0.0, 0.0, 0.0, 0.0, 0.0]}, "NSP5": {"data": [0.0, 0.0, 0.0, 0, 0.0, 0, 0.0, 0.0, 0, 0, 0, 0, 0.0, 0.0, 0], "deviation": [0.0, 0.0, 0.0, 0.0, 0.0, 0.0, 0.0, 0.0, 0.0, 0.0, 0.0, 0.0, 0.0, 0.0, 0.0]}, "NS7b": {"data": [0.0, 0.0, 0.0, 0, 0.0, 0, 0.0, 0.0, 0, 0, 0, 0, 0.0, 0.0, 0], "deviation": [0.0, 0.0, 0.0, 0.0, 0.0, 0.0, 0.0, 0.0, 0.0, 0.0, 0.0, 0.0, 0.0, 0.0, 0.0]}, "NSP6": {"data": [0.0, 0.0, 0.0, 0, 0.0, 0, 0.0, 0.0, 0, 0, 3, 3, 3.0, 0.0, 0], "deviation": [0.0, 0.0, 0.0, 0.0, 0.0, 0.0, 0.0, 0.0, 0.0, 1.3017082793177759, 1.5056710977319896, 1.42828568570857, 1.224744871391589, 0.0, 0.0]}, "NSP7": {"data": [0.0, 0.0, 0.0, 0, 0.0, 0, 0.0, 0.0, 0, 0, 0, 0, 0.0, 0.0, 0], "deviation": [0.0, 0.0, 0.0, 0.0, 0.0, 0.0, 0.0, 0.0, 0.0, 0.0, 0.0, 0.0, 0.0, 0.0, 0.0]}, "NSP8": {"data": [0.0, 0.0, 0.0, 0, 0.0, 0, 0.0, 0.0, 0, 0, 0, 0, 0.0, 0.0, 0], "deviation": [0.0, 0.0, 0.0, 0.0, 0.0, 0.0, 0.0, 0.0, 0.0, 0.0, 0.0, 0.0, 0.0, 0.0, 0.0]}, "Spike": {"data": [0.0, 0.0, 0.0, 0, 0.0, 0, 0.0, 0.0, 0, 0, 0, 0, 0.0, 0.0, 2], "deviation": [0.0, 0.0, 0.0, 0.30151134457776363, 0.0, 0.0, 0.0, 0.0, 0.0, 0.6011819633741683, 0.5222329678670935, 0.8306623862918073, 0.0, 0.0, 0.0]}, "NSP9": {"data": [0.0, 0.0, 0.0, 0, 0.0, 0, 0.0, 0.0, 0, 0, 0, 0, 0.0, 0.0, 0], "deviation": [0.0, 0.0, 0.0, 0.0, 0.0, 0.0, 0.0, 0.0, 0.0, 0.0, 0.0, 0.0, 0.0, 0.0, 0.0]}, "NSP10": {"data": [0.0, 0.0, 0.0, 0, 0.0, 0, 0.0, 0.0, 0, 0, 0, 0, 0.0, 0.0, 0], "deviation": [0.0, 0.0, 0.0, 0.0, 0.0, 0.0, 0.0, 0.0, 0.0, 0.0, 0.0, 0.0, 0.0, 0.0, 0.0]}, "NSP11": {"data": [0.0, 0.0, 0.0, 0, 0.0, 0, 0.0, 0.0, 0, 0, 0, 0, 0.0, 0.0, 0], "deviation": [0.0, 0.0, 0.0, 0.0, 0.0, 0.0, 0.0, 0.0, 0.0, 0.0, 0.0, 0.0, 0.0, 0.0, 0.0]}, "NSP12": {"data": [0.0, 0.0, 0.0, 0, 0.0, 0, 0.0, 0.0, 0, 0, 0, 0, 0.0, 0.0, 0], "deviation": [0.0, 0.0, 0.0, 0.0, 0.0, 0.0, 0.0, 0.0, 0.0, 0.0, 0.0, 0.0, 0.0, 0.0, 0.0]}, "M": {"data": [0.0, 0.0, 0.0, 0, 0.0, 0, 0.0, 0.0, 0, 0, 0, 0, 0.0, 0.0, 0], "deviation": [0.0, 0.0, 0.0, 0.0, 0.0, 0.0, 0.0, 0.0, 0.0, 0.0, 0.0, 0.0, 0.0, 0.0, 0.0]}, "NSP13": {"data": [0.0, 0.0, 0.0, 0, 0.0, 0, 0.0, 0.0, 0, 0, 0, 0, 0.0, 0.0, 0], "deviation": [0.0, 0.0, 0.0, 0.0, 0.0, 0.0, 0.0, 0.0, 0.0, 0.0, 0.0, 0.0, 0.0, 0.0, 0.0]}, "N": {"data": [0.0, 0.0, 0.0, 0, 0.0, 0, 0.0, 0.0, 0, 0, 0, 0, 0.0, 0.0, 0], "deviation": [0.0, 0.0, 0.0, 0.0, 0.0, 0.0, 0.0, 0.0, 0.0, 0.0, 0.0, 0.0, 0.0, 0.0, 0.0]}, "NSP14": {"data": [0.0, 0.0, 0.0, 0, 0.0, 0, 0.0, 0.0, 0, 0, 0, 0, 0.0, 0.0, 0], "deviation": [0.0, 0.0, 0.0, 0.0, 0.0, 0.0, 0.0, 0.0, 0.0, 0.0, 0.0, 0.0, 0.0, 0.0, 0.0]}, "NS3": {"data": [0.0, 0.0, 0.0, 0, 0.0, 0, 0.0, 0.0, 0, 0, 0, 0, 0.0, 0.0, 0], "deviation": [0.0, 0.0, 0.0, 0.0, 0.0, 0.0, 0.0, 0.0, 0.0, 0.0, 0.0, 0.0, 0.0, 0.0, 0.0]}, "NSP15": {"data": [0.0, 0.0, 0.0, 0, 0.0, 0, 0.0, 0.0, 0, 0, 0, 0, 0.0, 0.0, 0], "deviation": [0.0, 0.0, 0.0, 0.0, 0.0, 0.0, 0.0, 0.0, 0.0, 0.0, 0.0, 0.0, 0.0, 0.0, 0.0]}, "NSP16": {"data": [0.0, 0.0, 0.0, 0, 0.0, 0, 0.0, 0.0, 0, 0, 0, 0, 0.0, 0.0, 0], "deviation": [0.0, 0.0, 0.0, 0.0, 0.0, 0.0, 0.0, 0.0, 0.0, 0.0, 0.0, 0.0, 0.0, 0.0, 0.0]}, "NS9b": {"data": [0.0, 0.0, 0.0, 0, 0.0, 0, 0.0, 0.0, 0, 0, 0, 0, 0.0, 0.0, 0], "deviation": [0.0, 0.0, 0.0, 0.0, 0.0, 0.0, 0.0, 0.0, 0.0, 0.0, 0.0, 0.0, 0.0, 0.0, 0.0]}, "NS6": {"data": [0.0, 0.0, 0.0, 0, 0.0, 0, 0.0, 0.0, 0, 0, 0, 0, 0.0, 0.0, 0], "deviation": [0.0, 0.0, 0.0, 0.0, 0.0, 0.0, 0.0, 0.0, 0.0, 0.0, 0.0, 0.0, 0.0, 0.0, 0.0]}, "NS9c": {"data": [0.0, 0.0, 0.0, 0, 0.0, 0, 0.0, 0.0, 0, 0, 0, 0, 0.0, 0.0, 0], "deviation": [0.0, 0.0, 0.0, 0.0, 0.0, 0.0, 0.0, 0.0, 0.0, 0.0, 0.0, 0.0, 0.0, 0.0, 0.0]}, "NSP1": {"data": [0.0, 0.0, 0.0, 0, 0.0, 0, 0.0, 0.0, 0, 0, 0, 0, 0.0, 0.0, 0], "deviation": [0.0, 0.0, 0.0, 0.0, 0.0, 0.0, 0.0, 0.0, 0.0, 0.0, 0.0, 0.0, 0.0, 0.0, 0.0]}, "NSP2": {"data": [0.0, 0.0, 0.0, 0, 0.0, 0, 0.0, 0.0, 0, 0, 0, 0, 0.0, 0.0, 0], "deviation": [0.0, 0.0, 0.0, 0.0, 0.0, 0.0, 0.0, 0.0, 0.0, 0.0, 0.0, 0.0, 0.0, 0.0, 0.0]}, "NS8": {"data": [0.0, 0.0, 0.0, 0, 0.0, 0, 0.0, 0.0, 0, 0, 0, 0, 0.0, 0.0, 0], "deviation": [0.0, 0.0, 0.0, 0.0, 0.0, 0.0, 0.0, 0.0, 0.0, 0.0, 0.0, 0.0, 0.0, 0.0, 0.0]}, "NSP3": {"data": [0.0, 0.0, 0.0, 0, 0.0, 0, 0.0, 0.0, 0, 0, 0, 0, 0.0, 0.0, 0], "deviation": [0.0, 0.0, 0.0, 0.0, 0.0, 0.0, 0.0, 0.0, 0.0, 2.222222222222222, 0.0, 0.0, 0.0, 0.0, 0.0]}}, "missense": {"NSP4": {"data": [0.0, 0.0, 0.0, 0, 0.0, 0, 0.0, 0.0, 0, 0, 0, 0, 0.0, 0.5, 2], "deviation": [0.0, 0.0, 0.5, 0.0, 0.3535533905932738, 0.0, 0.0, 0.3415650255319866, 0.557262335477027, 0.5403473962572368, 0.6628679652796169, 0.6454972243679029, 0.0, 0.7071067811865476, 0.0]}, "E": {"data": [0.0, 0.0, 0.0, 0, 0.0, 0, 0.0, 0.0, 0, 0, 0, 0, 0.0, 0.0, 0], "deviation": [0.0, 0.0, 0.0, 0.0, 0.0, 0.0, 0.0, 0.0, 0.19245008972987526, 0.0, 0.0, 0.0, 0.0, 0.0, 0.0]}, "NS7a": {"data": [0.0, 0.0, 0.0, 0, 0.0, 0, 0.5, 0.0, 0, 0, 0, 0, 0.0, 0.0, 2], "deviation": [0.0, 0.0, 0.5, 0.0, 0.0, 0.0, 0.7071067811865476, 0.0, 0.2668802563418119, 0.30020569080236215, 0.45226701686664544, 0.5416025603090641, 0.0, 0.0, 0.8944271909999159]}, "NSP5": {"data": [0.0, 0.0, 0.0, 0, 0.0, 0, 0.0, 0.0, 0, 0, 0, 0, 0.0, 0.0, 0], "deviation": [0.0, 0.0, 0.0, 0.0, 0.0, 0.0, 0.0, 0.4472135954999579, 0.44657608470472243, 0.867627672321358, 0.4351941398892446, 0.43588989435406733, 0.0, 0.0, 0.0]}, "NS7b": {"data": [0.0, 0.0, 0.0, 0, 0.0, 0, 0.0, 0.0, 0, 0, 0, 0, 0.0, 0.5, 1], "deviation": [0.0, 0.0, 0.0, 0.0, 0.0, 0.0, 0.0, 0.0, 0.0, 0.15614965913950218, 0.0, 0.0, 0.0, 0.7071067811865476, 0.0]}, "NSP6": {"data": [0.0, 0.0, 0.5, 0, 0.0, 0, 0.5, 0.0, 0, 0, 0, 0, 0.0, 0.5, 1], "deviation": [0.0, 0.5, 0.5773502691896257, 0.504524979109513, 0.4629100498862757, 0.0, 0.7071067811865476, 1.02469507659596, 0.7472647177570733, 0.513099995067503, 0.6366341416410451, 0.6137317546507323, 0.408248290463863, 0.7071067811865476, 0.0]}, "NSP7": {"data": [0.0, 0.0, 1.0, 1, 1.0, 0, 0.5, 0.0, 1, 0, 0, 0, 0.0, 0.0, 0], "deviation": [0.0, 0.0, 0.5, 0.504524979109513, 0.5175491695067657, 0.5773502691896258, 0.7071067811865476, 0.5, 0.44657608470472243, 0.5012330474951093, 0.45226701686664544, 0.43588989435406733, 0.408248290463863, 0.0, 0.0]}, "NSP8": {"data": [0.0, 0.0, 0.0, 0, 0.0, 0, 0.0, 0.0, 0, 0, 0, 0, 0.0, 0.0, 0], "deviation": [0.0, 0.0, 0.0, 0.0, 0.0, 0.0, 0.0, 0.0, 0.0, 0.26352313834736496, 0.17407765595569785, 0.0, 0.0, 0.0, 0.0]}, "Spike": {"data": [1.0, 2.0, 3.0, 2, 1.0, 3, 2.0, 2.0, 2, 3, 12, 12, 12.0, 2.5, 10], "deviation": [1.4142135623730951, 0.0, 1.0, 0.9438798074485389, 0.5175491695067657, 0.5773502691896257, 0.0, 0.873212459828649, 0.8388704928078611, 4.098027227885855, 4.7232099382953665, 4.272001872658765, 4.183300132670378, 3.5355339059327378, 1.7320508075688772]}, "NSP9": {"data": [0.0, 0.0, 0.0, 0, 0.0, 0, 0.0, 0.0, 0, 0, 0, 0, 0.0, 0.0, 0], "deviation": [0.0, 0.0, 0.0, 0.0, 0.0, 0.0, 0.0, 0.3415650255319866, 0.19245008972987526, 0.3804643037391985, 0.2919371040605711, 0.0, 0.0, 0.0, 0.0]}, "NSP10": {"data": [0.0, 0.0, 0.0, 0, 0.0, 0, 0.0, 0.0, 0, 0, 0, 0, 0.0, 0.0, 0], "deviation": [0.0, 0.0, 0.0, 0.0, 0.0, 0.0, 0.0, 0.4031128874149275, 0.2668802563418119, 0.15614965913950218, 0.17407765595569785, 0.0, 0.0, 0.0, 0.0]}, "NSP11": {"data": [0.0, 0.0, 0.0, 0, 0.0, 0, 0.0, 0.0, 0, 0, 0, 0, 0.0, 0.0, 0], "deviation": [0.0, 0.0, 0.0, 0.0, 0.0, 0.0, 0.0, 0.0, 0.0, 0.0, 0.0, 0.0, 0.0, 0.0, 0.0]}, "NSP12": {"data": [0.5, 1.0, 1.0, 1, 1.5, 1, 1.5, 1.0, 1, 1, 1, 1, 1.0, 1.5, 3],