{"indel": {"NSP4": {"data": [0.0, 0, 0, 0, 0.0, 0, 0.0, 0, 0.0, 0, 0, 0, 0, 0.0, 0, 0.0, 0.0], "deviation": [0.0, 0.0, 0.0, 0.0, 0.0, 0.0, 0.0, 0.0, 0.0, 0.0, 0.0, 0.0, 0.0, 0.0, 0.0, 0.0, 0.0]}, "E": {"data": [0.0, 0, 0, 0, 0.0, 0, 0.0, 0, 0.0, 0, 0, 0, 0, 0.0, 0, 0.0, 0.0], "deviation": [0.0, 0.0, 0.0, 0.0, 0.0, 0.0, 0.0, 0.0, 0.0, 0.0, 0.0, 0.0, 0.0, 0.0, 0.0, 0.0, 0.0]}, "NS7a": {"data": [0.0, 0, 0, 0, 0.0, 0, 0.0, 0, 0.0, 0, 0, 0, 0, 0.0, 0, 0.0, 0.0], "deviation": [0.0, 0.0, 0.0, 0.0, 0.0, 0.0, 0.0, 0.0, 0.0, 0.0, 0.0, 0.0, 0.0, 0.07129160376385028, 0.9642768784662497, 0.3237235140149697, 0.9384984011541844]}, "NSP5": {"data": [0.0, 0, 0, 0, 0.0, 0, 0.0, 0, 0.0, 0, 0, 0, 0, 0.0, 0, 0.0, 0.0], "deviation": [0.0, 0.0, 0.0, 0.0, 0.0, 0.0, 0.0, 0.0, 0.0, 0.0, 0.0, 0.0, 0.0, 0.0, 0.0, 0.0, 0.0]}, "NS7b": {"data": [0.0, 0, 0, 0, 0.0, 0, 0.0, 0, 0.0, 0, 0, 0, 0, 0.0, 0, 0.0, 0.0], "deviation": [0.0, 0.0, 0.0, 0.0, 0.0, 0.0, 0.0, 0.0, 0.0, 0.06757373783994859, 0.0, 0.0, 0.0, 0.0, 0.0, 0.13784910335911552, 0.08559093732518162]}, "NSP6": {"data": [0.0, 0, 0, 0, 0.0, 0, 0.0, 0, 0.0, 0, 0, 0, 3, 3.0, 3, 3.0, 3.0], "deviation": [0.0, 0.0, 0.10050378152592121, 0.0, 0.0, 0.0, 0.0, 0.0, 0.44232586846469146, 1.1820222038109267, 1.0744291910745005, 1.4701797752072947, 1.1603767956943989, 0.6765807807623719, 0.5959530922980738, 0.6308952930013939, 1.0063761882825368]}, "NSP7": {"data": [0.0, 0, 0, 0, 0.0, 0, 0.0, 0, 0.0, 0, 0, 0, 0, 0.0, 0, 0.0, 0.0], "deviation": [0.0, 0.0, 0.0, 0.0, 0.0, 0.0, 0.0, 0.0, 0.0, 0.0, 0.0, 0.0, 0.0, 0.0, 0.0, 0.0, 0.0]}, "NSP8": {"data": [0.0, 0, 0, 0, 0.0, 0, 0.0, 0, 0.0, 0, 0, 0, 0, 0.0, 0, 0.0, 0.0], "deviation": [0.0, 0.0, 0.0, 0.0, 0.0, 0.0, 0.0, 0.0, 0.0, 0.0, 0.0, 0.0, 0.0, 0.0, 0.0, 0.0, 0.0]}, "Spike": {"data": [0.0, 0, 0, 0, 0.0, 0, 0.0, 0, 0.0, 0, 0, 0, 7, 7.0, 7, 7.0, 7.0], "deviation": [0.0, 0.0, 0.0, 0.0, 0.0, 0.0, 0.0, 0.0, 0.0, 0.5583913770812935, 2.263657968891063, 3.683414133998468, 3.715240858369532, 3.220586933140704, 3.612794087657747, 3.2547539334325037, 3.5727121015224084]}, "NSP9": {"data": [0.0, 0, 0, 0, 0.0, 0, 0.0, 0, 0.0, 0, 0, 0, 0, 0.0, 0, 0.0, 0.0], "deviation": [0.0, 0.0, 0.0, 0.0, 0.0, 0.0, 0.0, 0.0, 0.0, 0.0, 0.0, 0.0, 0.0, 0.0, 0.0, 0.0, 0.0]}, "NSP10": {"data": [0.0, 0, 0, 0, 0.0, 0, 0.0, 0, 0.0, 0, 0, 0, 0, 0.0, 0, 0.0, 0.0], "deviation": [0.0, 0.0, 0.0, 0.0, 0.0, 0.0, 0.0, 0.0, 0.0, 0.0, 0.0, 0.0, 0.0, 0.0, 0.0, 0.0, 0.0]}, "NSP11": {"data": [0.0, 0, 0, 0, 0.0, 0, 0.0, 0, 0.0, 0, 0, 0, 0, 0.0, 0, 0.0, 0.0], "deviation": [0.0, 0.0, 0.0, 0.0, 0.0, 0.0, 0.0, 0.0, 0.0, 0.0, 0.0, 0.0, 0.0, 0.0, 0.0, 0.0, 0.0]}, "NSP12": {"data": [0.0, 0, 0, 0, 0.0, 0, 0.0, 0, 0.0, 0, 0, 0, 0, 0.0, 0, 0.0, 0.0], "deviation": [0.0, 0.0, 0.0, 0.0, 0.0, 0.0, 0.0, 0.0, 0.0, 0.0, 0.0, 0.0, 0.0, 0.3571428571428571, 0.0, 0.0, 0.0]}, "M": {"data": [0.0, 0, 0, 0, 0.0, 0, 0.0, 0, 0.0, 0, 0, 0, 0, 0.0, 0, 0.0, 0.0], "deviation": [0.0, 0.0, 0.0, 0.0, 0.0, 0.0, 0.0, 0.0, 0.0, 0.0, 0.0, 0.0, 0.0, 0.0, 0.0, 0.0, 0.0]}, "NSP13": {"data": [0.0, 0, 0, 0, 0.0, 0, 0.0, 0, 0.0, 0, 0, 0, 0, 0.0, 0, 0.0, 0.0], "deviation": [0.0, 0.0, 0.0, 0.0, 0.0, 0.0, 0.0, 0.0, 0.0, 0.0, 0.0, 0.0, 0.0, 0.0, 0.0, 0.0, 0.0]}, "N": {"data": [0.0, 0, 0, 0, 0.0, 0, 0.0, 0, 0.0, 0, 0, 0, 0, 0.0, 0, 0.0, 0.0], "deviation": [0.0, 0.0, 0.0, 0.0, 0.0, 0.0, 0.0, 0.0, 0.0, 0.27029495135979437, 0.0, 0.0, 0.08155787078502574, 0.1070211557182119, 0.04531432544294438, 0.03446227583977888, 0.0]}, "NSP14": {"data": [0.0, 0, 0, 0, 0.0, 0, 0.0, 0, 0.0, 0, 0, 0, 0, 0.0, 0, 0.0, 0.0], "deviation": [0.0, 0.0, 0.0, 0.0, 0.0, 0.0, 0.0, 0.0, 0.0, 0.0, 0.0, 0.0, 0.0, 0.0, 0.0, 0.0, 0.0]}, "NS3": {"data": [0.0, 0, 0, 0, 0.0, 0, 0.0, 0, 0.0, 0, 0, 0, 0, 0.0, 0, 0.0, 0.0], "deviation": [0.0, 0.0, 0.10050378152592121, 0.0, 0.0, 0.0, 0.0, 0.0, 0.0, 0.09534426178875631, 0.0, 0.06666666666666667, 0.06666633524151365, 0.10714285714285715, 0.09062865088588876, 0.29421551188326306, 0.06063390625908324]}, "NSP15": {"data": [0.0, 0, 0, 0, 0.0, 0, 0.0, 0, 0.0, 0, 0, 0, 0, 0.0, 0, 0.0, 0.0], "deviation": [0.0, 0.0, 0.0, 0.0, 0.0, 0.0, 0.0, 0.0, 0.0, 0.0, 0.0, 0.0, 0.0, 0.0, 0.0, 0.0, 0.0]}, "NSP16": {"data": [0.0, 0, 0, 0, 0.0, 0, 0.0, 0, 0.0, 0, 0, 0, 0, 0.0, 0, 0.0, 0.0], "deviation": [0.0, 0.0, 0.0, 0.0, 0.0, 0.0, 0.0, 0.0, 0.0, 0.0, 0.0, 0.0, 0.0, 0.0, 0.0, 0.0, 0.1819017187772497]}, "NS9b": {"data": [0.0, 0, 0, 0, 0.0, 0, 0.0, 0, 0.0, 0, 0, 0, 0, 0.0, 0, 0.0, 0.0], "deviation": [0.0, 0.0, 0.0, 0.0, 0.0, 0.0, 0.0, 0.0, 0.0, 0.0, 0.0, 0.0, 0.0, 0.0, 0.0, 0.0, 0.0]}, "NS6": {"data": [0.0, 0, 0, 0, 0.0, 0, 0.0, 0, 0.0, 0, 0, 0, 0, 0.0, 0, 0.0, 0.0], "deviation": [0.0, 0.0, 0.0, 0.0, 0.0, 0.0, 0.0, 0.0, 0.0, 0.0, 0.0, 0.0, 0.0, 0.0, 0.09062865088588876, 0.0, 0.0]}, "NS9c": {"data": [0.0, 0, 0, 0, 0.0, 0, 0.0, 0, 0.0, 0, 0, 0, 0, 0.0, 0, 0.0, 0.0], "deviation": [0.0, 0.0, 0.0, 0.0, 0.0, 0.0, 0.0, 0.0, 0.0, 0.0, 0.0, 0.0, 0.0, 0.0, 0.0, 0.0, 0.0]}, "NSP1": {"data": [0.0, 0, 0, 0, 0.0, 0, 0.0, 0, 0.0, 0, 0, 0, 0, 0.0, 0, 0.0, 0.0], "deviation": [0.2211629342323457, 0.10482848367219183, 0.0, 0.0, 0.0, 0.23791547571544322, 0.0, 0.0, 0.0, 0.0, 0.0, 0.43996753126955696, 0.04719291781830087, 0.12869376287900094, 0.2121251628070586, 0.29809697465575624, 0.400509768506315]}, "NSP2": {"data": [0.0, 0, 0, 0, 0.0, 0, 0.0, 0, 0.0, 0, 0, 0, 0, 0.0, 0, 0.0, 0.0], "deviation": [0.0, 0.0, 0.0, 0.0, 0.0, 0.0, 0.0, 0.0, 0.0, 0.0, 0.0, 0.0, 0.0, 0.0, 0.0, 0.0, 0.0]}, "NS8": {"data": [0.0, 0, 0, 0, 0.0, 0, 0.0, 0, 0.0, 0, 0, 0, 0, 0.0, 0, 0.0, 0.0], "deviation": [0.0, 0.0, 0.0, 0.0, 0.0, 0.0, 0.0, 0.0, 0.49927483645667603, 0.19068852357751262, 0.0, 0.0, 0.1333326704830273, 0.12355980880031417, 0.09062865088588876, 0.06892455167955776, 0.0]}, "NSP3": {"data": [0.0, 0, 0, 0, 0.0, 0, 0.0, 0, 0.0, 0, 0, 0, 0, 0.0, 0, 0.0, 0.0], "deviation": [0.0, 0.0, 0.0, 0.0, 0.0, 0.0, 0.0, 2.030692330267238, 0.0, 0.0, 0.0, 0.0, 0.0, 0.050475364287730994, 0.1812573017717775, 0.9649437235138086, 4.375039148325575]}}, "missense": {"NSP4": {"data": [0.0, 0, 0, 0, 0.0, 0, 0.0, 0, 0.0, 0, 0, 0, 2, 2.0, 2, 2.0, 2.0], "deviation": [0.28567609967811214, 0.14742395237484895, 0.14140677897022574, 0.3610670516781615, 0.0, 0.3442985875589847, 0.427878885450763, 0.41683845256003677, 0.4525824984181294, 0.41780770411421614, 0.8474793669167601, 0.9169263701377381, 0.9458472121727989, 0.855109756584669, 0.8312710558323267, 0.712267512222326, 0.8391016623386744]}, "E": {"data": [0.0, 0, 0, 0, 0.0, 0, 0.0, 0, 0.0, 0, 0, 0, 0, 0.0, 0, 0.0, 0.0], "deviation": [0.0, 0.0, 0.10050378152592121, 0.1015346165133619, 0.0, 0.1364884245663414, 0.11624763874381928, 0.17402156519994635, 0.14744195615489714, 0.11650302412874264, 0.06851887098275317, 0.13243746652546076, 0.11495167682591968, 0.09412838709286897, 0.07832505219146683, 0.11361686737758492, 0.19735471146106492]}, "NS7a": {"data": [0.0, 0, 0, 0, 0.0, 0, 0.0, 0, 0.0, 0, 0, 0, 0, 0.0, 0, 0.0, 0.0], "deviation": [0.2044875497304741, 0.3001830943106059, 0.41785544701867244, 0.4858389845415286, 0.22629428592141426, 0.30178726167552056, 0.29465182234077136, 0.30565967194176336, 0.2061845709423622, 0.31309246966072274, 0.25646050462627773, 0.2575833968818766, 0.20153424409541837, 0.9346460390922355, 0.29463275496274766, 0.6270109305647356, 1.1822937608770925]}, "NSP5": {"data": [0.0, 1, 1, 1, 1.0, 1, 1.0, 1, 0.0, 1, 1, 0, 1, 1.0, 1, 1.0, 1.0], "deviation": [0.4979167816076396, 0.5786177795389067, 0.5794886108395612, 0.5911358395123864, 0.7081119086039195, 0.47691722949199766, 0.5556748401291983, 0.5547746516283409, 0.6856006922245222, 0.7316378005710874, 0.6021707565002267, 0.551441113435788, 0.49106112417962794, 0.44195302651985974, 0.40771495385136497, 0.45939387231989653, 0.521254351937646]}, "NS7b": {"data": [0.0, 0, 0, 0, 0.0, 0, 0.0, 0, 0.0, 0, 0, 0, 0, 0.0, 0, 0.0, 0.0],