{"indel": {"NSP4": {"data": [0, 0.0, 0.0, 0, 0.0, 0, 0.0, 0, 0, 0, 0, 0.0, 0, 0.0, 0.0, 0.0], "deviation": [0.0, 0.0, 0.0, 0.0, 0.0, 0.0, 0.0, 0.0, 0.0, 0.0, 0.0, 0.0, 0.0, 0.0, 0.0, 0.0]}, "E": {"data": [0, 0.0, 0.0, 0, 0.0, 0, 0.0, 0, 0, 0, 0, 0.0, 0, 0.0, 0.0, 0.0], "deviation": [0.0, 0.0, 0.0, 0.0, 0.0, 0.0, 0.0, 0.0, 0.0, 0.0, 0.0, 0.0, 0.0, 0.0, 0.0, 0.0]}, "NS7a": {"data": [0, 0.0, 0.0, 0, 0.0, 0, 0.0, 0, 0, 0, 0, 0.0, 0, 0.0, 0.0, 0.0], "deviation": [0.0, 0.0, 0.0, 0.0, 0.0, 0.0, 0.0, 0.0, 0.0, 0.14359067048248547, 0.039253433598942976, 0.0292103118918493, 0.0, 0.04970562887374386, 0.0, 0.0]}, "NSP5": {"data": [0, 0.0, 0.0, 0, 0.0, 0, 0.0, 0, 0, 0, 0, 0.0, 0, 0.0, 0.0, 0.0], "deviation": [0.0, 0.0, 0.0, 0.0, 0.0, 0.0, 0.0, 0.0, 0.0, 0.0, 0.0, 0.0, 0.0, 0.0, 0.0, 0.0]}, "NS7b": {"data": [0, 0.0, 0.0, 0, 0.0, 0, 0.0, 0, 0, 0, 0, 0.0, 0, 0.0, 0.0, 0.0], "deviation": [0.0, 0.0, 0.0, 0.0, 0.0, 0.0, 0.0, 0.0, 0.0, 0.0, 0.0, 0.0, 0.0, 0.12922651104377147, 0.0, 0.0]}, "NSP6": {"data": [0, 0.0, 0.0, 0, 0.0, 0, 0.0, 0, 0, 0, 0, 0.0, 0, 3.0, 3.0, 3.0], "deviation": [0.0, 0.0, 0.22360679774997896, 0.0, 0.0, 0.0, 0.0, 0.0, 0.0, 0.0, 0.20365181722858094, 0.6877521391668289, 1.2932165435178595, 1.0560682965911599, 0.6960650178681064, 1.0354227704081187]}, "NSP7": {"data": [0, 0.0, 0.0, 0, 0.0, 0, 0.0, 0, 0, 0, 0, 0.0, 0, 0.0, 0.0, 0.0], "deviation": [0.0, 0.0, 0.0, 0.0, 0.0, 0.0, 0.0, 0.0, 0.0, 0.0, 0.0, 0.041291976863575684, 0.0, 0.0, 0.0, 0.0]}, "NSP8": {"data": [0, 0.0, 0.0, 0, 0.0, 0, 0.0, 0, 0, 0, 0, 0.0, 0, 0.0, 0.0, 0.0], "deviation": [0.0, 0.0, 0.0, 0.0, 0.0, 0.0, 0.0, 0.0, 0.0, 0.0, 0.0, 0.0, 0.0, 0.0, 0.0, 0.0]}, "Spike": {"data": [0, 0.0, 0.0, 0, 0.0, 0, 0.0, 0, 0, 0, 0, 0.0, 0, 3.0, 3.0, 3.0], "deviation": [0.0, 0.0, 0.0, 0.447213595499958, 0.0, 0.8320502943378437, 0.0, 0.0, 0.0, 0.10126986891021234, 0.36988568982671843, 0.7968329272786773, 1.698633961866269, 1.123286244027822, 0.6690548750093578, 0.4804158334617546]}, "NSP9": {"data": [0, 0.0, 0.0, 0, 0.0, 0, 0.0, 0, 0, 0, 0, 0.0, 0, 0.0, 0.0, 0.0], "deviation": [0.0, 0.0, 0.0, 0.0, 0.0, 0.0, 0.0, 0.0, 0.0, 0.0, 0.0, 0.0, 0.0, 0.0, 0.0, 0.0]}, "NSP10": {"data": [0, 0.0, 0.0, 0, 0.0, 0, 0.0, 0, 0, 0, 0, 0.0, 0, 0.0, 0.0, 0.0], "deviation": [0.0, 0.0, 0.0, 0.0, 0.0, 0.0, 0.0, 0.0, 0.0, 0.0, 0.0, 0.0, 0.0, 0.0, 0.0, 0.0]}, "NSP11": {"data": [0, 0.0, 0.0, 0, 0.0, 0, 0.0, 0, 0, 0, 0, 0.0, 0, 0.0, 0.0, 0.0], "deviation": [0.0, 0.0, 0.0, 0.0, 0.0, 0.0, 0.0, 0.0, 0.0, 0.0, 0.0, 0.0, 0.0, 0.0, 0.0, 0.0]}, "NSP12": {"data": [0, 0.0, 0.0, 0, 0.0, 0, 0.0, 0, 0, 0, 0, 0.0, 0, 0.0, 0.0, 0.0], "deviation": [0.0, 0.0, 0.0, 0.0, 0.0, 0.0, 0.0, 0.0, 0.0, 0.0, 0.0, 0.0, 0.0, 0.0, 0.0, 0.0]}, "M": {"data": [0, 0.0, 0.0, 0, 0.0, 0, 0.0, 0, 0, 0, 0, 0.0, 0, 0.0, 0.0, 0.0], "deviation": [0.0, 0.0, 0.0, 0.0, 0.0, 0.0, 0.0, 0.0, 0.0, 0.0, 0.0, 0.0, 0.0, 0.0, 0.0, 0.0]}, "NSP13": {"data": [0, 0.0, 0.0, 0, 0.0, 0, 0.0, 0, 0, 0, 0, 0.0, 0, 0.0, 0.0, 0.0], "deviation": [0.0, 0.0, 0.0, 0.0, 0.0, 0.0, 0.0, 0.0, 0.0, 0.0, 0.0, 0.0, 0.0, 0.0, 0.0, 0.0]}, "N": {"data": [0, 0.0, 0.0, 0, 0.0, 0, 0.0, 0, 0, 0, 0, 0.0, 0, 0.0, 0.0, 0.0], "deviation": [0.0, 0.0, 0.0, 0.0, 0.0, 0.0, 0.0, 0.0, 0.0, 0.0, 0.039253433598942976, 0.041291976863575684, 0.036588086663230115, 0.0, 0.0, 0.0]}, "NSP14": {"data": [0, 0.0, 0.0, 0, 0.0, 0, 0.0, 0, 0, 0, 0, 0.0, 0, 0.0, 0.0, 0.0], "deviation": [0.0, 0.0, 0.0, 0.0, 0.0, 0.0, 0.0, 0.0, 0.0, 0.0, 0.0, 0.0, 0.0, 0.0, 0.0, 0.0]}, "NS3": {"data": [0, 0.0, 0.0, 0, 0.0, 0, 0.0, 0, 0, 0, 0, 0.0, 0, 0.0, 0.0, 0.0], "deviation": [0.0, 0.0, 0.0, 0.0, 0.0, 0.0, 0.0, 0.0, 0.0, 0.10126986891021234, 0.05546988772424263, 0.09201546192387518, 0.08932129573926423, 0.08597688080015799, 0.041451333614483915, 0.0]}, "NSP15": {"data": [0, 0.0, 0.0, 0, 0.0, 0, 0.0, 0, 0, 0, 0, 0.0, 0, 0.0, 0.0, 0.0], "deviation": [0.0, 0.0, 0.0, 0.0, 0.0, 0.0, 0.0, 0.0, 0.0, 0.0, 0.0, 0.0584206237836986, 0.0, 0.0, 0.0, 0.0]}, "NSP16": {"data": [0, 0.0, 0.0, 0, 0.0, 0, 0.0, 0, 0, 0, 0, 0.0, 0, 0.0, 0.0, 0.0], "deviation": [0.0, 0.0, 0.0, 0.0, 0.0, 0.0, 0.0, 0.0, 0.0, 0.0, 0.0, 0.0, 0.0, 0.0, 0.0, 0.0]}, "NS9b": {"data": [0, 0.0, 0.0, 0, 0.0, 0, 0.0, 0, 0, 0, 0, 0.0, 0, 0.0, 0.0, 0.0], "deviation": [0.0, 0.0, 0.0, 0.0, 0.0, 0.0, 0.0, 0.0, 0.0, 0.0, 0.0, 0.0, 0.0, 0.0, 0.0, 0.0]}, "NS6": {"data": [0, 0.0, 0.0, 0, 0.0, 0, 0.0, 0, 0, 0, 0, 0.0, 0, 0.0, 0.0, 0.0], "deviation": [0.0, 0.0, 0.0, 0.0, 0.0, 0.0, 0.0, 0.0, 0.0, 0.0, 0.0, 0.2628928070266437, 0.05170867620865058, 0.0, 0.0, 0.0]}, "NS9c": {"data": [0, 0.0, 0.0, 0, 0.0, 0, 0.0, 0, 0, 0, 0, 0.0, 0, 0.0, 0.0, 0.0], "deviation": [0.0, 0.0, 0.0, 0.0, 0.0, 0.0, 0.0, 0.0, 0.0, 0.0, 0.0, 0.0, 0.0, 0.0, 0.0, 0.0]}, "NSP1": {"data": [0, 0.0, 0.0, 0, 0.0, 0, 0.0, 0, 0, 0, 0, 0.0, 0, 0.0, 0.0, 0.0], "deviation": [0.0, 0.0, 0.0, 0.0, 0.0, 0.0, 0.0, 0.0, 0.0, 0.05083285677753489, 0.2625060633894253, 0.10912818280840053, 0.12124539624138045, 0.1447568349839167, 0.08290266722896783, 0.21320071635561044]}, "NSP2": {"data": [0, 0.0, 0.0, 0, 0.0, 0, 0.0, 0, 0, 0, 0, 0.0, 0, 0.0, 0.0, 0.0], "deviation": [0.0, 0.0, 0.22360679774997896, 0.0, 0.0, 0.0, 0.0, 0.0, 0.0, 0.0, 0.039253433598942976, 0.0, 0.0, 0.024875929755249732, 0.0, 0.0]}, "NS8": {"data": [0, 0.0, 0.0, 0, 0.0, 0, 0.0, 0, 0, 0, 0, 0.0, 0, 0.0, 0.0, 0.0], "deviation": [0.0, 0.0, 0.0, 0.0, 0.0, 0.0, 0.0, 0.0, 0.0, 0.0, 0.0, 0.06529392795217065, 0.0, 0.024875929755249732, 0.0, 0.0]}, "NSP3": {"data": [0, 0.0, 0.0, 0, 0.0, 0, 0.0, 0, 0, 0, 0, 0.0, 0, 0.0, 0.0, 0.0], "deviation": [0.0, 0.0, 0.0, 0.0, 0.0, 0.0, 0.0, 0.0, 0.0, 0.0, 0.22872899872846847, 0.1272389278897021, 0.11528216905503277, 0.04305968708728965, 0.041451333614483915, 0.0]}}, "missense": {"NSP4": {"data": [0, 0.0, 0.0, 0, 0.0, 0, 0.0, 0, 0, 0, 0, 0.0, 0, 0.0, 0.0, 0.0], "deviation": [0.0, 0.0, 0.22360679774997896, 0.0, 0.0, 0.4385290096535146, 0.408248290463863, 0.0, 0.1856953381770519, 0.3276619184635011, 0.29915992634468913, 0.4647478170523971, 0.7989948140901318, 0.44793955872032604, 0.3621042260431421, 0.46042436470204884]}, "E": {"data": [0, 0.0, 0.0, 0, 0.0, 0, 0.0, 0, 0, 0, 0, 0.0, 0, 0.0, 1.0, 0.0], "deviation": [0.0, 0.0, 0.22360679774997896, 0.0, 0.0, 0.0, 0.0, 0.0, 0.0, 0.41142524076158055, 0.4353088652185663, 0.21697731906317605, 0.363380803989825, 0.5132998034541784, 0.5126179634508493, 0.5016951411256134]}, "NS7a": {"data": [0, 0.0, 0.0, 0, 0.0, 0, 0.0, 0, 0, 0, 0, 0.0, 0, 0.0, 0.0, 0.0], "deviation": [0.0, 0.0, 0.3663475485325232, 0.0, 0.0, 0.0, 0.408248290463863, 0.0, 0.5085476277156078, 0.2108629610338053, 0.1821543336275514, 0.21079761845442424, 0.34123940217567084, 0.513705725118711, 0.518494706711108, 0.816416591059209]}, "NSP5": {"data": [0, 0.0, 0.0, 0, 0.0, 0, 0.0, 0, 0, 0, 0, 0.0, 0, 1.0, 1.0, 0.0], "deviation": [0.0, 0.0, 0.0, 0.0, 0.0, 0.0, 0.0, 0.447213595499958, 0.0, 0.2108629610338053, 0.29417451359397023, 0.2743465472459335, 0.4232283168990651, 0.5074544698094495, 0.5469915396841566, 0.5673086289311754]}, "NS7b": {"data": [0, 0.0, 0.0, 0, 0.0, 0, 0.0, 0, 1, 0, 0, 0.0, 0, 0.0, 0.0, 0.0], "deviation": [0.0, 0.0, 0.0, 0.0, 0.0, 0.4385290096535146, 0.408248290463863, 0.0, 0.5061201788784758, 0.28718134096497094, 0.19625505236348048, 0.26180546136920674, 0.2605759752067966, 0.1393624062239247, 0.13006140939455177, 0.0]}, "NSP6": {"data": [0, 0.5, 1.0, 1, 0.0, 1, 0.0, 0, 0, 0, 0, 0.0, 0, 0.0, 0.0, 0.0], "deviation": [0.0, 0.7071067811865476, 0.45883146774112354, 0.5477225575051661, 0.0, 0.5188745216627708, 0.408248290463863, 0.447213595499958, 0.4411136823860458, 0.6132449803728721, 0.5293736403906091, 0.5447882681538992, 0.5203973190301536, 0.3773784274648765, 0.30991200099694555, 0.40568066568156413]}, "NSP7": {"data": [0, 0.0, 0.0, 0, 0.0, 0, 0.0, 0, 1, 0, 0, 0.0, 0, 0.0, 0.0, 0.0], "deviation": [0.0, 0.0, 0.0, 0.0, 0.0, 0.0, 0.0, 0.447213595499958, 0.5085476277156078, 0.3178514986327541, 0.32361863791833567, 0.4120860289254436, 0.49229339744991185, 0.31998526216713297, 0.3009213729820118, 0.28912724941310364]},