{"indel": {"NSP4": {"data": [0.0, 0, 0, 0, 0.0, 0, 0, 0, 0.0, 0.0, 0, 0.0, 0, 0, 0.0, 0.0, 0, 0, 0.0], "deviation": [0.0, 0.0, 0.0, 0.0, 0.0, 0.0, 0.0, 0.0, 0.0, 1.5104131054840613, 0.0, 0.0, 0.021586643416164744, 0.03002311694141057, 0.015214515486254614, 0.0, 0.0, 0.36074329063509186, 0.0]}, "E": {"data": [0.0, 0, 0, 0, 0.0, 0, 0, 0, 0.0, 0.0, 0, 0.0, 0, 0, 0.0, 0.0, 0, 0, 0.0], "deviation": [0.0, 0.0, 0.0, 0.0, 0.0, 0.0, 0.0, 0.0, 0.0, 0.3812464258315117, 0.0, 0.0, 0.015265841281903815, 0.0, 0.015214515486254614, 0.0, 0.0, 0.0, 0.0]}, "NS7a": {"data": [0.0, 0, 0, 0, 0.0, 0, 0, 0, 0.0, 0.0, 0, 0.0, 0, 0, 0.0, 0.0, 0, 0, 0.0], "deviation": [0.0, 0.0, 0.0, 0.2279211529192759, 0.0, 0.0, 0.5547001962252291, 0.0, 0.0, 0.0, 0.04372694694466261, 0.0, 0.6476556699097032, 2.6421207220797367, 2.999476633263035, 2.9341970229949528, 2.1782634923314643, 0.5175544286066682, 0.0]}, "NSP5": {"data": [0.0, 0, 0, 0, 0.0, 0, 0, 0, 0.0, 0.0, 0, 0.0, 0, 0, 0.0, 0.0, 0, 0, 0.0], "deviation": [0.0, 0.0, 0.0, 0.0, 0.0, 0.0, 0.0, 0.0, 0.0, 0.0, 0.13118084083398782, 0.0, 0.0, 0.0, 0.0, 0.0, 0.0, 0.0, 0.0]}, "NS7b": {"data": [0.0, 0, 0, 0, 0.0, 0, 0, 0, 0.0, 0.0, 0, 0.0, 0, 0, 0.0, 0.0, 0, 0, 0.0], "deviation": [0.0, 0.0, 0.0, 0.0, 0.0, 0.0, 0.0, 0.0, 0.0, 0.0, 0.0, 0.025015639663712997, 0.015265841281903815, 0.03289560457744287, 0.07757565699168022, 0.06274525418895796, 0.0, 0.09361252531136499, 0.0]}, "NSP6": {"data": [0.0, 0, 0, 0, 0.0, 0, 0, 0, 0.0, 0.0, 0, 3.0, 3, 3, 3.0, 3.0, 0, 0, 0.0], "deviation": [0.0, 0.0, 0.34641016151377546, 0.0, 0.0, 0.0, 0.0, 0.0, 0.0, 0.33082491508198786, 0.9939230604978301, 1.4766484223097796, 0.8388913372302448, 0.8819425065866152, 0.9111107032579022, 1.3240290176612082, 0.9406380097367002, 0.22907811370732412, 0.0]}, "NSP7": {"data": [0.0, 0, 0, 0, 0.0, 0, 0, 0, 0.0, 0.0, 0, 0.0, 0, 0, 0.0, 0.0, 0, 0, 0.0], "deviation": [0.0, 0.0, 0.0, 0.0, 0.0, 0.0, 0.0, 0.0, 0.0, 0.0, 0.30608862861263825, 0.0, 0.0, 0.0, 0.0, 0.0, 0.0, 0.0, 0.0]}, "NSP8": {"data": [0.0, 0, 0, 0, 0.0, 0, 0, 0, 0.0, 0.0, 0, 0.0, 0, 0, 0.0, 0.0, 0, 0, 0.0], "deviation": [0.0, 0.0, 0.0, 0.0, 0.0, 0.0, 0.0, 0.0, 0.0, 0.0, 0.08745389388932522, 0.0, 0.0, 0.023260005318980505, 0.0, 0.0, 0.0, 0.0, 0.0]}, "Spike": {"data": [0.0, 0, 0, 0, 0.0, 0, 0, 0, 0.0, 0.0, 0, 3.0, 3, 3, 3.0, 3.0, 2, 2, 8.5], "deviation": [0.0, 0.0, 0.41372837849387506, 0.2279211529192759, 0.0, 0.0, 0.0, 1.1547005383792517, 0.8343816250329918, 2.8530525548487455, 1.9105817709614854, 1.402924787286271, 0.8630944083101595, 1.0373410834163146, 0.8088632536235264, 1.0613227293279301, 0.9591674744153526, 1.91914710042197, 12.020815280171307]}, "NSP9": {"data": [0.0, 0, 0, 0, 0.0, 0, 0, 0, 0.0, 0.0, 0, 0.0, 0, 0, 0.0, 0.0, 0, 0, 0.0], "deviation": [0.0, 0.0, 0.0, 0.0, 0.0, 0.0, 0.0, 0.0, 0.0, 0.0, 0.6996311511146017, 0.0, 0.0, 0.013431594151495125, 0.0, 0.0, 0.0, 0.0, 0.0]}, "NSP10": {"data": [0.0, 0, 0, 0, 0.0, 0, 0, 0, 0.0, 0.0, 0, 0.0, 0, 0, 0.0, 0.0, 0, 0, 0.0], "deviation": [0.0, 0.0, 0.0, 0.0, 0.0, 0.0, 0.0, 0.0, 0.0, 0.07624928516630233, 0.0, 0.0, 0.0, 0.0, 0.0, 0.0, 0.0, 0.0, 0.0]}, "NSP11": {"data": [0.0, 0, 0, 0, 0.0, 0, 0, 0, 0.0, 0.0, 0, 0.0, 0, 0, 0.0, 0.0, 0, 0, 0.0], "deviation": [0.0, 0.0, 0.0, 0.0, 0.0, 0.0, 0.0, 0.0, 0.0, 0.0, 0.0, 0.0, 0.0, 0.0, 0.0, 0.0, 0.0, 0.0, 0.0]}, "NSP12": {"data": [0.0, 0, 0, 0, 0.0, 0, 0, 0, 0.0, 0.0, 0, 0.0, 0, 0, 0.0, 0.0, 0, 0, 0.0], "deviation": [0.0, 0.0, 0.0, 0.0, 0.0, 0.0, 0.0, 0.0, 0.0, 0.24069801934313434, 0.8009795984791637, 0.0, 0.0, 0.0, 0.0, 0.0, 0.0, 0.0, 0.0]}, "M": {"data": [0.0, 0, 0, 0, 0.0, 0, 0, 0, 0.0, 0.0, 0, 0.0, 0, 0, 0.0, 0.0, 0, 0, 0.0], "deviation": [0.0, 0.0, 0.0, 0.0, 0.0, 0.0, 0.0, 0.0, 0.0, 0.0, 0.0, 0.0, 0.0, 0.14774753566644638, 0.0, 0.0, 0.0, 0.0, 0.0]}, "NSP13": {"data": [0.0, 0, 0, 0, 0.0, 0, 0, 0, 0.0, 0.0, 0, 0.0, 0, 0, 0.0, 0.0, 0, 0, 0.0], "deviation": [0.0, 0.0, 0.0, 0.0, 0.0, 0.0, 0.0, 0.0, 0.0, 1.7361681617173248, 0.0, 0.0, 0.0, 0.20191871746632575, 0.02151408308056432, 0.0, 0.0, 0.0, 0.0]}, "N": {"data": [0.0, 0, 0, 0, 0.0, 0, 0, 0, 0.0, 0.0, 0, 0.0, 0, 0, 0.0, 0.0, 0, 0, 0.0], "deviation": [0.0, 0.0, 0.0, 0.5698028822981898, 0.0, 0.0, 0.0, 0.0, 0.0, 0.0, 0.0, 0.08293442364370147, 0.05502400567535288, 0.03288570729269334, 0.02151408308056432, 0.0, 0.0, 0.1527187424715494, 0.0]}, "NSP14": {"data": [0.0, 0, 0, 0, 0.0, 0, 0, 0, 0.0, 0.0, 0, 0.0, 0, 0, 0.0, 0.0, 0, 0, 0.0], "deviation": [0.0, 0.0, 0.0, 0.0, 0.0, 0.0, 0.0, 0.0, 0.0, 0.30499714066520933, 0.6121772572252765, 0.0, 0.0, 0.013431594151495125, 0.015214515486254614, 0.0, 0.0, 0.0, 0.0]}, "NS3": {"data": [0.0, 0, 0, 0, 0.0, 0, 0, 0, 0.0, 0.0, 0, 0.0, 0, 0, 0.0, 0.0, 0, 0, 0.0], "deviation": [0.0, 0.0, 0.0, 0.11396057645963795, 0.0, 0.0, 0.0, 0.0, 0.1433246595738432, 1.2998001708555538, 0.2427833591451722, 0.14135467535585328, 0.1856543681646214, 0.16159927887133257, 0.2633192698884272, 0.10850235916507373, 0.06565290950359509, 0.054073690956922486, 0.0]}, "NSP15": {"data": [0.0, 0, 0, 0, 0.0, 0, 0, 0, 0.0, 0.0, 0, 0.0, 0, 0, 0.0, 0.0, 0, 0, 0.0], "deviation": [0.0, 0.0, 0.0, 0.0, 0.0, 0.0, 0.0, 0.0, 0.0, 0.5387222644615444, 1.021472290097238, 0.0, 0.015265841281903815, 0.013431594151495125, 0.02151408308056432, 0.0, 0.0, 0.03826393658966905, 0.0]}, "NSP16": {"data": [0.0, 0, 0, 0, 0.0, 0, 0, 0, 0.0, 0.0, 0, 0.0, 0, 0, 0.0, 0.0, 0, 0, 0.0], "deviation": [0.0, 0.0, 0.0, 0.0, 0.0, 0.0, 0.0, 0.0, 0.0, 1.32989918826398, 1.352093792201335, 0.0, 0.0, 0.0, 0.0, 0.0, 0.0, 0.0, 0.0]}, "NS9b": {"data": [0.0, 0, 0, 0, 0.0, 0, 0, 0, 0.0, 0.0, 0, 0.0, 0, 0, 0.0, 0.0, 0, 0, 0.0], "deviation": [0.0, 0.0, 0.0, 0.0, 0.0, 0.0, 0.0, 0.0, 0.0, 0.0, 0.0, 0.0, 0.0, 0.0, 0.0, 0.0, 0.0, 0.0, 0.0]}, "NS6": {"data": [0.0, 0, 0, 0, 0.0, 0, 0, 0, 0.0, 0.0, 0, 0.0, 0, 0, 0.0, 0.0, 0, 0, 0.0], "deviation": [0.0, 0.0, 0.0, 0.0, 0.0, 0.0, 0.0, 0.0, 0.0, 0.0, 0.0, 0.0, 0.2616651888937183, 0.1791720214086201, 0.12354735929360547, 0.0, 0.0, 0.0, 0.0]}, "NS9c": {"data": [0.0, 0, 0, 0, 0.0, 0, 0, 0, 0.0, 0.0, 0, 0.0, 0, 0, 0.0, 0.0, 0, 0, 0.0], "deviation": [0.0, 0.0, 0.0, 0.0, 0.0, 0.0, 0.0, 0.0, 0.0, 0.0, 0.0, 0.0, 0.0, 0.0, 0.0, 0.0, 0.0, 0.0, 0.0]}, "NSP1": {"data": [0.0, 0, 0, 0, 0.0, 0, 0, 0, 0.0, 0.0, 0, 0.0, 0, 0, 0.0, 0.0, 0, 0, 0.0], "deviation": [0.0, 0.0, 0.0, 0.0, 0.4629100498862757, 0.0, 0.0, 0.0, 0.0, 0.228747855498907, 0.2573434489515892, 0.22312937234346794, 0.1478370559167242, 0.2060148165766456, 0.20717287616660138, 0.13558360448909287, 0.2961295744125414, 0.34199832716135053, 0.0]}, "NSP2": {"data": [0.0, 0, 0, 0, 0.0, 0, 0, 0, 0.0, 0.0, 0, 0.0, 0, 0, 0.0, 0.0, 0, 0, 0.0], "deviation": [0.0, 0.0, 0.0, 0.0, 0.0, 0.0, 0.0, 0.0, 0.0, 2.0489305539887583, 0.04372694694466261, 0.0, 0.06104201056667981, 0.040288319001349285, 0.04302816616112864, 0.0, 0.0, 0.03826393658966905, 0.0]}, "NS8": {"data": [0.0, 0, 0, 0, 0.0, 0, 0, 0, 0.0, 0.0, 0, 0.0, 0, 0, 0.0, 0.0, 0, 0, 0.0], "deviation": [0.0, 0.0, 0.0, 0.0, 0.0, 0.0, 0.0, 0.0, 0.0, 0.0, 0.0, 0.08660243857312921, 0.061025989742144224, 0.6928304512441804, 0.8454961232568133, 0.06274525418895796, 0.11321976312711159, 0.15590463832934226, 0.0]}, "NSP3": {"data": [0.0, 0, 0, 0, 0.0, 0, 0, 0, 0.0, 0.0, 0, 0.0, 0, 0, 0.0, 0.0, 0, 0, 0.0], "deviation": [0.0, 0.0, 0.23094010767585033, 0.0, 0.0, 0.0, 0.0, 0.0, 0.08333333333333334, 2.4776163729150786, 3.620709330249068, 0.025015639663712997, 0.07925581118199826, 0.3234395934684873, 0.506946622790142, 0.2564472724024192, 0.3717915298721384, 0.4866632186123024, 0.0]}}, "missense": {"NSP4": {"data": [0.0, 0, 0, 0, 0.0, 0, 0, 0, 0.0, 0.0, 0, 0.0, 0, 0, 0.0, 0.0, 2, 2, 2.0], "deviation": [0.0, 0.27152438232335313, 0.25112360116696136, 0.16010078848765155, 0.32777006756156785, 0.0, 0.48038446141526137, 0.0, 0.4617771656742576, 2.3201747637435686, 0.4895709488919453, 0.4205343196352841, 0.33100035968162045, 0.3066070007546815, 0.34712896537781496, 0.7119676443735128, 0.8385125116901355, 2.544797074668023, 0.0]}, "E": {"data": [0.0, 0, 0, 0, 0.0, 0, 0, 0, 0.0, 0.0, 0, 0.0, 0, 0, 0.0, 0.0, 0, 0, 0.0],