{"indel": {"NSP4": {"data": [0, 0, 0, 0, 0, 0.0, 0, 0, 0, 0, 0.0, 0.0, 0, 0, 0, 0.0, 0, 0], "deviation": [0.0, 0.0, 0.0, 0.0, 0.0, 0.0, 0.0, 0.0, 0.0, 0.0, 0.0, 0.0, 0.0, 0.0, 0.0, 0.0, 0.0, 0.0]}, "E": {"data": [0, 0, 0, 0, 0, 0.0, 0, 0, 0, 0, 0.0, 0.0, 0, 0, 0, 0.0, 0, 0], "deviation": [0.0, 0.0, 0.0, 0.0, 0.0, 0.0, 0.0, 0.0, 0.0, 0.0, 0.0, 0.0, 0.0, 0.0, 0.0, 0.0, 0.0, 0.0]}, "NS7a": {"data": [0, 0, 0, 0, 0, 0.0, 0, 0, 0, 0, 0.0, 0.0, 0, 0, 0, 0.0, 0, 0], "deviation": [0.0, 0.0, 0.0, 0.0, 0.0, 0.0, 0.0, 0.33927557187198837, 0.0, 0.0, 0.0, 0.0, 0.0, 0.0, 0.0, 0.0, 0.27907278609297376, 0.0]}, "NSP5": {"data": [0, 0, 0, 0, 0, 0.0, 0, 0, 0, 0, 0.0, 0.0, 0, 0, 0, 0.0, 0, 0], "deviation": [0.0, 0.0, 0.0, 0.0, 0.0, 0.0, 0.0, 0.0, 0.0, 0.0, 0.0, 0.0, 0.0, 0.0, 0.0, 0.0, 0.0, 0.0]}, "NS7b": {"data": [0, 0, 0, 0, 0, 0.0, 0, 0, 0, 0, 0.0, 0.0, 0, 0, 0, 0.0, 0, 0], "deviation": [0.0, 0.0, 0.0, 0.0, 0.0, 0.0, 0.0, 0.0, 0.0, 0.0, 0.0, 0.0, 0.0, 0.0, 0.0, 0.0, 0.0, 0.0]}, "NSP6": {"data": [0, 3, 0, 0, 0, 0.0, 0, 0, 0, 0, 0.0, 0.0, 3, 3, 3, 3.0, 0, 0], "deviation": [0.7745966692414834, 1.7320508075688772, 0.7100716024967264, 0.19259152162505283, 0.0, 0.0, 0.0, 0.0, 0.0, 0.0, 0.0, 0.733524461794114, 1.5010881394249327, 1.4447022172103277, 0.5220153254455274, 1.3004774835206199, 1.4991235757358707, 1.1849932483135173]}, "NSP7": {"data": [0, 0, 0, 0, 0, 0.0, 0, 0, 0, 0, 0.0, 0.0, 0, 0, 0, 0.0, 0, 0], "deviation": [0.0, 0.0, 0.0, 0.0, 0.0, 0.0, 0.0, 0.0, 0.0, 0.0, 0.0, 0.0, 0.0, 0.0, 0.0, 0.0, 0.0, 0.0]}, "NSP8": {"data": [0, 0, 0, 0, 0, 0.0, 0, 0, 0, 0, 0.0, 0.0, 0, 0, 0, 0.0, 0, 0], "deviation": [0.0, 0.0, 0.0, 0.0, 0.0, 0.0, 0.0, 0.0, 0.0, 0.0, 0.0, 0.0, 0.0, 0.0, 0.0, 0.0, 0.0, 0.0]}, "Spike": {"data": [0, 0, 0, 0, 0, 0.0, 0, 0, 0, 0, 0.0, 0.0, 0, 0, 3, 3.0, 2, 0], "deviation": [0.0, 1.7320508075688772, 0.3417699850617015, 0.18291322825490772, 0.05057217374241736, 0.17437145811572893, 0.0, 0.11951662978045265, 0.0, 0.0, 0.0, 0.7488878978912873, 1.4777007205278327, 1.4726219699512855, 1.4333748609709507, 1.4665992662504708, 1.3935138467634598, 1.2397621383360877]}, "NSP9": {"data": [0, 0, 0, 0, 0, 0.0, 0, 0, 0, 0, 0.0, 0.0, 0, 0, 0, 0.0, 0, 0], "deviation": [0.0, 0.0, 0.0, 0.0, 0.0, 0.0, 0.0, 0.0, 0.0, 0.0, 0.0, 0.0, 0.0, 0.0, 0.0, 0.0, 0.0, 0.0]}, "NSP10": {"data": [0, 0, 0, 0, 0, 0.0, 0, 0, 0, 0, 0.0, 0.0, 0, 0, 0, 0.0, 0, 0], "deviation": [0.0, 0.0, 0.0, 0.0, 0.0, 0.0, 0.0, 0.0, 0.0, 0.0, 0.0, 0.0, 0.0, 0.0, 0.0, 0.0, 0.0, 0.0]}, "NSP11": {"data": [0, 0, 0, 0, 0, 0.0, 0, 0, 0, 0, 0.0, 0.0, 0, 0, 0, 0.0, 0, 0], "deviation": [0.0, 0.0, 0.0, 0.0, 0.0, 0.0, 0.0, 0.0, 0.0, 0.0, 0.0, 0.0, 0.0, 0.0, 0.0, 0.0, 0.0, 0.0]}, "NSP12": {"data": [0, 0, 0, 0, 0, 0.0, 0, 0, 0, 0, 0.0, 0.0, 0, 0, 0, 0.0, 0, 0], "deviation": [0.0, 0.0, 0.0, 0.0, 0.0, 0.0, 0.0, 0.0, 0.0, 0.0, 0.0, 0.0, 0.0, 0.0, 0.0, 0.0, 0.0, 0.0]}, "M": {"data": [0, 0, 0, 0, 0, 0.0, 0, 0, 0, 0, 0.0, 0.0, 0, 0, 0, 0.0, 0, 0], "deviation": [0.0, 0.0, 0.0, 0.0, 0.0, 0.0, 0.0, 0.0, 0.0, 0.0, 0.0, 0.0, 0.0, 0.0, 0.0, 0.0, 0.0, 0.0]}, "NSP13": {"data": [0, 0, 0, 0, 0, 0.0, 0, 0, 0, 0, 0.0, 0.0, 0, 0, 0, 0.0, 0, 0], "deviation": [0.0, 0.0, 0.0, 0.0, 0.0, 0.0, 0.0, 0.0, 0.0, 0.0, 0.0, 0.0, 0.0, 0.0, 0.0, 0.0, 0.0, 0.0]}, "N": {"data": [0, 0, 0, 0, 0, 0.0, 0, 0, 0, 0, 0.0, 0.0, 0, 0, 0, 0.0, 0, 0], "deviation": [0.0, 0.0, 0.457431631480587, 0.0, 0.0, 0.0, 0.0, 0.0, 0.0, 0.0, 0.0, 0.0, 0.0, 0.0, 0.0, 0.0, 0.0, 0.0]}, "NSP14": {"data": [0, 0, 0, 0, 0, 0.0, 0, 0, 0, 0, 0.0, 0.0, 0, 0, 0, 0.0, 0, 0], "deviation": [0.0, 0.0, 0.0, 0.0, 0.1517165212272521, 0.0, 0.0, 0.0, 0.0, 0.0, 0.0, 0.0, 0.0, 0.0, 0.0, 0.0, 0.0, 0.0]}, "NS3": {"data": [0, 0, 0, 0, 0, 0.0, 0, 0, 0, 0, 0.0, 0.0, 0, 0, 0, 0.0, 0, 0], "deviation": [0.0, 0.0, 0.0, 0.08606510273433857, 0.05057217374241736, 0.0, 0.0, 0.0, 0.0, 0.0, 0.0, 0.0, 0.0, 0.0, 0.0, 0.18814417367671948, 0.0, 0.699885953803128]}, "NSP15": {"data": [0, 0, 0, 0, 0, 0.0, 0, 0, 0, 0, 0.0, 0.0, 0, 0, 0, 0.0, 0, 0], "deviation": [0.0, 0.0, 0.0, 0.0, 0.0, 0.0, 0.0, 0.0, 0.0, 0.0, 0.0, 0.0, 0.0, 0.0, 0.0, 0.0, 0.0, 0.0]}, "NSP16": {"data": [0, 0, 0, 0, 0, 0.0, 0, 0, 0, 0, 0.0, 0.0, 0, 0, 0, 0.0, 0, 0], "deviation": [0.0, 0.0, 0.0, 0.0, 0.0, 0.0, 0.0, 0.0, 0.0, 0.0, 0.0, 0.0, 0.0, 0.0, 0.0, 0.0, 0.0, 0.0]}, "NS9b": {"data": [0, 0, 0, 0, 0, 0.0, 0, 0, 0, 0, 0.0, 0.0, 0, 0, 0, 0.0, 0, 0], "deviation": [0.0, 0.0, 0.0, 0.0, 0.0, 0.0, 0.0, 0.0, 0.0, 0.0, 0.0, 0.0, 0.0, 0.0, 0.0, 0.0, 0.0, 0.0]}, "NS6": {"data": [0, 0, 0, 0, 0, 0.0, 0, 0, 0, 0, 0.0, 0.0, 0, 0, 0, 0.0, 0, 0], "deviation": [0.0, 0.0, 0.0, 0.0, 0.0, 0.0, 0.0, 0.0, 0.0, 0.0, 0.0, 0.0, 0.0, 0.0, 0.0, 0.0, 0.0, 0.0]}, "NS9c": {"data": [0, 0, 0, 0, 0, 0.0, 0, 0, 0, 0, 0.0, 0.0, 0, 0, 0, 0.0, 0, 0], "deviation": [0.0, 0.0, 0.0, 0.0, 0.0, 0.0, 0.0, 0.0, 0.0, 0.0, 0.0, 0.0, 0.0, 0.0, 0.0, 0.0, 0.0, 0.0]}, "NSP1": {"data": [0, 0, 0, 0, 0, 0.0, 0, 0, 0, 0, 0.0, 0.0, 0, 0, 0, 0.0, 0, 0], "deviation": [0.0, 0.0, 0.0, 0.19259152162505283, 0.31824325975347323, 0.17437145811572893, 0.0, 0.3473239520109379, 0.0, 0.0, 0.0, 0.35476971727090556, 0.0, 0.2055566129482595, 0.28122464612352455, 0.28942469528246917, 0.3689148016021064, 0.5494422557947561]}, "NSP2": {"data": [0, 0, 0, 0, 0, 0.0, 0, 0, 0, 0, 0.0, 0.0, 0, 0, 0, 0.0, 0, 0], "deviation": [0.0, 0.0, 0.0, 0.0, 0.0, 0.0, 0.0, 0.0, 0.0, 0.0, 0.0, 0.0, 0.0, 0.0, 0.0, 0.2657808938710361, 0.0, 0.0]}, "NS8": {"data": [0, 0, 0, 0, 0, 0.0, 0, 0, 0, 0, 0.0, 0.0, 0, 0, 0, 0.0, 0, 0], "deviation": [0.0, 0.0, 0.0, 0.0, 0.0, 0.0, 0.0, 0.0, 0.0, 0.0, 0.0, 0.0, 0.27472112789737807, 0.0, 0.0, 0.0, 0.0, 0.0]}, "NSP3": {"data": [0, 0, 0, 0, 0, 0.0, 0, 0, 0, 0, 0.0, 0.0, 0, 0, 0, 0.0, 0, 0], "deviation": [0.0, 0.0, 0.0, 0.0, 0.0, 0.18947935996192408, 0.0, 0.2469710155359484, 0.4183300132670378, 0.3734377890799553, 0.0, 0.2172511958762928, 0.4094316213238945, 0.13606468060122404, 0.0, 0.5102793207502442, 0.0788102733787363, 0.3949977494378391]}}, "missense": {"NSP4": {"data": [0, 0, 0, 0, 0, 0.0, 0, 0, 0, 0, 0.0, 0.0, 0, 0, 0, 0.0, 0, 2], "deviation": [0.0, 0.0, 0.1084652289093281, 0.19840958948604825, 0.22058768880951826, 0.3154300338835338, 0.25761735997789387, 0.2469710155359484, 0.0, 0.199914947901746, 0.0, 0.18496585197533988, 0.13736056394868904, 0.29092939858575123, 0.1477342100713197, 0.5743061221401641, 0.7321606313037821, 0.8624567467751963]}, "E": {"data": [0, 1, 0, 0, 0, 0.0, 0, 0, 0, 0, 0.0, 0.0, 0, 0, 1, 1.0, 0, 0], "deviation": [0.2581988897471611, 0.5773502691896257, 0.152477210493529, 0.10521021513683657, 0.15938928629782576, 0.15310947164338687, 0.08873565094161137, 0.2528123535795006, 0.1111111111111111, 0.0, 0.0, 0.08391813582966891, 0.2666787612158108, 0.4485683568115026, 0.48234710547356885, 0.4844530715815941, 0.48975087442812726, 0.3614195524432012]}, "NS7a": {"data": [0, 0, 0, 0, 0, 0.0, 0, 0, 0, 0, 0.0, 0.0, 0, 0, 0, 0.0, 0, 2], "deviation": [0.0, 0.0, 0.1084652289093281, 0.0, 0.150152391603692, 0.0820600542076616, 0.19524403952650812, 0.11951662978045265, 0.0, 0.14285714285714285, 0.0, 0.08391813582966891, 0.1923802475610973, 0.13606468060122404, 0.19639610121239315, 0.6148287906807631, 0.9462584131323092, 1.2675473728919953]}, "NSP5": {"data": [0, 1, 0, 0, 0, 0.0, 0, 0, 0, 0, 0.0, 0.0, 0, 0, 1, 1.0, 0, 0], "deviation": [0.0, 0.5773502691896257, 0.152477210493529, 0.10521021513683657, 0.21529184927889314, 0.1411619862689114, 0.21300077190915473, 0.16778376539443354, 0.15614965913950218, 0.3734377890799553, 0.20194093652345885, 0.20187909578199242, 0.3198784239297659, 0.4696945668119406, 0.4876246279442598, 0.4986294816858296, 0.48729976317461016, 0.41120023267233485]}, "NS7b": {"data": [0, 0, 0, 0, 0, 0.0, 0, 0, 0, 0, 0.0, 0.0, 0, 0, 0, 0.0, 0, 0], "deviation": [0.0, 0.0, 0.0, 0.06097107608496924, 0.10075457976340928, 0.10033156210564026, 0.38435860021379153, 0.0, 0.0, 0.0, 0.0, 0.08391813582966891, 0.0, 0.06851887098275317, 0.0, 0.21542102096720303, 0.3343054361068511, 0.48936438737248444]}, "NSP6": {"data": [1, 0, 1, 0, 0, 0.0, 0, 0, 0, 0, 0.0, 1.0, 0, 0, 0, 0.0, 0, 1],