{"indel": {"NSP4": {"data": [0.0, 0.0, 0.0, 0.0, 0.0, 0, 0.0, 0], "deviation": [0.0, 0.0, 0.0, 0.0, 0.0, 0.0, 0.0, 0.0]}, "E": {"data": [0.0, 0.0, 0.0, 0.0, 0.0, 0, 0.0, 0], "deviation": [0.0, 0.0, 0.0, 0.0, 0.0, 0.0, 0.0, 0.0]}, "NS7a": {"data": [0.0, 0.0, 0.0, 0.0, 0.0, 0, 0.0, 0], "deviation": [0.0, 0.0, 0.7384328126972179, 0.0, 0.1952833664712358, 0.2660541169289771, 0.0, 0.0]}, "NSP5": {"data": [0.0, 0.0, 0.0, 0.0, 0.0, 0, 0.0, 0], "deviation": [0.0, 0.0, 0.0, 0.0, 0.0, 0.0, 0.0, 0.0]}, "NS7b": {"data": [0.0, 0.0, 0.0, 0.0, 0.0, 0, 0.0, 0], "deviation": [0.0, 0.0, 0.0, 0.0, 0.0, 0.0, 0.0, 0.0]}, "NSP6": {"data": [0.0, 0.0, 3.0, 3.0, 3.0, 3, 3.0, 3], "deviation": [0.0, 2.6054611921311817, 1.4802332062554806, 0.9808648607934497, 1.192142806752324, 1.3615403512559525, 0.3831222299423654, 1.548279659710721]}, "NSP7": {"data": [0.0, 0.0, 0.0, 0.0, 0.0, 0, 0.0, 0], "deviation": [0.0, 0.0, 0.0, 0.0, 0.0, 0.0, 0.0, 0.0]}, "NSP8": {"data": [0.0, 0.0, 0.0, 0.0, 0.0, 0, 0.0, 0], "deviation": [0.0, 0.0, 0.0, 0.0, 0.0, 0.0, 0.0, 0.0]}, "Spike": {"data": [0.0, 0.0, 3.0, 3.0, 3.0, 3, 3.0, 3], "deviation": [0.0, 1.1822434380788274, 1.4986779493339486, 1.3157988616692609, 0.9569436110076681, 0.30635986837940987, 0.3818875989439646, 0.5388349949725026]}, "NSP9": {"data": [0.0, 0.0, 0.0, 0.0, 0.0, 0, 0.0, 0], "deviation": [0.0, 0.0, 0.0, 0.0, 0.0, 0.0, 0.0, 0.0]}, "NSP10": {"data": [0.0, 0.0, 0.0, 0.0, 0.0, 0, 0.0, 0], "deviation": [0.0, 0.0, 0.0, 0.0, 0.0, 0.0, 0.0, 0.0]}, "NSP11": {"data": [0.0, 0.0, 0.0, 0.0, 0.0, 0, 0.0, 0], "deviation": [0.0, 0.0, 0.0, 0.0, 0.0, 0.0, 0.0, 0.0]}, "NSP12": {"data": [0.0, 0.0, 0.0, 0.0, 0.0, 0, 0.0, 0], "deviation": [0.0, 0.0, 0.0, 0.0, 0.0, 0.0, 0.0, 0.0]}, "M": {"data": [0.0, 0.0, 0.0, 0.0, 0.0, 0, 0.0, 0], "deviation": [0.0, 0.0, 0.0, 0.0, 0.0, 0.0, 0.0, 0.0]}, "NSP13": {"data": [0.0, 0.0, 0.0, 0.0, 0.0, 0, 0.0, 0], "deviation": [0.0, 0.0, 0.0, 0.0, 0.0, 0.0, 0.0, 0.0]}, "N": {"data": [0.0, 0.0, 0.0, 0.0, 0.0, 0, 0.0, 0], "deviation": [0.0, 0.0, 0.0, 0.0, 0.0, 0.0, 0.0, 0.0]}, "NSP14": {"data": [0.0, 0.0, 0.0, 0.0, 0.0, 0, 0.0, 0], "deviation": [0.0, 0.0, 0.0, 0.0, 0.0, 0.0, 0.0, 0.0]}, "NS3": {"data": [0.0, 0.0, 0.0, 0.0, 0.0, 0, 0.0, 0], "deviation": [0.0, 0.0, 0.0, 0.0, 0.09186138603624779, 0.2569798443361528, 0.2031297190373603, 0.0836228218258139]}, "NSP15": {"data": [0.0, 0.0, 0.0, 0.0, 0.0, 0, 0.0, 0], "deviation": [0.0, 0.0, 0.0, 0.05773502691896258, 0.0, 0.0, 0.0, 0.0]}, "NSP16": {"data": [0.0, 0.0, 0.0, 0.0, 0.0, 0, 0.0, 0], "deviation": [0.0, 0.0, 0.0, 0.0, 0.0, 0.0, 0.0, 0.0]}, "NS9b": {"data": [0.0, 0.0, 0.0, 0.0, 0.0, 0, 0.0, 0], "deviation": [0.0, 0.0, 0.0, 0.0, 0.0, 0.0, 0.0, 0.0]}, "NS6": {"data": [0.0, 0.0, 0.0, 0.0, 0.0, 0, 0.0, 0], "deviation": [0.0, 0.0, 0.0, 0.0, 0.0, 0.0, 0.0, 0.0]}, "NS9c": {"data": [0.0, 0.0, 0.0, 0.0, 0.0, 0, 0.0, 0], "deviation": [0.0, 0.0, 0.0, 0.0, 0.0, 0.0, 0.0, 0.0]}, "NSP1": {"data": [0.0, 0.0, 0.0, 0.0, 0.0, 0, 0.0, 0], "deviation": [0.0, 0.0, 0.19411023056504603, 0.0, 0.33679831493120277, 0.26123537946890907, 0.09953048928913216, 0.19289076609116484]}, "NSP2": {"data": [0.0, 0.0, 0.0, 0.0, 0.0, 0, 0.0, 0], "deviation": [0.0, 0.0, 0.0, 0.0, 0.0, 0.0, 0.0, 0.0]}, "NS8": {"data": [0.0, 0.0, 0.0, 0.0, 0.0, 0, 0.0, 0], "deviation": [0.0, 0.0, 0.0, 0.0, 0.0, 0.0, 0.0, 0.0]}, "NSP3": {"data": [0.0, 0.0, 0.0, 0.0, 0.0, 0, 0.0, 0], "deviation": [0.0, 0.0, 0.0, 0.0, 0.0, 0.0, 0.09068204134644398, 0.0]}}, "missense": {"NSP4": {"data": [0.0, 0.0, 0.0, 0.0, 0.0, 0, 0.0, 0], "deviation": [0.0, 0.5167126699331378, 0.48994235776060807, 0.3109843400474339, 0.3909128267037297, 0.5329859480383761, 0.7063161607753758, 0.7165328420221825]}, "E": {"data": [0.0, 0.0, 1.0, 1.0, 1.0, 1, 1.0, 1], "deviation": [0.0, 0.41363776516031237, 0.5028896064466525, 0.3846989875692283, 0.3166266479417064, 0.2364806603877524, 0.09925424537785771, 0.4351995946749013]}, "NS7a": {"data": [0.0, 0.0, 0.0, 0.0, 0.0, 0, 0.0, 0], "deviation": [0.0, 0.32417415249099596, 0.1610944484955692, 0.17980541941701308, 0.2112504627777202, 0.3757313848235159, 0.21535281625614247, 1.2322069826144755]}, "NSP5": {"data": [0.0, 0.0, 1.0, 2.0, 2.0, 2, 2.0, 1], "deviation": [0.0, 0.7610862978244616, 0.8739042686044999, 0.770780490219209, 0.692601674107014, 0.5661564299880704, 0.5051436090715797, 0.8216646297583279]}, "NS7b": {"data": [0.0, 0.0, 0.0, 0.0, 0.0, 0, 0.0, 0], "deviation": [0.5, 0.3529984097827736, 0.4432964609911541, 0.47099837036123926, 0.4845987183005947, 0.43598831896830786, 0.4841053720711665, 0.46458744824828274]}, "NSP6": {"data": [0.0, 0.0, 0.0, 0.0, 0.0, 0, 0.0, 1], "deviation": [0.0, 3.4016583002053387, 0.6662254368479288, 0.5092675134180124, 1.6619617447361603, 1.7278523942049944, 0.5331606380809856, 1.291245665090702]}, "NSP7": {"data": [0.0, 0.0, 0.0, 0.0, 0.0, 0, 0.0, 0], "deviation": [0.0, 0.11432740861710033, 0.04343722427630694, 0.0, 0.0, 0.049446817643414874, 0.04068942293855798, 0.0]}, "NSP8": {"data": [0.0, 0.0, 0.0, 0.0, 0.0, 0, 0.0, 0], "deviation": [0.0, 0.27054802830951846, 0.3076928564172664, 0.19628659682628735, 0.14431153942463198, 0.09852938493208836, 0.0811761585240873, 0.19574814356268747]}, "Spike": {"data": [1.0, 3.0, 7.0, 7.0, 8.0, 8, 8.0, 8], "deviation": [0.5, 2.2814740271354292, 2.738996311676512, 2.636530523159948, 2.1679732899830793, 1.018084003465846, 1.0942132652612058, 1.092177227214021]}, "NSP9": {"data": [0.0, 0.0, 0.0, 0.0, 0.0, 0, 0.0, 0], "deviation": [0.0, 0.0, 0.04343722427630694, 0.05773502691896258, 0.06509445549041193, 0.049446817643414874, 0.05749579959340585, 0.0836228218258139]}, "NSP10": {"data": [0.0, 0.0, 0.0, 0.0, 0.0, 0, 0.0, 0], "deviation": [0.0, 0.08111071056538127, 0.07509312262797374, 0.09966499068325335, 0.0, 0.0, 0.0, 0.048393391849582724]}, "NSP11": {"data": [0.0, 0.0, 0.0, 0.0, 0.0, 0, 0.0, 0], "deviation": [0.0, 0.0, 0.0, 0.0, 0.0, 0.0, 0.0, 0.0]}, "NSP12": {"data": [1.0, 1.0, 1.0, 1.0, 1.0, 1, 1.0, 1], "deviation": [0.0, 0.9993898452253908, 0.6346735946488403, 0.34737428851466573, 0.30288908182522684, 0.2906611701203225, 0.24300929669574758, 0.8621938892166311]}, "M": {"data": [0.0, 0.0, 0.0, 1.0, 0.0, 0, 0.0, 0], "deviation": [0.5, 0.4956678831645606, 0.5098312979296996, 0.49760855075870913, 0.5076408599565637, 0.5043081097336457, 0.40915521889235207, 0.5295004712789895]}, "NSP13": {"data": [0.0, 0.0, 0.0, 0.0, 0.0, 0, 0.0, 0], "deviation": [0.0, 0.9392259295881558, 0.8002500768317373, 0.47529841591304905, 0.359583643513291, 0.40373157543605004, 0.40466131827898333, 0.5048390915763508]}, "N": {"data": [0.0, 2.0, 2.0, 1.0, 2.0, 1, 2.0, 2], "deviation": [0.5, 0.9128788837496224, 0.8613558341918082, 0.8648982902034658, 1.2765111463734748, 0.88227942867778, 0.7446852607874854, 1.4646047671832187]}, "NSP14": {"data": [0.0, 0.0, 0.0, 0.0, 0.0, 0, 0.0, 0], "deviation": [0.0, 0.2901304378473469, 0.33889266185509076, 0.17087224588772665, 0.1813520563366751, 0.21592258104432255, 0.33872205161382846, 0.28986766855706475]}, "NS3": {"data": [0.5, 1.0, 2.0, 2.0, 2.0, 2, 3.0, 2], "deviation": [0.5773502691896257, 0.9672215888574343, 1.010724671401468, 0.8537346638471349, 0.7563053855939403, 0.8457415542275866, 0.7751933540367114, 0.9500273277981204]}, "NSP15": {"data": [0.0, 0.0, 0.0, 0.0, 0.0, 0, 0.0, 0], "deviation": [0.5, 0.5112877147184631, 0.5036691708479486, 0.30343628424319613, 0.22015304646052317, 0.23985229646406409, 0.2918204807711155, 0.5333796474706521]}, "NSP16": {"data": [0.0, 0.0, 0.0, 0.0, 0.0, 0, 0.0, 0], "deviation": [0.0, 0.17895070015146208, 0.2239056761851777, 0.2665063620734804, 0.19193061313830734, 0.18204167802849824, 0.17907884967784926, 0.22601427165135737]}, "NS9b": {"data": [0.0, 0.0, 0.0, 0.0, 0.0, 0, 0.0, 0], "deviation": [0.0, 0.0, 0.0, 0.0, 0.0, 0.0, 0.0, 0.0]}, "NS6": {"data": [0.0, 0.0, 0.0, 0.0, 0.0, 0, 0.0, 0], "deviation": [0.0, 0.19536276148339063, 0.12204344947428346, 0.30490234560715457, 0.19193061313830734, 0.188192367102951, 0.24000222396913629, 0.24782591964229275]}, "NS9c": {"data": [0.0, 0.0, 0.0, 0.0, 0.0, 0, 0.0, 0],