{"indel": {"NSP4": {"data": [0.0, 0, 0.0, 0.0, 0.0, 0.0, 0, 0, 0, 0.0, 0, 0, 0.0, 0, 0.0, 0.0, 0.0, 0, 0.0], "deviation": [0.0, 0.0, 0.0, 0.0, 0.0, 0.0, 0.0, 0.0, 0.0, 0.0, 0.0, 0.0, 0.0, 0.0, 0.03840476863212843, 0.06233755678642711, 0.2205271385679885, 0.6038736585726788, 0.0]}, "E": {"data": [0.0, 0, 0.0, 0.0, 0.0, 0.0, 0, 0, 0, 0.0, 0, 0, 0.0, 0, 0.0, 0.0, 0.0, 0, 0.0], "deviation": [0.0, 0.0, 0.0, 0.0, 0.0, 0.0, 0.0, 0.0, 0.0, 0.0, 0.0, 0.0, 0.0, 0.0, 0.0, 0.0, 0.0, 0.0, 0.0]}, "NS7a": {"data": [0.0, 0, 0.0, 0.0, 0.0, 0.0, 0, 0, 0, 0.0, 0, 0, 0.0, 0, 0.0, 0.0, 0.0, 0, 0.0], "deviation": [0.0, 0.0, 0.0, 0.0, 0.0, 0.42426406871192845, 0.0, 1.5217301503888294, 0.057259833431386825, 0.08023458382269186, 0.09235141930792201, 0.7293828281416589, 0.07467323151632964, 0.0839165557331544, 0.11521430589638527, 0.14414999403128945, 0.06739387870850137, 0.08452737695503587, 0.0]}, "NSP5": {"data": [0.0, 0, 0.0, 0.0, 0.0, 0.0, 0, 0, 0, 0.0, 0, 0, 0.0, 0, 0.0, 0.0, 0.0, 0, 0.0], "deviation": [0.0, 0.0, 0.0, 0.0, 0.0, 0.0, 0.0, 0.0, 0.0, 0.0, 0.0, 0.0, 0.0, 0.0, 0.0, 0.0, 0.0, 0.0, 0.0]}, "NS7b": {"data": [0.0, 0, 0.0, 0.0, 0.0, 0.0, 0, 0, 0, 0.0, 0, 0, 0.0, 0, 0.0, 0.0, 0.0, 0, 0.0], "deviation": [0.0, 0.0, 0.0, 0.0, 0.0, 0.0, 0.11867215360195857, 0.0, 0.08084433641226578, 0.0, 0.0, 0.0, 0.09651118723806433, 0.05944364328436618, 0.03840476863212843, 0.0, 0.0, 0.0, 0.0]}, "NSP6": {"data": [0.0, 0, 0.0, 0.0, 0.0, 0.0, 0, 0, 0, 0.0, 0, 0, 0.0, 0, 0.0, 0.0, 0.0, 0, 0.0], "deviation": [0.0, 0.0, 0.0, 0.0, 0.0, 0.0, 0.0, 0.0, 0.0, 0.19674683491161843, 0.13852712896188304, 0.6767536589642579, 0.9736950342933378, 1.3553800826772429, 1.3899902098080794, 1.0776115653119263, 0.42544044517160046, 0.11347042117083507, 0.0]}, "NSP7": {"data": [0.0, 0, 0.0, 0.0, 0.0, 0.0, 0, 0, 0, 0.0, 0, 0, 0.0, 0, 0.0, 0.0, 0.0, 0, 0.0], "deviation": [0.0, 0.0, 0.0, 0.0, 0.0, 0.0, 0.0, 0.0, 0.0, 0.0, 0.0, 0.0, 0.0, 0.0, 0.0, 0.0, 0.0, 0.0, 0.0]}, "NSP8": {"data": [0.0, 0, 0.0, 0.0, 0.0, 0.0, 0, 0, 0, 0.0, 0, 0, 0.0, 0, 0.0, 0.0, 0.0, 0, 0.0], "deviation": [0.0, 0.0, 0.0, 0.0, 0.0, 0.0, 0.0, 0.0, 0.0, 0.0, 0.0, 0.0, 0.0, 0.0, 0.0, 0.0, 0.0, 0.0, 0.0]}, "Spike": {"data": [0.0, 0, 0.0, 0.0, 0.0, 0.0, 0, 0, 0, 0.0, 0, 0, 0.0, 0, 2.0, 2.0, 2.0, 2, 2.0], "deviation": [0.28867513459481287, 0.0, 0.649519052838329, 0.7403817110422612, 0.7492987474716679, 0.09974842727441166, 0.8858907560252236, 0.245440346836908, 0.0, 0.17303084635871696, 0.11290534630932747, 1.2776525611179166, 1.3682529207854188, 1.8902943762071203, 2.378464590245697, 2.0909960632444546, 1.1775801053349544, 0.7336562779119093, 1.0189415233422936]}, "NSP9": {"data": [0.0, 0, 0.0, 0.0, 0.0, 0.0, 0, 0, 0, 0.0, 0, 0, 0.0, 0, 0.0, 0.0, 0.0, 0, 0.0], "deviation": [0.0, 0.0, 0.0, 0.0, 0.0, 0.0, 0.0, 0.0, 0.0, 0.0, 0.13046502021129433, 0.0, 0.0, 0.0, 0.0, 0.0, 0.0, 0.0, 0.0]}, "NSP10": {"data": [0.0, 0, 0.0, 0.0, 0.0, 0.0, 0, 0, 0, 0.0, 0, 0, 0.0, 0, 0.0, 0.0, 0.0, 0, 0.0], "deviation": [0.0, 0.0, 0.0, 0.0, 0.0, 0.0, 0.0, 0.0, 0.0, 0.0, 0.0, 0.0, 0.0, 0.0, 0.0, 0.0, 0.0, 0.0, 0.0]}, "NSP11": {"data": [0.0, 0, 0.0, 0.0, 0.0, 0.0, 0, 0, 0, 0.0, 0, 0, 0.0, 0, 0.0, 0.0, 0.0, 0, 0.0], "deviation": [0.0, 0.0, 0.0, 0.0, 0.0, 0.0, 0.0, 0.0, 0.0, 0.0, 0.0, 0.0, 0.0, 0.0, 0.0, 0.0, 0.0, 0.0, 0.0]}, "NSP12": {"data": [0.0, 0, 0.0, 0.0, 0.0, 0.0, 0, 0, 0, 0.0, 0, 0, 0.0, 0, 0.0, 0.0, 0.0, 0, 0.0], "deviation": [0.0, 0.0, 0.0, 0.0, 0.0, 0.0, 0.0, 0.0, 0.0, 0.0, 0.0, 0.0, 0.0, 0.0, 0.0, 0.0, 0.0, 0.0, 0.0]}, "M": {"data": [0.0, 0, 0.0, 0.0, 0.0, 0.0, 0, 0, 0, 0.0, 0, 0, 0.0, 0, 0.0, 0.0, 0.0, 0, 0.0], "deviation": [0.0, 0.0, 0.0, 0.0, 0.0, 0.0, 0.0, 0.0, 0.0, 0.0, 0.0, 0.0, 0.0, 0.0, 0.0, 0.0, 0.0, 0.0, 0.0]}, "NSP13": {"data": [0.0, 0, 0.0, 0.0, 0.0, 0.0, 0, 0, 0, 0.0, 0, 0, 0.0, 0, 0.0, 0.0, 0.0, 0, 0.0], "deviation": [0.0, 0.0, 0.0, 0.0, 0.0, 0.0, 0.0, 0.0, 0.0, 0.0, 0.0, 0.0, 0.0, 0.0, 0.0, 0.0, 0.0, 0.0, 0.0]}, "N": {"data": [0.0, 0, 0.0, 0.0, 0.0, 0.0, 0, 0, 0, 0.0, 0, 0, 0.0, 0, 0.0, 0.0, 0.0, 0, 0.0], "deviation": [0.0, 0.0, 0.0, 0.0, 0.0, 0.0, 0.0, 0.049088069367381595, 0.0, 0.0655822783038728, 0.1710510729489208, 0.3656362120635654, 0.0, 0.04207031619116713, 0.0, 0.0, 0.09120423681050016, 0.22694084234167014, 0.0]}, "NSP14": {"data": [0.0, 0, 0.0, 0.0, 0.0, 0.0, 0, 0, 0, 0.0, 0, 0, 0.0, 0, 0.0, 0.0, 0.0, 0, 0.0], "deviation": [0.0, 0.0, 0.0, 0.0, 0.0, 0.0, 0.0, 0.0, 0.0, 0.08023458382269186, 0.0, 0.0, 0.0, 0.04207031619116713, 0.0, 0.0, 0.0, 0.0, 0.0]}, "NS3": {"data": [0.0, 0, 0.0, 0.0, 0.0, 0.0, 0, 0, 0, 0.0, 0, 0, 0.0, 0, 0.0, 0.0, 0.0, 0, 0.0], "deviation": [0.0, 0.0, 0.0, 0.11995202878081343, 0.0, 0.0, 0.0, 0.0, 0.0, 0.0655822783038728, 0.12138378061631118, 0.0, 0.1613774574634723, 0.04207031619116713, 0.03840476863212843, 0.08037244631607438, 0.2383812390393054, 0.0, 0.18979017627995665]}, "NSP15": {"data": [0.0, 0, 0.0, 0.0, 0.0, 0.0, 0, 0, 0, 0.0, 0, 0, 0.0, 0, 0.0, 0.0, 0.0, 0, 0.0], "deviation": [0.0, 0.0, 0.0, 0.0, 0.0, 0.0, 0.0, 0.0, 0.0, 0.0, 0.0, 0.0, 0.04319342127906801, 0.0, 0.0, 0.0, 0.0, 0.07564694744722339, 0.0]}, "NSP16": {"data": [0.0, 0, 0.0, 0.0, 0.0, 0.0, 0, 0, 0, 0.0, 0, 0, 0.0, 0, 0.0, 0.0, 0.0, 0, 0.0], "deviation": [0.0, 0.0, 0.0, 0.0, 0.0, 0.0, 0.0, 0.0, 0.0, 0.0, 0.0, 0.0, 0.0, 0.0, 0.0, 0.0, 0.0, 0.0, 0.08512565307587486]}, "NS9b": {"data": [0.0, 0, 0.0, 0.0, 0.0, 0.0, 0, 0, 0, 0.0, 0, 0, 0.0, 0, 0.0, 0.0, 0.0, 0, 0.0], "deviation": [0.0, 0.0, 0.0, 0.0, 0.0, 0.0, 0.0, 0.0, 0.0, 0.0, 0.0, 0.0, 0.0, 0.0, 0.0, 0.0, 0.0, 0.0, 0.0]}, "NS6": {"data": [0.0, 0, 0.0, 0.0, 0.0, 0.0, 0, 0, 0, 0.0, 0, 0, 0.0, 0, 0.0, 0.0, 0.0, 0, 0.0], "deviation": [0.0, 0.0, 0.0, 0.0, 0.0, 0.0, 0.0, 0.0, 0.0, 0.046423834544262965, 0.0, 0.0, 0.04319342127906801, 0.0, 0.0, 0.0, 0.0, 0.4810692494436829, 0.0]}, "NS9c": {"data": [0.0, 0, 0.0, 0.0, 0.0, 0.0, 0, 0, 0, 0.0, 0, 0, 0.0, 0, 0.0, 0.0, 0.0, 0, 0.0], "deviation": [0.0, 0.0, 0.0, 0.0, 0.0, 0.0, 0.0, 0.0, 0.0, 0.0, 0.0, 0.0, 0.0, 0.0, 0.0, 0.0, 0.0, 0.0, 0.0]}, "NSP1": {"data": [0.0, 0, 0.0, 0.0, 0.0, 0.0, 0, 0, 0, 0.0, 0, 0, 0.0, 0, 0.0, 0.0, 0.0, 0, 0.0], "deviation": [0.8660254037844386, 0.0, 0.0, 0.0, 0.0, 0.21213203435596423, 0.0, 0.23470003096309627, 0.17177950029416048, 0.3889665350236287, 0.13852712896188304, 0.2193817272381392, 0.21577325451419843, 0.662722911131364, 0.7248481887043778, 0.5572004688511731, 0.3061124877098681, 0.495599634037038, 0.4256282653793743]}, "NSP2": {"data": [0.0, 0, 0.0, 0.0, 0.0, 0.0, 0, 0, 0, 0.0, 0, 0, 0.0, 0, 0.0, 0.0, 0.0, 0, 0.0], "deviation": [0.0, 0.09090909090909091, 0.0, 0.0, 0.0, 0.1414213562373095, 0.0, 0.0, 0.0, 0.0, 0.3602646352371374, 0.3656362120635654, 0.0, 0.0, 0.19202384316064217, 0.03603749850782236, 0.0, 0.0, 0.0]}, "NS8": {"data": [0.0, 0, 0.0, 0.0, 0.0, 0.0, 0, 0, 0, 0.0, 0, 0, 0.0, 0, 0.0, 0.0, 0.0, 0, 0.0], "deviation": [0.0, 0.0, 0.0, 0.0, 0.07495316889958614, 0.07071067811865475, 0.08421519210665189, 0.0, 0.1278682993727115, 0.1311645566077456, 0.13826376916292468, 0.0, 0.0, 0.04207031619116713, 0.07680953726425686, 0.0, 0.0, 0.0, 0.0]}, "NSP3": {"data": [0.0, 0, 0.0, 0.0, 0.0, 0.0, 0, 0, 0, 0.0, 0, 0, 0.0, 0, 0.0, 0.0, 0.0, 0, 0.0], "deviation": [0.0, 0.0, 0.0, 0.0, 0.07495316889958614, 0.07071067811865475, 0.0, 0.0, 0.0, 0.0, 0.046175709653961006, 0.0, 0.0, 0.05944364328436618, 0.6212463478022464, 0.03603749850782236, 0.0, 0.4686559185591631, 0.7661308776828738]}}, "missense": {"NSP4": {"data": [0.0, 0, 0.0, 0.0, 0.0, 0.0, 0, 0, 0, 0.0, 0, 0, 0.0, 0, 0.0, 1.0, 2.0, 2, 2.0], "deviation": [0.0, 0.12802806166228853, 0.07216878364870322, 0.21908048756492632, 0.20776520643936597, 0.18424093903932007, 0.4408245015136429, 0.29365761398176216, 0.31748716794841775, 0.3808947457349828, 0.4816914778028295, 0.539668969596588, 0.3994303029130366, 0.5084610164846755, 0.5484344828288894, 0.9198872534536073, 1.9151006991783337, 4.9328961581627295, 0.43563863682851894]}, "E": {"data": [0.0, 0, 0.0, 0.0, 0.0, 0.0, 0, 0, 0, 0.0, 0, 0, 0.0, 0, 0.0, 0.0, 0.0, 0, 0.0],