{"indel": {"NSP4": {"data": [0.0, 0.0, 0, 0.0, 0.0, 0.0, 0, 0, 0, 0, 0.0, 0, 0, 0, 0], "deviation": [0.0, 0.0, 0.0, 0.0, 0.0, 0.0, 0.0, 0.0, 0.0, 0.0, 0.0, 0.0, 0.0, 0.0, 1.8353258709644942]}, "E": {"data": [0.0, 0.0, 0, 0.0, 0.0, 0.0, 0, 0, 0, 0, 0.0, 0, 0, 0, 0], "deviation": [0.0, 0.0, 0.0, 0.0, 0.0, 0.0, 0.0, 0.0, 0.0, 0.0, 0.0, 0.0, 0.0, 0.0, 0.0]}, "NS7a": {"data": [0.0, 0.0, 0, 0.0, 0.0, 0.0, 0, 0, 0, 0, 0.0, 0, 0, 0, 0], "deviation": [0.0, 0.0, 0.0, 1.7437145811572892, 0.0, 0.0, 0.0, 0.0, 0.0, 0.0, 0.2672612419124244, 0.0, 0.0, 0.09578262852211514, 0.0]}, "NSP5": {"data": [0.0, 0.0, 0, 0.0, 0.0, 0.0, 0, 0, 0, 0, 0.0, 0, 0, 0, 0], "deviation": [0.0, 0.0, 0.0, 0.0, 0.0, 0.0, 0.0, 0.0, 0.0, 0.0, 0.0, 0.0, 0.0, 0.0, 0.0]}, "NS7b": {"data": [0.0, 0.0, 0, 0.0, 0.0, 0.0, 0, 0, 0, 0, 0.0, 0, 0, 0, 0], "deviation": [0.0, 0.0, 0.0, 0.0, 0.0, 0.0, 0.0, 0.0, 0.0, 0.0, 0.0, 0.0, 0.0, 0.0, 0.0]}, "NSP6": {"data": [0.0, 0.0, 0, 0.0, 0.0, 0.0, 0, 0, 0, 0, 0.0, 0, 0, 0, 0], "deviation": [0.0, 0.0, 0.0, 0.0, 0.0, 0.0, 0.0, 0.3611575592573076, 1.2016472210911335, 1.4932279563850022, 1.2774459408789602, 1.513574937328539, 1.5666989036012806, 1.1321154336373347, 0.6882472016116853]}, "NSP7": {"data": [0.0, 0.0, 0, 0.0, 0.0, 0.0, 0, 0, 0, 0, 0.0, 0, 0, 0, 0], "deviation": [0.0, 0.0, 0.0, 0.0, 0.0, 0.0, 0.0, 0.0, 0.0, 0.0, 0.0, 0.0, 0.0, 0.0, 0.0]}, "NSP8": {"data": [0.0, 0.0, 0, 0.0, 0.0, 0.0, 0, 0, 0, 0, 0.0, 0, 0, 0, 0], "deviation": [0.0, 0.0, 0.0, 0.0, 0.0, 0.0, 0.0, 0.0, 0.0, 0.0, 0.0, 0.0, 0.0, 0.0, 0.0]}, "Spike": {"data": [0.0, 0.0, 0, 0.0, 0.5, 0.0, 0, 0, 0, 0, 0.0, 0, 2, 2, 2], "deviation": [0.0, 0.0, 0.9176629354822471, 0.0, 0.7071067811865476, 0.0, 0.0, 0.9119365676927925, 1.1838349553316971, 1.436336681653387, 1.2774459408789602, 1.1677484162422844, 1.433368568981982, 0.7997833549673141, 0.3333333333333333]}, "NSP9": {"data": [0.0, 0.0, 0, 0.0, 0.0, 0.0, 0, 0, 0, 0, 0.0, 0, 0, 0, 0], "deviation": [0.0, 0.0, 0.0, 0.0, 0.0, 0.0, 0.0, 0.0, 0.0, 0.0, 0.0, 0.0, 0.0, 0.0, 0.0]}, "NSP10": {"data": [0.0, 0.0, 0, 0.0, 0.0, 0.0, 0, 0, 0, 0, 0.0, 0, 0, 0, 0], "deviation": [0.0, 0.0, 0.0, 0.0, 0.0, 0.0, 0.0, 0.0, 0.0, 0.0, 0.0, 0.0, 0.0, 0.0, 0.0]}, "NSP11": {"data": [0.0, 0.0, 0, 0.0, 0.0, 0.0, 0, 0, 0, 0, 0.0, 0, 0, 0, 0], "deviation": [0.0, 0.0, 0.0, 0.0, 0.0, 0.0, 0.0, 0.0, 0.0, 0.0, 0.0, 0.0, 0.0, 0.0, 0.0]}, "NSP12": {"data": [0.0, 0.0, 0, 0.0, 0.0, 0.0, 0, 0, 0, 0, 0.0, 0, 0, 0, 0], "deviation": [0.0, 0.0, 0.0, 0.0, 0.0, 0.0, 0.0, 0.0, 0.0, 0.0, 0.0, 0.0, 0.0, 0.0, 0.0]}, "M": {"data": [0.0, 0.0, 0, 0.0, 0.0, 0.0, 0, 0, 0, 0, 0.0, 0, 0, 0, 0], "deviation": [0.0, 0.0, 0.0, 0.0, 0.0, 0.0, 0.0, 0.0, 0.0, 0.0, 0.0, 0.0, 0.0, 0.0, 0.0]}, "NSP13": {"data": [0.0, 0.0, 0, 0.0, 0.0, 0.0, 0, 0, 0, 0, 0.0, 0, 0, 0, 0], "deviation": [0.0, 0.0, 0.0, 0.0, 0.0, 0.0, 0.0, 0.0, 0.0, 0.0, 0.0, 0.0, 0.0, 0.0, 0.0]}, "N": {"data": [0.0, 0.0, 0, 0.0, 0.0, 0.0, 0, 0, 0, 0, 0.0, 0, 0, 0, 0], "deviation": [0.0, 0.0, 0.0, 0.0, 0.0, 0.0, 0.0, 0.0, 0.0, 0.0, 0.0, 0.30151134457776363, 0.0, 0.0, 0.0]}, "NSP14": {"data": [0.0, 0.0, 0, 0.0, 0.0, 0.0, 0, 0, 0, 0, 0.0, 0, 0, 0, 0], "deviation": [0.0, 0.0, 0.0, 0.0, 0.0, 0.0, 0.0, 0.0, 0.0, 0.0, 0.0, 0.0, 0.0, 0.0, 0.0]}, "NS3": {"data": [0.0, 0.0, 0, 0.0, 0.0, 0.0, 0, 0, 0, 0, 0.0, 0, 0, 0, 0], "deviation": [0.0, 0.0, 0.0, 0.9356369554495022, 0.0, 0.0, 0.0, 0.0, 0.4193139346887673, 2.292434351351256, 0.0, 4.0451991747794525, 3.0151134457776365, 0.9578262852211513, 2.2941573387056176]}, "NSP15": {"data": [0.0, 0.0, 0, 0.0, 0.0, 0.0, 0, 0, 0, 0, 0.0, 0, 0, 0, 0], "deviation": [0.0, 0.0, 0.0, 0.0, 0.0, 0.0, 0.0, 0.0, 0.0, 0.0, 0.0, 0.0, 0.0, 0.0, 0.0]}, "NSP16": {"data": [0.0, 0.0, 0, 0.0, 0.0, 0.0, 0, 0, 0, 0, 0.0, 0, 0, 0, 0], "deviation": [0.0, 0.0, 0.0, 0.0, 0.0, 0.0, 0.0, 0.0, 0.0, 0.0, 0.0, 0.0, 0.0, 0.0, 0.0]}, "NS9b": {"data": [0.0, 0.0, 0, 0.0, 0.0, 0.0, 0, 0, 0, 0, 0.0, 0, 0, 0, 0], "deviation": [0.0, 0.0, 0.0, 0.0, 0.0, 0.0, 0.0, 0.0, 0.0, 0.0, 0.0, 0.0, 0.0, 0.0, 0.0]}, "NS6": {"data": [0.0, 0.0, 0, 0.0, 0.0, 0.0, 0, 0, 0, 0, 0.0, 0, 0, 0, 0], "deviation": [0.0, 0.0, 0.0, 0.0, 0.0, 0.0, 0.0, 0.0, 0.0, 0.0, 0.0, 0.0, 0.0, 0.0, 0.0]}, "NS9c": {"data": [0.0, 0.0, 0, 0.0, 0.0, 0.0, 0, 0, 0, 0, 0.0, 0, 0, 0, 0], "deviation": [0.0, 0.0, 0.0, 0.0, 0.0, 0.0, 0.0, 0.0, 0.0, 0.0, 0.0, 0.0, 0.0, 0.0, 0.0]}, "NSP1": {"data": [0.0, 0.0, 0, 0.0, 1.5, 0.0, 0, 0, 0, 0, 0.0, 0, 0, 0, 0], "deviation": [0.0, 1.5526475085202969, 0.0, 0.5012018136964123, 2.1213203435596424, 2.1081851067789197, 0.0, 0.0, 0.3144854510165755, 0.0, 0.5789342235218394, 0.0, 0.0, 0.4044855531303083, 2.752988806446741]}, "NSP2": {"data": [0.0, 0.0, 0, 0.0, 0.0, 0.0, 0, 0, 0, 0, 0.0, 0, 0, 0, 0], "deviation": [0.0, 0.0, 0.0, 0.0, 0.0, 0.0, 0.0, 0.0, 0.0, 0.0, 0.0, 0.0, 0.0, 0.0, 0.0]}, "NS8": {"data": [0.0, 0.0, 0, 0.0, 0.0, 0.0, 0, 0, 0, 0, 0.0, 0, 0, 0, 0], "deviation": [0.0, 0.0, 0.0, 0.0, 0.0, 0.0, 0.0, 0.0, 0.0, 0.0, 0.0, 0.0, 0.0, 0.0, 0.0]}, "NSP3": {"data": [0.0, 0.0, 0, 0.0, 0.0, 0.0, 0, 0, 0, 0, 0.0, 0, 0, 0, 0], "deviation": [0.0, 0.0, 0.0, 0.0, 0.0, 0.0, 0.0, 0.0, 0.0, 0.0, 0.0, 0.0, 0.0, 0.0, 0.0]}}, "missense": {"NSP4": {"data": [0.0, 0.0, 0, 0.0, 0.0, 0.0, 0, 0, 0, 0, 0.0, 0, 0, 1, 2], "deviation": [0.0, 0.0, 0.0, 0.22766786020951793, 0.0, 0.42163702135578396, 0.0, 0.33924845477392546, 0.36009766684932804, 0.39326156010301166, 0.0, 0.674199862463242, 0.6875516509523286, 0.8279643558244523, 14.9631125385765]}, "E": {"data": [0.0, 0.0, 0, 0.0, 0.0, 0.0, 0, 0, 0, 0, 0.0, 0, 0, 0, 0], "deviation": [0.0, 0.0, 0.0, 0.0, 0.0, 0.0, 0.0, 0.1203858530857692, 0.3827795011754763, 0.4916723926983716, 0.4258153136263201, 0.30151134457776363, 0.46709936649691375, 0.33612490599402733, 0.22941573387056177]}, "NS7a": {"data": [0.0, 0.0, 0, 0.0, 0.0, 0.0, 0, 0, 0, 0, 0.0, 0, 0, 2, 2], "deviation": [0.0, 0.0, 0.22941573387056177, 0.11624763874381928, 0.0, 0.0, 0.0, 0.2054251408446605, 0.22913544575873132, 0.22924343513512563, 0.3631365196012815, 0.0, 0.9341987329938275, 1.072863624818353, 0.9911892555667042]}, "NSP5": {"data": [0.0, 0.0, 0, 0.0, 0.5, 0.0, 0, 0, 0, 0, 0.0, 0, 0, 0, 0], "deviation": [0.0, 0.0, 0.0, 0.11624763874381928, 0.7071067811865476, 0.31622776601683794, 0.0, 0.29124772006249716, 0.4017665508928804, 0.606521119061709, 0.4688072309384954, 0.46709936649691375, 0.46709936649691375, 0.3730197459744593, 0.3153017676423058]}, "NS7b": {"data": [0.0, 0.0, 0, 0.0, 0.0, 0.0, 0, 0, 0, 0, 0.0, 0, 0, 0, 0], "deviation": [0.0, 0.0, 0.0, 0.0, 0.0, 0.0, 0.0, 0.0, 0.14742395237484895, 0.2767247306920301, 0.0, 0.0, 0.0, 0.3730197459744593, 0.4188539082916955]}, "NSP6": {"data": [0.0, 0.0, 0, 0.0, 0.0, 0.0, 0, 1, 3, 1, 3.0, 2, 0, 2, 1], "deviation": [0.0, 0.5175491695067657, 0.22941573387056177, 0.2527157199267822, 0.0, 0.97182531580755, 1.0, 1.5185693451156514, 1.4709228951968092, 1.4247912233130966, 1.3114039117603011, 1.433368568981982, 1.4709304414677002, 0.9181597514898273, 0.696692268479466]}, "NSP7": {"data": [0.0, 0.0, 0, 0.0, 0.0, 0.0, 0, 0, 0, 0, 0.0, 0, 0, 0, 0], "deviation": [0.0, 0.0, 0.0, 0.11624763874381928, 0.0, 0.31622776601683794, 0.0, 0.0, 0.0, 0.0, 0.0, 0.0, 0.0, 0.09578262852211514, 0.0]}, "NSP8": {"data": [0.0, 0.0, 0, 0.0, 0.0, 0.0, 0, 0, 0, 0, 0.0, 0, 0, 0, 0], "deviation": [0.0, 0.0, 0.0, 0.16326908396901554, 0.0, 0.0, 0.0, 0.1203858530857692, 0.14742395237484895, 0.3148000938676784, 0.3631365196012815, 0.4045199174779452, 0.30151134457776363, 0.1348285177101028, 0.3746343246326776]}, "Spike": {"data": [1.0, 1.0, 2, 1.0, 1.5, 1.0, 1, 2, 5, 5, 5.0, 5, 7, 9, 9], "deviation": [1.4142135623730951, 0.9910312089651149, 1.0, 0.7071067811865476, 0.7071067811865476, 1.2516655570345725, 1.6666666666666667, 1.9814786043521997, 1.996455956397833, 2.0620989918653887, 1.561909228976012, 2.4531982835029496, 3.027149874657078, 1.9759856269966083, 1.758853959674307]}, "NSP9": {"data": [0.0, 0.0, 0, 0.0, 0.0, 0.0, 0, 0, 0, 0, 0.0, 0, 0, 0, 0],