{"indel": {"NSP4": {"data": [0.0, 0.0, 0.0, 0, 0.0, 0, 0.0, 0], "deviation": [0.0, 0.0, 0.0, 0.0, 0.0, 0.0, 0.0, 0.0]}, "E": {"data": [0.0, 0.0, 0.0, 0, 0.0, 0, 0.0, 0], "deviation": [0.0, 0.0, 0.0, 0.0, 0.0, 0.0, 0.0, 0.0]}, "NS7a": {"data": [0.0, 0.0, 0.0, 0, 0.0, 0, 0.0, 0], "deviation": [0.0, 0.0, 0.0, 0.0, 0.0, 0.0, 0.0, 0.0]}, "NSP5": {"data": [0.0, 0.0, 0.0, 0, 0.0, 0, 0.0, 0], "deviation": [0.0, 0.0, 0.0, 0.0, 0.0, 0.0, 0.0, 0.0]}, "NS7b": {"data": [0.0, 0.0, 0.0, 0, 0.0, 0, 0.0, 0], "deviation": [0.0, 0.0, 0.0, 0.0, 0.0, 0.0, 0.0, 0.0]}, "NSP6": {"data": [3.0, 3.0, 3.0, 3, 3.0, 3, 1.5, 3], "deviation": [1.5, 0.0, 0.0, 0.0, 1.0606601717798212, 0.0, 2.1213203435596424, 1.5811388300841898]}, "NSP7": {"data": [0.0, 0.0, 0.0, 0, 0.0, 0, 0.0, 0], "deviation": [0.0, 0.0, 0.0, 0.0, 0.0, 0.0, 0.0, 0.0]}, "NSP8": {"data": [0.0, 0.0, 0.0, 0, 0.0, 0, 0.0, 0], "deviation": [0.0, 0.0, 0.0, 0.0, 0.0, 0.0, 0.0, 0.0]}, "Spike": {"data": [3.0, 3.0, 3.0, 3, 3.0, 3, 1.5, 3], "deviation": [1.5, 0.0, 0.0, 1.3416407864998738, 1.5526475085202969, 0.0, 2.1213203435596424, 1.0]}, "NSP9": {"data": [0.0, 0.0, 0.0, 0, 0.0, 0, 0.0, 0], "deviation": [0.0, 0.0, 0.0, 0.0, 0.0, 0.0, 0.0, 0.0]}, "NSP10": {"data": [0.0, 0.0, 0.0, 0, 0.0, 0, 0.0, 0], "deviation": [0.0, 0.0, 0.0, 0.0, 0.0, 0.0, 0.0, 0.0]}, "NSP11": {"data": [0.0, 0.0, 0.0, 0, 0.0, 0, 0.0, 0], "deviation": [0.0, 0.0, 0.0, 0.0, 0.0, 0.0, 0.0, 0.0]}, "NSP12": {"data": [0.0, 0.0, 0.0, 0, 0.0, 0, 0.0, 0], "deviation": [0.0, 0.0, 0.0, 0.0, 0.0, 0.0, 0.0, 0.0]}, "M": {"data": [0.0, 0.0, 0.0, 0, 0.0, 0, 0.0, 0], "deviation": [0.0, 0.0, 0.0, 0.0, 0.0, 0.0, 0.0, 0.0]}, "NSP13": {"data": [0.0, 0.0, 0.0, 0, 0.0, 0, 0.0, 0], "deviation": [0.0, 0.0, 0.0, 0.0, 0.0, 0.0, 0.0, 0.0]}, "N": {"data": [0.0, 0.0, 0.0, 0, 0.0, 0, 0.0, 0], "deviation": [0.0, 0.0, 0.0, 0.0, 0.0, 0.0, 0.0, 0.0]}, "NSP14": {"data": [0.0, 0.0, 0.0, 0, 0.0, 0, 0.0, 0], "deviation": [0.0, 0.0, 0.0, 0.0, 0.0, 0.0, 0.0, 0.0]}, "NS3": {"data": [0.0, 0.0, 0.0, 0, 0.0, 0, 0.0, 0], "deviation": [0.0, 0.0, 0.0, 0.0, 0.0, 0.0, 0.0, 0.0]}, "NSP15": {"data": [0.0, 0.0, 0.0, 0, 0.0, 0, 0.0, 0], "deviation": [0.0, 0.0, 0.0, 0.0, 0.0, 0.0, 0.0, 0.0]}, "NSP16": {"data": [0.0, 0.0, 0.0, 0, 0.0, 0, 0.0, 0], "deviation": [0.0, 0.0, 0.0, 0.0, 0.0, 0.0, 0.0, 0.0]}, "NS9b": {"data": [0.0, 0.0, 0.0, 0, 0.0, 0, 0.0, 0], "deviation": [0.0, 0.0, 0.0, 0.0, 0.0, 0.0, 0.0, 0.0]}, "NS6": {"data": [0.0, 0.0, 0.0, 0, 0.0, 0, 0.0, 0], "deviation": [0.0, 0.0, 0.0, 0.0, 0.0, 0.0, 0.0, 0.0]}, "NS9c": {"data": [0.0, 0.0, 0.0, 0, 0.0, 0, 0.0, 0], "deviation": [0.0, 0.0, 0.0, 0.0, 0.0, 0.0, 0.0, 0.0]}, "NSP1": {"data": [0.0, 0.0, 0.0, 0, 0.0, 0, 0.0, 0], "deviation": [0.0, 0.0, 0.0, 0.0, 0.0, 0.0, 0.0, 0.0]}, "NSP2": {"data": [0.0, 0.0, 0.0, 0, 0.0, 0, 0.0, 0], "deviation": [0.0, 0.0, 0.0, 0.0, 0.0, 0.0, 0.0, 0.0]}, "NS8": {"data": [0.0, 0.0, 0.0, 0, 0.0, 0, 0.0, 0], "deviation": [0.0, 0.0, 0.0, 0.0, 0.0, 0.0, 0.0, 0.0]}, "NSP3": {"data": [0.0, 0.0, 0.0, 0, 0.0, 0, 0.0, 0], "deviation": [0.0, 0.0, 0.0, 0.0, 0.0, 0.0, 0.0, 0.0]}}, "missense": {"NSP4": {"data": [0.0, 0.0, 0.0, 0, 0.0, 0, 0.0, 0], "deviation": [0.0, 0.0, 0.0, 0.0, 0.0, 0.0, 0.0, 1.0540925533894598]}, "E": {"data": [0.0, 0.0, 0.0, 0, 0.0, 0, 0.0, 0], "deviation": [0.0, 0.0, 0.0, 0.0, 0.0, 0.0, 0.0, 0.0]}, "NS7a": {"data": [0.0, 0.0, 0.0, 0, 0.0, 0, 0.0, 0], "deviation": [0.0, 0.0, 0.0, 0.0, 0.0, 0.0, 0.0, 0.3333333333333333]}, "NSP5": {"data": [0.0, 0.0, 0.0, 0, 0.0, 0, 0.0, 0], "deviation": [0.0, 0.0, 0.0, 0.0, 0.0, 0.0, 0.0, 0.0]}, "NS7b": {"data": [0.0, 0.0, 0.0, 0, 0.0, 0, 0.0, 0], "deviation": [0.0, 0.0, 0.0, 0.0, 0.0, 0.0, 0.0, 0.5270462766947299]}, "NSP6": {"data": [0.0, 0.0, 0.0, 0, 0.0, 0, 0.0, 1], "deviation": [0.0, 0.408248290463863, 0.0, 0.0, 0.0, 0.0, 0.0, 0.7071067811865476]}, "NSP7": {"data": [0.0, 0.0, 0.0, 0, 0.0, 0, 0.0, 0], "deviation": [0.0, 0.0, 0.0, 0.0, 0.0, 0.0, 0.0, 0.0]}, "NSP8": {"data": [0.5, 1.0, 1.0, 1, 1.0, 1, 0.5, 1], "deviation": [0.5773502691896257, 0.0, 0.0, 0.0, 0.0, 0.0, 0.7071067811865476, 0.5270462766947299]}, "Spike": {"data": [3.0, 3.0, 3.0, 3, 3.0, 7, 4.0, 7], "deviation": [0.5, 0.0, 0.0, 0.4472135954999579, 1.6420805617960927, 0.4879500364742666, 5.656854249492381, 0.8333333333333334]}, "NSP9": {"data": [0.0, 0.0, 0.0, 0, 0.0, 0, 0.0, 0], "deviation": [0.5, 0.0, 0.0, 0.0, 0.0, 0.0, 0.0, 0.3333333333333333]}, "NSP10": {"data": [0.0, 0.0, 0.0, 0, 0.0, 0, 0.0, 0], "deviation": [0.0, 0.0, 0.0, 0.0, 0.0, 0.0, 0.0, 0.0]}, "NSP11": {"data": [0.0, 0.0, 0.0, 0, 0.0, 0, 0.0, 0], "deviation": [0.0, 0.0, 0.0, 0.0, 0.0, 0.0, 0.0, 0.0]}, "NSP12": {"data": [1.0, 1.0, 1.0, 1, 1.0, 1, 1.0, 2], "deviation": [0.5, 0.0, 0.0, 0.0, 0.4629100498862757, 0.5345224838248488, 1.4142135623730951, 0.44095855184409843]}, "M": {"data": [0.0, 0.0, 0.0, 0, 0.0, 0, 0.0, 0], "deviation": [0.0, 0.0, 0.0, 0.0, 0.3535533905932738, 0.37796447300922725, 0.0, 0.5270462766947299]}, "NSP13": {"data": [1.0, 1.0, 1.0, 1, 1.0, 1, 1.0, 1], "deviation": [0.5, 0.0, 0.0, 0.4472135954999579, 0.0, 0.0, 1.4142135623730951, 0.5]}, "N": {"data": [4.0, 4.0, 4.0, 4, 4.0, 4, 2.0, 4], "deviation": [1.5, 0.0, 0.0, 1.3416407864998738, 1.8516401995451028, 1.1338934190276817, 2.8284271247461903, 1.092906420717]}, "NSP14": {"data": [0.0, 0.0, 0.0, 0, 0.0, 0, 1.0, 1], "deviation": [0.5, 0.0, 0.0, 0.0, 0.0, 0.0, 1.4142135623730951, 0.5270462766947299]}, "NS3": {"data": [0.0, 0.0, 0.0, 0, 0.0, 0, 0.0, 0], "deviation": [1.0, 0.0, 0.0, 0.0, 0.0, 0.37796447300922725, 0.0, 0.7264831572567789]}, "NSP15": {"data": [0.5, 1.0, 1.0, 1, 0.5, 1, 1.0, 1], "deviation": [0.5773502691896257, 0.0, 1.4142135623730951, 0.4472135954999579, 0.5345224838248488, 0.0, 1.4142135623730951, 0.5270462766947299]}, "NSP16": {"data": [0.0, 0.0, 0.0, 0, 0.0, 0, 0.0, 0], "deviation": [0.0, 0.0, 0.0, 0.0, 0.0, 0.0, 0.0, 0.3333333333333333]}, "NS9b": {"data": [0.0, 0.0, 0.0, 0, 0.0, 0, 0.0, 0], "deviation": [0.0, 0.0, 0.0, 0.0, 0.0, 0.0, 0.0, 0.0]}, "NS6": {"data": [0.0, 0.0, 0.0, 0, 0.0, 0, 0.0, 0], "deviation": [0.0, 0.0, 0.0, 0.0, 0.0, 0.0, 0.0, 0.0]}, "NS9c": {"data": [0.0, 0.0, 0.0, 0, 0.0, 0, 0.0, 0], "deviation": [0.0, 0.0, 0.0, 0.0, 0.0, 0.0, 0.0, 0.0]}, "NSP1": {"data": [0.0, 0.0, 0.0, 0, 0.0, 0, 0.0, 0], "deviation": [0.0, 0.0, 0.0, 0.0, 0.0, 0.0, 0.0, 0.0]}, "NSP2": {"data": [1.0, 1.0, 1.0, 1, 1.0, 1, 0.5, 1], "deviation": [1.7320508075688772, 0.0, 0.0, 0.0, 0.4629100498862757, 0.0, 0.7071067811865476, 0.5270462766947299]}, "NS8": {"data": [3.0, 3.0, 3.0, 3, 3.0, 3, 1.5, 3], "deviation": [1.7320508075688772, 0.0, 0.0, 0.8944271909999159, 1.0350983390135313, 0.7559289460184544, 2.1213203435596424, 1.5811388300841898]}, "NSP3": {"data": [3.0, 3.0, 1.5, 4, 1.0, 4, 2.0, 3], "deviation": [1.5, 0.816496580927726, 0.7071067811865476, 1.5165750888103102, 1.2817398889233114, 0.4879500364742666, 2.8284271247461903, 0.5270462766947299]}}, "labels": ["12/2020", "01/2021", "02/2021", "03/2021", "04/2021", "05/2021", "06/2021", "07/2021"]}