{"indel": {"NSP4": {"data": [0.0, 0, 0], "deviation": [0.0, 0.0, 0.0]}, "E": {"data": [0.0, 0, 0], "deviation": [0.0, 0.0, 0.0]}, "NS7a": {"data": [0.0, 0, 0], "deviation": [0.0, 0.0, 0.0]}, "NSP5": {"data": [0.0, 0, 0], "deviation": [0.0, 0.0, 0.0]}, "NS7b": {"data": [0.0, 0, 0], "deviation": [0.0, 0.0, 0.0]}, "NSP6": {"data": [0.0, 0, 0], "deviation": [0.0, 0.0, 0.0]}, "NSP7": {"data": [0.0, 0, 0], "deviation": [0.0, 0.0, 0.0]}, "NSP8": {"data": [0.0, 0, 0], "deviation": [0.0, 0.0, 0.0]}, "Spike": {"data": [0.0, 0, 0], "deviation": [0.0, 0.0, 0.0]}, "NSP9": {"data": [0.0, 0, 0], "deviation": [0.0, 0.0, 0.0]}, "NSP10": {"data": [0.0, 0, 0], "deviation": [0.0, 0.0, 0.0]}, "NSP11": {"data": [0.0, 0, 0], "deviation": [0.0, 0.0, 0.0]}, "NSP12": {"data": [0.0, 0, 0], "deviation": [0.0, 0.0, 0.0]}, "M": {"data": [0.0, 0, 0], "deviation": [0.0, 0.0, 0.0]}, "NSP13": {"data": [0.0, 0, 0], "deviation": [0.0, 0.0, 0.0]}, "N": {"data": [0.0, 0, 0], "deviation": [0.0, 0.0, 0.0]}, "NSP14": {"data": [0.0, 0, 0], "deviation": [0.0, 0.0, 0.0]}, "NS3": {"data": [0.0, 0, 0], "deviation": [0.0, 0.0, 0.0]}, "NSP15": {"data": [0.0, 0, 0], "deviation": [0.0, 0.0, 0.0]}, "NSP16": {"data": [0.0, 0, 0], "deviation": [0.0, 0.0, 0.0]}, "NS9b": {"data": [0.0, 0, 0], "deviation": [0.0, 0.0, 0.0]}, "NS6": {"data": [0.0, 0, 0], "deviation": [0.0, 0.0, 0.0]}, "NS9c": {"data": [0.0, 0, 0], "deviation": [0.0, 0.0, 0.0]}, "NSP1": {"data": [0.0, 0, 0], "deviation": [0.0, 0.0, 0.0]}, "NSP2": {"data": [0.0, 0, 0], "deviation": [0.0, 0.0, 0.0]}, "NS8": {"data": [0.0, 0, 0], "deviation": [0.0, 0.0, 0.0]}, "NSP3": {"data": [0.0, 0, 0], "deviation": [0.0, 0.0, 0.0]}}, "missense": {"NSP4": {"data": [0.0, 0, 0], "deviation": [0.0, 0.4879500364742666, 0.894427190999916]}, "E": {"data": [0.0, 0, 0], "deviation": [0.0, 0.0, 0.0]}, "NS7a": {"data": [0.0, 0, 0], "deviation": [0.0, 0.0, 0.0]}, "NSP5": {"data": [0.5, 1, 1], "deviation": [0.7071067811865476, 0.0, 0.5477225575051661]}, "NS7b": {"data": [0.0, 0, 0], "deviation": [0.0, 0.0, 0.447213595499958]}, "NSP6": {"data": [0.0, 0, 0], "deviation": [0.0, 0.0, 0.447213595499958]}, "NSP7": {"data": [0.0, 0, 0], "deviation": [0.0, 0.0, 0.0]}, "NSP8": {"data": [0.0, 0, 0], "deviation": [0.0, 0.0, 0.0]}, "Spike": {"data": [0.0, 2, 2], "deviation": [0.0, 0.7867957924694432, 2.280350850198276]}, "NSP9": {"data": [0.0, 0, 0], "deviation": [0.0, 0.0, 0.0]}, "NSP10": {"data": [0.0, 0, 0], "deviation": [0.0, 0.0, 0.0]}, "NSP11": {"data": [0.0, 0, 0], "deviation": [0.0, 0.0, 0.0]}, "NSP12": {"data": [0.5, 1, 1], "deviation": [0.7071067811865476, 0.0, 0.4472135954999579]}, "M": {"data": [0.0, 0, 0], "deviation": [0.0, 0.0, 0.447213595499958]}, "NSP13": {"data": [0.0, 0, 0], "deviation": [0.0, 0.0, 0.447213595499958]}, "N": {"data": [1.0, 2, 2], "deviation": [1.4142135623730951, 0.0, 1.3416407864998738]}, "NSP14": {"data": [0.5, 1, 1], "deviation": [0.7071067811865476, 0.0, 0.0]}, "NS3": {"data": [1.0, 2, 3], "deviation": [1.4142135623730951, 0.4879500364742666, 0.8944271909999159]}, "NSP15": {"data": [0.0, 0, 0], "deviation": [0.0, 0.37796447300922725, 0.0]}, "NSP16": {"data": [0.0, 0, 1], "deviation": [0.0, 0.4879500364742666, 0.5477225575051661]}, "NS9b": {"data": [0.0, 0, 0], "deviation": [0.0, 0.0, 0.0]}, "NS6": {"data": [0.0, 0, 0], "deviation": [0.0, 0.0, 0.0]}, "NS9c": {"data": [0.0, 0, 0], "deviation": [0.0, 0.0, 0.0]}, "NSP1": {"data": [0.0, 0, 0], "deviation": [0.0, 0.0, 0.0]}, "NSP2": {"data": [0.0, 1, 2], "deviation": [0.0, 0.7559289460184544, 0.8944271909999159]}, "NS8": {"data": [1.0, 2, 2], "deviation": [1.4142135623730951, 0.0, 1.0954451150103321]}, "NSP3": {"data": [0.0, 0, 1], "deviation": [0.0, 0.37796447300922725, 1.6431676725154982]}}, "labels": ["11/2020", "01/2021", "05/2021"]}