{"indel": {"NSP4": {"data": [0.0, 0.0, 0.0, 0.0, 0.0, 0.0, 0, 0, 0, 0, 0, 0.0], "deviation": [0.0, 0.0, 0.0, 0.0, 0.0, 0.0, 0.0, 0.0, 0.0, 0.0, 0.0, 0.0]}, "E": {"data": [0.0, 0.0, 0.0, 0.0, 0.0, 0.0, 0, 0, 0, 0, 0, 0.0], "deviation": [0.0, 0.0, 0.0, 0.0, 0.0, 0.0, 0.0, 0.0, 0.0, 0.0, 0.0, 0.0]}, "NS7a": {"data": [0.0, 0.0, 0.0, 0.0, 0.0, 0.0, 0, 0, 0, 0, 0, 0.0], "deviation": [0.0, 0.0, 0.10088266440175854, 0.0, 0.12216944435630522, 0.0, 0.0, 0.0, 0.0, 0.0, 0.0, 0.0]}, "NSP5": {"data": [0.0, 0.0, 0.0, 0.0, 0.0, 0.0, 0, 0, 0, 0, 0, 0.0], "deviation": [0.0, 0.0, 0.0, 0.0, 0.5497624996033735, 0.0, 0.0, 0.0, 0.0, 0.0, 0.0, 0.0]}, "NS7b": {"data": [0.0, 0.0, 0.0, 0.0, 0.0, 0.0, 0, 0, 0, 0, 0, 0.0], "deviation": [0.0, 0.0, 0.0, 0.0, 0.0, 0.0, 0.0, 0.0, 0.0, 0.0, 0.0, 0.0]}, "NSP6": {"data": [0.0, 0.0, 0.0, 0.0, 0.0, 0.0, 0, 0, 0, 0, 0, 0.0], "deviation": [0.0, 0.25916052767440806, 0.05063696835418333, 0.0, 0.06108472217815261, 0.0, 0.0, 0.0, 0.0, 0.0, 0.29277002188455997, 1.5491933384829668]}, "NSP7": {"data": [0.0, 0.0, 0.0, 0.0, 0.0, 0.0, 0, 0, 0, 0, 0, 0.0], "deviation": [0.0, 0.0, 0.0, 0.0, 0.0, 0.0, 0.0, 0.0, 0.0, 0.0, 0.0, 0.0]}, "NSP8": {"data": [0.0, 0.0, 0.0, 0.0, 0.0, 0.0, 0, 0, 0, 0, 0, 0.0], "deviation": [0.0, 0.0, 0.0, 0.0, 0.0, 0.0, 0.0, 0.0, 0.0, 0.0, 0.0, 0.0]}, "Spike": {"data": [0.0, 0.0, 0.0, 0.0, 0.0, 0.0, 0, 0, 0, 0, 0, 2.5], "deviation": [0.0, 0.08638684255813601, 0.669303006912139, 0.0, 0.6794706485447145, 0.0, 0.0, 0.0, 0.44095855184409843, 0.0, 0.6167681334204373, 2.2335820757001272]}, "NSP9": {"data": [0.0, 0.0, 0.0, 0.0, 0.0, 0.0, 0, 0, 0, 0, 0, 0.0], "deviation": [0.0, 0.0, 0.0, 0.0, 0.0, 0.0, 0.0, 0.0, 0.0, 0.0, 0.0, 0.0]}, "NSP10": {"data": [0.0, 0.0, 0.0, 0.0, 0.0, 0.0, 0, 0, 0, 0, 0, 0.0], "deviation": [0.0, 0.0, 0.0, 0.0, 0.0, 0.0, 0.0, 0.0, 0.0, 0.0, 0.0, 0.0]}, "NSP11": {"data": [0.0, 0.0, 0.0, 0.0, 0.0, 0.0, 0, 0, 0, 0, 0, 0.0], "deviation": [0.0, 0.0, 0.0, 0.0, 0.0, 0.0, 0.0, 0.0, 0.0, 0.0, 0.0, 0.0]}, "NSP12": {"data": [0.0, 0.0, 0.0, 0.0, 0.0, 0.0, 0, 0, 0, 0, 0, 0.0], "deviation": [0.0, 0.0, 0.0, 0.0, 0.0, 0.0, 0.0, 0.0, 0.0, 0.0, 0.0, 0.31622776601683794]}, "M": {"data": [0.0, 0.0, 0.0, 0.0, 0.0, 0.0, 0, 0, 0, 0, 0, 0.0], "deviation": [0.0, 0.0, 0.0, 0.0, 0.0, 0.0, 0.0, 0.0, 0.0, 0.0, 0.0, 0.0]}, "NSP13": {"data": [0.0, 0.0, 0.0, 0.0, 0.0, 0.0, 0, 0, 0, 0, 0, 0.0], "deviation": [0.0, 0.0, 0.0, 0.0, 0.0, 0.0, 0.0, 0.0, 0.0, 0.0, 0.0, 0.0]}, "N": {"data": [0.0, 0.0, 0.0, 0.0, 0.0, 0.0, 0, 0, 0, 0, 0, 0.0], "deviation": [0.0, 0.0, 0.0, 0.0, 0.0, 0.0, 0.0, 0.0, 0.0, 0.0, 0.0, 0.0]}, "NSP14": {"data": [0.0, 0.0, 0.0, 0.0, 0.0, 0.0, 0, 0, 0, 0, 0, 0.0], "deviation": [0.0, 0.0, 0.07151938255887741, 0.0, 0.0, 0.0, 0.0, 0.0, 0.0, 0.0, 0.0, 0.0]}, "NS3": {"data": [0.0, 0.0, 0.0, 0.0, 0.0, 0.0, 0, 0, 0, 0, 0, 0.0], "deviation": [0.0, 0.0, 0.0, 0.0, 0.0, 0.0, 0.0, 0.0, 0.0, 0.0, 0.0, 0.0]}, "NSP15": {"data": [0.0, 0.0, 0.0, 0.0, 0.0, 0.0, 0, 0, 0, 0, 0, 0.0], "deviation": [0.0, 0.0, 0.0, 0.0, 0.0, 0.0, 0.0, 0.0, 0.0, 0.0, 0.0, 0.0]}, "NSP16": {"data": [0.0, 0.0, 0.0, 0.0, 0.0, 0.0, 0, 0, 0, 0, 0, 0.0], "deviation": [0.0, 0.0, 0.0, 0.0, 0.0, 0.0, 0.1856953381770519, 0.0, 0.0, 0.0, 0.0, 0.0]}, "NS9b": {"data": [0.0, 0.0, 0.0, 0.0, 0.0, 0.0, 0, 0, 0, 0, 0, 0.0], "deviation": [0.0, 0.0, 0.0, 0.0, 0.0, 0.0, 0.0, 0.0, 0.0, 0.0, 0.0, 0.0]}, "NS6": {"data": [0.0, 0.0, 0.0, 0.0, 0.0, 0.0, 0, 0, 0, 0, 0, 0.0], "deviation": [0.0, 0.7774815830232241, 0.0, 0.0, 0.0, 0.0, 0.0, 0.0, 0.0, 0.0, 0.0, 0.0]}, "NS9c": {"data": [0.0, 0.0, 0.0, 0.0, 0.0, 0.0, 0, 0, 0, 0, 0, 0.0], "deviation": [0.0, 0.0, 0.0, 0.0, 0.0, 0.0, 0.0, 0.0, 0.0, 0.0, 0.0, 0.0]}, "NSP1": {"data": [0.0, 0.0, 0.0, 0.0, 0.0, 0.0, 0, 0, 0, 0, 0, 0.0], "deviation": [0.0, 0.29699425684407027, 0.26244013978908287, 0.0, 0.18325416653445784, 0.0, 0.0, 0.0, 0.0, 0.0, 0.0, 0.0]}, "NSP2": {"data": [0.0, 0.0, 0.0, 0.0, 0.0, 0.0, 0, 0, 0, 0, 0, 0.0], "deviation": [0.0, 0.0, 0.0, 0.0, 0.0, 0.18257418583505536, 0.0, 0.0, 0.0, 0.0, 0.0, 0.0]}, "NS8": {"data": [0.0, 0.0, 0.0, 0.0, 0.0, 0.0, 0, 0, 0, 0, 0, 0.0], "deviation": [0.0, 0.0, 0.0, 0.0, 0.0, 0.0, 0.0, 0.0, 0.0, 0.0, 0.0, 0.0]}, "NSP3": {"data": [0.0, 0.0, 0.0, 0.0, 0.0, 0.0, 0, 0, 0, 0, 0, 0.0], "deviation": [0.0, 0.0, 0.05063696835418333, 0.0, 0.06108472217815261, 0.0, 0.0, 0.0, 0.0, 0.0, 0.0, 0.31622776601683794]}}, "missense": {"NSP4": {"data": [0.0, 0.0, 0.0, 0.0, 0.0, 0.0, 0, 1, 1, 1, 1, 0.5], "deviation": [0.25, 0.14849712842203514, 0.1925547157779345, 0.27504507776297615, 0.3230353484125197, 0.30512857662936466, 0.30993404669460345, 0.0, 0.44095855184409843, 0.2773500981126146, 0.5760799700285819, 0.5270462766947299]}, "E": {"data": [0.0, 0.0, 0.0, 0.0, 0.0, 0.0, 0, 0, 0, 0, 0, 0.0], "deviation": [0.0, 0.14849712842203514, 0.0, 0.0, 0.12148116031959165, 0.0, 0.0, 0.0, 0.0, 0.0, 0.19234431885641176, 0.42163702135578396]}, "NS7a": {"data": [0.0, 0.0, 0.0, 0.0, 0.0, 0.0, 0, 0, 0, 0, 0, 0.0], "deviation": [0.3415650255319866, 0.12170929415494246, 0.05063696835418333, 0.23998403959698217, 0.13556258719998573, 0.18257418583505536, 0.0, 0.0, 0.0, 0.2773500981126146, 0.23322865260427245, 0.42163702135578396]}, "NSP5": {"data": [0.0, 0.0, 0.0, 0.0, 0.0, 0.0, 0, 1, 1, 1, 1, 0.5], "deviation": [0.0, 0.0, 0.1419284862455827, 0.23537960143467365, 0.2319870442678743, 0.2537081317024624, 0.3844258722192448, 0.0, 0.0, 0.0, 0.21737697038266784, 0.5270462766947299]}, "NS7b": {"data": [0.0, 0.0, 0.0, 0.0, 0.0, 0.0, 0, 0, 0, 0, 0, 0.0], "deviation": [0.0, 0.0, 0.05063696835418333, 0.0, 0.10540483594161729, 0.0, 0.0, 0.0, 0.0, 0.0, 0.0, 0.31622776601683794]}, "NSP6": {"data": [0.0, 0.0, 0.0, 0.0, 0.0, 0.0, 0, 1, 1, 1, 1, 1.0], "deviation": [0.0, 1.475893905818499, 0.1419284862455827, 0.2118254966704237, 0.22292452423899706, 0.3790490217894517, 0.4354941703556927, 0.0, 0.44095855184409843, 0.0, 0.3196839098200005, 0.6749485577105528]}, "NSP7": {"data": [0.0, 0.0, 0.0, 0.0, 0.0, 0.0, 0, 0, 0, 0, 0, 0.0], "deviation": [0.0, 0.0, 0.0, 0.0, 0.0, 0.0, 0.0, 0.0, 0.0, 0.0, 0.0, 0.0]}, "NSP8": {"data": [0.0, 0.0, 0.0, 0.0, 0.0, 0.0, 0, 0, 1, 0, 0, 0.0], "deviation": [0.0, 0.08638684255813601, 0.10088266440175854, 0.15159886590034524, 0.18048790713461843, 0.18257418583505536, 0.1856953381770519, 0.447213595499958, 0.33333333333333337, 0.3755338080994054, 0.09759000729485333, 0.48304589153964794]}, "Spike": {"data": [1.0, 1.0, 1.0, 1.0, 1.0, 1.0, 1, 4, 4, 4, 4, 6.5], "deviation": [0.3415650255319866, 0.5520795507189827, 0.48675692604800025, 0.6281146740648954, 0.6599280710613763, 0.7239737088005909, 0.9455626208510671, 0.7071067811865476, 0.8660254037844386, 0.48038446141526137, 1.0370428513122665, 1.8135294011647258]}, "NSP9": {"data": [0.0, 0.0, 0.0, 0.0, 0.0, 0.0, 0, 0, 0, 0, 0, 0.0], "deviation": [0.25, 0.0, 0.08748004659636095, 0.0, 0.06108472217815261, 0.0, 0.1856953381770519, 0.0, 0.0, 0.0, 0.09759000729485333, 0.0]}, "NSP10": {"data": [0.0, 0.0, 0.0, 0.0, 0.0, 0.0, 0, 0, 0, 0, 0, 0.0], "deviation": [0.0, 0.1925850231314803, 0.10127393670836667, 0.0, 0.0, 0.0, 0.0, 0.0, 0.0, 0.0, 0.0, 0.0]}, "NSP11": {"data": [0.0, 0.0, 0.0, 0.0, 0.0, 0.0, 0, 0, 0, 0, 0, 0.0], "deviation": [0.0, 0.0, 0.0, 0.0, 0.0, 0.0, 0.0, 0.0, 0.0, 0.0, 0.0, 0.0]}, "NSP12": {"data": [1.0, 1.0, 1.0, 1.0, 1.0, 1.0, 1, 1, 1, 1, 1, 1.0], "deviation": [0.0, 0.39559066749505056, 0.35093592200932566, 0.29865178127194947, 0.21807603726699168, 0.0, 0.45755830875564923, 0.8944271909999159, 0.0, 0.0, 0.40486962582961683, 0.6324555320336759]}, "M": {"data": [0.0, 0.0, 0.0, 0.0, 0.0, 0.0, 0, 0, 0, 0, 0, 0.0], "deviation": [0.0, 0.14849712842203514, 0.0, 0.10783277320343841, 0.08622491768745569, 0.0, 0.0, 0.0, 0.0, 0.0, 0.37869063020702454, 0.48304589153964794]}, "NSP13": {"data": [0.0, 0.0, 0.0, 0.0, 0.0, 0.0, 0, 0, 0, 0, 0, 0.0], "deviation": [0.0, 0.2795743594584709, 0.2155542802845603, 0.1845614463981577, 0.36770747547889054, 0.4068381021724863, 0.4913036844405175, 0.447213595499958, 0.44095855184409843, 0.0, 0.46132473684001907, 0.48304589153964794]},