{"indel": {"NSP4": {"data": [0.0, 0.0, 0, 0, 0], "deviation": [0.0, 0.0, 0.0, 0.0, 0.0]}, "E": {"data": [0.0, 0.0, 0, 0, 0], "deviation": [0.0, 0.0, 0.0, 0.0, 0.0]}, "NS7a": {"data": [0.0, 0.0, 0, 0, 0], "deviation": [0.0, 0.0, 0.0, 0.0, 0.0]}, "NSP5": {"data": [0.0, 0.0, 0, 0, 0], "deviation": [0.0, 0.0, 0.0, 0.0, 0.0]}, "NS7b": {"data": [0.0, 0.0, 0, 0, 0], "deviation": [0.0, 0.0, 0.0, 0.0, 0.0]}, "NSP6": {"data": [0.0, 0.0, 0, 0, 0], "deviation": [0.0, 0.0, 0.0, 0.0, 0.0]}, "NSP7": {"data": [0.0, 0.0, 0, 0, 0], "deviation": [0.0, 0.0, 0.0, 0.0, 0.0]}, "NSP8": {"data": [0.0, 0.0, 0, 0, 0], "deviation": [0.0, 0.0, 0.0, 0.0, 0.0]}, "Spike": {"data": [0.0, 0.0, 0, 0, 0], "deviation": [0.0, 0.0, 0.0, 0.0, 0.48507125007266594]}, "NSP9": {"data": [0.0, 0.0, 0, 0, 0], "deviation": [0.0, 0.0, 0.0, 0.0, 0.0]}, "NSP10": {"data": [0.0, 0.0, 0, 0, 0], "deviation": [0.0, 0.0, 0.0, 0.0, 0.0]}, "NSP11": {"data": [0.0, 0.0, 0, 0, 0], "deviation": [0.0, 0.0, 0.0, 0.0, 0.0]}, "NSP12": {"data": [0.0, 0.0, 0, 0, 0], "deviation": [0.0, 0.0, 0.0, 0.0, 0.0]}, "M": {"data": [0.0, 0.0, 0, 0, 0], "deviation": [0.0, 0.0, 0.0, 0.0, 0.0]}, "NSP13": {"data": [0.0, 0.0, 0, 0, 0], "deviation": [0.0, 0.0, 0.0, 0.0, 0.0]}, "N": {"data": [0.0, 0.0, 0, 0, 0], "deviation": [0.0, 0.0, 0.0, 0.0, 0.0]}, "NSP14": {"data": [0.0, 0.0, 0, 0, 0], "deviation": [0.0, 0.0, 0.0, 0.0, 0.24253562503633297]}, "NS3": {"data": [0.0, 0.0, 0, 0, 0], "deviation": [0.0, 0.0, 0.0, 0.0, 0.0]}, "NSP15": {"data": [0.0, 0.0, 0, 0, 0], "deviation": [0.0, 0.0, 0.0, 0.0, 0.0]}, "NSP16": {"data": [0.0, 0.0, 0, 0, 0], "deviation": [0.0, 0.0, 0.0, 0.0, 0.0]}, "NS9b": {"data": [0.0, 0.0, 0, 0, 0], "deviation": [0.0, 0.0, 0.0, 0.0, 0.0]}, "NS6": {"data": [0.0, 0.0, 0, 0, 0], "deviation": [0.0, 0.0, 0.0, 0.0, 0.0]}, "NS9c": {"data": [0.0, 0.0, 0, 0, 0], "deviation": [0.0, 0.0, 0.0, 0.0, 0.0]}, "NSP1": {"data": [0.0, 0.0, 0, 0, 0], "deviation": [0.0, 0.0, 0.0, 0.0, 0.0]}, "NSP2": {"data": [0.0, 0.0, 0, 0, 0], "deviation": [0.0, 0.0, 0.0, 0.0, 0.0]}, "NS8": {"data": [0.0, 0.0, 0, 0, 0], "deviation": [0.0, 0.0, 0.0, 0.0, 0.0]}, "NSP3": {"data": [0.0, 0.0, 0, 0, 0], "deviation": [0.0, 0.0, 0.0, 0.0, 0.0]}}, "missense": {"NSP4": {"data": [0.0, 0.0, 0, 0, 0], "deviation": [0.0, 0.0, 0.0, 0.447213595499958, 0.0]}, "E": {"data": [0.0, 0.0, 1, 0, 0], "deviation": [0.0, 0.0, 0.7071067811865476, 0.0, 0.0]}, "NS7a": {"data": [0.0, 0.0, 0, 0, 0], "deviation": [0.0, 0.0, 0.44095855184409843, 0.0, 0.0]}, "NSP5": {"data": [0.0, 0.0, 1, 0, 0], "deviation": [0.0, 0.0, 0.5, 0.5477225575051661, 0.3321055820775357]}, "NS7b": {"data": [0.0, 0.0, 0, 0, 0], "deviation": [0.0, 0.0, 0.0, 0.0, 0.0]}, "NSP6": {"data": [0.0, 0.5, 0, 0, 0], "deviation": [0.0, 0.7071067811865476, 0.0, 0.0, 0.0]}, "NSP7": {"data": [0.0, 0.0, 0, 0, 0], "deviation": [0.0, 0.0, 0.3333333333333333, 0.5477225575051661, 0.0]}, "NSP8": {"data": [0.0, 0.0, 0, 0, 0], "deviation": [0.0, 0.0, 0.0, 0.0, 0.0]}, "Spike": {"data": [3.0, 0.5, 1, 3, 4], "deviation": [2.8284271247461903, 0.7071067811865476, 0.7071067811865476, 1.0, 0.43723731609760313]}, "NSP9": {"data": [0.0, 0.0, 0, 0, 0], "deviation": [0.0, 0.0, 0.0, 0.0, 0.0]}, "NSP10": {"data": [0.0, 0.0, 0, 0, 0], "deviation": [0.0, 0.0, 0.0, 0.0, 0.0]}, "NSP11": {"data": [0.0, 0.0, 0, 0, 0], "deviation": [0.0, 0.0, 0.0, 0.0, 0.0]}, "NSP12": {"data": [1.5, 1.0, 1, 1, 1], "deviation": [0.7071067811865476, 0.0, 0.5270462766947299, 0.4472135954999579, 0.6063390625908325]}, "M": {"data": [0.5, 0.0, 0, 0, 1], "deviation": [0.7071067811865476, 0.0, 0.3333333333333333, 0.5477225575051661, 0.0]}, "NSP13": {"data": [0.5, 0.0, 0, 1, 1], "deviation": [0.7071067811865476, 0.0, 0.0, 0.5477225575051661, 0.242535625036333]}, "N": {"data": [2.0, 1.5, 1, 2, 4], "deviation": [2.8284271247461903, 0.7071067811865476, 0.7817359599705717, 2.0, 0.3929526239966879]}, "NSP14": {"data": [0.5, 0.0, 0, 1, 1], "deviation": [0.7071067811865476, 0.0, 0.0, 0.5477225575051661, 0.3535533905932738]}, "NS3": {"data": [0.5, 0.0, 0, 0, 0], "deviation": [0.7071067811865476, 0.0, 0.5270462766947299, 0.5477225575051661, 0.4372373160976031]}, "NSP15": {"data": [0.0, 0.0, 1, 0, 0], "deviation": [0.0, 0.0, 0.7071067811865476, 0.0, 0.24253562503633297]}, "NSP16": {"data": [0.5, 0.0, 0, 0, 0], "deviation": [0.7071067811865476, 0.0, 0.0, 0.0, 0.24253562503633297]}, "NS9b": {"data": [0.0, 0.0, 0, 0, 0], "deviation": [0.0, 0.0, 0.0, 0.0, 0.0]}, "NS6": {"data": [0.0, 0.0, 0, 0, 0], "deviation": [0.0, 0.0, 0.3333333333333333, 0.0, 0.0]}, "NS9c": {"data": [0.0, 0.0, 0, 0, 0], "deviation": [0.0, 0.0, 0.0, 0.0, 0.0]}, "NSP1": {"data": [0.0, 0.0, 0, 0, 0], "deviation": [0.0, 0.0, 0.3333333333333333, 0.0, 0.0]}, "NSP2": {"data": [0.5, 0.0, 0, 0, 0], "deviation": [0.7071067811865476, 0.0, 0.7071067811865476, 1.0954451150103321, 0.24253562503633297]}, "NS8": {"data": [0.0, 0.0, 1, 0, 0], "deviation": [0.0, 0.0, 0.7071067811865476, 0.447213595499958, 0.0]}, "NSP3": {"data": [0.5, 0.5, 0, 2, 0], "deviation": [0.7071067811865476, 0.7071067811865476, 1.3333333333333333, 1.0, 0.5878675320972554]}}, "labels": ["01/2020", "03/2020", "04/2020", "12/2020", "01/2021"]}