{"indel": {"NSP4": {"data": [0, 0.0, 0, 0, 0, 0.0, 0, 0, 0, 0.0, 0, 0, 0.0, 0, 0, 0, 0, 0, 0.0, 0.0, 0], "deviation": [0.0, 0.0, 0.0, 0.0, 0.0, 0.0, 0.0, 0.0, 0.0, 0.0, 0.0, 0.0, 0.0, 0.0, 0.0, 0.0, 0.0, 0.0, 0.0, 0.19047619047619047, 0.0]}, "E": {"data": [0, 0.0, 0, 0, 0, 0.0, 0, 0, 0, 0.0, 0, 0, 0.0, 0, 0, 0, 0, 0, 0.0, 0.0, 0], "deviation": [0.0, 0.0, 0.0, 0.0, 0.0, 0.0, 0.0, 0.0, 0.0, 0.0, 0.0, 0.0, 0.0, 0.0, 0.0, 0.0, 0.0, 0.0, 0.0, 0.0, 0.0]}, "NS7a": {"data": [0, 0.0, 0, 0, 0, 0.0, 0, 0, 0, 0.0, 0, 0, 0.0, 0, 0, 0, 0, 0, 0.0, 0.0, 0], "deviation": [0.0, 0.0, 0.0, 0.0, 0.0, 0.0, 0.0, 0.0, 0.0, 0.0, 0.0, 0.0, 0.0, 0.0, 0.0, 0.14106824368566656, 0.0, 0.0, 0.027735009811261455, 0.16274356074283258, 0.3731494423540171]}, "NSP5": {"data": [0, 0.0, 0, 0, 0, 0.0, 0, 0, 0, 0.0, 0, 0, 0.0, 0, 0, 0, 0, 0, 0.0, 0.0, 0], "deviation": [0.0, 0.0, 0.0, 0.0, 0.0, 0.0, 0.0, 0.0, 0.0, 0.0, 0.0, 0.0, 0.0, 0.0, 0.0, 0.0, 0.0, 0.0, 0.0, 0.0, 0.0]}, "NS7b": {"data": [0, 0.0, 0, 0, 0, 0.0, 0, 0, 0, 0.0, 0, 0, 0.0, 0, 0, 0, 0, 0, 0.0, 0.0, 0], "deviation": [0.0, 0.0, 0.0, 0.0, 0.0, 0.16604117970944668, 0.1809941055901207, 0.0, 0.0, 0.0, 0.0, 0.0, 0.0, 0.0, 0.0, 0.0, 0.0, 0.0, 0.0, 0.0, 0.0]}, "NSP6": {"data": [0, 0.0, 0, 0, 0, 0.0, 0, 0, 0, 0.0, 0, 0, 0.0, 0, 3, 0, 0, 0, 0.0, 0.0, 0], "deviation": [0.0, 0.0, 0.0, 0.0, 0.0, 0.0, 0.0, 0.0, 0.0, 0.0, 0.0, 0.9169790158252901, 1.2310922371466637, 1.3937914618676848, 1.379521065714024, 1.4932140768495807, 0.7318641609308362, 0.45738073343605906, 0.14400435239469708, 0.047619047619047616, 0.0]}, "NSP7": {"data": [0, 0.0, 0, 0, 0, 0.0, 0, 0, 0, 0.0, 0, 0, 0.0, 0, 0, 0, 0, 0, 0.0, 0.0, 0], "deviation": [0.0, 0.0, 0.0, 0.0, 0.0, 0.0, 0.0, 0.0, 0.0, 0.0, 0.0, 0.0, 0.0, 0.0, 0.0, 0.0, 0.0, 0.0, 0.0, 0.0, 0.0]}, "NSP8": {"data": [0, 0.0, 0, 0, 0, 0.0, 0, 0, 0, 0.0, 0, 0, 0.0, 0, 0, 0, 0, 0, 0.0, 0.0, 0], "deviation": [0.0, 0.0, 0.0, 0.0, 0.0, 0.0, 0.0, 0.0, 0.0, 0.0, 0.0, 0.0, 0.0, 0.0, 0.0, 0.0, 0.0, 0.0, 0.0, 0.0, 0.0]}, "Spike": {"data": [0, 0.0, 0, 0, 0, 0.0, 0, 0, 0, 0.0, 0, 0, 0.0, 0, 3, 2, 2, 2, 2.0, 2.0, 2], "deviation": [0.0, 0.0, 0.0, 0.0, 0.0, 0.34542546138883096, 0.0, 0.0, 0.0, 0.0, 0.0, 0.9169790158252901, 1.2163272811190746, 1.4054539079191544, 1.4866208905661786, 1.2739134042767624, 0.5710964595423513, 0.5830528106922399, 0.2260091166368838, 0.18115228844034348, 0.0]}, "NSP9": {"data": [0, 0.0, 0, 0, 0, 0.0, 0, 0, 0, 0.0, 0, 0, 0.0, 0, 0, 0, 0, 0, 0.0, 0.0, 0], "deviation": [0.0, 0.0, 0.0, 0.0, 0.0, 0.0, 0.0, 0.0, 0.0, 0.0, 0.0, 0.0, 0.0, 0.0, 0.0, 0.0, 0.0, 0.0, 0.0, 0.0, 0.0]}, "NSP10": {"data": [0, 0.0, 0, 0, 0, 0.0, 0, 0, 0, 0.0, 0, 0, 0.0, 0, 0, 0, 0, 0, 0.0, 0.0, 0], "deviation": [0.0, 0.0, 0.0, 0.0, 0.0, 0.0, 0.0, 0.0, 0.0, 0.0, 0.0, 0.0, 0.0, 0.0, 0.0, 0.0, 0.0, 0.0, 0.0, 0.0, 0.0]}, "NSP11": {"data": [0, 0.0, 0, 0, 0, 0.0, 0, 0, 0, 0.0, 0, 0, 0.0, 0, 0, 0, 0, 0, 0.0, 0.0, 0], "deviation": [0.0, 0.0, 0.0, 0.0, 0.0, 0.0, 0.0, 0.0, 0.0, 0.0, 0.0, 0.0, 0.0, 0.0, 0.0, 0.0, 0.0, 0.0, 0.0, 0.0, 0.0]}, "NSP12": {"data": [0, 0.0, 0, 0, 0, 0.0, 0, 0, 0, 0.0, 0, 0, 0.0, 0, 0, 0, 0, 0, 0.0, 0.0, 0], "deviation": [0.0, 0.0, 0.0, 0.0, 0.0, 0.0, 0.0, 0.0, 0.0, 0.0, 0.0, 0.0, 0.0, 0.0, 0.0, 0.0, 0.0, 0.0, 0.0, 0.23809523809523808, 0.0]}, "M": {"data": [0, 0.0, 0, 0, 0, 0.0, 0, 0, 0, 0.0, 0, 0, 0.0, 0, 0, 0, 0, 0, 0.0, 0.0, 0], "deviation": [0.0, 0.0, 0.0, 0.0, 0.0, 0.0, 0.0, 0.0, 0.0, 0.0, 0.0, 0.0, 0.0, 0.0, 0.0, 0.0, 0.0, 0.0, 0.0, 0.0, 0.0]}, "NSP13": {"data": [0, 0.0, 0, 0, 0, 0.0, 0, 0, 0, 0.0, 0, 0, 0.0, 0, 0, 0, 0, 0, 0.0, 0.0, 0], "deviation": [0.0, 0.0, 0.0, 0.0, 0.0, 0.0, 0.0, 0.0, 0.0, 0.0, 0.0, 0.0, 0.0, 0.0, 0.0, 0.0, 0.0, 0.0, 0.0, 0.0, 0.0]}, "N": {"data": [0, 0.0, 0, 0, 0, 0.0, 0, 0, 0, 0.0, 0, 0, 0.0, 0, 0, 0, 2, 2, 0.0, 0.0, 0], "deviation": [0.0, 0.0, 0.0, 0.0, 0.0, 0.0, 0.0, 0.0, 0.0, 0.0, 0.0, 0.0, 0.0, 0.2030692330267238, 0.0, 0.5535759966254862, 0.9996621447013164, 0.8826054247060618, 0.16589684235199523, 0.023809523809523808, 0.0]}, "NSP14": {"data": [0, 0.0, 0, 0, 0, 0.0, 0, 0, 0, 0.0, 0, 0, 0.0, 0, 0, 0, 0, 0, 0.0, 0.0, 0], "deviation": [0.0, 0.0, 0.0, 0.0, 0.0, 0.0, 0.0, 0.0, 0.0, 0.0, 0.0, 0.0, 0.0, 0.0, 0.0, 0.0, 0.0, 0.0, 0.0, 0.0, 0.0]}, "NS3": {"data": [0, 0.0, 0, 0, 0, 0.0, 0, 0, 0, 0.0, 0, 0, 0.0, 0, 0, 0, 0, 0, 0.0, 0.0, 0], "deviation": [0.0, 0.0, 0.0, 0.0, 0.0, 0.0, 0.0, 0.0, 0.0, 0.0, 0.0, 0.0, 0.0, 0.30460384954008574, 0.0, 0.0, 0.23093946295463147, 0.40929846504512346, 0.0, 0.0, 0.0]}, "NSP15": {"data": [0, 0.0, 0, 0, 0, 0.0, 0, 0, 0, 0.0, 0, 0, 0.0, 0, 0, 0, 0, 0, 0.0, 0.0, 0], "deviation": [0.0, 0.0, 0.0, 0.0, 0.0, 0.0, 0.0, 0.0, 0.0, 0.0, 0.0, 0.0, 0.0, 0.0, 0.0, 0.0, 0.0, 0.0, 0.08294842117599761, 0.0, 0.0]}, "NSP16": {"data": [0, 0.0, 0, 0, 0, 0.0, 0, 0, 0, 0.0, 0, 0, 0.0, 0, 0, 0, 0, 0, 0.0, 0.0, 0], "deviation": [0.0, 0.0, 0.0, 0.0, 0.0, 0.0, 0.0, 0.0, 0.0, 0.0, 0.0, 0.0, 0.0, 0.0, 0.0, 0.0, 0.0, 0.0, 0.0, 0.0, 0.0]}, "NS9b": {"data": [0, 0.0, 0, 0, 0, 0.0, 0, 0, 0, 0.0, 0, 0, 0.0, 0, 0, 0, 0, 0, 0.0, 0.0, 0], "deviation": [0.0, 0.0, 0.0, 0.0, 0.0, 0.0, 0.0, 0.0, 0.0, 0.0, 0.0, 0.0, 0.0, 0.0, 0.0, 0.0, 0.0, 0.0, 0.0, 0.0, 0.0]}, "NS6": {"data": [0, 0.0, 0, 0, 0, 0.0, 0, 0, 0, 0.0, 0, 0, 0.0, 0, 0, 0, 0, 0, 0.0, 0.0, 0], "deviation": [0.0, 0.0, 0.0, 0.0, 0.0, 0.0, 0.0, 0.0, 0.0, 0.0, 0.0, 0.0, 0.0, 0.0, 0.0, 0.4494385524950301, 0.08171778464454368, 0.0, 0.0, 0.0, 0.0]}, "NS9c": {"data": [0, 0.0, 0, 0, 0, 0.0, 0, 0, 0, 0.0, 0, 0, 0.0, 0, 0, 0, 0, 0, 0.0, 0.0, 0], "deviation": [0.0, 0.0, 0.0, 0.0, 0.0, 0.0, 0.0, 0.0, 0.0, 0.0, 0.0, 0.0, 0.0, 0.0, 0.0, 0.0, 0.0, 0.0, 0.0, 0.0, 0.0]}, "NSP1": {"data": [0, 0.0, 0, 0, 0, 0.0, 0, 0, 0, 0.0, 0, 0, 0.0, 0, 0, 0, 0, 0, 0.0, 0.0, 0], "deviation": [0.0, 0.0, 0.15369465587356798, 0.0467780269724988, 0.0, 0.0, 0.09166984970282113, 0.0, 0.0, 0.0, 0.0, 0.0, 0.0, 0.0, 0.22808577638091165, 0.2984999906013858, 0.08171778464454368, 0.0, 0.11762437995280693, 0.09811676000850895, 0.2250175801852048]}, "NSP2": {"data": [0, 0.0, 0, 0, 0, 0.0, 0, 0, 0, 0.0, 0, 0, 0.0, 0, 0, 0, 0, 0, 0.0, 0.0, 0], "deviation": [0.0, 0.0, 0.0, 0.0, 0.0, 0.0, 0.0, 0.0, 0.0, 0.0, 0.0, 0.0, 0.0, 0.0, 0.0, 0.1111041837685369, 0.0706512343853491, 0.0, 0.0, 0.0, 0.0]}, "NS8": {"data": [0, 0.0, 0, 0, 0, 0.0, 0, 0, 0, 0.0, 0, 0, 0.0, 0, 0, 0, 0, 0, 0.0, 0.0, 0], "deviation": [0.0, 0.0, 0.0, 0.0, 0.0, 0.0, 0.0, 0.0, 0.0, 0.0, 0.0, 0.0, 0.0, 0.0, 0.1520571842539411, 0.0, 0.0, 0.0, 0.0, 0.0, 0.0]}, "NSP3": {"data": [0, 0.0, 0, 0, 0, 0.0, 0, 0, 0, 0.0, 0, 0, 0.0, 0, 0, 0, 0, 0, 0.0, 0.0, 0], "deviation": [0.0, 0.0, 0.10205784285270253, 0.0, 0.0, 0.0, 0.2750095491084634, 0.0, 0.0, 0.0, 0.0, 0.0, 0.0, 0.0, 0.0, 0.0, 0.04085889232227184, 0.0, 0.03920812665093564, 0.023809523809523808, 0.0]}}, "missense": {"NSP4": {"data": [0, 0.0, 0, 0, 0, 0.0, 0, 1, 0, 0.0, 0, 0, 0.0, 1, 0, 0, 2, 2, 2.0, 2.0, 2], "deviation": [0.2773500981126146, 0.1543033499620919, 0.17575051701952063, 0.27969192179248537, 0.3291794846689796, 0.42172782716317864, 0.524299167330728, 0.6023659207386686, 0.4885042104591972, 0.48596110141697085, 0.47773977657051653, 0.5753006087064456, 0.6668122971154008, 0.8072374510672174, 0.518899431984185, 0.7946203158641489, 0.6716046142940428, 0.49598069008927753, 0.23165057416694015, 1.5778280167431502, 0.1125087900926024]}, "E": {"data": [0, 0.0, 0, 0, 0, 0.0, 0, 0, 0, 0.0, 0, 0, 0.0, 0, 0, 0, 0, 0, 0.0, 0.0, 0], "deviation": [0.0, 0.0, 0.051231551957855996, 0.0, 0.1078290637219119, 0.0, 0.0, 0.0, 0.0, 0.0, 0.0, 0.0, 0.16379994018996233, 0.22225801544500765, 0.4970000066266668, 0.4516387451378875, 0.2076423298755092, 0.11424976050724536, 0.10325432464322964, 0.14522344919496114, 0.0]}, "NS7a": {"data": [0, 0.0, 0, 0, 0, 0.0, 0, 0, 0, 0.0, 0, 0, 0.0, 0, 0, 0, 2, 2, 2.0, 2.0, 2],