{"indel": {"NSP4": {"data": [0.0, 0.0, 0, 0, 0.0, 0, 0.0, 0], "deviation": [0.0, 0.0, 0.0, 0.0, 0.0, 0.0, 0.0, 0.0]}, "E": {"data": [0.0, 0.0, 0, 0, 0.0, 0, 0.0, 0], "deviation": [0.0, 0.0, 0.0, 0.0, 0.0, 0.0, 0.0, 0.0]}, "NS7a": {"data": [0.0, 0.0, 0, 0, 0.0, 0, 0.0, 0], "deviation": [0.0, 0.0, 0.0, 0.0, 0.0, 0.0, 0.0, 0.0]}, "NSP5": {"data": [0.0, 0.0, 0, 0, 0.0, 0, 0.0, 0], "deviation": [0.0, 0.0, 0.0, 0.0, 0.0, 0.0, 0.0, 0.0]}, "NS7b": {"data": [0.0, 0.0, 0, 0, 0.0, 0, 0.0, 0], "deviation": [0.0, 0.15075567228888181, 0.0, 0.0, 0.0, 0.0, 0.0, 0.18498725235340038]}, "NSP6": {"data": [0.0, 0.0, 3, 3, 3.0, 3, 0.0, 0], "deviation": [0.0, 0.9631146619216513, 0.48038446141526137, 0.7129062309432056, 0.48494101211889606, 0.27500954910846337, 1.4371237508734853, 0.8158641521691097]}, "NSP7": {"data": [0.0, 0.0, 0, 0, 0.0, 0, 0.0, 0], "deviation": [0.0, 0.0, 0.0, 0.0, 0.0, 0.0, 0.0, 0.0]}, "NSP8": {"data": [0.0, 0.0, 0, 0, 0.0, 0, 0.0, 0], "deviation": [0.0, 0.0, 0.0, 0.0, 0.0, 0.0, 0.0, 0.0]}, "Spike": {"data": [0.0, 0.0, 3, 3, 3.0, 3, 2.0, 2], "deviation": [0.0, 0.872410090353458, 0.8098582871985256, 0.7638909685057848, 0.8984450898181505, 0.20567368920035342, 0.5646513692812308, 0.38452433002092906]}, "NSP9": {"data": [0.0, 0.0, 0, 0, 0.0, 0, 0.0, 0], "deviation": [0.0, 0.0, 0.0, 0.0, 0.0, 0.0, 0.0, 0.0]}, "NSP10": {"data": [0.0, 0.0, 0, 0, 0.0, 0, 0.0, 0], "deviation": [0.0, 0.0, 0.0, 0.0, 0.0, 0.0, 0.0, 0.0]}, "NSP11": {"data": [0.0, 0.0, 0, 0, 0.0, 0, 0.0, 0], "deviation": [0.0, 0.0, 0.0, 0.0, 0.0, 0.0, 0.0, 0.0]}, "NSP12": {"data": [0.0, 0.0, 0, 0, 0.0, 0, 0.0, 0], "deviation": [0.0, 0.0, 0.0, 0.0, 0.0, 0.0, 0.0, 0.0]}, "M": {"data": [0.0, 0.0, 0, 0, 0.0, 0, 0.0, 0], "deviation": [0.0, 0.0, 0.0, 0.0, 0.0, 0.0, 0.0, 0.0]}, "NSP13": {"data": [0.0, 0.0, 0, 0, 0.0, 0, 0.0, 0], "deviation": [0.0, 0.0, 0.0, 0.0, 0.0, 0.0, 0.0, 0.0]}, "N": {"data": [0.0, 0.0, 0, 0, 0.0, 0, 0.0, 0], "deviation": [0.0, 0.0, 0.0, 0.0, 0.0, 0.0, 0.0, 0.061662417451133454]}, "NSP14": {"data": [0.0, 0.0, 0, 0, 0.0, 0, 0.0, 0], "deviation": [0.0, 0.0, 0.0, 0.0, 0.0, 0.0, 0.0, 0.0]}, "NS3": {"data": [0.0, 0.0, 0, 0, 0.0, 0, 0.0, 0], "deviation": [0.0, 0.0, 0.0, 0.0, 0.0, 0.0, 0.07537783614444091, 0.0]}, "NSP15": {"data": [0.0, 0.0, 0, 0, 0.0, 0, 0.0, 0], "deviation": [0.0, 0.0, 0.0, 0.0, 0.0, 0.0, 0.0, 0.061662417451133454]}, "NSP16": {"data": [0.0, 0.0, 0, 0, 0.0, 0, 0.0, 0], "deviation": [0.0, 0.0, 0.0, 0.0, 0.0, 0.0, 0.0, 0.0]}, "NS9b": {"data": [0.0, 0.0, 0, 0, 0.0, 0, 0.0, 0], "deviation": [0.0, 0.0, 0.0, 0.0, 0.0, 0.0, 0.0, 0.0]}, "NS6": {"data": [0.0, 0.0, 0, 0, 0.0, 0, 0.0, 0], "deviation": [0.0, 0.0, 0.0, 0.0, 0.0, 0.0, 0.0, 0.0]}, "NS9c": {"data": [0.0, 0.0, 0, 0, 0.0, 0, 0.0, 0], "deviation": [0.0, 0.0, 0.0, 0.0, 0.0, 0.0, 0.0, 0.0]}, "NSP1": {"data": [0.0, 0.0, 0, 0, 0.0, 0, 0.0, 0], "deviation": [0.0, 0.0, 0.0, 0.0, 0.0, 0.0, 0.6266795614405123, 0.12332483490226691]}, "NSP2": {"data": [0.0, 0.0, 0, 0, 0.0, 0, 0.0, 0], "deviation": [0.0, 0.0, 0.0, 0.0, 0.0, 0.0, 0.0, 0.0]}, "NS8": {"data": [0.0, 0.0, 0, 0, 0.0, 0, 0.0, 0], "deviation": [0.0, 0.0, 0.0, 0.0, 0.0, 0.0, 0.0, 0.0]}, "NSP3": {"data": [0.0, 0.0, 0, 0, 0.0, 0, 0.0, 0], "deviation": [0.0, 0.0, 0.0, 0.0, 0.0, 0.0, 0.0, 1.6405175128366243]}}, "missense": {"NSP4": {"data": [0.0, 0.0, 0, 0, 0.0, 0, 1.0, 1], "deviation": [0.31622776601683794, 0.6237037297425073, 0.26995276239950855, 0.3819454842528924, 0.39708107242232366, 0.28317487071834674, 0.8230249873911059, 0.653525517175434]}, "E": {"data": [0.0, 0.0, 0, 0, 0.0, 0, 0.0, 0], "deviation": [0.0, 0.0, 0.16012815380508713, 0.0, 0.0, 0.09166984970282113, 0.0, 0.061662417451133454]}, "NS7a": {"data": [0.0, 0.0, 0, 0, 0.0, 0, 2.0, 2], "deviation": [0.0, 0.0, 0.3542683627908283, 0.47527082062880366, 0.36021370738606595, 0.23628902321631962, 1.0560893311290838, 0.7752440077405454]}, "NSP5": {"data": [1.0, 1.0, 0, 0, 1.0, 1, 0.0, 0], "deviation": [0.0, 0.40803245735839216, 0.32025630761017426, 0.30032661958503204, 0.5014966414959998, 0.3333095941791293, 0.4436785428107261, 0.24822159164851765]}, "NS7b": {"data": [0.0, 0.0, 0, 0, 0.0, 0, 0.0, 0], "deviation": [0.0, 0.0, 0.0, 0.0, 0.14046901303903672, 0.0, 0.44397115853441377, 0.4953436400128698]}, "NSP6": {"data": [0.0, 0.0, 1, 1, 0.0, 0, 1.0, 2], "deviation": [0.0, 0.47562132502684945, 0.5547001962252291, 0.5041008302500836, 0.32253192964043714, 0.09166984970282113, 0.8451350464589945, 0.6527184994134562]}, "NSP7": {"data": [0.0, 0.0, 0, 0, 0.0, 0, 0.0, 0], "deviation": [0.0, 0.15075567228888181, 0.0, 0.0, 0.0816496580927726, 0.0, 0.07537783614444091, 0.0]}, "NSP8": {"data": [1.0, 0.0, 0, 0, 0.0, 0, 0.0, 0], "deviation": [0.48304589153964794, 0.4086796147156642, 0.16012815380508713, 0.23763541031440183, 0.2615561758200706, 0.09166984970282113, 0.07537783614444091, 0.1063932336874954]}, "Spike": {"data": [2.0, 2.0, 7, 7, 7.0, 7, 9.0, 9], "deviation": [0.6666666666666666, 1.6398834589644475, 0.604749532700063, 1.0516094108276022, 1.0025470917323234, 0.5759506301145071, 1.0631367457950742, 0.7374294906809178]}, "NSP9": {"data": [0.0, 0.0, 0, 0, 0.0, 0, 0.0, 0], "deviation": [0.0, 0.15075567228888181, 0.0, 0.19603921176392136, 0.0816496580927726, 0.0, 0.0, 0.129927418711535]}, "NSP10": {"data": [1.0, 0.0, 0, 0, 0.0, 0, 0.0, 0], "deviation": [0.48304589153964794, 0.2549717059293527, 0.0, 0.0, 0.1966156609245697, 0.12909025073869204, 0.1666125453251953, 0.0]}, "NSP11": {"data": [0.0, 0.0, 0, 0, 0.0, 0, 0.0, 0], "deviation": [0.0, 0.0, 0.0, 0.0, 0.0, 0.0, 0.0, 0.0]}, "NSP12": {"data": [1.0, 1.0, 2, 1, 1.0, 1, 2.0, 3], "deviation": [0.0, 0.26313285738244374, 0.5063696835418333, 0.5357787076110918, 0.384777456817792, 0.2786113243337425, 0.9280443059284582, 0.5945652321990216]}, "M": {"data": [0.0, 0.0, 0, 0, 0.0, 0, 1.0, 1], "deviation": [0.0, 0.15075567228888181, 0.16012815380508713, 0.27152438232335313, 0.14046901303903672, 0.0, 0.4950403368059365, 0.2936007174989277]}, "NSP13": {"data": [0.0, 0.0, 0, 0, 0.0, 0, 1.0, 1], "deviation": [0.0, 0.6317029569289762, 0.5063696835418333, 0.6103679378930738, 0.6604520179460038, 0.30752792164188075, 0.5749929417974478, 0.43244463298339925]}, "N": {"data": [3.0, 3.0, 4, 4, 4.0, 4, 4.0, 4], "deviation": [0.0, 0.5493605739121923, 0.7564388475577302, 0.5156378117837912, 0.7229383244987658, 0.497107428500853, 0.8172649985910799, 0.605992131223109]}, "NSP14": {"data": [1.0, 2.0, 0, 0, 0.0, 0, 1.0, 1], "deviation": [0.48304589153964794, 0.8748300952529318, 0.502356122102941, 0.4826397999239062, 0.2958323486765603, 0.15742552040162258, 0.58186891012618, 0.451686125793229]}, "NS3": {"data": [2.0, 2.0, 0, 0, 0.0, 0, 1.0, 1], "deviation": [0.0, 0.6321211648244563, 0.6212607441973956, 0.6103679378930738, 0.7801795238824578, 0.45067168848495476, 0.9181962838001555, 0.5950968934665977]}, "NSP15": {"data": [0.0, 0.0, 0, 0, 0.0, 0, 0.0, 0], "deviation": [0.0, 0.0, 0.4315493225736372, 0.28005601680560194, 0.2649553590359689, 0.23628902321631962, 0.2713602101199873, 0.30653846513456023]}, "NSP16": {"data": [1.5, 1.0, 0, 0, 0.0, 0, 0.0, 0], "deviation": [0.5270462766947299, 0.67576595020045, 0.16012815380508713, 0.0, 0.34814947033030963, 0.2655235910086697, 0.23215534431949636, 0.25936476940008923]}, "NS9b": {"data": [0.0, 0.0, 0, 0, 0.0, 0, 0.0, 0], "deviation": [0.0, 0.0, 0.0, 0.0, 0.0, 0.0, 0.0, 0.0]}, "NS6": {"data": [0.0, 0.0, 0, 0, 0.0, 0, 0.0, 0], "deviation": [0.0, 0.0, 0.16012815380508713, 0.0, 0.14046901303903672, 0.09166984970282113, 0.0, 0.1063932336874954]}, "NS9c": {"data": [0.0, 0.0, 0, 0, 0.0, 0, 0.0, 0], "deviation": [0.0, 0.0, 0.0, 0.0, 0.0, 0.0, 0.0, 0.0]}, "NSP1": {"data": [0.0, 0.0, 0, 0, 0.0, 0, 0.0, 0], "deviation": [0.0, 0.21070705494148545, 0.22345586503095896, 0.19603921176392136, 0.16164700403963203, 0.0, 0.10629534937475534, 0.11480706240300786]}, "NSP2": {"data": [1.0, 1.0, 0, 0, 0.0, 0, 0.0, 0], "deviation": [0.31622776601683794, 0.34022129348591074, 0.5559153131166876, 0.3819454842528924, 0.49737566319188803, 0.25147336810083787, 0.7529810883950004, 0.5825213749797097]},