{"indel": {"NSP4": {"data": [0.0, 0.0, 0.0, 0.0, 0.0, 0.0, 0, 0], "deviation": [0.0, 0.0, 0.0, 0.0, 0.0, 0.0, 0.0, 0.0]}, "E": {"data": [0.0, 0.0, 0.0, 0.0, 0.0, 0.0, 0, 0], "deviation": [0.0, 0.0, 0.0, 0.0, 0.0, 0.0, 0.0, 0.0]}, "NS7a": {"data": [0.0, 0.0, 0.0, 0.0, 0.0, 0.0, 0, 0], "deviation": [0.0, 0.0, 0.0, 0.0, 0.0, 0.0, 0.0, 0.0]}, "NSP5": {"data": [0.0, 0.0, 0.0, 0.0, 0.0, 0.0, 0, 0], "deviation": [0.0, 0.0, 0.0, 0.0, 0.0, 0.0, 0.0, 0.0]}, "NS7b": {"data": [0.0, 0.0, 0.0, 0.0, 0.0, 0.0, 0, 0], "deviation": [0.0, 0.0, 0.0, 0.0, 0.0, 0.0, 0.0, 0.0]}, "NSP6": {"data": [0.0, 1.5, 3.0, 3.0, 3.0, 1.5, 0, 0], "deviation": [0.0, 1.5434872662825796, 0.0, 0.0, 1.0606601717798212, 1.7320508075688772, 0.0, 0.0]}, "NSP7": {"data": [0.0, 0.0, 0.0, 0.0, 0.0, 0.0, 0, 0], "deviation": [0.0, 0.0, 0.0, 0.0, 0.0, 0.0, 0.0, 0.0]}, "NSP8": {"data": [0.0, 0.0, 0.0, 0.0, 0.0, 0.0, 0, 0], "deviation": [0.0, 0.0, 0.0, 0.0, 0.0, 0.0, 0.0, 0.0]}, "Spike": {"data": [1.0, 1.5, 3.0, 3.0, 3.0, 2.5, 2, 2], "deviation": [1.4142135623730951, 1.5434872662825796, 0.0, 0.0, 0.8345229603962802, 0.5773502691896257, 0.0, 0.30151134457776363]}, "NSP9": {"data": [0.0, 0.0, 0.0, 0.0, 0.0, 0.0, 0, 0], "deviation": [0.0, 0.0, 0.0, 0.0, 0.0, 0.0, 0.0, 0.0]}, "NSP10": {"data": [0.0, 0.0, 0.0, 0.0, 0.0, 0.0, 0, 0], "deviation": [0.0, 0.0, 0.0, 0.0, 0.0, 0.0, 0.0, 0.0]}, "NSP11": {"data": [0.0, 0.0, 0.0, 0.0, 0.0, 0.0, 0, 0], "deviation": [0.0, 0.0, 0.0, 0.0, 0.0, 0.0, 0.0, 0.0]}, "NSP12": {"data": [0.0, 0.0, 0.0, 0.0, 0.0, 0.0, 0, 0], "deviation": [0.0, 0.0, 0.0, 0.0, 0.0, 0.0, 0.0, 0.0]}, "M": {"data": [0.0, 0.0, 0.0, 0.0, 0.0, 0.0, 0, 0], "deviation": [0.0, 0.0, 0.0, 0.0, 0.0, 0.0, 0.0, 0.0]}, "NSP13": {"data": [0.0, 0.0, 0.0, 0.0, 0.0, 0.0, 0, 0], "deviation": [0.0, 0.0, 0.0, 0.0, 0.0, 0.0, 0.0, 0.0]}, "N": {"data": [0.0, 0.0, 0.0, 0.0, 0.0, 0.0, 0, 0], "deviation": [0.0, 0.0, 0.0, 0.0, 0.0, 0.0, 0.0, 0.0]}, "NSP14": {"data": [0.0, 0.0, 0.0, 0.0, 0.0, 0.0, 0, 0], "deviation": [0.0, 0.0, 0.0, 0.0, 0.0, 0.0, 0.0, 0.0]}, "NS3": {"data": [0.0, 0.0, 0.0, 0.0, 0.0, 0.0, 0, 0], "deviation": [0.0, 0.0, 0.0, 0.0, 0.0, 0.0, 0.0, 0.0]}, "NSP15": {"data": [0.0, 0.0, 0.0, 0.0, 0.0, 0.0, 0, 0], "deviation": [0.0, 0.0, 0.0, 0.0, 0.0, 0.0, 0.0, 0.0]}, "NSP16": {"data": [0.0, 0.0, 0.0, 0.0, 0.0, 0.0, 0, 0], "deviation": [0.0, 0.0, 0.0, 0.0, 0.0, 0.0, 0.0, 0.0]}, "NS9b": {"data": [0.0, 0.0, 0.0, 0.0, 0.0, 0.0, 0, 0], "deviation": [0.0, 0.0, 0.0, 0.0, 0.0, 0.0, 0.0, 0.0]}, "NS6": {"data": [0.0, 0.0, 0.0, 0.0, 0.0, 0.0, 0, 0], "deviation": [0.0, 0.0, 0.0, 0.0, 0.0, 0.0, 0.0, 0.0]}, "NS9c": {"data": [0.0, 0.0, 0.0, 0.0, 0.0, 0.0, 0, 0], "deviation": [0.0, 0.0, 0.0, 0.0, 0.0, 0.0, 0.0, 0.0]}, "NSP1": {"data": [1.5, 0.0, 0.0, 0.0, 0.0, 0.0, 0, 0], "deviation": [2.1213203435596424, 0.0, 0.0, 0.19611613513818404, 1.7677669529663689, 0.0, 0.7745966692414834, 0.0]}, "NSP2": {"data": [0.0, 0.0, 0.0, 0.0, 0.0, 0.0, 0, 0], "deviation": [0.0, 0.0, 0.0, 0.0, 0.0, 0.0, 0.0, 0.0]}, "NS8": {"data": [0.0, 0.0, 0.0, 0.0, 0.0, 0.0, 0, 0], "deviation": [0.0, 0.0, 0.0, 0.0, 0.0, 0.0, 0.0, 0.0]}, "NSP3": {"data": [0.0, 0.0, 0.0, 0.0, 0.0, 0.0, 0, 0], "deviation": [0.0, 0.0, 0.0, 0.0, 7.0710678118654755, 0.0, 0.0, 0.0]}}, "missense": {"NSP4": {"data": [1.0, 0.0, 0.0, 0.0, 0.0, 0.5, 2, 2], "deviation": [1.4142135623730951, 0.32338083338177726, 0.0, 0.485164524037584, 0.7071067811865476, 0.9574271077563381, 0.2581988897471611, 0.5393598899705937]}, "E": {"data": [0.0, 0.0, 0.0, 0.0, 0.0, 0.0, 0, 0], "deviation": [0.0, 0.485071250072666, 0.0, 0.508391127441794, 0.4629100498862757, 0.0, 0.0, 0.0]}, "NS7a": {"data": [1.0, 0.0, 0.0, 0.0, 0.0, 1.5, 2, 2], "deviation": [1.4142135623730951, 0.23570226039551584, 0.0, 0.271746488194703, 0.7440238091428449, 1.2909944487358056, 0.2581988897471611, 0.4472135954999579]}, "NSP5": {"data": [0.0, 0.0, 0.0, 0.0, 0.0, 0.0, 0, 0], "deviation": [0.0, 0.0, 0.0, 0.271746488194703, 0.3535533905932738, 0.0, 0.2581988897471611, 0.0]}, "NS7b": {"data": [0.5, 0.0, 0.0, 0.0, 0.0, 0.0, 1, 1], "deviation": [0.7071067811865476, 0.0, 0.0, 0.0, 0.3535533905932738, 0.5, 0.2581988897471611, 0.30151134457776363]}, "NSP6": {"data": [1.0, 1.5, 0.0, 0.0, 0.0, 0.5, 2, 2], "deviation": [1.4142135623730951, 1.5434872662825796, 0.0, 0.0, 0.7071067811865476, 0.9574271077563381, 0.2581988897471611, 0.30151134457776363]}, "NSP7": {"data": [0.0, 0.0, 0.0, 0.0, 0.0, 0.0, 0, 0], "deviation": [0.0, 0.0, 0.0, 0.0, 0.0, 0.0, 0.0, 0.0]}, "NSP8": {"data": [0.0, 0.0, 0.0, 0.0, 0.0, 0.0, 0, 0], "deviation": [0.0, 0.0, 0.0, 0.19611613513818404, 0.0, 0.0, 0.0, 0.6030226891555273]}, "Spike": {"data": [4.0, 5.5, 6.0, 6.0, 7.5, 8.5, 8, 9], "deviation": [5.656854249492381, 0.6978023391872252, 0.5, 0.8458041235325207, 1.4142135623730951, 1.4142135623730951, 0.5163977794943222, 0.5222329678670935]}, "NSP9": {"data": [0.0, 0.0, 0.0, 0.0, 0.0, 0.0, 0, 0], "deviation": [0.0, 0.0, 0.0, 0.0, 0.0, 0.0, 0.0, 0.0]}, "NSP10": {"data": [0.0, 0.0, 0.0, 0.0, 0.0, 0.0, 0, 0], "deviation": [0.0, 0.0, 0.0, 0.0, 0.0, 0.0, 0.0, 0.0]}, "NSP11": {"data": [0.0, 0.0, 0.0, 0.0, 0.0, 0.0, 0, 0], "deviation": [0.0, 0.0, 0.0, 0.0, 0.0, 0.0, 0.0, 0.0]}, "NSP12": {"data": [1.0, 1.0, 1.0, 1.0, 1.0, 2.0, 2, 2], "deviation": [1.4142135623730951, 0.6076849889141857, 0.0, 0.271746488194703, 0.4629100498862757, 1.2583057392117916, 0.3518657752744984, 0.40451991747794525]}, "M": {"data": [0.5, 0.5, 1.0, 1.0, 1.0, 1.0, 1, 1], "deviation": [0.7071067811865476, 0.5144957554275266, 0.0, 0.4835764198615911, 0.4629100498862757, 0.0, 0.0, 0.0]}, "NSP13": {"data": [0.5, 0.0, 0.0, 0.0, 0.0, 0.5, 1, 1], "deviation": [0.7071067811865476, 0.23570226039551584, 0.0, 0.4296689244236597, 0.7440238091428449, 0.5773502691896257, 0.2581988897471611, 0.46709936649691375]}, "N": {"data": [2.0, 2.0, 2.0, 2.0, 3.0, 2.0, 4, 4], "deviation": [2.8284271247461903, 0.639137490706142, 0.0, 0.6516251872168421, 0.9161253813129043, 0.5, 0.3779644730092272, 0.4472135954999579]}, "NSP14": {"data": [0.5, 0.0, 0.0, 0.0, 0.0, 0.5, 1, 1], "deviation": [0.7071067811865476, 0.23570226039551584, 0.0, 0.19611613513818404, 0.0, 0.5773502691896257, 0.4140393356054125, 0.30151134457776363]}, "NS3": {"data": [0.5, 0.0, 0.0, 0.0, 1.0, 0.5, 1, 1], "deviation": [0.7071067811865476, 0.23570226039551584, 0.5, 1.101746864686328, 0.7559289460184544, 0.5773502691896257, 0.2581988897471611, 0.40451991747794525]}, "NSP15": {"data": [0.0, 0.0, 0.0, 0.0, 0.0, 0.5, 0, 0], "deviation": [0.0, 0.0, 0.0, 0.0, 0.0, 0.5773502691896257, 0.0, 0.674199862463242]}, "NSP16": {"data": [0.0, 0.0, 0.0, 0.0, 0.0, 0.0, 0, 0], "deviation": [0.0, 0.0, 0.0, 0.19611613513818404, 0.3535533905932738, 0.0, 0.0, 0.46709936649691375]}, "NS9b": {"data": [0.0, 0.0, 0.0, 0.0, 0.0, 0.0, 0, 0], "deviation": [0.0, 0.0, 0.0, 0.0, 0.0, 0.0, 0.0, 0.0]}, "NS6": {"data": [0.0, 0.0, 0.0, 0.0, 0.0, 0.0, 0, 0], "deviation": [0.0, 0.0, 0.0, 0.0, 0.0, 0.0, 0.0, 0.0]}, "NS9c": {"data": [0.0, 0.0, 0.0, 0.0, 0.0, 0.0, 0, 0], "deviation": [0.0, 0.0, 0.0, 0.0, 0.0, 0.0, 0.0, 0.0]}, "NSP1": {"data": [0.0, 0.0, 0.0, 0.0, 0.0, 0.0, 0, 0], "deviation": [0.0, 0.0, 0.0, 0.0, 0.0, 0.0, 0.2581988897471611, 0.0]}, "NSP2": {"data": [0.0, 0.0, 0.0, 0.0, 0.0, 0.5, 0, 0], "deviation": [0.0, 0.485071250072666, 0.0, 0.4640954808922571, 0.7559289460184544, 0.9574271077563381, 0.2581988897471611, 0.30151134457776363]}, "NS8": {"data": [0.0, 1.0, 0.0, 0.0, 0.0, 0.0, 0, 0], "deviation": [0.0, 1.0289915108550531, 0.0, 0.19611613513818404, 1.164964745021435, 1.0, 0.0, 0.30151134457776363]}, "NSP3": {"data": [2.0, 1.0, 1.0, 1.0, 2.0, 2.0, 3, 3], "deviation": [2.8284271247461903, 0.42779263194649864, 0.0, 0.5144077999169381, 19.912307751739878, 1.1547005383792515, 0.3779644730092272, 0.7745966692414834]}}, "labels": ["08/2020", "01/2021", "02/2021", "03/2021", "04/2021", "05/2021", "06/2021", "07/2021"]}