{"indel": {"NSP4": {"data": [0.0, 0.0, 0, 0, 0.0, 0, 0, 0.0, 0, 0.0, 0.0, 0, 0, 0, 0, 0, 0.0, 0, 0.0, 0], "deviation": [0.0, 0.0, 0.0, 0.0, 0.0, 0.0, 0.0, 0.0, 0.0, 0.07495316889958614, 0.0, 0.0, 0.08164874172595392, 0.0, 0.0, 0.0, 0.0, 0.0, 0.0, 0.0]}, "E": {"data": [0.0, 0.0, 0, 0, 0.0, 0, 0, 0.0, 0, 0.0, 0.0, 0, 0, 0, 0, 0, 0.0, 0, 0.0, 0], "deviation": [0.0, 0.0, 0.0, 0.0, 0.0, 0.0, 0.0, 0.0, 0.0, 0.0, 0.0, 0.0, 0.0, 0.0, 0.0, 0.0, 0.0, 0.0, 0.0, 0.0]}, "NS7a": {"data": [0.0, 0.0, 0, 0, 0.0, 0, 0, 0.0, 0, 0.0, 0.0, 0, 0, 0, 0, 0, 0.0, 0, 0.0, 0], "deviation": [0.0, 0.0, 0.7662610281769211, 0.0, 0.0, 0.0, 0.0, 0.0, 0.0, 0.0, 0.0, 0.0, 0.0, 0.0, 0.026565321418092747, 0.13352354438666597, 0.0, 0.0, 0.9457046877616762, 0.20148699565533007]}, "NSP5": {"data": [0.0, 0.0, 0, 0, 0.0, 0, 0, 0.0, 0, 0.0, 0.0, 0, 0, 0, 0, 0, 0.0, 0, 0.0, 0], "deviation": [0.0, 0.0, 0.0, 0.0, 0.0, 0.0, 0.0, 0.0, 0.0, 0.0, 0.0, 0.0, 0.0, 0.0, 0.0, 0.0, 0.0, 0.0, 0.0, 0.0]}, "NS7b": {"data": [0.0, 0.0, 0, 0, 0.0, 0, 0, 0.0, 0, 0.0, 0.0, 0, 0, 0, 0, 0, 0.0, 0, 0.0, 0], "deviation": [0.0, 0.0, 0.0, 0.0, 0.0, 0.0, 0.0, 0.0, 0.0, 0.0, 0.0, 0.0, 0.0, 0.0, 0.05307433053330768, 0.16208720984807304, 0.30849555723355204, 0.27237333014833837, 0.17000087599606653, 0.07027218865809771]}, "NSP6": {"data": [0.0, 0.0, 0, 0, 0.0, 0, 0, 0.0, 0, 0.0, 0.0, 0, 0, 0, 0, 0, 0.0, 3, 0.0, 0], "deviation": [0.0, 0.0, 0.0, 0.0, 0.0, 0.060745673923078704, 0.0, 0.0, 0.0, 0.0, 0.0, 0.6040446660119637, 1.0229570652404296, 1.0493225996223594, 0.8030430712161071, 1.2662647722703235, 1.37897444122349, 1.4152788834751087, 1.3217158063408192, 0.5300650348023705]}, "NSP7": {"data": [0.0, 0.0, 0, 0, 0.0, 0, 0, 0.0, 0, 0.0, 0.0, 0, 0, 0, 0, 0, 0.0, 0, 0.0, 0], "deviation": [0.0, 0.0, 0.0, 0.0, 0.0, 0.0, 0.0, 0.0, 0.0, 0.0, 0.0, 0.0, 0.0, 0.0, 0.0, 0.0, 0.0, 0.0, 0.0, 0.0]}, "NSP8": {"data": [0.0, 0.0, 0, 0, 0.0, 0, 0, 0.0, 0, 0.0, 0.0, 0, 0, 0, 0, 0, 0.0, 0, 0.0, 0], "deviation": [0.0, 0.0, 0.0, 0.0, 0.0, 0.0, 0.0, 0.0, 0.0, 0.0, 0.0, 0.0, 0.0, 0.0, 0.0, 0.0, 0.0, 0.0, 0.0, 0.0]}, "Spike": {"data": [0.0, 0.0, 0, 0, 0.0, 0, 0, 0.0, 0, 0.0, 0.0, 0, 0, 0, 0, 0, 0.0, 0, 2.0, 2], "deviation": [0.0, 0.0, 0.0, 0.0, 0.0, 0.0, 0.0, 0.6267831705280087, 0.1747408113322076, 0.18273058120685565, 1.4762245530634246, 0.6056718418673532, 0.9561201742063652, 1.0122153694474842, 1.2154634059574179, 1.6452395607776837, 2.211856413059917, 1.7666432875115803, 1.3167941425091432, 0.7411728677719003]}, "NSP9": {"data": [0.0, 0.0, 0, 0, 0.0, 0, 0, 0.0, 0, 0.0, 0.0, 0, 0, 0, 0, 0, 0.0, 0, 0.0, 0], "deviation": [0.0, 0.0, 0.0, 0.0, 0.0, 0.0, 0.0, 0.0, 0.0, 0.0, 0.0, 0.0, 0.0, 0.0, 0.0, 0.0, 0.0, 0.0, 0.0, 0.0]}, "NSP10": {"data": [0.0, 0.0, 0, 0, 0.0, 0, 0, 0.0, 0, 0.0, 0.0, 0, 0, 0, 0, 0, 0.0, 0, 0.0, 0], "deviation": [0.0, 0.0, 0.0, 0.0, 0.0, 0.0, 0.0, 0.0, 0.0, 0.0, 0.0, 0.0, 0.0, 0.0, 0.0, 0.0, 0.0, 0.0, 0.0, 0.0]}, "NSP11": {"data": [0.0, 0.0, 0, 0, 0.0, 0, 0, 0.0, 0, 0.0, 0.0, 0, 0, 0, 0, 0, 0.0, 0, 0.0, 0], "deviation": [0.0, 0.0, 0.0, 0.0, 0.0, 0.0, 0.0, 0.0, 0.0, 0.0, 0.0, 0.0, 0.0, 0.0, 0.0, 0.0, 0.0, 0.0, 0.0, 0.0]}, "NSP12": {"data": [0.0, 0.0, 0, 0, 0.0, 0, 0, 0.0, 0, 0.0, 0.0, 0, 0, 0, 0, 0, 0.0, 0, 0.0, 0], "deviation": [0.0, 0.0, 0.0, 0.0, 0.0, 0.0, 0.0, 0.0, 0.0, 0.0, 0.0, 0.0, 0.0, 0.0, 0.0, 0.0, 0.0, 1.3055559555895413, 1.0351058230814687, 0.3520166719043814]}, "M": {"data": [0.0, 0.0, 0, 0, 0.0, 0, 0, 0.0, 0, 0.0, 0.0, 0, 0, 0, 0, 0, 0.0, 0, 0.0, 0], "deviation": [0.0, 0.0, 0.0, 0.0, 0.0, 0.0, 0.0, 0.0, 0.0, 0.0, 0.0, 0.0, 0.0, 0.0, 0.0, 0.0, 0.0, 0.0, 0.0, 0.0]}, "NSP13": {"data": [0.0, 0.0, 0, 0, 0.0, 0, 0, 0.0, 0, 0.0, 0.0, 0, 0, 0, 0, 0, 0.0, 0, 0.0, 0], "deviation": [0.0, 0.0, 0.0, 0.0, 0.0, 0.0, 0.0, 0.0, 0.0, 0.0, 0.0, 0.0, 0.0, 0.0, 0.0, 0.0, 0.0, 0.0, 0.0, 0.0]}, "N": {"data": [0.0, 0.0, 0, 0, 0.0, 0, 0, 0.0, 0, 0.0, 0.0, 0, 0, 0, 0, 0, 0.0, 0, 0.0, 0], "deviation": [0.0, 0.0, 0.0, 0.0, 0.14071950894605836, 0.0, 0.0, 0.0, 0.0, 0.0, 0.0, 0.0, 0.0, 0.0, 0.0, 0.02195285199793807, 0.03778293650610287, 0.07246507768879093, 0.027804604280294864, 0.0]}, "NSP14": {"data": [0.0, 0.0, 0, 0, 0.0, 0, 0, 0.0, 0, 0.0, 0.0, 0, 0, 0, 0, 0, 0.0, 0, 0.0, 0], "deviation": [0.0, 0.0, 0.0, 0.0, 0.0, 0.0, 0.0, 0.0, 0.0, 0.0, 0.0, 0.05136654969375141, 0.0, 0.06254040886492257, 0.0, 0.0, 0.0, 0.0, 0.019664628205864065, 0.0]}, "NS3": {"data": [0.0, 0.0, 0, 0, 0.0, 0, 0, 0.0, 0, 0.0, 0.0, 0, 0, 0, 0, 0, 0.0, 0, 0.0, 0], "deviation": [0.0, 0.0, 0.0, 0.0, 0.0, 0.0, 0.0, 0.0, 0.0, 0.07495316889958614, 0.05832118435198043, 0.0, 0.24494622517786174, 0.051097525603635854, 0.0, 0.0, 0.0, 0.0, 0.05894314809165712, 0.0]}, "NSP15": {"data": [0.0, 0.0, 0, 0, 0.0, 0, 0, 0.0, 0, 0.0, 0.0, 0, 0, 0, 0, 0, 0.0, 0, 0.0, 0], "deviation": [0.0, 0.0, 0.0, 0.0, 0.0, 0.0, 0.0, 0.0, 0.0, 0.0, 0.0, 0.0, 0.0, 0.0, 0.0, 0.0, 0.0, 0.0, 0.0, 0.0]}, "NSP16": {"data": [0.0, 0.0, 0, 0, 0.0, 0, 0, 0.0, 0, 0.0, 0.0, 0, 0, 0, 0, 0, 0.0, 0, 0.0, 0], "deviation": [0.0, 0.0, 0.0, 0.0, 0.0, 0.0, 0.0, 0.0, 0.0, 0.0, 0.0, 0.0, 0.0, 0.0, 0.0, 0.0, 0.0, 0.0, 0.0, 0.0]}, "NS9b": {"data": [0.0, 0.0, 0, 0, 0.0, 0, 0, 0.0, 0, 0.0, 0.0, 0, 0, 0, 0, 0, 0.0, 0, 0.0, 0], "deviation": [0.0, 0.0, 0.0, 0.0, 0.0, 0.0, 0.0, 0.0, 0.0, 0.0, 0.0, 0.0, 0.0, 0.0, 0.0, 0.0, 0.0, 0.0, 0.0, 0.0]}, "NS6": {"data": [0.0, 0.0, 0, 0, 0.0, 0, 0, 0.0, 0, 0.0, 0.0, 0, 0, 0, 0, 0, 0.0, 0, 0.0, 0], "deviation": [0.0, 0.0, 0.0, 0.0, 0.0, 0.0, 0.0, 0.0, 0.0, 0.0, 0.0, 0.0, 0.0, 0.0, 0.0, 0.0, 0.0, 0.0, 0.0, 0.0]}, "NS9c": {"data": [0.0, 0.0, 0, 0, 0.0, 0, 0, 0.0, 0, 0.0, 0.0, 0, 0, 0, 0, 0, 0.0, 0, 0.0, 0], "deviation": [0.0, 0.0, 0.0, 0.0, 0.0, 0.0, 0.0, 0.0, 0.0, 0.0, 0.0, 0.0, 0.0, 0.0, 0.0, 0.0, 0.0, 0.0, 0.0, 0.0]}, "NSP1": {"data": [0.0, 0.0, 0, 0, 0.0, 0, 0, 0.0, 0, 0.0, 0.0, 0, 0, 0, 0, 0, 0.0, 0, 0.0, 0], "deviation": [0.0, 0.0, 0.0, 0.0, 0.4710473664059281, 0.0, 0.18156825980064073, 0.1709408646894569, 0.35761984756563975, 0.41388489296867303, 0.1749635530559413, 0.22343347909279768, 0.39474221733934844, 0.0, 0.22599717298887648, 0.11789299386356482, 0.1252710733800662, 0.09894298262273125, 0.21147361903875492, 0.1532901419005003]}, "NSP2": {"data": [0.0, 0.0, 0, 0, 0.0, 0, 0, 0.0, 0, 0.0, 0.0, 0, 0, 0, 0, 0, 0.0, 0, 0.0, 0], "deviation": [0.0, 0.0, 0.0, 0.0, 0.0, 0.0, 0.0, 0.0, 0.0, 0.0, 0.0, 0.0, 0.0, 0.0, 0.0, 0.0, 0.0, 0.027451402562301407, 0.027804604280294864, 0.0]}, "NS8": {"data": [0.0, 0.0, 0, 0, 0.0, 0, 0, 0.0, 0, 0.0, 0.0, 0, 0, 0, 0, 0, 0.0, 0, 0.0, 0], "deviation": [0.0, 0.0, 0.0, 0.0, 0.0, 0.0, 0.0, 0.0, 0.0, 0.0, 0.0, 0.10273309938750282, 0.0, 0.0, 0.0, 0.02195285199793807, 0.0, 0.0, 0.0651765993104173, 0.0786742473783498]}, "NSP3": {"data": [0.0, 0.0, 0, 0, 0.0, 0, 0, 0.0, 0, 0.0, 0.0, 0, 0, 0, 0, 0, 0.0, 0, 0.0, 0], "deviation": [0.0, 0.0, 0.0, 0.0, 0.0, 0.0, 0.0, 2.6642102001388954, 2.2716305473186984, 1.049344364594206, 2.552469974263253, 0.05136654969375141, 0.09983038745913526, 0.036155076303109365, 0.0650331756881814, 0.02195285199793807, 0.0, 0.06136468261021469, 0.0, 0.03520166719043814]}}, "missense": {"NSP4": {"data": [0.0, 0.0, 0, 0, 0.0, 0, 0, 0.0, 0, 0.0, 0.0, 0, 0, 0, 0, 0, 0.0, 0, 2.0, 2], "deviation": [0.0, 0.0, 0.3408928733052899, 0.2881040655200304, 0.19551142676116778, 0.21789555935068491, 0.3429186363010953, 0.3138847339564679, 0.3086157604693899, 0.20776520643936597, 0.328362556296839, 0.321153704765013, 0.5180844366205035, 0.643624480864157, 0.5253568924442473, 0.5525480410243578, 0.40181796108271145, 0.7800335671833301, 1.0758523723832312, 0.48096977562024607]}, "E": {"data": [0.0, 0.0, 0, 0, 0.0, 0, 0, 0.0, 0, 0.0, 0.0, 0, 0, 0, 0, 0, 0.0, 0, 0.0, 0], "deviation": [0.0, 0.0, 0.0, 0.0, 0.0, 0.060745673923078704, 0.08543461520685901, 0.1492752206541077, 0.12308426284632322, 0.07495316889958614, 0.10066990214706917, 0.16048988955328378, 0.17114985182117823, 0.1557287570714211, 0.13425599487876647, 0.17951588506953098, 0.35440078768111705, 0.20544685077259028, 0.12342827553507724, 0.06089538260316629]},