{"indel": {"NSP4": {"data": [0, 0.0, 0.0, 0, 0, 0, 0, 0, 0.0, 0, 0.0, 0.0, 0, 0.0, 0, 0, 0, 0, 0], "deviation": [0.0, 0.0, 0.0, 0.0, 0.0, 0.0, 0.0, 0.0, 0.0, 0.0, 0.0, 1.4819385168112722, 0.05976123887546846, 0.0, 1.3534201238883776, 0.029424494316824985, 0.0, 0.0, 0.3876007306468981]}, "E": {"data": [0, 0.0, 0.0, 0, 0, 0, 0, 0, 0.0, 0, 0.0, 0.0, 0, 0.0, 0, 0, 0, 0, 0], "deviation": [0.0, 0.0, 0.0, 0.0, 0.0, 0.0, 0.0, 0.0, 0.0, 0.0, 0.0, 0.025941231853830935, 0.0, 0.0, 0.0, 0.0, 0.0, 0.058462193015801536, 0.0]}, "NS7a": {"data": [0, 0.0, 0.0, 0, 0, 0, 0, 0, 0.0, 0, 0.0, 0.0, 0, 0.0, 0, 0, 0, 0, 0], "deviation": [0.0, 0.0, 0.0, 0.0, 0.05337605126836238, 0.0, 0.0, 0.04032389192727559, 0.036131468676496206, 0.03287979746107146, 0.18928586778553363, 0.16392306555179045, 0.0, 0.10326425862322713, 1.3845154809113247, 2.100319247394783, 1.6270695504378738, 1.1670688897598531, 0.39568069554780844]}, "NSP5": {"data": [0, 0.0, 0.0, 0, 0, 0, 0, 0, 0.0, 0, 0.0, 0.0, 0, 0.0, 0, 0, 0, 0, 0], "deviation": [0.0, 0.875, 0.0, 0.0, 0.0, 0.0, 0.0, 0.0, 0.0, 0.0, 0.0, 0.0, 0.0, 0.0, 0.0, 0.0, 0.0, 0.0, 0.0]}, "NS7b": {"data": [0, 0.0, 0.0, 0, 0, 0, 0, 0, 0.0, 0, 0.0, 0.0, 0, 0.0, 0, 0, 0, 0, 0], "deviation": [0.0, 0.0, 0.0, 0.0, 0.0, 0.0, 0.0, 0.0, 0.0, 0.0, 0.0, 0.036674087494789884, 0.0, 0.0, 0.12298800925361816, 0.0, 0.0, 0.029231096507900768, 0.03427955850955305]}, "NSP6": {"data": [0, 0.0, 0.0, 0, 0, 0, 0, 0, 0.0, 0, 3.0, 3.0, 3, 3.0, 3, 3, 0, 0, 0], "deviation": [1.2216165268919335, 0.0, 0.0, 0.0, 0.16012815380508713, 0.0, 0.30074122912965046, 1.1465368526951356, 1.1504341330632413, 1.5015494512838246, 1.041766181511338, 1.402591217444112, 1.3281850903745263, 1.3365473454256058, 1.223132440351903, 1.3193243969397235, 1.2840345857632298, 0.7453178928830685, 0.4595176002800836]}, "NSP7": {"data": [0, 0.0, 0.0, 0, 0, 0, 0, 0, 0.0, 0, 0.0, 0.0, 0, 0.0, 0, 0, 0, 0, 0], "deviation": [0.0, 0.0, 0.0, 0.0, 0.0, 0.0, 0.0, 0.0, 0.0, 0.0, 0.0, 0.0, 0.0, 0.0, 0.0, 0.0, 0.0, 0.0, 0.0]}, "NSP8": {"data": [0, 0.0, 0.0, 0, 0, 0, 0, 0, 0.0, 0, 0.0, 0.0, 0, 0.0, 0, 0, 0, 0, 0], "deviation": [0.0, 0.0, 0.0, 0.0, 0.0, 0.0, 0.0, 0.0, 0.0, 0.0, 0.0, 0.0, 0.0, 0.0, 0.0, 0.0, 0.0, 0.0, 0.0]}, "Spike": {"data": [0, 0.0, 0.0, 0, 0, 0, 0, 0, 0.0, 0, 3.0, 3.0, 3, 0.0, 3, 3, 2, 2, 2], "deviation": [1.2142857142857142, 0.0, 0.06537204504606135, 0.0, 0.16012815380508713, 0.09389762714978082, 0.3317080038722869, 0.596006412248766, 0.9592572156135091, 1.4967677041924574, 1.362587148919066, 1.518417608960633, 1.5141393681895492, 1.504887851481626, 1.4750411038676852, 1.6962957888418595, 1.2212909556259381, 1.0164748589126917, 1.0332750975651257]}, "NSP9": {"data": [0, 0.0, 0.0, 0, 0, 0, 0, 0, 0.0, 0, 0.0, 0.0, 0, 0.0, 0, 0, 0, 0, 0], "deviation": [0.0, 0.0, 0.0, 0.0, 0.0, 0.0, 0.0, 0.0, 0.0, 0.0, 0.0, 0.0, 0.0, 0.0, 0.0, 0.0, 0.0, 0.0, 0.0]}, "NSP10": {"data": [0, 0.0, 0.0, 0, 0, 0, 0, 0, 0.0, 0, 0.0, 0.0, 0, 0.0, 0, 0, 0, 0, 0], "deviation": [0.0, 0.0, 0.0, 0.0, 0.0, 0.0, 0.0, 0.0, 0.0, 0.0, 0.0, 0.0, 0.0, 0.0, 0.0, 0.0, 0.0, 0.016881394379731986, 0.0]}, "NSP11": {"data": [0, 0.0, 0.0, 0, 0, 0, 0, 0, 0.0, 0, 0.0, 0.0, 0, 0.0, 0, 0, 0, 0, 0], "deviation": [0.0, 0.0, 0.0, 0.0, 0.0, 0.0, 0.0, 0.0, 0.0, 0.0, 0.0, 0.0, 0.0, 0.0, 0.0, 0.0, 0.0, 0.0, 0.0]}, "NSP12": {"data": [0, 0.0, 0.0, 0, 0, 0, 0, 0, 0.0, 0, 0.0, 0.0, 0, 0.0, 0, 0, 0, 0, 0], "deviation": [0.0, 0.0, 0.3922322702763681, 0.0, 0.0, 0.0, 0.0, 0.04032389192727559, 0.0, 0.0, 0.026537244621713765, 0.0, 0.0, 0.0, 0.04099600308453939, 0.0, 0.18787833931763168, 0.1688139437973199, 0.0]}, "M": {"data": [0, 0.0, 0.0, 0, 0, 0, 0, 0, 0.0, 0, 0.0, 0.0, 0, 0.0, 0, 0, 0, 0, 0], "deviation": [0.0, 0.0, 0.0, 0.0669649530182425, 0.0, 0.0, 0.0, 0.0, 0.0, 0.0, 0.04593145283233403, 0.0, 0.0, 0.0, 0.0, 0.4119429204355498, 0.0, 0.0, 0.0]}, "NSP13": {"data": [0, 0.0, 0.0, 0, 0, 0, 0, 0, 0.0, 0, 0.0, 0.0, 0, 0.0, 0, 0, 0, 0, 0], "deviation": [0.0, 0.0, 0.0, 0.0, 0.0, 0.0, 0.0, 0.0, 0.0, 0.0, 0.0, 0.025941231853830935, 0.0, 0.0, 0.0, 0.029424494316824985, 0.0, 0.0, 0.0]}, "N": {"data": [0, 0.0, 0.0, 0, 0, 0, 0, 0, 0.0, 0, 0.0, 0.0, 0, 0.0, 0, 0, 0, 0, 0], "deviation": [0.0, 0.0, 0.0, 0.4017897181094551, 0.0, 0.0, 0.6033277462022871, 0.36238925375922565, 0.036131468676496206, 0.0, 0.026537244621713765, 0.051830030683951187, 0.12688648033134406, 2.1341280115466943, 0.04099600308453939, 0.05884898863364997, 0.04600706266686127, 0.13807018521713293, 0.0]}, "NSP14": {"data": [0, 0.0, 0.0, 0, 0, 0, 0, 0, 0.0, 0, 0.0, 0.0, 0, 0.0, 0, 0, 0, 0, 0], "deviation": [0.0, 0.0, 0.0, 0.0, 0.0, 0.0, 0.0, 0.0, 0.0, 0.0, 0.0, 0.05188246370766187, 0.0, 0.0, 0.0, 0.5296408977028496, 0.0, 0.0, 0.0]}, "NS3": {"data": [0, 0.0, 0.0, 0, 0, 0, 0, 0, 0.0, 0, 0.0, 0.0, 0, 0.0, 0, 0, 0, 0, 0], "deviation": [0.3058388709205983, 0.0, 0.2026927056650695, 0.16217226163354878, 0.4200897243153854, 0.2260783009701563, 0.171847552541945, 0.21629544297446204, 0.15997149868164126, 0.29828494593912874, 0.25252302585975334, 0.20842429733750786, 0.10344753886411319, 0.07693210400990898, 0.20398375185571946, 0.0509205364573961, 0.13997867696732985, 0.3426939984910058, 0.15977623116430079]}, "NSP15": {"data": [0, 0.0, 0.0, 0, 0, 0, 0, 0, 0.0, 0, 0.0, 0.0, 0, 0.0, 0, 0, 0, 0, 0], "deviation": [4.539977374153216, 0.0, 0.0, 0.0, 0.0, 0.0, 0.0, 0.0, 0.0, 0.0, 0.037516105055593364, 0.025941231853830935, 0.0, 0.0, 0.0, 0.029424494316824985, 0.41333234649878975, 0.0, 0.0]}, "NSP16": {"data": [0, 0.0, 0.0, 0, 0, 0, 0, 0, 0.0, 0, 0.0, 0.0, 0, 0.0, 0, 0, 0, 0, 0], "deviation": [0.0, 0.0, 0.0, 0.0, 0.0, 0.0, 0.0, 0.0, 0.0, 0.0, 0.0, 0.0, 0.0, 0.0, 0.0, 0.0, 0.0, 0.0, 0.0]}, "NS9b": {"data": [0, 0.0, 0.0, 0, 0, 0, 0, 0, 0.0, 0, 0.0, 0.0, 0, 0.0, 0, 0, 0, 0, 0], "deviation": [0.0, 0.0, 0.0, 0.0, 0.0, 0.0, 0.0, 0.0, 0.0, 0.0, 0.0, 0.0, 0.0, 0.0, 0.0, 0.0, 0.0, 0.0, 0.0]}, "NS6": {"data": [0, 0.0, 0.0, 0, 0, 0, 0, 0, 0.0, 0, 0.0, 0.0, 0, 0.0, 0, 0, 0, 0, 0], "deviation": [0.0, 0.0, 0.0, 0.0, 0.0, 0.0, 0.0, 0.0, 0.0, 0.0, 0.0, 0.0, 0.0, 0.0, 0.0, 0.0, 0.0, 0.0, 0.1371182340382122]}, "NS9c": {"data": [0, 0.0, 0.0, 0, 0, 0, 0, 0, 0.0, 0, 0.0, 0.0, 0, 0.0, 0, 0, 0, 0, 0], "deviation": [0.0, 0.0, 0.0, 0.0, 0.0, 0.0, 0.0, 0.0, 0.0, 0.0, 0.0, 0.0, 0.0, 0.0, 0.0, 0.0, 0.0, 0.0, 0.0]}, "NSP1": {"data": [0, 0.0, 0.0, 0, 0, 0, 0, 0, 0.0, 0, 0.0, 0.0, 0, 0.0, 0, 0, 0, 0, 0], "deviation": [0.7637626158259733, 0.375, 0.0, 0.28346762865871344, 0.16012815380508713, 0.3709184143259092, 0.21319934643078026, 0.22065912130825294, 0.16926001611073532, 0.1706634381641514, 0.18552546044522875, 0.19707335694332723, 0.18877795000160064, 0.19725206830295297, 0.2976389943235129, 0.22337600397447616, 0.5401129577924609, 0.8709896464986114, 0.3979660738326233]}, "NSP2": {"data": [0, 0.0, 0.0, 0, 0, 0, 0, 0, 0.0, 0, 0.0, 0.0, 0, 0.0, 0, 0, 0, 0, 0], "deviation": [0.0, 0.125, 0.0, 0.0, 0.0, 0.0, 0.05031546054266276, 0.0, 0.15283573007776205, 0.0, 0.0, 0.025941231853830935, 0.0, 0.0, 0.0, 0.0, 0.0, 0.0, 0.0]}, "NS8": {"data": [0, 0.0, 0.0, 0, 0, 0, 0, 0, 0.0, 0, 0.0, 0.0, 0, 0.0, 0, 0, 0, 0, 0], "deviation": [0.0, 0.0, 0.0, 0.133929906036485, 0.0, 0.0, 0.10063092108532552, 0.0, 0.10212840995364975, 0.1137756254427676, 0.05932235353724018, 0.07334817498957977, 0.08459098688756271, 0.20652851724645427, 0.0, 0.0, 0.07511152044705162, 0.12284154579302735, 0.2926580218813076]}, "NSP3": {"data": [0, 0.0, 0.0, 0, 0, 0, 0, 0, 0.0, 0, 0.0, 0.0, 0, 0.0, 0, 0, 0, 0, 0], "deviation": [0.9999999999999999, 0.0, 0.0, 0.0, 0.07537722256574383, 0.19553088859089052, 0.05031546054266276, 0.0, 0.0, 0.03287979746107146, 0.08390039227606542, 0.16804020933152342, 0.17409439757240489, 0.0, 0.04099600308453939, 1.2728029932170144, 2.5927293031129506, 0.12954873343849066, 0.39322386580719376]}}, "missense": {"NSP4": {"data": [0, 0.0, 0.0, 0, 0, 0, 0, 0, 0.0, 0, 0.0, 0.0, 0, 0.0, 0, 0, 2, 2, 2],