{"indel": {"NSP4": {"data": [0, 0, 0, 0.0, 0, 0.0, 0.0, 0, 0.0, 0.0, 0, 0.0, 0], "deviation": [0.0, 0.0, 0.0, 0.0, 0.0, 0.0, 0.0, 0.0, 0.0, 0.0, 0.0, 0.0, 0.0]}, "E": {"data": [0, 0, 0, 0.0, 0, 0.0, 0.0, 0, 0.0, 0.0, 0, 0.0, 0], "deviation": [0.0, 0.0, 0.0, 0.0, 0.0, 0.0, 0.0, 0.0, 0.0, 0.0, 0.0, 0.0, 0.0]}, "NS7a": {"data": [0, 0, 0, 0.0, 0, 0.0, 0.0, 0, 0.0, 0.0, 0, 0.0, 0], "deviation": [0.0, 0.0, 0.0, 0.0, 0.0, 0.0, 0.0, 0.0, 13.893203492898097, 7.98059445765203, 8.108317380616691, 8.33793762451899, 0.0]}, "NSP5": {"data": [0, 0, 0, 0.0, 0, 0.0, 0.0, 0, 0.0, 0.0, 0, 0.0, 0], "deviation": [0.0, 0.0, 0.0, 0.0, 0.0, 0.0, 0.0, 0.0, 0.0, 0.0, 0.0, 0.0, 0.0]}, "NS7b": {"data": [0, 0, 0, 0.0, 0, 0.0, 0.0, 0, 0.0, 0.0, 0, 0.0, 0], "deviation": [0.0, 0.0, 0.0, 0.0, 0.0, 0.0, 0.0, 0.0, 0.0, 0.0, 0.0, 0.0, 0.0]}, "NSP6": {"data": [0, 0, 0, 0.0, 0, 0.0, 0.0, 3, 3.0, 3.0, 3, 3.0, 3], "deviation": [0.0, 0.0, 0.0, 0.0, 0.0, 0.0, 0.8409178658720822, 1.5106181559595906, 1.0745102980426842, 0.0, 0.3144854510165755, 0.635476490011271, 1.2862913567871994]}, "NSP7": {"data": [0, 0, 0, 0.0, 0, 0.0, 0.0, 0, 0.0, 0.0, 0, 0.0, 0], "deviation": [0.0, 0.0, 0.0, 0.0, 0.0, 0.0, 0.0, 0.0, 0.0, 0.0, 0.0, 0.0, 0.0]}, "NSP8": {"data": [0, 0, 0, 0.0, 0, 0.0, 0.0, 0, 0.0, 0.0, 0, 0.0, 0], "deviation": [0.0, 0.0, 0.0, 0.0, 0.0, 0.0, 0.0, 0.0, 0.0, 0.0, 0.0, 0.0, 0.0]}, "Spike": {"data": [0, 0, 0, 0.0, 0, 0.0, 0.0, 0, 0.0, 0.0, 0, 0.0, 0], "deviation": [0.0, 0.0, 0.0, 0.0, 0.0, 0.0, 0.49999999999999994, 1.419997691062542, 0.6770145934310594, 0.8542892438176274, 0.4726978140876298, 1.3276497650995196, 0.9200351332773365]}, "NSP9": {"data": [0, 0, 0, 0.0, 0, 0.0, 0.0, 0, 0.0, 0.0, 0, 0.0, 0], "deviation": [0.0, 0.0, 0.0, 0.0, 0.0, 0.0, 0.0, 0.0, 0.0, 0.0, 0.0, 0.0, 0.0]}, "NSP10": {"data": [0, 0, 0, 0.0, 0, 0.0, 0.0, 0, 0.0, 0.0, 0, 0.0, 0], "deviation": [0.0, 0.0, 0.0, 0.0, 0.0, 0.0, 0.0, 0.0, 0.0, 0.0, 0.0, 0.0, 0.0]}, "NSP11": {"data": [0, 0, 0, 0.0, 0, 0.0, 0.0, 0, 0.0, 0.0, 0, 0.0, 0], "deviation": [0.0, 0.0, 0.0, 0.0, 0.0, 0.0, 0.0, 0.0, 0.0, 0.0, 0.0, 0.0, 0.0]}, "NSP12": {"data": [0, 0, 0, 0.0, 0, 0.0, 0.0, 0, 0.0, 0.0, 0, 0.0, 0], "deviation": [0.0, 0.0, 0.0, 0.0, 0.0, 0.0, 0.0, 0.0, 0.0, 0.0, 0.0, 0.0, 0.0]}, "M": {"data": [0, 0, 0, 0.0, 0, 0.0, 0.0, 0, 0.0, 0.0, 0, 0.0, 0], "deviation": [0.0, 0.0, 0.0, 0.0, 0.0, 0.0, 0.0, 0.0, 0.0, 0.0, 0.0, 0.0, 0.0]}, "NSP13": {"data": [0, 0, 0, 0.0, 0, 0.0, 0.0, 0, 0.0, 0.0, 0, 0.0, 0], "deviation": [0.0, 0.0, 0.0, 0.0, 0.0, 0.0, 0.0, 0.0, 0.0, 0.0, 0.0, 0.0, 0.0]}, "N": {"data": [0, 0, 0, 0.0, 0, 0.0, 0.0, 0, 0.0, 0.0, 0, 0.0, 0], "deviation": [0.0, 0.0, 0.0, 0.0, 0.0, 0.0, 0.0, 0.0, 0.11624763874381928, 0.0, 0.0, 0.0, 0.0]}, "NSP14": {"data": [0, 0, 0, 0.0, 0, 0.0, 0.0, 0, 0.0, 0.0, 0, 0.0, 0], "deviation": [0.0, 0.0, 0.0, 0.0, 0.0, 0.0, 0.0, 0.0, 0.0, 0.0, 0.0, 0.0, 0.0]}, "NS3": {"data": [0, 0, 0, 0.0, 0, 0.0, 0.0, 0, 0.0, 0.0, 0, 0.0, 0], "deviation": [0.0, 0.0, 0.0, 0.0, 0.0, 0.0, 0.0, 0.0, 0.0, 0.0, 0.0, 0.23537960143467365, 0.0]}, "NSP15": {"data": [0, 0, 0, 0.0, 0, 0.0, 0.0, 0, 0.0, 0.0, 0, 0.0, 0], "deviation": [0.0, 0.0, 0.0, 0.0, 0.0, 0.0, 0.0, 0.0, 0.0, 0.0, 0.0, 0.0, 0.0]}, "NSP16": {"data": [0, 0, 0, 0.0, 0, 0.0, 0.0, 0, 0.0, 0.0, 0, 0.0, 0], "deviation": [0.0, 0.0, 0.0, 0.0, 0.0, 0.0, 0.0, 0.0, 0.0, 0.0, 0.0, 0.0, 0.0]}, "NS9b": {"data": [0, 0, 0, 0.0, 0, 0.0, 0.0, 0, 0.0, 0.0, 0, 0.0, 0], "deviation": [0.0, 0.0, 0.0, 0.0, 0.0, 0.0, 0.0, 0.0, 0.0, 0.0, 0.0, 0.0, 0.0]}, "NS6": {"data": [0, 0, 0, 0.0, 0, 0.0, 0.0, 0, 0.0, 0.0, 0, 0.0, 0], "deviation": [0.0, 0.0, 0.0, 0.0, 0.0, 0.0, 0.0, 0.0, 0.0, 0.0, 0.0, 0.0, 0.0]}, "NS9c": {"data": [0, 0, 0, 0.0, 0, 0.0, 0.0, 0, 0.0, 0.0, 0, 0.0, 0], "deviation": [0.0, 0.0, 0.0, 0.0, 0.0, 0.0, 0.0, 0.0, 0.0, 0.0, 0.0, 0.0, 0.0]}, "NSP1": {"data": [0, 0, 0, 0.0, 0, 0.0, 0.0, 0, 0.0, 0.0, 0, 0.0, 0], "deviation": [0.0, 0.0, 0.0, 0.0, 0.0, 0.0, 0.0, 0.0, 0.0, 0.309426373877638, 0.0, 0.3234983196103153, 0.0]}, "NSP2": {"data": [0, 0, 0, 0.0, 0, 0.0, 0.0, 0, 0.0, 0.0, 0, 0.0, 0], "deviation": [0.0, 0.0, 0.0, 0.0, 0.0, 0.0, 0.0, 0.0, 0.0, 0.0, 0.0, 0.0, 0.0]}, "NS8": {"data": [0, 0, 0, 0.0, 0, 0.0, 0.0, 0, 0.0, 0.0, 0, 0.0, 0], "deviation": [0.0, 0.0, 0.0, 0.0, 0.0, 0.0, 0.0, 0.0, 0.0, 0.0, 0.20965696734438366, 0.43464846559684395, 0.2992695934475963]}, "NSP3": {"data": [0, 0, 0, 0.0, 0, 0.0, 0.0, 0, 0.0, 0.0, 0, 0.0, 0], "deviation": [0.0, 0.0, 0.0, 0.6123724356957945, 0.0, 0.0, 0.0, 0.0, 0.0, 0.0, 0.0, 0.0, 0.0]}}, "missense": {"NSP4": {"data": [0, 0, 0, 0.0, 2, 2.0, 2.0, 1, 0.0, 0.0, 0, 0.0, 0], "deviation": [0.0, 0.0, 0.2668802563418119, 0.5500329370901873, 0.7237468644557459, 0.3834824944236852, 0.560611910581388, 1.2026837021560133, 1.1445830438709634, 0.6152377603137299, 0.7756992985103195, 0.7801399432495119, 0.8579201221716017]}, "E": {"data": [0, 0, 0, 0.0, 0, 0.0, 0.0, 0, 0.0, 0.0, 0, 0.0, 0], "deviation": [0.0, 0.0, 0.0, 0.0, 0.0, 0.23570226039551584, 0.0, 0.27659127289275987, 0.0, 0.0, 0.10482848367219183, 0.15159886590034524, 0.13483997249264842]}, "NS7a": {"data": [0, 0, 0, 0.0, 0, 0.0, 0.0, 0, 0.0, 0.0, 0, 0.0, 0], "deviation": [0.0, 0.0, 0.0, 0.2041241452319315, 0.3518657752744984, 0.0, 0.2323106841457232, 0.27659127289275987, 0.2527157199267822, 0.17671602026643132, 0.20613306986226762, 0.4450672031519256, 0.8575275711914663]}, "NSP5": {"data": [0, 0, 0, 0.0, 1, 1.0, 1.0, 0, 0.0, 0.0, 0, 0.0, 0], "deviation": [0.0, 0.0, 0.0, 0.28232985128663995, 0.4140393356054125, 0.3834824944236852, 0.4747597554519816, 0.6942385851526506, 0.41447343290342165, 0.4007542648337378, 0.2679456508228335, 0.27504507776297615, 0.0]}, "NS7b": {"data": [0, 0, 0, 0.0, 0, 0.0, 0.0, 0, 0.0, 0.0, 0, 0.0, 0], "deviation": [0.0, 0.0, 0.0, 0.0, 0.3518657752744984, 0.3834824944236852, 0.2323106841457232, 0.12803687993289598, 0.11624763874381928, 0.1450786515834624, 0.0, 0.23537960143467365, 0.42876378559573314]}, "NSP6": {"data": [0, 0, 0, 0.0, 0, 0.0, 0.0, 0, 0.0, 0.0, 0, 0.0, 0], "deviation": [0.0, 0.0, 0.19245008972987526, 0.28232985128663995, 0.0, 0.23570226039551584, 0.0, 0.30027309973793775, 0.2748228199711542, 0.2805361406225205, 0.3277927812629611, 0.44751938260953295, 0.504524979109513]}, "NSP7": {"data": [0, 0, 0, 0.0, 1, 1.0, 1.0, 0, 0.0, 0.0, 0, 0.0, 0], "deviation": [0.0, 0.0, 0.0, 0.2041241452319315, 0.3518657752744984, 0.0, 0.280305955290694, 0.4886694324465674, 0.34420145122091544, 0.0, 0.0, 0.0, 0.0]}, "NSP8": {"data": [0, 0, 0, 0.0, 0, 0.0, 0.0, 0, 0.0, 0.0, 0, 0.0, 0], "deviation": [0.0, 0.0, 0.0, 0.0, 0.0, 0.23570226039551584, 0.0, 0.24958982745138697, 0.40635455963693423, 0.2958184904168056, 0.31448545101657543, 0.27504507776297615, 0.3363499860730087]}, "Spike": {"data": [2, 2, 2, 2.0, 3, 3.0, 3.0, 7, 11.5, 12.0, 12, 12.0, 12], "deviation": [0.4472135954999579, 0.39735970711951313, 0.4236592728681617, 0.4815434123430768, 0.7037315505489967, 0.4714045207910317, 2.4160508246519954, 3.9193369574192456, 3.0680303242217666, 1.500857682041608, 1.553836482519256, 1.7186910044594548, 1.909924461284123]}, "NSP9": {"data": [0, 0, 0, 0.0, 0, 0.0, 0.0, 0, 0.0, 0.0, 0, 0.0, 0], "deviation": [0.0, 0.0, 0.2668802563418119, 0.0, 0.0, 0.0, 0.0, 0.0, 0.0, 0.0, 0.10482848367219183, 0.15159886590034524, 0.0]}, "NSP10": {"data": [0, 0, 0, 0.0, 0, 0.0, 0.0, 0, 0.0, 0.0, 0, 0.0, 0], "deviation": [0.0, 0.0, 0.19245008972987526, 0.2041241452319315, 0.0, 0.0, 0.0, 0.1795562228341584, 0.0, 0.0, 0.0, 0.15159886590034524, 0.13483997249264842]}, "NSP11": {"data": [0, 0, 0, 0.0, 0, 0.0, 0.0, 0, 0.0, 0.0, 0, 0.0, 0], "deviation": [0.0, 0.0, 0.0, 0.0, 0.0, 0.0, 0.0, 0.0, 0.0, 0.0, 0.0, 0.0, 0.0]}, "NSP12": {"data": [2, 2, 2, 2.0, 1, 1.0, 1.0, 1, 1.0, 1.0, 1, 1.0, 1], "deviation": [0.0, 0.26995276239950855, 0.5871365639519861, 0.6902530516863499, 0.7037315505489968, 0.7669649888473704, 0.46717659215115676, 0.5153385008824813, 0.30209683111890534, 0.25037149246073664, 0.23335949617843807, 0.4730782277551181, 0.8989331499509894]}, "M": {"data": [0, 0, 0, 0.0, 0, 0.0, 0.0, 0, 0.0, 0.0, 0, 0.0, 0],