{"indel": {"NSP4": {"data": [0.0, 0.0, 0, 0, 0, 0, 0.0, 0.0, 0, 0, 0.0, 0.0, 0.0, 0, 0.0, 0, 0.0, 0, 0.0], "deviation": [0.0, 0.0, 0.0, 0.0, 0.0, 0.0, 0.0, 0.0, 0.0, 0.21821789023599236, 0.0, 0.0, 0.0, 0.0, 0.0, 0.0282729643226657, 0.13423121104280486, 0.0, 0.0]}, "E": {"data": [0.0, 0.0, 0, 0, 0, 0, 0.0, 0.0, 0, 0, 0.0, 0.0, 0.0, 0, 0.0, 0, 0.0, 0, 0.0], "deviation": [0.0, 0.0, 0.0, 0.0, 0.0, 0.0, 0.0, 0.0, 0.0, 0.0, 0.0, 0.0, 0.0, 0.0, 0.0, 0.0, 0.0, 0.0, 0.0]}, "NS7a": {"data": [0.0, 0.0, 0, 0, 0, 0, 0.0, 0.0, 0, 0, 0.0, 0.0, 0.0, 0, 0.0, 0, 0.0, 0, 0.0], "deviation": [0.0, 0.0, 0.23186944788008415, 0.0, 0.0, 0.0, 0.0, 0.0, 0.0, 0.0, 0.0, 0.08770580193070292, 0.0, 0.0, 0.0, 0.05647803276895928, 0.0, 0.0, 0.0]}, "NSP5": {"data": [0.0, 0.0, 0, 0, 0, 0, 0.0, 0.0, 0, 0, 0.0, 0.0, 0.0, 0, 0.0, 0, 0.0, 0, 0.0], "deviation": [0.0, 0.0, 0.0, 0.0, 0.0, 0.0, 0.0, 0.0, 0.0, 0.0, 0.0, 0.0, 0.0, 0.0, 0.0, 0.0, 0.0, 0.0, 0.0]}, "NS7b": {"data": [0.0, 0.0, 0, 0, 0, 0, 0.0, 0.0, 0, 0, 0.0, 0.0, 0.0, 0, 0.0, 0, 0.0, 0, 0.0], "deviation": [0.0, 0.0, 0.0, 0.0, 0.0, 0.0, 0.0, 0.0, 0.0, 0.0, 0.0, 0.0, 0.0, 0.0, 0.0, 0.0, 0.0, 0.0, 0.0]}, "NSP6": {"data": [0.0, 0.0, 0, 0, 0, 0, 0.0, 0.0, 0, 0, 0.0, 0.0, 0.0, 0, 3.0, 3, 0.0, 0, 0.0], "deviation": [0.0, 0.0, 0.0, 0.0, 0.0, 0.0, 0.0, 0.0, 0.0, 0.0, 0.09205746178983233, 0.9051630873323613, 1.079748602092005, 1.240739798787807, 0.5290591785970936, 1.1779606813924117, 1.5002683439126083, 1.0399985523271589, 1.0080322575483707]}, "NSP7": {"data": [0.0, 0.0, 0, 0, 0, 0, 0.0, 0.0, 0, 0, 0.0, 0.0, 0.0, 0, 0.0, 0, 0.0, 0, 0.0], "deviation": [0.0, 0.0, 0.0, 0.0, 0.0, 0.0, 0.0, 0.0, 0.0, 0.0, 0.0, 0.0, 0.0, 0.0, 0.0, 0.0, 0.0, 0.0, 0.0]}, "NSP8": {"data": [0.0, 0.0, 0, 0, 0, 0, 0.0, 0.0, 0, 0, 0.0, 0.0, 0.0, 0, 0.0, 0, 0.0, 0, 0.0], "deviation": [0.0, 0.0, 0.0, 0.0, 0.0, 0.0, 0.0, 0.0, 0.0, 0.0, 0.0, 0.0, 0.0, 0.0, 0.0, 0.0, 0.0, 0.0, 0.1767766952966369]}, "Spike": {"data": [0.0, 0.0, 0, 0, 0, 0, 0.0, 0.0, 0, 0, 0.0, 0.0, 0.0, 0, 3.0, 3, 2.0, 2, 2.0], "deviation": [1.2977713690461004, 0.0, 0.0, 0.0, 0.0, 0.0, 0.0, 0.0, 0.0, 0.21821789023599236, 0.276172385369497, 0.9152846414942607, 1.0570965696328285, 1.240739798787807, 0.5454595350873158, 1.8324932891217527, 1.0233206702906072, 1.1322070161932134, 8.815252086857114]}, "NSP9": {"data": [0.0, 0.0, 0, 0, 0, 0, 0.0, 0.0, 0, 0, 0.0, 0.0, 0.0, 0, 0.0, 0, 0.0, 0, 0.0], "deviation": [0.0, 0.0, 0.0, 0.0, 0.0, 0.0, 0.0, 0.0, 0.0, 0.0, 0.0, 0.0, 0.0, 0.0, 0.0, 0.0282729643226657, 0.0, 0.0, 0.0]}, "NSP10": {"data": [0.0, 0.0, 0, 0, 0, 0, 0.0, 0.0, 0, 0, 0.0, 0.0, 0.0, 0, 0.0, 0, 0.0, 0, 0.0], "deviation": [0.0, 0.0, 0.0, 0.0, 0.0, 0.0, 0.0, 0.0, 0.0, 0.0, 0.0, 0.0, 0.0, 0.0, 0.0, 0.0282729643226657, 0.0, 0.22808577638091165, 0.0]}, "NSP11": {"data": [0.0, 0.0, 0, 0, 0, 0, 0.0, 0.0, 0, 0, 0.0, 0.0, 0.0, 0, 0.0, 0, 0.0, 0, 0.0], "deviation": [0.0, 0.0, 0.0, 0.0, 0.0, 0.0, 0.0, 0.0, 0.0, 0.0, 0.0, 0.0, 0.0, 0.0, 0.0, 0.0, 0.0, 0.0, 0.0]}, "NSP12": {"data": [0.0, 0.0, 0, 0, 0, 0, 0.0, 0.0, 0, 0, 0.0, 0.0, 0.0, 0, 0.0, 0, 0.0, 0, 0.0], "deviation": [0.0, 0.0, 0.0, 0.0, 0.0, 0.0, 0.0, 0.0, 0.0, 0.0, 0.0, 0.0, 0.0, 0.0, 0.0, 0.0, 0.0, 0.0, 0.0]}, "M": {"data": [0.0, 0.0, 0, 0, 0, 0, 0.0, 0.0, 0, 0, 0.0, 0.0, 0.0, 0, 0.0, 0, 0.0, 0, 0.0], "deviation": [0.0, 0.0, 0.0, 0.0, 0.0, 0.0, 0.0, 0.0, 0.0, 0.0, 0.0, 0.0, 0.0, 0.0, 0.0, 0.0, 0.0, 0.0, 0.0]}, "NSP13": {"data": [0.0, 0.0, 0, 0, 0, 0, 0.0, 0.0, 0, 0, 0.0, 0.0, 0.0, 0, 0.0, 0, 0.0, 0, 0.0], "deviation": [0.0, 0.0, 0.19653562371853564, 0.0, 0.0, 0.0, 0.0, 0.0, 0.0, 0.0, 0.0, 0.0, 0.0, 0.0, 0.0, 0.0, 0.0, 0.0, 0.0]}, "N": {"data": [0.0, 0.0, 0, 0, 0, 0, 0.0, 0.0, 0, 0, 0.0, 0.0, 0.0, 0, 0.0, 0, 0.0, 0, 0.0], "deviation": [0.0, 0.0, 0.0, 0.0, 0.0, 0.0, 0.0, 0.0, 0.0, 0.0, 0.0, 0.0, 0.0, 0.0, 0.0, 0.05647803276895928, 0.0, 0.0, 0.0]}, "NSP14": {"data": [0.0, 0.0, 0, 0, 0, 0, 0.0, 0.0, 0, 0, 0.0, 0.0, 0.0, 0, 0.0, 0, 0.0, 0, 0.0], "deviation": [0.0, 0.0, 0.0, 0.0, 0.0, 0.0, 0.0, 0.0, 0.0, 0.0, 0.09205746178983233, 0.0, 0.0, 0.0, 0.0, 0.0, 0.0, 0.0, 0.0]}, "NS3": {"data": [0.0, 0.0, 0, 0, 0, 0, 0.0, 0.0, 0, 0, 0.0, 0.0, 0.0, 0, 0.0, 0, 0.0, 0, 0.0], "deviation": [0.0, 0.0, 0.0, 0.0, 0.0, 0.0, 0.0, 0.0, 0.0, 0.0, 1.3328171534524746, 0.0, 0.0, 0.0, 0.0, 0.29490531477790055, 0.2684624220856097, 0.0, 0.7071067811865476]}, "NSP15": {"data": [0.0, 0.0, 0, 0, 0, 0, 0.0, 0.0, 0, 0, 0.0, 0.0, 0.0, 0, 0.0, 0, 0.0, 0, 0.0], "deviation": [0.0, 0.0, 0.0, 0.0, 0.0, 0.0, 0.0, 0.0, 0.0, 0.0, 0.0, 0.0, 0.0, 0.0, 0.0, 0.0, 0.0, 0.0, 1.4142135623730951]}, "NSP16": {"data": [0.0, 0.0, 0, 0, 0, 0, 0.0, 0.0, 0, 0, 0.0, 0.0, 0.0, 0, 0.0, 0, 0.0, 0, 0.0], "deviation": [0.0, 0.0, 0.0, 0.0, 0.0, 0.0, 0.0, 0.0, 0.0, 0.0, 0.0, 0.0, 0.0, 0.0, 0.0, 0.0, 0.0, 0.0, 0.0]}, "NS9b": {"data": [0.0, 0.0, 0, 0, 0, 0, 0.0, 0.0, 0, 0, 0.0, 0.0, 0.0, 0, 0.0, 0, 0.0, 0, 0.0], "deviation": [0.0, 0.0, 0.0, 0.0, 0.0, 0.0, 0.0, 0.0, 0.0, 0.0, 0.0, 0.0, 0.0, 0.0, 0.0, 0.0, 0.0, 0.0, 0.0]}, "NS6": {"data": [0.0, 0.0, 0, 0, 0, 0, 0.0, 0.0, 0, 0, 0.0, 0.0, 0.0, 0, 0.0, 0, 0.0, 0, 0.0], "deviation": [0.0, 0.0, 0.0, 0.0, 0.0, 0.0, 0.0, 0.0, 0.0, 0.0, 0.0, 0.0, 0.0, 0.0, 0.0, 0.0282729643226657, 0.0, 0.0, 0.0]}, "NS9c": {"data": [0.0, 0.0, 0, 0, 0, 0, 0.0, 0.0, 0, 0, 0.0, 0.0, 0.0, 0, 0.0, 0, 0.0, 0, 0.0], "deviation": [0.0, 0.0, 0.0, 0.0, 0.0, 0.0, 0.0, 0.0, 0.0, 0.0, 0.0, 0.0, 0.0, 0.0, 0.0, 0.0, 0.0, 0.0, 0.0]}, "NSP1": {"data": [0.0, 0.0, 0, 0, 0, 0, 0.0, 0.0, 0, 0, 0.0, 0.0, 0.0, 0, 0.0, 0, 0.0, 0, 0.0], "deviation": [0.0, 0.0, 0.0, 0.0, 0.0, 0.0, 0.0, 0.0, 0.0, 0.0, 0.18411492357966466, 0.0, 0.0, 0.0, 0.0, 0.11990403836929842, 0.21194987804927784, 0.22808577638091165, 0.0]}, "NSP2": {"data": [0.0, 0.0, 0, 0, 0, 0, 0.0, 0.0, 0, 0, 0.0, 0.0, 0.0, 0, 0.0, 0, 0.0, 0, 0.0], "deviation": [0.0, 0.0, 0.0, 0.0, 0.0, 0.0, 0.0, 0.0, 0.0, 0.0, 0.0, 0.0, 0.0, 0.0, 0.0, 0.07462348871465098, 0.0, 0.0, 1.4142135623730951]}, "NS8": {"data": [0.0, 0.0, 0, 0, 0, 0, 0.0, 0.0, 0, 0, 0.0, 0.0, 0.0, 0, 0.0, 0, 0.0, 0, 0.0], "deviation": [0.0, 0.0, 0.0, 0.0, 0.0, 0.0, 0.0, 0.0, 0.22941573387056177, 0.0, 0.0, 0.0, 0.0, 0.0, 0.0, 0.0, 0.0, 0.5811022248034, 0.0]}, "NSP3": {"data": [0.0, 0.0, 0, 0, 0, 0, 0.0, 0.0, 0, 0, 0.0, 0.0, 0.0, 0, 0.0, 0, 0.0, 0, 0.0], "deviation": [0.0, 0.0, 0.0, 0.0, 0.0, 0.0, 0.0, 0.0, 0.0, 0.0, 0.0, 0.0, 0.0, 0.0, 0.0, 0.38302093411616944, 0.2684624220856097, 0.38014296063485276, 10.429825022501577]}}, "missense": {"NSP4": {"data": [0.0, 0.0, 0, 0, 0, 0, 0.5, 0.5, 0, 0, 0.0, 0.0, 0.0, 0, 0.0, 0, 0.0, 1, 1.0], "deviation": [0.41401479485112463, 0.31622776601683794, 0.15213838518335693, 0.0, 0.0, 0.447213595499958, 0.7071067811865476, 0.5773502691896257, 0.8411910241920598, 0.5976143046671968, 0.12963135419615376, 0.3575574729354675, 0.2530178709610778, 0.43012192288835077, 0.19635227746952638, 0.3412170815223381, 0.7862423293933886, 0.4701751367611764, 8.449028861927117]}, "E": {"data": [0.0, 0.0, 0, 0, 0, 0, 0.0, 0.0, 0, 0, 0.0, 0.0, 0.0, 0, 0.0, 0, 0.0, 0, 0.0], "deviation": [0.0, 0.0, 0.0, 0.0, 0.0, 0.0, 0.0, 0.0, 0.0, 0.0, 0.0, 0.0, 0.1916303307640744, 0.2666098608758891, 0.06324555320336758, 0.19628198772438588, 0.3775096744167759, 0.32068115432981725, 0.43994134506405985]}, "NS7a": {"data": [0.0, 0.0, 0, 0, 0, 0, 0.0, 0.0, 0, 0, 0.0, 0.0, 0.0, 0, 0.0, 0, 0.0, 3, 3.0], "deviation": [0.2732763127330939, 0.0, 0.0655118745728452, 0.0, 0.0, 0.0, 0.0, 0.0, 0.3153017676423058, 0.5773502691896258, 0.09205746178983233, 0.12355304447984486, 0.2249476254358344, 0.1580882214188629, 0.23589528682316127, 0.9069184302729022, 1.4671542802150859, 1.1644865976733156, 2.794002794004191]}, "NSP5": {"data": [0.0, 0.0, 0, 0, 0, 1, 0.5, 0.0, 0, 0, 0.0, 0.0, 0.0, 0, 0.0, 0, 0.0, 0, 0.0],