{"indel": {"NSP4": {"data": [0.0, 0.0, 0, 0], "deviation": [0.0, 0.0, 0.0, 0.0]}, "E": {"data": [0.0, 0.0, 0, 0], "deviation": [0.0, 0.0, 0.0, 0.0]}, "NS7a": {"data": [0.0, 0.0, 0, 0], "deviation": [0.0, 0.0, 0.0, 0.0]}, "NSP5": {"data": [0.0, 0.0, 0, 0], "deviation": [0.0, 0.0, 0.0, 0.0]}, "NS7b": {"data": [0.0, 0.0, 0, 0], "deviation": [0.0, 0.0, 0.0, 0.0]}, "NSP6": {"data": [0.0, 0.0, 0, 0], "deviation": [0.0, 0.0, 0.0, 0.0]}, "NSP7": {"data": [0.0, 0.0, 0, 0], "deviation": [0.0, 0.0, 0.0, 0.0]}, "NSP8": {"data": [0.0, 0.0, 0, 0], "deviation": [0.0, 0.0, 0.0, 0.0]}, "Spike": {"data": [0.0, 0.0, 0, 0], "deviation": [0.0, 0.0, 0.0, 0.0]}, "NSP9": {"data": [0.0, 0.0, 0, 0], "deviation": [0.0, 0.0, 0.0, 0.0]}, "NSP10": {"data": [0.0, 0.0, 0, 0], "deviation": [0.0, 0.0, 0.0, 0.0]}, "NSP11": {"data": [0.0, 0.0, 0, 0], "deviation": [0.0, 0.0, 0.0, 0.0]}, "NSP12": {"data": [0.0, 0.0, 0, 0], "deviation": [0.0, 0.0, 1.9414506867883021, 0.0]}, "M": {"data": [0.0, 0.0, 0, 0], "deviation": [0.0, 0.0, 0.0, 0.0]}, "NSP13": {"data": [0.0, 0.0, 0, 0], "deviation": [0.0, 0.0, 0.0, 0.0]}, "N": {"data": [0.0, 0.0, 0, 0], "deviation": [0.0, 0.0, 0.0, 0.0]}, "NSP14": {"data": [0.0, 0.0, 0, 0], "deviation": [0.0, 0.0, 0.0, 0.0]}, "NS3": {"data": [0.0, 0.0, 0, 0], "deviation": [0.0, 0.0, 0.0, 0.0]}, "NSP15": {"data": [0.0, 0.0, 0, 0], "deviation": [0.0, 0.0, 0.0, 0.0]}, "NSP16": {"data": [0.0, 0.0, 0, 0], "deviation": [0.0, 0.0, 0.0, 0.0]}, "NS9b": {"data": [0.0, 0.0, 0, 0], "deviation": [0.0, 0.0, 0.0, 0.0]}, "NS6": {"data": [0.0, 0.0, 0, 0], "deviation": [0.0, 0.0, 0.0, 0.0]}, "NS9c": {"data": [0.0, 0.0, 0, 0], "deviation": [0.0, 0.0, 0.0, 0.0]}, "NSP1": {"data": [0.0, 0.0, 0, 0], "deviation": [0.0, 0.0, 0.0, 0.0]}, "NSP2": {"data": [0.0, 0.0, 0, 0], "deviation": [0.0, 0.0, 0.0, 0.0]}, "NS8": {"data": [0.0, 0.0, 0, 0], "deviation": [0.0, 0.0, 0.0, 0.0]}, "NSP3": {"data": [0.0, 0.0, 0, 0], "deviation": [0.0, 0.0, 0.0, 0.0]}}, "missense": {"NSP4": {"data": [0.0, 0.0, 0, 0], "deviation": [0.0, 0.0, 0.0, 0.0]}, "E": {"data": [0.0, 0.0, 0, 0], "deviation": [0.0, 0.0, 0.0, 0.0]}, "NS7a": {"data": [0.0, 0.0, 0, 0], "deviation": [0.0, 0.0, 0.0, 0.0]}, "NSP5": {"data": [0.0, 0.0, 0, 0], "deviation": [0.0, 0.0, 0.0, 0.0]}, "NS7b": {"data": [0.0, 0.0, 0, 0], "deviation": [0.0, 0.0, 0.0, 0.0]}, "NSP6": {"data": [0.0, 0.5, 1, 1], "deviation": [0.0, 0.7071067811865476, 0.5063696835418333, 0.0]}, "NSP7": {"data": [0.0, 0.0, 0, 0], "deviation": [0.0, 0.0, 0.0, 0.0]}, "NSP8": {"data": [0.0, 0.0, 0, 0], "deviation": [0.0, 0.0, 0.0, 0.0]}, "Spike": {"data": [0.0, 0.0, 0, 0], "deviation": [0.0, 0.0, 0.2773500981126146, 0.0]}, "NSP9": {"data": [0.0, 0.0, 0, 0], "deviation": [0.0, 0.0, 0.0, 0.0]}, "NSP10": {"data": [0.0, 0.0, 0, 0], "deviation": [0.0, 0.0, 0.0, 0.0]}, "NSP11": {"data": [0.0, 0.0, 0, 0], "deviation": [0.0, 0.0, 0.0, 0.0]}, "NSP12": {"data": [0.5, 0.5, 1, 1], "deviation": [0.7071067811865476, 0.7071067811865476, 3.3949434495497894, 0.0]}, "M": {"data": [0.0, 0.0, 0, 0], "deviation": [0.0, 0.0, 0.0, 0.0]}, "NSP13": {"data": [0.0, 0.0, 0, 0], "deviation": [0.0, 0.0, 0.0, 0.0]}, "N": {"data": [0.5, 0.5, 1, 1], "deviation": [0.7071067811865476, 0.7071067811865476, 0.2773500981126146, 0.0]}, "NSP14": {"data": [0.0, 0.0, 0, 0], "deviation": [0.0, 0.0, 0.0, 0.0]}, "NS3": {"data": [0.5, 0.0, 0, 0], "deviation": [0.7071067811865476, 0.0, 0.0, 0.0]}, "NSP15": {"data": [0.0, 0.0, 0, 0], "deviation": [0.0, 0.0, 0.2773500981126146, 0.0]}, "NSP16": {"data": [0.0, 0.0, 0, 0], "deviation": [0.0, 0.0, 0.0, 0.0]}, "NS9b": {"data": [0.0, 0.0, 0, 0], "deviation": [0.0, 0.0, 0.0, 0.0]}, "NS6": {"data": [0.0, 0.0, 0, 0], "deviation": [0.0, 0.0, 0.0, 0.0]}, "NS9c": {"data": [0.0, 0.0, 0, 0], "deviation": [0.0, 0.0, 0.0, 0.0]}, "NSP1": {"data": [0.0, 0.0, 0, 0], "deviation": [0.0, 0.0, 0.2773500981126146, 0.0]}, "NSP2": {"data": [0.0, 0.0, 0, 0], "deviation": [0.0, 0.0, 3.593084525899218, 0.0]}, "NS8": {"data": [0.0, 0.0, 0, 0], "deviation": [0.0, 0.0, 0.0, 0.0]}, "NSP3": {"data": [0.5, 0.5, 1, 1], "deviation": [0.7071067811865476, 0.7071067811865476, 0.49354811679282456, 0.0]}}, "labels": ["w12/2020", "w14/2020", "w15/2020", "w16/2020"]}