{"indel": {"NSP4": {"data": [0.0, 0, 0, 0, 0.0, 0.0, 0.0, 0.0, 0, 0, 0, 0, 0.0, 0.0, 0], "deviation": [0.0, 0.0, 0.0, 0.0, 0.0, 0.0, 0.0, 0.0, 0.0, 0.0, 0.0, 0.0, 0.0, 1.845351135630159, 0.0]}, "E": {"data": [0.0, 0, 0, 0, 0.0, 0.0, 0.0, 0.0, 0, 0, 0, 0, 0.0, 0.0, 0], "deviation": [0.0, 0.0, 0.0, 0.0, 0.0, 0.0, 0.0, 0.0, 0.0, 0.0, 0.0, 0.0, 0.0, 0.0, 0.0]}, "NS7a": {"data": [0.0, 0, 0, 0, 0.0, 0.0, 0.0, 0.0, 0, 0, 0, 0, 0.0, 0.0, 0], "deviation": [0.0, 0.0, 0.0, 0.0, 0.0, 0.0, 0.0, 0.0, 0.0, 0.0, 0.0, 0.0, 0.0, 0.11785113019775793, 0.0]}, "NSP5": {"data": [0.0, 0, 0, 0, 0.0, 0.0, 0.0, 0.0, 0, 0, 0, 0, 0.0, 0.0, 0], "deviation": [0.0, 0.0, 0.0, 0.0, 0.0, 0.0, 0.0, 0.0, 0.0, 0.0, 0.0, 0.0, 0.0, 0.0, 0.0]}, "NS7b": {"data": [0.0, 0, 0, 0, 0.0, 0.0, 0.0, 0.0, 0, 0, 0, 0, 0.0, 0.0, 0], "deviation": [0.0, 0.0, 0.0, 0.0, 0.0, 0.0, 0.0, 0.0, 0.0, 0.0, 0.0, 0.0, 0.0, 0.0, 0.0]}, "NSP6": {"data": [0.0, 0, 0, 0, 0.0, 0.0, 0.0, 0.0, 0, 0, 3, 3, 3.0, 0.0, 0], "deviation": [0.0, 0.0, 0.0, 0.0, 0.0, 0.0, 0.0, 0.0, 1.126601424298216, 1.52127765851133, 1.3398191416862073, 0.7654139963827327, 0.915385729888094, 1.2559716512455186, 0.0]}, "NSP7": {"data": [0.0, 0, 0, 0, 0.0, 0.0, 0.0, 0.0, 0, 0, 0, 0, 0.0, 0.0, 0], "deviation": [0.0, 0.0, 0.0, 0.0, 0.0, 0.0, 0.0, 0.0, 0.0, 0.0, 0.0, 0.0, 0.0, 0.0, 0.0]}, "NSP8": {"data": [0.0, 0, 0, 0, 0.0, 0.0, 0.0, 0.0, 0, 0, 0, 0, 0.0, 0.0, 0], "deviation": [0.0, 0.0, 0.0, 0.0, 0.0, 0.0, 0.0, 0.0, 0.0, 0.0, 0.0, 0.0, 0.0, 0.0, 0.0]}, "Spike": {"data": [0.0, 0, 0, 0, 0.0, 0.0, 0.0, 0.0, 0, 0, 3, 3, 3.0, 2.0, 2], "deviation": [0.0, 0.0, 0.894427190999916, 0.894427190999916, 0.0, 0.0, 0.0, 0.0, 0.8548504142651104, 1.4375905768565216, 1.3199235206658966, 1.1078234188139946, 0.980265035707122, 0.7750763504215475, 0.0]}, "NSP9": {"data": [0.0, 0, 0, 0, 0.0, 0.0, 0.0, 0.0, 0, 0, 0, 0, 0.0, 0.0, 0], "deviation": [0.0, 0.0, 0.0, 0.0, 0.0, 0.0, 0.0, 0.0, 0.0, 0.0, 0.0, 0.0, 0.0, 0.0, 0.0]}, "NSP10": {"data": [0.0, 0, 0, 0, 0.0, 0.0, 0.0, 0.0, 0, 0, 0, 0, 0.0, 0.0, 0], "deviation": [0.0, 0.0, 0.0, 0.0, 0.0, 0.0, 0.0, 0.0, 0.0, 0.0, 0.0, 0.0, 0.0, 0.0, 0.0]}, "NSP11": {"data": [0.0, 0, 0, 0, 0.0, 0.0, 0.0, 0.0, 0, 0, 0, 0, 0.0, 0.0, 0], "deviation": [0.0, 0.0, 0.0, 0.0, 0.0, 0.0, 0.0, 0.0, 0.0, 0.0, 0.0, 0.0, 0.0, 0.0, 0.0]}, "NSP12": {"data": [0.0, 0, 0, 0, 0.0, 0.0, 0.0, 0.0, 0, 0, 0, 0, 0.0, 0.0, 0], "deviation": [0.0, 0.0, 0.0, 0.0, 0.0, 0.0, 0.0, 0.0, 0.0, 0.0, 0.0, 0.0, 0.0, 0.0, 0.0]}, "M": {"data": [0.0, 0, 0, 0, 0.0, 0.0, 0.0, 0.0, 0, 0, 0, 0, 0.0, 0.0, 0], "deviation": [0.0, 0.0, 0.0, 0.0, 0.0, 0.0, 0.0, 0.0, 0.0, 0.0, 0.0, 0.0, 0.0, 0.0, 0.0]}, "NSP13": {"data": [0.0, 0, 0, 0, 0.0, 0.0, 0.0, 0.0, 0, 0, 0, 0, 0.0, 0.0, 0], "deviation": [0.0, 0.0, 0.0, 0.0, 0.0, 0.0, 0.0, 0.0, 0.0, 0.0, 0.0, 0.0, 0.0, 0.0, 0.0]}, "N": {"data": [0.0, 0, 0, 0, 0.0, 0.0, 0.0, 0.0, 0, 0, 0, 0, 0.0, 0.0, 0], "deviation": [0.0, 0.0, 0.0, 0.0, 0.0, 0.0, 0.0, 0.0, 0.0, 0.2581988897471611, 0.30818768180842854, 0.3665288997383895, 0.44977644510880366, 0.362297917338298, 0.0]}, "NSP14": {"data": [0.0, 0, 0, 0, 0.0, 0.0, 0.0, 0.0, 0, 0, 0, 0, 0.0, 0.0, 0], "deviation": [0.0, 0.0, 0.0, 0.0, 0.0, 0.0, 0.0, 0.0, 0.0, 0.0, 0.0, 0.0, 0.0, 0.0, 0.0]}, "NS3": {"data": [0.0, 0, 0, 0, 0.0, 0.0, 0.0, 0.0, 0, 0, 0, 0, 0.0, 0.0, 0], "deviation": [0.0, 0.0, 0.0, 0.0, 0.0, 0.0, 0.0, 0.0, 0.0, 0.0, 0.12216944435630521, 0.2084090771399927, 0.0, 0.16548879560577057, 0.0]}, "NSP15": {"data": [0.0, 0, 0, 0, 0.0, 0.0, 0.0, 0.0, 0, 0, 0, 0, 0.0, 0.0, 0], "deviation": [0.0, 0.0, 0.0, 0.0, 0.0, 0.0, 0.0, 0.0, 0.0, 0.0, 0.0, 0.0, 0.0, 0.0, 0.0]}, "NSP16": {"data": [0.0, 0, 0, 0, 0.0, 0.0, 0.0, 0.0, 0, 0, 0, 0, 0.0, 0.0, 0], "deviation": [0.0, 0.0, 0.0, 0.0, 0.0, 0.0, 0.0, 0.0, 0.0, 0.0, 0.0, 0.0, 0.0, 0.0, 0.0]}, "NS9b": {"data": [0.0, 0, 0, 0, 0.0, 0.0, 0.0, 0.0, 0, 0, 0, 0, 0.0, 0.0, 0], "deviation": [0.0, 0.0, 0.0, 0.0, 0.0, 0.0, 0.0, 0.0, 0.0, 0.0, 0.0, 0.0, 0.0, 0.0, 0.0]}, "NS6": {"data": [0.0, 0, 0, 0, 0.0, 0.0, 0.0, 0.0, 0, 0, 0, 0, 0.0, 0.0, 0], "deviation": [0.0, 0.0, 0.0, 0.0, 0.0, 0.0, 0.0, 0.0, 0.0, 0.0, 0.0, 0.0, 0.0, 1.0606601717798212, 0.0]}, "NS9c": {"data": [0.0, 0, 0, 0, 0.0, 0.0, 0.0, 0.0, 0, 0, 0, 0, 0.0, 0.0, 0], "deviation": [0.0, 0.0, 0.0, 0.0, 0.0, 0.0, 0.0, 0.0, 0.0, 0.0, 0.0, 0.0, 0.0, 0.0, 0.0]}, "NSP1": {"data": [0.0, 0, 0, 0, 0.0, 0.0, 0.0, 0.0, 0, 0, 0, 0, 0.0, 0.0, 0], "deviation": [0.0, 0.0, 0.0, 0.0, 0.0, 0.0, 0.0, 0.0, 0.0, 0.0, 0.6251187132847479, 0.6252272314199782, 0.7611243951073873, 0.7691224192380871, 0.0]}, "NSP2": {"data": [0.0, 0, 0, 0, 0.0, 0.0, 0.0, 0.0, 0, 0, 0, 0, 0.0, 0.0, 0], "deviation": [0.5, 0.3333333333333333, 0.0, 0.0, 0.0, 0.0, 0.0, 0.0, 0.0, 0.0, 0.0, 0.0, 0.0, 0.11785113019775793, 0.0]}, "NS8": {"data": [0.0, 0, 0, 0, 0.0, 0.0, 0.0, 0.0, 0, 0, 0, 0, 0.0, 0.0, 0], "deviation": [0.0, 0.0, 0.0, 0.0, 0.0, 0.0, 0.0, 0.0, 0.2773500981126146, 0.0, 0.0, 0.0, 0.0, 0.23570226039551587, 0.0]}, "NSP3": {"data": [0.0, 0, 0, 0, 0.0, 0.0, 0.0, 0.0, 0, 0, 0, 0, 0.0, 0.0, 0], "deviation": [0.0, 0.0, 0.0, 0.0, 0.0, 0.0, 0.0, 0.0, 0.0, 0.0, 0.0, 0.0, 0.5477225575051661, 0.3535533905932738, 0.11867816581938534]}}, "missense": {"NSP4": {"data": [0.0, 0, 0, 0, 0.0, 0.0, 0.0, 0.0, 0, 1, 0, 0, 0.0, 2.0, 2], "deviation": [0.0, 0.0, 0.0, 0.0, 0.0, 0.0, 0.0, 0.0, 0.6504436355879909, 0.5936168397046636, 0.7653155065159694, 0.747386017119573, 0.9965457582448797, 14.898482766120662, 0.4626926701842742]}, "E": {"data": [0.0, 0, 0, 0, 0.0, 0.0, 0.0, 0.0, 0, 0, 0, 1, 1.0, 0.0, 0], "deviation": [0.0, 0.0, 0.0, 0.0, 0.0, 0.0, 0.0, 0.0, 0.0, 0.2581988897471611, 0.49098614066093726, 0.4903101471559001, 0.5074162634049248, 0.16548879560577057, 0.16663312875171465]}, "NS7a": {"data": [0.0, 0, 0, 0, 0.0, 0.0, 0.0, 0.0, 0, 0, 0, 0, 0.0, 2.0, 2], "deviation": [0.0, 0.0, 0.0, 0.0, 0.0, 0.0, 0.408248290463863, 0.0, 0.4385290096535146, 0.0, 0.17145979772029107, 0.2084090771399927, 0.7497125886079554, 1.5197577230520043, 0.7257827246361556]}, "NSP5": {"data": [0.0, 0, 0, 0, 0.0, 0.0, 0.5, 0.0, 0, 0, 0, 0, 0.0, 0.0, 0], "deviation": [0.0, 0.0, 0.447213595499958, 0.0, 0.0, 0.0, 0.983192080250175, 0.0, 0.2773500981126146, 0.2581988897471611, 0.6358788616788471, 0.5055250296034367, 0.5683207771559354, 0.37529331252040077, 0.23221442945580473]}, "NS7b": {"data": [0.0, 0, 0, 0, 0.0, 0.0, 0.0, 0.0, 0, 0, 0, 0, 0.0, 0.0, 1], "deviation": [0.0, 0.0, 0.0, 0.0, 0.0, 0.0, 0.0, 0.0, 0.2773500981126146, 0.0, 0.12216944435630521, 0.2877990320141519, 0.7738543627276671, 0.5035088149780135, 0.2576788511734176]}, "NSP6": {"data": [0.0, 0, 0, 0, 0.0, 0.5, 0.0, 0.0, 1, 1, 0, 0, 0.0, 1.0, 1], "deviation": [0.0, 0.5, 0.447213595499958, 0.0, 0.0, 0.7071067811865476, 0.408248290463863, 0.0, 1.0377490433255416, 0.5163977794943222, 0.5170105069674984, 1.416711229245645, 0.3790490217894517, 0.5240685902856073, 0.20653313442080448]}, "NSP7": {"data": [0.0, 0, 0, 0, 0.0, 0.0, 0.0, 0.0, 0, 0, 0, 0, 0.0, 0.0, 0], "deviation": [0.0, 0.3333333333333333, 0.0, 0.0, 0.0, 0.0, 0.0, 0.0, 0.0, 0.0, 0.12216944435630521, 0.14907119849998596, 0.0, 0.0, 0.0]}, "NSP8": {"data": [0.0, 0, 0, 0, 0.0, 0.0, 0.0, 0.0, 0, 0, 0, 0, 0.0, 0.0, 0], "deviation": [0.0, 0.0, 0.0, 0.447213595499958, 0.0, 0.0, 0.0, 0.0, 0.2773500981126146, 0.0, 0.23872115183006284, 0.14907119849998596, 0.0, 0.2012286205947824, 0.16663312875171465]}, "Spike": {"data": [1.0, 0, 1, 0, 0.5, 2.0, 1.0, 2.0, 2, 7, 7, 6, 7.0, 8.0, 8], "deviation": [0.5, 0.44095855184409843, 0.8366600265340756, 0.8944271909999159, 0.7071067811865476, 1.4142135623730951, 0.8366600265340756, 2.8284271247461903, 2.006400016357911, 1.709915063331955, 1.979885280998845, 1.1642832797715321, 1.0806553992619585, 1.6892831678801679, 1.0234671022835764]}, "NSP9": {"data": [0.0, 0, 0, 0, 0.0, 0.0, 0.0, 0.0, 0, 0, 0, 0, 0.0, 0.0, 0], "deviation": [0.0, 0.0, 0.0, 0.0, 0.0, 0.0, 0.0, 0.0, 0.2773500981126146, 0.0, 0.0, 0.0, 0.18257418583505536, 0.2012286205947824, 0.20259880963617724]}, "NSP10": {"data": [0.0, 0, 0, 0, 0.0, 0.0, 0.0, 0.0, 0, 0, 0, 0, 0.0, 0.0, 0],