{"indel": {"NSP4": {"data": [0.0, 0, 0.0, 0.0, 0.0, 0, 0.0, 0, 0, 0, 0, 0, 0.0], "deviation": [0.0, 0.0, 0.0, 0.0, 0.0, 0.0, 0.0, 0.0, 0.0, 0.0, 0.0, 0.0, 0.0]}, "E": {"data": [0.0, 0, 0.0, 0.0, 0.0, 0, 0.0, 0, 0, 0, 0, 0, 0.0], "deviation": [0.0, 0.0, 0.0, 0.0, 0.0, 0.0, 0.0, 0.0, 0.0, 0.0, 0.0, 0.0, 0.0]}, "NS7a": {"data": [0.0, 0, 0.0, 0.0, 0.0, 0, 0.0, 0, 0, 0, 0, 0, 0.0], "deviation": [0.0, 0.0, 0.0, 0.0, 0.0, 0.0, 0.0, 0.0, 0.0, 0.0, 0.0, 0.0, 0.0]}, "NSP5": {"data": [0.0, 0, 0.0, 0.0, 0.0, 0, 0.0, 0, 0, 0, 0, 0, 0.0], "deviation": [0.0, 0.0, 0.0, 0.0, 0.0, 0.0, 0.0, 0.0, 0.0, 0.0, 0.0, 0.0, 0.0]}, "NS7b": {"data": [0.0, 0, 0.0, 0.0, 0.0, 0, 0.0, 0, 0, 0, 0, 0, 0.0], "deviation": [0.0, 0.0, 0.0, 0.0, 0.0, 0.0, 0.0, 0.0, 0.0, 0.0, 0.0, 0.0, 0.0]}, "NSP6": {"data": [0.0, 0, 0.0, 0.0, 0.0, 0, 0.0, 0, 0, 0, 0, 3, 3.0], "deviation": [0.0, 0.0, 0.0, 0.0, 0.0, 0.0, 0.0, 0.0, 0.0, 1.2135597524338357, 1.6035674514745464, 1.7320508075688772, 1.449137674618944]}, "NSP7": {"data": [0.0, 0, 0.0, 0.0, 0.0, 0, 0.0, 0, 0, 0, 0, 0, 0.0], "deviation": [0.0, 0.0, 0.0, 0.0, 0.0, 0.0, 0.0, 0.0, 0.0, 0.0, 0.0, 0.0, 0.0]}, "NSP8": {"data": [0.0, 0, 0.0, 0.0, 0.0, 0, 0.0, 0, 0, 0, 0, 0, 0.0], "deviation": [0.0, 0.0, 0.0, 0.0, 0.0, 0.0, 0.0, 0.0, 0.0, 0.0, 0.0, 0.0, 0.0]}, "Spike": {"data": [0.0, 0, 0.0, 0.0, 0.0, 0, 0.0, 0, 0, 0, 0, 0, 3.0], "deviation": [0.0, 0.0, 0.0, 0.0, 0.0, 0.0, 0.0, 0.0, 0.0, 1.2135597524338357, 1.6035674514745464, 1.7320508075688772, 1.5491933384829668]}, "NSP9": {"data": [0.0, 0, 0.0, 0.0, 0.0, 0, 0.0, 0, 0, 0, 0, 0, 0.0], "deviation": [0.0, 0.0, 0.0, 0.0, 0.0, 0.0, 0.0, 0.0, 0.0, 0.0, 0.0, 0.0, 0.0]}, "NSP10": {"data": [0.0, 0, 0.0, 0.0, 0.0, 0, 0.0, 0, 0, 0, 0, 0, 0.0], "deviation": [0.0, 0.0, 0.0, 0.0, 0.0, 0.0, 0.0, 0.0, 0.0, 0.0, 0.0, 0.0, 0.0]}, "NSP11": {"data": [0.0, 0, 0.0, 0.0, 0.0, 0, 0.0, 0, 0, 0, 0, 0, 0.0], "deviation": [0.0, 0.0, 0.0, 0.0, 0.0, 0.0, 0.0, 0.0, 0.0, 0.0, 0.0, 0.0, 0.0]}, "NSP12": {"data": [0.0, 0, 0.0, 0.0, 0.0, 0, 0.0, 0, 0, 0, 0, 0, 0.0], "deviation": [0.0, 0.0, 0.0, 0.0, 0.0, 0.0, 0.0, 0.0, 0.0, 0.0, 0.0, 0.0, 0.0]}, "M": {"data": [0.0, 0, 0.0, 0.0, 0.0, 0, 0.0, 0, 0, 0, 0, 0, 0.0], "deviation": [0.0, 0.0, 0.0, 0.0, 0.0, 0.0, 0.0, 0.0, 0.0, 0.0, 0.0, 0.0, 0.0]}, "NSP13": {"data": [0.0, 0, 0.0, 0.0, 0.0, 0, 0.0, 0, 0, 0, 0, 0, 0.0], "deviation": [0.0, 0.0, 0.0, 0.0, 0.0, 0.0, 0.0, 0.0, 0.0, 0.0, 0.0, 0.0, 0.0]}, "N": {"data": [0.0, 0, 0.0, 0.0, 0.0, 0, 0.0, 0, 0, 0, 0, 0, 0.0], "deviation": [0.0, 0.0, 0.0, 0.0, 0.0, 0.0, 0.0, 0.0, 0.0, 0.0, 0.0, 0.0, 0.0]}, "NSP14": {"data": [0.0, 0, 0.0, 0.0, 0.0, 0, 0.0, 0, 0, 0, 0, 0, 0.0], "deviation": [0.0, 0.0, 0.0, 0.0, 0.0, 0.0, 0.0, 0.0, 0.0, 0.0, 0.0, 0.0, 0.0]}, "NS3": {"data": [0.0, 0, 0.0, 0.0, 0.0, 0, 0.0, 0, 0, 0, 0, 0, 0.0], "deviation": [0.0, 0.0, 0.0, 0.0, 0.0, 0.0, 0.0, 0.0, 0.0, 0.504524979109513, 0.0, 0.0, 0.0]}, "NSP15": {"data": [0.0, 0, 0.0, 0.0, 0.0, 0, 0.0, 0, 0, 0, 0, 0, 0.0], "deviation": [0.0, 0.0, 0.0, 0.0, 0.0, 0.0, 0.0, 0.0, 0.0, 0.0, 0.0, 0.0, 0.0]}, "NSP16": {"data": [0.0, 0, 0.0, 0.0, 0.0, 0, 0.0, 0, 0, 0, 0, 0, 0.0], "deviation": [0.0, 0.0, 0.0, 0.0, 0.0, 0.0, 0.0, 0.0, 0.0, 0.0, 0.0, 0.0, 0.0]}, "NS9b": {"data": [0.0, 0, 0.0, 0.0, 0.0, 0, 0.0, 0, 0, 0, 0, 0, 0.0], "deviation": [0.0, 0.0, 0.0, 0.0, 0.0, 0.0, 0.0, 0.0, 0.0, 0.0, 0.0, 0.0, 0.0]}, "NS6": {"data": [0.0, 0, 0.0, 0.0, 0.0, 0, 0.0, 0, 0, 0, 0, 0, 0.0], "deviation": [0.0, 0.0, 0.0, 0.0, 0.0, 0.0, 0.0, 0.0, 0.0, 0.0, 0.0, 0.0, 0.0]}, "NS9c": {"data": [0.0, 0, 0.0, 0.0, 0.0, 0, 0.0, 0, 0, 0, 0, 0, 0.0], "deviation": [0.0, 0.0, 0.0, 0.0, 0.0, 0.0, 0.0, 0.0, 0.0, 0.0, 0.0, 0.0, 0.0]}, "NSP1": {"data": [0.0, 0, 0.0, 0.0, 0.0, 0, 0.0, 0, 0, 0, 0, 0, 0.0], "deviation": [0.0, 0.0, 0.0, 0.0, 0.0, 0.0, 0.0, 0.0, 0.0, 0.0, 0.0, 0.0, 0.0]}, "NSP2": {"data": [0.0, 0, 0.0, 0.0, 0.0, 0, 0.0, 0, 0, 0, 0, 0, 0.0], "deviation": [0.0, 0.0, 0.0, 0.0, 0.0, 0.0, 0.0, 0.0, 0.0, 0.0, 0.0, 0.0, 0.0]}, "NS8": {"data": [0.0, 0, 0.0, 0.0, 0.0, 0, 0.0, 0, 0, 0, 0, 0, 0.0], "deviation": [0.0, 0.0, 0.0, 0.0, 0.0, 0.0, 0.0, 0.0, 0.0, 0.0, 0.0, 0.0, 0.0]}, "NSP3": {"data": [0.0, 0, 0.0, 0.0, 0.0, 0, 0.0, 0, 0, 0, 0, 0, 0.0], "deviation": [0.0, 0.0, 0.0, 0.0, 0.0, 0.0, 0.0, 0.0, 0.0, 0.0, 0.0, 0.0, 0.0]}}, "missense": {"NSP4": {"data": [0.0, 0, 0.0, 0.0, 0.0, 0, 0.0, 1, 2, 1, 0, 0, 0.0], "deviation": [1.0954451150103321, 0.3333333333333333, 0.0, 0.0, 0.9459053029269173, 0.8090398349558904, 0.7539370349250519, 0.8366600265340756, 1.0145993123917847, 0.8944271909999159, 0.7867957924694432, 0.0, 0.6324555320336759]}, "E": {"data": [0.0, 0, 0.0, 0.0, 0.0, 0, 0.0, 0, 0, 0, 0, 0, 0.0], "deviation": [0.0, 0.0, 0.0, 0.0, 0.0, 0.0, 0.0, 0.0, 0.0, 0.0, 0.4879500364742666, 0.5773502691896258, 0.42163702135578396]}, "NS7a": {"data": [0.0, 0, 0.0, 0.0, 0.0, 0, 0.0, 0, 0, 0, 0, 0, 0.0], "deviation": [0.0, 0.3333333333333333, 0.0, 0.0, 0.30779350562554625, 0.46709936649691375, 0.3663475485325232, 0.0, 0.24253562503633297, 0.30151134457776363, 0.0, 0.0, 0.0]}, "NSP5": {"data": [0.0, 0, 0.0, 0.5, 0.0, 0, 0.0, 0, 0, 0, 0, 0, 0.0], "deviation": [0.0, 0.3333333333333333, 0.0, 0.7071067811865476, 0.0, 0.4045199174779452, 0.22360679774997896, 0.0, 0.3321055820775357, 0.46709936649691375, 0.37796447300922725, 1.1547005383792517, 0.5163977794943222]}, "NS7b": {"data": [0.0, 0, 0.0, 0.0, 0.0, 0, 0.0, 0, 0, 0, 0, 0, 0.0], "deviation": [0.0, 0.0, 0.0, 0.0, 0.0, 0.0, 0.0, 0.0, 0.3321055820775357, 0.0, 0.0, 0.0, 0.31622776601683794]}, "NSP6": {"data": [0.0, 0, 0.5, 0.5, 0.0, 0, 0.0, 0, 0, 1, 0, 0, 0.0], "deviation": [0.47871355387816905, 0.7071067811865476, 0.7071067811865476, 0.7071067811865476, 0.5026246899500346, 0.46709936649691375, 0.4893604849295929, 0.447213595499958, 0.5072996561958923, 0.504524979109513, 0.7867957924694432, 0.0, 0.31622776601683794]}, "NSP7": {"data": [0.0, 0, 0.0, 0.0, 0.0, 0, 0.0, 0, 0, 0, 0, 0, 0.0], "deviation": [0.25, 0.0, 0.0, 0.0, 0.3663475485325232, 0.0, 0.22360679774997896, 0.0, 0.0, 0.0, 0.0, 0.0, 0.0]}, "NSP8": {"data": [0.0, 0, 0.0, 0.0, 0.0, 0, 0.0, 0, 0, 0, 0, 0, 0.0], "deviation": [0.25, 0.0, 0.0, 0.0, 0.22360679774997896, 0.0, 0.0, 0.0, 0.24253562503633297, 0.0, 0.0, 0.0, 0.0]}, "Spike": {"data": [1.0, 0, 0.5, 1.5, 2.0, 1, 2.0, 2, 2, 8, 6, 2, 4.5], "deviation": [1.1086778913041726, 1.224744871391589, 0.7071067811865476, 2.1213203435596424, 0.5104177855340404, 0.9816498172140428, 0.9665456669582609, 0.8944271909999159, 1.1850788010532811, 2.572582713574399, 2.2677868380553634, 3.785938897200183, 2.263232692902394]}, "NSP9": {"data": [0.0, 0, 0.0, 0.0, 0.0, 0, 0.0, 0, 0, 0, 0, 0, 0.0], "deviation": [0.0, 0.0, 0.0, 0.0, 0.0, 0.30151134457776363, 0.0, 0.0, 0.0, 0.4045199174779452, 0.7559289460184545, 0.0, 0.0]}, "NSP10": {"data": [0.0, 0, 0.0, 0.0, 0.0, 0, 0.0, 0, 0, 0, 0, 0, 0.0], "deviation": [0.0, 0.3333333333333333, 0.0, 0.0, 0.0, 0.0, 0.22360679774997896, 0.0, 0.0, 0.0, 0.0, 0.0, 0.0]}, "NSP11": {"data": [0.0, 0, 0.0, 0.0, 0.0, 0, 0.0, 0, 0, 0, 0, 0, 0.0], "deviation": [0.0, 0.0, 0.0, 0.0, 0.0, 0.0, 0.0, 0.0, 0.0, 0.0, 0.0, 0.0, 0.0]}, "NSP12": {"data": [1.0, 0, 0.5, 0.5, 1.0, 1, 1.0, 1, 3, 0, 1, 1, 1.0], "deviation": [0.5773502691896257, 0.5270462766947299, 0.7071067811865476, 0.7071067811865476, 0.7451598203705946, 0.8090398349558905, 0.9233805168766387, 0.5477225575051661, 0.9195587176978519, 1.1037127426019047, 1.1338934190276817, 0.5773502691896257, 0.4714045207910317]}, "M": {"data": [0.0, 0, 0.0, 0.0, 0.0, 0, 0.0, 0, 0, 0, 0, 0, 0.0], "deviation": [0.0, 0.0, 0.0, 0.0, 0.0, 0.0, 0.0, 0.0, 0.3321055820775357, 0.0, 0.37796447300922725, 0.0, 0.31622776601683794]}, "NSP13": {"data": [0.0, 0, 0.0, 0.0, 0.0, 0, 0.0, 1, 2, 1, 2, 1, 0.0], "deviation": [0.3415650255319866, 0.3333333333333333, 0.0, 0.0, 0.8207826816681233, 0.8201995322647243, 1.1652874052533588, 1.0, 1.2307338795828047, 0.4472135954999579, 0.7867957924694432, 0.5773502691896257, 0.42163702135578396]}, "N": {"data": [1.0, 1, 1.5, 1.0, 2.0, 2, 2.0, 1, 2, 1, 2, 0, 1.0],