{"indel": {"NSP4": {"data": [0, 0, 0.0, 0.0, 0.0, 0, 0, 0, 0.0, 0, 0.0, 0.0, 0, 0, 0.0, 0.0, 0, 0.0], "deviation": [0.0, 0.0, 0.0, 0.0, 0.0, 0.0, 0.0, 0.0, 0.0, 0.0, 0.3344968040028363, 0.0, 0.0, 0.0, 0.0, 0.32826608214930636, 0.02454588308785682, 0.12009420762846083]}, "E": {"data": [0, 0, 0.0, 0.0, 0.0, 0, 0, 0, 0.0, 0, 0.0, 0.0, 0, 0, 0.0, 0.0, 0, 0.0], "deviation": [0.0, 0.0, 0.0, 0.0, 0.0, 0.0, 0.0, 0.0, 0.0, 0.0, 0.0, 0.0, 0.20641604625120277, 0.07692307692307693, 0.058570568052039536, 0.07888789429183296, 0.04424764318906097, 0.013491204697298462]}, "NS7a": {"data": [0, 0, 0.0, 0.0, 0.0, 0, 0, 0, 0.0, 0, 0.0, 0.0, 0, 0, 0.0, 0.0, 0, 0.0], "deviation": [0.0, 0.0, 0.0, 0.0, 0.0, 0.0, 0.0, 0.0, 0.0, 0.0, 0.10226872992703888, 0.09705229059493008, 0.44094760280612916, 0.0, 0.0, 0.05786501326695554, 0.06830992983361342, 0.044743482249546634]}, "NSP5": {"data": [0, 0, 0.0, 0.0, 0.0, 0, 0, 0, 0.0, 0, 0.0, 0.0, 0, 0, 0.0, 0.0, 0, 0.0], "deviation": [0.0, 0.0, 0.0, 0.0, 0.0, 0.0, 0.0, 0.0, 0.0, 0.0, 0.0, 0.0, 0.0, 0.0, 0.0, 0.0, 0.0, 0.0]}, "NS7b": {"data": [0, 0, 0.0, 0.0, 0.0, 0, 0, 0, 0.0, 0, 0.0, 0.0, 0, 0, 0.0, 0.0, 0, 0.0], "deviation": [0.0, 0.0, 0.0, 0.0, 0.0, 0.0, 0.0, 0.0, 0.0, 0.0, 0.0, 0.0, 0.04614816069439732, 0.0, 0.0, 0.0, 0.02454588308785682, 0.0]}, "NSP6": {"data": [0, 0, 0.0, 0.0, 0.0, 0, 0, 0, 0.0, 0, 3.0, 0.0, 0, 0, 0.0, 0.0, 0, 0.0], "deviation": [0.0, 0.0, 0.0, 0.0, 0.0, 0.0, 0.0, 0.0, 0.0, 1.1964261135014411, 1.3717085204670554, 1.4725884440936092, 1.499553425656638, 1.2677313820927747, 1.4326255089739472, 1.2494335580245617, 0.7750723343920508, 0.5745305318637354]}, "NSP7": {"data": [0, 0, 0.0, 0.0, 0.0, 0, 0, 0, 0.0, 0, 0.0, 0.0, 0, 0, 0.0, 0.0, 0, 0.0], "deviation": [0.0, 0.0, 0.0, 0.0, 0.0, 0.0, 0.0, 0.0, 0.0, 0.0, 0.0, 0.0, 0.0, 0.0, 0.0, 0.0, 0.0, 0.0]}, "NSP8": {"data": [0, 0, 0.0, 0.0, 0.0, 0, 0, 0, 0.0, 0, 0.0, 0.0, 0, 0, 0.0, 0.0, 0, 0.0], "deviation": [0.0, 0.25168901163693086, 0.0, 0.0, 0.0, 0.0, 0.0, 0.0, 0.0, 0.0, 0.0, 0.0, 0.0, 0.0, 0.0, 0.0, 0.0, 0.0]}, "Spike": {"data": [0, 0, 0.0, 0.0, 0.0, 0, 0, 0, 0.0, 0, 3.0, 0.0, 0, 0, 0.0, 2.0, 2, 2.0], "deviation": [1.520953395977856, 0.1458479422322764, 0.0, 0.0, 0.0, 0.0, 1.6716657570106697, 0.0, 7.615508370551206, 1.4281322118562996, 1.355483693738525, 1.116796785033719, 1.4847369318224681, 1.0899913530022205, 1.1602665437746418, 1.2229579260498518, 0.8824894092259888, 1.3849682817513267]}, "NSP9": {"data": [0, 0, 0.0, 0.0, 0.0, 0, 0, 0, 0.0, 0, 0.0, 0.0, 0, 0, 0.0, 0.0, 0, 0.0], "deviation": [0.0, 0.0, 0.0, 0.0, 0.0, 0.0, 0.0, 0.0, 0.0, 0.0, 0.0, 0.0, 0.0, 0.0, 0.0, 0.0, 0.0, 0.0]}, "NSP10": {"data": [0, 0, 0.0, 0.0, 0.0, 0, 0, 0, 0.0, 0, 0.0, 0.0, 0, 0, 0.0, 0.0, 0, 0.0], "deviation": [0.0, 0.0, 0.0, 0.0, 0.0, 0.0, 0.0, 0.0, 0.0, 0.0, 0.0, 0.0, 0.0, 0.0, 0.0, 0.0, 0.02454588308785682, 0.0]}, "NSP11": {"data": [0, 0, 0.0, 0.0, 0.0, 0, 0, 0, 0.0, 0, 0.0, 0.0, 0, 0, 0.0, 0.0, 0, 0.0], "deviation": [0.0, 0.0, 0.0, 0.0, 0.0, 0.0, 0.0, 0.0, 0.0, 0.0, 0.0, 0.0, 0.0, 0.0, 0.0, 0.0, 0.0, 0.0]}, "NSP12": {"data": [0, 0, 0.0, 0.0, 0.0, 0, 0, 0, 0.0, 0, 0.0, 0.0, 0, 0, 0.0, 0.0, 0, 0.0], "deviation": [0.0, 0.0, 0.0, 0.0, 0.0, 0.0, 0.0, 0.0, 0.0, 0.0, 0.0, 0.0, 0.18459264277758927, 0.0, 0.0, 0.10939685794634912, 0.08591059080749887, 0.06977715712666682]}, "M": {"data": [0, 0, 0.0, 0.0, 0.0, 0, 0, 0, 0.0, 0, 0.0, 0.0, 0, 0, 0.0, 0.0, 0, 0.0], "deviation": [0.0, 0.0, 0.0, 0.0, 0.0, 0.0, 0.0, 0.0, 0.0, 0.0, 0.0, 0.0, 0.20641604625120277, 0.0, 0.0, 0.04376881095324085, 0.0, 0.013491204697298462]}, "NSP13": {"data": [0, 0, 0.0, 0.0, 0.0, 0, 0, 0, 0.0, 0, 0.0, 0.0, 0, 0, 0.0, 0.0, 0, 0.0], "deviation": [0.0, 0.0, 0.0, 0.0, 0.0, 0.0, 0.0, 0.0, 0.0, 0.0, 0.0, 0.0, 0.3101790593195338, 0.0, 0.0, 0.0875376219064817, 0.0, 0.0]}, "N": {"data": [0, 0, 0.0, 0.0, 0.0, 0, 0, 0, 0.0, 0, 0.0, 0.0, 0, 0, 0.0, 0.0, 0, 0.0], "deviation": [0.0, 0.45816064152820385, 0.0, 0.0, 0.9258200997725514, 0.0, 0.0, 0.0, 0.0, 0.0, 0.0, 0.022881438097813775, 0.26744596777344093, 0.07692307692307693, 0.0, 0.07867817090674788, 0.03469481284372018, 0.024784225936356288]}, "NSP14": {"data": [0, 0, 0.0, 0.0, 0.0, 0, 0, 0, 0.0, 0, 0.0, 0.0, 0, 0, 0.0, 0.0, 0, 0.0], "deviation": [0.0, 0.10369516947304253, 0.0, 0.0, 0.0, 0.0, 0.0, 0.0, 0.0, 0.0, 0.0, 0.0, 0.9647358568316939, 0.0, 0.0, 0.10939685794634912, 0.0, 0.0]}, "NS3": {"data": [0, 0, 0.0, 0.0, 0.0, 0, 0, 0, 0.0, 0, 0.0, 0.0, 0, 0, 0.0, 0.0, 0, 0.0], "deviation": [0.0, 0.0, 0.0, 0.0, 0.0, 0.0, 0.0, 0.0, 0.7071067811865476, 0.0, 0.04181210050035454, 0.3462067096193202, 0.49816893439785137, 0.0, 0.0, 0.3083359624320764, 0.16780033909011918, 0.10049959851226033]}, "NSP15": {"data": [0, 0, 0.0, 0.0, 0.0, 0, 0, 0, 0.0, 0, 0.0, 0.0, 0, 0, 0.0, 0.0, 0, 0.0], "deviation": [0.0, 0.0, 0.0, 0.0, 0.0, 0.0, 0.0, 0.0, 0.0, 0.0, 0.0, 0.0, 0.5343252801860428, 0.0, 0.0, 0.0875376219064817, 0.0, 0.0]}, "NSP16": {"data": [0, 0, 0.0, 0.0, 0.0, 0, 0, 0, 0.0, 0, 0.0, 0.0, 0, 0, 0.0, 0.0, 0, 0.0], "deviation": [0.0, 0.0, 0.0, 0.0, 0.0, 0.0, 0.0, 0.0, 0.0, 0.0, 1.170738814009927, 0.0, 0.6074161967201338, 0.0, 0.0, 0.0, 0.0, 0.0]}, "NS9b": {"data": [0, 0, 0.0, 0.0, 0.0, 0, 0, 0, 0.0, 0, 0.0, 0.0, 0, 0, 0.0, 0.0, 0, 0.0], "deviation": [0.0, 0.0, 0.0, 0.0, 0.0, 0.0, 0.0, 0.0, 0.0, 0.0, 0.0, 0.0, 0.0, 0.0, 0.0, 0.0, 0.0, 0.0]}, "NS6": {"data": [0, 0, 0.0, 0.0, 0.0, 0, 0, 0, 0.0, 0, 0.0, 0.0, 0, 0, 0.0, 0.0, 0, 0.0], "deviation": [0.0, 0.0, 0.0, 0.0, 0.0, 0.0, 0.0, 0.0, 0.0, 0.0, 0.0, 0.0, 0.15304308051692012, 0.0, 0.0, 0.0, 0.0, 0.0]}, "NS9c": {"data": [0, 0, 0.0, 0.0, 0.0, 0, 0, 0, 0.0, 0, 0.0, 0.0, 0, 0, 0.0, 0.0, 0, 0.0], "deviation": [0.0, 0.0, 0.0, 0.0, 0.0, 0.0, 0.0, 0.0, 0.0, 0.0, 0.0, 0.0, 0.0, 0.0, 0.0, 0.0, 0.0, 0.0]}, "NSP1": {"data": [0, 0, 0.0, 0.0, 0.0, 0, 0, 0, 0.0, 0, 0.0, 0.0, 0, 0, 0.0, 0.0, 0, 0.0], "deviation": [0.3611575592573076, 0.3110855084191276, 0.3685770701003707, 0.0, 1.7677669529663689, 0.0, 0.0, 0.0, 0.7378040652569471, 0.0, 0.5515561391345188, 0.11883314215620992, 0.0, 0.0, 0.1757117041561186, 0.6528032179552283, 0.2650245132828969, 0.1795491707812013]}, "NSP2": {"data": [0, 0, 0.0, 0.0, 0.0, 0, 0, 0, 0.0, 0, 0.0, 0.0, 0, 0, 0.0, 0.0, 0, 0.0], "deviation": [0.0, 0.0, 0.0, 0.0, 0.0, 0.0, 0.0, 0.0, 2.1847621115057283, 0.0, 0.0, 0.0, 0.08256641850048113, 0.0, 0.0, 0.0, 0.0, 0.0]}, "NS8": {"data": [0, 0, 0.0, 0.0, 0.0, 0, 0, 0, 0.0, 0, 0.0, 0.0, 0, 0, 0.0, 0.0, 0, 0.0], "deviation": [0.0, 0.0, 0.0, 0.0, 0.0, 0.0, 0.41702882811414954, 0.0, 0.0, 0.21442250696755896, 0.08362420100070908, 0.1142344604588127, 0.14287709349924801, 0.0, 0.0, 0.06188361475508832, 0.04250831139440068, 0.013491204697298462]}, "NSP3": {"data": [0, 0, 0.0, 0.0, 0.0, 0, 0, 0, 0.0, 0, 0.0, 0.0, 0, 0, 0.0, 0.0, 0, 0.0], "deviation": [0.0, 1.6632737788452354, 0.0, 0.7362368960396777, 0.0, 0.0, 1.1524162620801215, 0.0, 0.1767766952966369, 0.4288450139351179, 0.38276655068669874, 0.4572690379950477, 0.24410682337040615, 0.0, 0.0, 0.0, 0.10554896556666575, 0.034057094320502364]}}, "missense": {"NSP4": {"data": [0, 0, 0.0, 0.0, 0.0, 0, 0, 0, 0.0, 0, 0.0, 0.0, 0, 0, 0.0, 1.0, 1, 1.0], "deviation": [0.44232586846469135, 0.2652545594323927, 0.3611977802783226, 0.33947755312304545, 0.0, 0.3929526239966879, 0.518434859512082, 0.0, 0.47092907485988494, 0.38965505413580775, 0.4529299669600408, 0.3415036614258173, 0.4880774738540496, 0.1855972060885114, 0.3903206323927457, 1.864868764108121, 0.7121359617982767, 1.101500485785886]}, "E": {"data": [0, 0, 0.0, 0.0, 0.0, 0, 0, 0, 0.0, 0, 0.0, 0.0, 0, 0, 0.0, 0.0, 0, 0.0], "deviation": [0.1203858530857692, 0.0, 0.0, 0.0, 0.0, 0.0, 0.0, 0.0, 0.1767766952966369, 0.0, 0.2430622852086131, 0.33035962712765876, 0.5544462391756287, 0.32397398571595515, 0.39589141545990175, 0.23729505312726482, 0.14958008806506273, 0.06023667903597246]}, "NS7a": {"data": [0, 0, 0.0, 0.0, 0.0, 0, 0, 0, 0.0, 0, 0.0, 0.0, 0, 0, 0.0, 2.0, 2, 2.0],