{"indel": {"NSP4": {"data": [0, 0.0, 0.0, 0, 0, 0.0, 0, 0.0, 0, 0, 0.0, 0.0, 0.0, 0, 0, 0, 0], "deviation": [0.0, 0.0, 0.0, 0.0, 0.0, 0.0, 0.0, 0.0, 0.0, 0.0, 0.0, 0.0, 0.0, 0.0, 0.0, 0.9922177805456862, 0.0]}, "E": {"data": [0, 0.0, 0.0, 0, 0, 0.0, 0, 0.0, 0, 0, 0.0, 0.0, 0.0, 0, 0, 0, 0], "deviation": [0.0, 0.0, 0.0, 0.0, 0.0, 0.0, 0.0, 0.0, 0.0, 0.0, 0.0, 0.0, 0.0, 0.0, 0.0, 0.0, 0.0]}, "NS7a": {"data": [0, 0.0, 0.0, 0, 0, 0.0, 0, 0.0, 0, 0, 0.0, 0.0, 0.0, 0, 0, 0, 0], "deviation": [0.0, 0.0, 0.0, 0.0, 0.0, 0.0, 0.0, 0.0, 0.0, 0.0, 0.0, 0.0, 0.6488856845230502, 1.031522859110255, 0.0, 0.7043607250604991, 0.0]}, "NSP5": {"data": [0, 0.0, 0.0, 0, 0, 0.0, 0, 0.0, 0, 0, 0.0, 0.0, 0.0, 0, 0, 0, 0], "deviation": [0.0, 0.0, 0.0, 0.0, 0.0, 0.0, 0.0, 0.0, 0.0, 0.0, 0.0, 0.0, 0.0, 0.0, 0.0, 0.0, 0.0]}, "NS7b": {"data": [0, 0.0, 0.0, 0, 0, 0.0, 0, 0.0, 0, 0, 0.0, 0.0, 0.0, 0, 0, 0, 0], "deviation": [0.0, 0.0, 0.0, 0.0, 0.0, 0.13130643285972254, 0.0, 0.0, 0.0, 0.0, 0.0, 0.0, 0.0, 0.0, 0.0, 0.0, 0.0]}, "NSP6": {"data": [0, 0.0, 0.0, 0, 0, 0.0, 0, 0.0, 0, 0, 0.0, 3.0, 3.0, 3, 0, 0, 0], "deviation": [0.0, 0.0, 0.0, 0.0, 0.0, 0.0, 0.0, 0.0, 0.0, 0.0, 0.0, 1.4770978917519928, 1.2925544525482382, 1.503690042476296, 1.5162980128805637, 0.37208166770463236, 0.0]}, "NSP7": {"data": [0, 0.0, 0.0, 0, 0, 0.0, 0, 0.0, 0, 0, 0.0, 0.0, 0.0, 0, 0, 0, 0], "deviation": [0.0, 0.0, 0.0, 0.0, 0.0, 0.0, 0.0, 0.0, 0.0, 0.0, 0.0, 0.0, 0.0, 0.0, 0.0, 0.0, 0.0]}, "NSP8": {"data": [0, 0.0, 0.0, 0, 0, 0.0, 0, 0.0, 0, 0, 0.0, 0.0, 0.0, 0, 0, 0, 0], "deviation": [0.0, 0.0, 0.0, 0.0, 0.0, 0.0, 0.0, 0.0, 0.0, 0.0, 0.0, 0.0, 0.0, 0.0, 0.0, 0.0, 0.0]}, "Spike": {"data": [0, 0.0, 0.0, 0, 0, 0.0, 0, 0.0, 0, 0, 0.0, 2.0, 3.0, 3, 2, 2, 2], "deviation": [0.0, 0.0, 0.0, 0.0, 0.0, 0.36811844801983884, 0.0, 0.4472135954999579, 1.148931806848641, 0.35160804809458274, 0.3535533905932738, 1.1934162828797101, 1.2925544525482382, 1.2387424101162798, 0.7647705208621943, 0.30618621784789724, 0.0]}, "NSP9": {"data": [0, 0.0, 0.0, 0, 0, 0.0, 0, 0.0, 0, 0, 0.0, 0.0, 0.0, 0, 0, 0, 0], "deviation": [0.0, 0.0, 0.0, 0.0, 0.0, 0.0, 0.0, 0.0, 0.0, 0.0, 0.0, 0.0, 0.0, 0.0, 0.0, 0.0, 0.0]}, "NSP10": {"data": [0, 0.0, 0.0, 0, 0, 0.0, 0, 0.0, 0, 0, 0.0, 0.0, 0.0, 0, 0, 0, 0], "deviation": [0.0, 0.0, 0.0, 0.0, 0.0, 0.0, 0.0, 0.0, 0.0, 0.0, 0.0, 0.0, 0.0, 0.0, 0.0, 0.0, 0.0]}, "NSP11": {"data": [0, 0.0, 0.0, 0, 0, 0.0, 0, 0.0, 0, 0, 0.0, 0.0, 0.0, 0, 0, 0, 0], "deviation": [0.0, 0.0, 0.0, 0.0, 0.0, 0.0, 0.0, 0.0, 0.0, 0.0, 0.0, 0.0, 0.0, 0.0, 0.0, 0.0, 0.0]}, "NSP12": {"data": [0, 0.0, 0.0, 0, 0, 0.0, 0, 0.0, 0, 0, 0.0, 0.0, 0.0, 0, 0, 0, 0], "deviation": [0.0, 0.0, 0.0, 0.0, 0.0, 0.0, 0.0, 0.0, 0.0, 0.0, 0.0, 0.0, 0.16222142113076254, 0.0, 0.0, 0.0, 0.0]}, "M": {"data": [0, 0.0, 0.0, 0, 0, 0.0, 0, 0.0, 0, 0, 0.0, 0.0, 0.0, 0, 0, 0, 0], "deviation": [0.0, 0.0, 0.0, 0.0, 0.0, 0.0, 0.0, 0.0, 0.0, 0.0, 0.0, 0.0, 0.0, 0.0, 0.0, 0.0, 0.0]}, "NSP13": {"data": [0, 0.0, 0.0, 0, 0, 0.0, 0, 0.0, 0, 0, 0.0, 0.0, 0.0, 0, 0, 0, 0], "deviation": [0.0, 0.0, 0.0, 0.0, 0.0, 0.0, 0.0, 0.0, 0.0, 0.0, 0.0, 0.0, 0.0, 0.0, 0.0, 0.0, 0.0]}, "N": {"data": [0, 0.0, 0.0, 0, 0, 0.0, 0, 0.0, 0, 0, 0.0, 0.0, 0.0, 0, 0, 0, 0], "deviation": [0.0, 0.0, 0.0, 0.0, 0.0, 0.0, 0.0, 0.0, 0.0, 0.0, 0.0, 0.45226701686664544, 0.0, 0.25788071477756375, 0.0, 0.0, 0.0]}, "NSP14": {"data": [0, 0.0, 0.0, 0, 0, 0.0, 0, 0.0, 0, 0, 0.0, 0.0, 0.0, 0, 0, 0, 0], "deviation": [0.0, 0.0, 0.0, 0.0, 0.0, 0.0, 0.0, 0.0, 0.0, 0.0, 0.0, 0.0, 0.0, 0.0, 0.0, 0.0, 0.0]}, "NS3": {"data": [0, 0.0, 0.0, 0, 0, 0.0, 0, 0.0, 0, 0, 0.0, 0.0, 0.0, 0, 0, 0, 0], "deviation": [0.0, 0.0, 0.0, 0.0, 0.0, 0.2234037956221125, 0.0, 0.0, 0.0, 0.0, 0.0, 0.0, 0.0, 0.0, 0.0, 0.0, 0.0]}, "NSP15": {"data": [0, 0.0, 0.0, 0, 0, 0.0, 0, 0.0, 0, 0, 0.0, 0.0, 0.0, 0, 0, 0, 0], "deviation": [0.0, 0.0, 0.0, 0.0, 0.0, 0.0, 0.0, 0.0, 0.0, 0.0, 0.0, 0.0, 0.0, 0.0, 0.0, 0.0, 0.0]}, "NSP16": {"data": [0, 0.0, 0.0, 0, 0, 0.0, 0, 0.0, 0, 0, 0.0, 0.0, 0.0, 0, 0, 0, 0], "deviation": [0.0, 0.0, 0.0, 0.0, 0.0, 0.0, 0.0, 0.0, 0.0, 0.0, 0.0, 0.0, 0.0, 0.0, 0.0, 0.0, 0.0]}, "NS9b": {"data": [0, 0.0, 0.0, 0, 0, 0.0, 0, 0.0, 0, 0, 0.0, 0.0, 0.0, 0, 0, 0, 0], "deviation": [0.0, 0.0, 0.0, 0.0, 0.0, 0.0, 0.0, 0.0, 0.0, 0.0, 0.0, 0.0, 0.0, 0.0, 0.0, 0.0, 0.0]}, "NS6": {"data": [0, 0.0, 0.0, 0, 0, 0.0, 0, 0.0, 0, 0, 0.0, 0.0, 0.0, 0, 0, 0, 0], "deviation": [0.0, 0.0, 0.0, 0.0, 0.0, 0.0, 0.0, 0.0, 0.0, 0.0, 0.0, 0.0, 0.0, 0.0, 0.0, 0.0, 1.6059101370939324]}, "NS9c": {"data": [0, 0.0, 0.0, 0, 0, 0.0, 0, 0.0, 0, 0, 0.0, 0.0, 0.0, 0, 0, 0, 0], "deviation": [0.0, 0.0, 0.0, 0.0, 0.0, 0.0, 0.0, 0.0, 0.0, 0.0, 0.0, 0.0, 0.0, 0.0, 0.0, 0.0, 0.0]}, "NSP1": {"data": [0, 0.0, 0.0, 0, 0, 0.0, 0, 0.0, 0, 0, 0.0, 0.0, 0.0, 0, 0, 0, 0], "deviation": [0.0, 0.0, 0.0, 0.0, 0.0, 0.0, 0.599744843705238, 0.6708203932499369, 0.0, 0.0, 0.0, 0.0, 0.8111071056538126, 0.0, 0.0, 0.5116141426971619, 0.6882472016116853]}, "NSP2": {"data": [0, 0.0, 0.0, 0, 0, 0.0, 0, 0.0, 0, 0, 0.0, 0.0, 0.0, 0, 0, 0, 0], "deviation": [0.0, 0.0, 0.0, 0.0, 0.0, 0.0, 0.0, 0.0, 0.0, 0.0, 0.0, 0.0, 0.0, 0.0, 0.0, 0.0, 0.22941573387056177]}, "NS8": {"data": [0, 0.0, 0.0, 0, 0, 0.0, 0, 0.0, 0, 0, 0.0, 0.0, 0.0, 0, 0, 0, 0], "deviation": [0.0, 0.0, 0.0, 0.0, 0.0, 0.0, 0.0, 0.0, 0.0, 0.0, 0.0, 0.0, 0.4525885718428285, 0.0, 0.0, 0.0, 0.0]}, "NSP3": {"data": [0, 0.0, 0.0, 0, 0, 0.0, 0, 0.0, 0, 0, 0.0, 0.0, 0.0, 0, 0, 0, 0], "deviation": [0.0, 0.0, 0.0, 0.0, 0.0, 0.0, 0.0, 0.0, 0.0, 0.0, 0.0, 0.0, 0.0, 0.0, 0.0, 0.0, 0.0]}}, "missense": {"NSP4": {"data": [0, 0.0, 0.0, 0, 0, 0.0, 0, 0.0, 0, 0, 0.0, 0.0, 0.0, 0, 0, 2, 2], "deviation": [0.5773502691896258, 0.3663475485325232, 0.408248290463863, 0.27688746209726917, 0.0, 0.18405922400991942, 0.0, 0.22360679774997896, 0.32435300622428814, 0.3085202917746742, 0.36890203262847354, 0.90033663737852, 0.6688560540599386, 0.603764871207686, 1.01418510567422, 8.086312185875702, 0.0]}, "E": {"data": [0, 0.0, 0.0, 0, 0, 0.0, 0, 0.0, 0, 0, 0.0, 0.0, 0.0, 0, 0, 0, 0], "deviation": [0.0, 0.0, 0.0, 0.2, 0.0, 0.0, 0.0, 0.0, 0.0, 0.10259783520851541, 0.0, 0.45226701686664544, 0.4308514841827461, 0.4354941703556927, 0.0, 0.12402722256821078, 0.0]}, "NS7a": {"data": [0, 0.0, 0.0, 0, 0, 0.0, 0, 0.0, 0, 0, 0.0, 0.0, 0.0, 0, 0, 2, 2], "deviation": [0.0, 0.22360679774997896, 0.0, 0.0, 0.0, 0.25560859370538297, 0.199914947901746, 0.0, 0.15249857033260467, 0.2626422720087394, 0.0, 0.0, 0.3425699874501045, 1.0527936095153947, 1.136114563994762, 0.48910117689524124, 0.3153017676423058]}, "NSP5": {"data": [0, 0.0, 0.0, 0, 0, 0.0, 0, 0.0, 0, 0, 0.0, 0.5, 0.0, 0, 0, 0, 0], "deviation": [0.5773502691896258, 0.4893604849295929, 0.0, 0.0, 0.0, 0.2831206276062635, 0.3535533905932738, 0.5871429486123998, 0.21308263231644636, 0.17580402404729137, 0.4918693768379647, 0.8660254037844386, 0.41315495011227443, 0.5109635445336238, 0.0, 0.2755807820619218, 0.0]}, "NS7b": {"data": [0, 0.0, 0.0, 0, 0, 0.0, 0, 0.0, 0, 0, 0.0, 0.0, 0.0, 0, 0, 1, 1], "deviation": [0.0, 0.0, 0.0, 0.0, 0.0, 0.0, 0.2766416675862441, 0.4442616583193193, 0.15249857033260467, 0.2244814854058873, 0.1767766952966369, 0.0, 0.0, 0.1856953381770519, 0.50709255283711, 0.27248675382071685, 0.0]}, "NSP6": {"data": [0, 0.0, 0.0, 0, 0, 1.5, 2, 1.0, 2, 3, 3.0, 0.0, 0.0, 0, 2, 2, 2], "deviation": [0.0, 0.41039134083406165, 0.408248290463863, 0.5228129047119374, 0.5163977794943222, 0.9010312032777205, 0.8660254037844386, 1.105012502906165, 1.1713637450663281, 0.6838400237274151, 0.5535807194106618, 1.1677484162422844, 1.228224267241172, 1.2515999612712472, 1.2502100663824594, 0.5130326689206497, 0.3746343246326776]}, "NSP7": {"data": [0, 0.0, 0.0, 0, 0, 0.0, 0, 0.0, 0, 0, 0.0, 0.0, 0.0, 0, 0, 0, 0], "deviation": [0.5773502691896258, 0.0, 0.0, 0.0, 0.0, 0.0, 0.0, 0.0, 0.15249857033260467, 0.0, 0.0, 0.0, 0.0, 0.0, 0.0, 0.08804509063256238, 0.0]}, "NSP8": {"data": [0, 0.0, 0.0, 0, 0, 0.0, 0, 0.0, 0, 0, 0.0, 0.0, 0.0, 0, 0, 0, 0],