{"indel": {"NSP4": {"data": [0.0, 0, 0.0, 0, 0, 0, 0, 0.0, 0, 0.0, 0.0, 0, 0, 0.0, 0], "deviation": [0.0, 0.0, 0.0, 0.0, 0.0, 0.06237828615518053, 0.0, 0.0, 0.0, 0.0, 0.0, 0.1203858530857692, 0.0, 0.0, 0.0]}, "E": {"data": [0.0, 0, 0.0, 0, 0, 0, 0, 0.0, 0, 0.0, 0.0, 0, 0, 0.0, 0], "deviation": [0.0, 0.0, 0.0, 0.0, 0.0, 0.0, 0.0, 0.0, 0.0, 0.0, 0.0, 0.0, 0.0, 0.0, 0.0]}, "NS7a": {"data": [0.0, 0, 0.0, 0, 0, 0, 0, 0.0, 0, 0.0, 0.0, 0, 0, 0.0, 0], "deviation": [0.0, 0.0, 0.0, 0.1203858530857692, 0.19361554067714482, 0.06237828615518053, 0.0, 0.0, 0.0, 0.0, 0.0, 0.0, 0.0, 0.0, 0.0]}, "NSP5": {"data": [0.0, 0, 0.0, 0, 0, 0, 0, 0.0, 0, 0.0, 0.0, 0, 0, 0.0, 0], "deviation": [0.0, 0.0, 0.0, 0.0, 0.04441151584665457, 0.0, 0.0, 0.0, 0.0, 0.0, 0.0, 0.0, 0.0, 0.0, 0.0]}, "NS7b": {"data": [0.0, 0, 0.0, 0, 0, 0, 0, 0.0, 0, 0.0, 0.0, 0, 0, 0.0, 0], "deviation": [0.0, 0.0, 0.0, 0.0, 0.0, 0.0, 0.0, 0.0, 0.0, 0.0, 0.0, 0.0, 0.0, 0.0, 0.0]}, "NSP6": {"data": [0.0, 0, 0.0, 0, 0, 0, 0, 0.0, 0, 0.0, 0.0, 0, 0, 0.0, 0], "deviation": [0.0, 0.0, 0.17149858514250885, 0.0, 0.0, 0.0, 0.0, 0.0, 0.0, 0.0, 0.5536843391944729, 1.439309297266203, 1.1338934190276817, 0.0, 0.0]}, "NSP7": {"data": [0.0, 0, 0.0, 0, 0, 0, 0, 0.0, 0, 0.0, 0.0, 0, 0, 0.0, 0], "deviation": [0.0, 0.0, 0.0, 0.0, 0.0, 0.0, 0.0, 0.0, 0.0, 0.0, 0.0, 0.0, 0.0, 0.0, 0.0]}, "NSP8": {"data": [0.0, 0, 0.0, 0, 0, 0, 0, 0.0, 0, 0.0, 0.0, 0, 0, 0.0, 0], "deviation": [0.0, 0.0, 0.0, 0.0, 0.0, 0.0, 0.0, 0.0, 0.0, 0.0, 0.0, 0.0, 0.0, 0.0, 0.0]}, "Spike": {"data": [0.0, 0, 0.0, 0, 0, 0, 0, 0.0, 0, 0.0, 0.0, 0, 2, 1.0, 2], "deviation": [0.0, 0.0, 0.0, 0.1203858530857692, 0.04441151584665457, 0.06237828615518053, 0.24253562503633297, 0.11952286093343938, 0.36363636363636365, 0.1552067323932396, 0.5536843391944729, 1.4446302370292303, 0.8997354108424374, 1.4142135623730951, 0.0]}, "NSP9": {"data": [0.0, 0, 0.0, 0, 0, 0, 0, 0.0, 0, 0.0, 0.0, 0, 0, 0.0, 0], "deviation": [0.0, 0.0, 0.0, 0.0, 0.0, 0.0, 0.0, 0.0, 0.0, 0.0, 0.0, 0.0, 0.0, 0.0, 0.0]}, "NSP10": {"data": [0.0, 0, 0.0, 0, 0, 0, 0, 0.0, 0, 0.0, 0.0, 0, 0, 0.0, 0], "deviation": [0.0, 0.0, 0.0, 0.0, 0.0, 0.0, 0.0, 0.11952286093343938, 0.0, 0.0, 0.0, 0.0, 0.0, 0.0, 0.0]}, "NSP11": {"data": [0.0, 0, 0.0, 0, 0, 0, 0, 0.0, 0, 0.0, 0.0, 0, 0, 0.0, 0], "deviation": [0.0, 0.0, 0.0, 0.0, 0.0, 0.0, 0.0, 0.0, 0.0, 0.0, 0.0, 0.0, 0.0, 0.0, 0.0]}, "NSP12": {"data": [0.0, 0, 0.0, 0, 0, 0, 0, 0.0, 0, 0.0, 0.0, 0, 0, 0.0, 0], "deviation": [0.0, 0.0, 0.0, 0.0, 0.0, 0.0, 0.0, 0.0, 0.0, 0.0, 0.0, 0.0, 0.0, 0.0, 0.0]}, "M": {"data": [0.0, 0, 0.0, 0, 0, 0, 0, 0.0, 0, 0.0, 0.0, 0, 0, 0.0, 0], "deviation": [0.0, 0.0, 0.0, 0.0, 0.0, 0.0, 0.0, 0.11952286093343938, 0.0, 0.0, 0.0, 0.0, 0.0, 0.0, 0.0]}, "NSP13": {"data": [0.0, 0, 0.0, 0, 0, 0, 0, 0.0, 0, 0.0, 0.0, 0, 0, 0.0, 0], "deviation": [0.0, 0.0, 0.0, 0.0, 0.0, 0.0, 0.0, 0.0, 0.0, 0.0, 0.0, 0.0, 0.0, 0.0, 0.0]}, "N": {"data": [0.0, 0, 0.0, 0, 0, 0, 0, 0.0, 0, 0.0, 0.0, 0, 0, 0.0, 0], "deviation": [0.0, 0.0, 0.0, 0.0, 0.0, 0.0, 0.0, 0.11952286093343938, 0.0, 0.1552067323932396, 0.10783277320343841, 0.0, 0.0, 0.0, 0.0]}, "NSP14": {"data": [0.0, 0, 0.0, 0, 0, 0, 0, 0.0, 0, 0.0, 0.0, 0, 0, 0.0, 0], "deviation": [0.0, 0.0, 0.0, 0.0, 0.0, 0.0, 0.0, 0.0, 0.0, 0.4417261042993862, 0.0, 0.0, 0.0, 0.0, 0.0]}, "NS3": {"data": [0.0, 0, 0.0, 0, 0, 0, 0, 0.0, 0, 0.0, 0.0, 0, 0, 0.0, 0], "deviation": [0.0, 0.0, 0.0, 0.0, 0.15709605590167372, 0.0, 0.0, 0.11952286093343938, 0.0, 0.5521576303742327, 0.6141291254804138, 0.0, 0.0, 0.0, 0.0]}, "NSP15": {"data": [0.0, 0, 0.0, 0, 0, 0, 0, 0.0, 0, 0.0, 0.0, 0, 0, 0.0, 0], "deviation": [0.0, 0.0, 0.0, 0.0, 0.0, 0.0, 0.0, 0.0, 0.0, 0.0, 0.0, 0.0, 0.0, 0.0, 0.0]}, "NSP16": {"data": [0.0, 0, 0.0, 0, 0, 0, 0, 0.0, 0, 0.0, 0.0, 0, 0, 0.0, 0], "deviation": [0.0, 0.0, 0.0, 0.0, 0.0, 0.0, 0.0, 0.0, 0.0, 0.0, 0.0, 0.0, 0.0, 0.0, 0.0]}, "NS9b": {"data": [0.0, 0, 0.0, 0, 0, 0, 0, 0.0, 0, 0.0, 0.0, 0, 0, 0.0, 0], "deviation": [0.0, 0.0, 0.0, 0.0, 0.0, 0.0, 0.0, 0.0, 0.0, 0.0, 0.0, 0.0, 0.0, 0.0, 0.0]}, "NS6": {"data": [0.0, 0, 0.0, 0, 0, 0, 0, 0.0, 0, 0.0, 0.0, 0, 0, 0.0, 0], "deviation": [0.0, 0.0, 0.0, 0.0, 0.03141921118033474, 0.0, 0.0, 0.0, 0.0, 0.0, 0.0, 0.0, 0.0, 0.0, 0.0]}, "NS9c": {"data": [0.0, 0, 0.0, 0, 0, 0, 0, 0.0, 0, 0.0, 0.0, 0, 0, 0.0, 0], "deviation": [0.0, 0.0, 0.0, 0.0, 0.0, 0.0, 0.0, 0.0, 0.0, 0.0, 0.0, 0.0, 0.0, 0.0, 0.0]}, "NSP1": {"data": [0.0, 0, 0.0, 0, 0, 0, 0, 0.0, 0, 0.0, 0.0, 0, 0, 0.0, 0], "deviation": [0.0, 0.0, 0.3429971702850177, 0.0, 0.23641897605851475, 0.0, 0.0, 0.0, 0.38408418498686564, 0.0, 0.539163866017192, 0.0, 0.0, 0.0, 0.0]}, "NSP2": {"data": [0.0, 0, 0.0, 0, 0, 0, 0, 0.0, 0, 0.0, 0.0, 0, 0, 0.0, 0], "deviation": [0.0, 0.0, 0.0, 0.0, 0.0, 0.0, 0.0, 0.0, 0.0, 0.0, 0.0, 0.0, 0.0, 0.0, 0.0]}, "NS8": {"data": [0.0, 0, 0.0, 0, 0, 0, 0, 0.0, 0, 0.0, 0.0, 0, 0, 0.0, 0], "deviation": [0.0, 0.0, 0.0, 0.0, 0.0, 0.0, 0.0, 0.0, 0.0, 0.0, 0.0, 0.0, 0.0, 0.0, 0.0]}, "NSP3": {"data": [0.0, 0, 0.0, 0, 0, 0, 0, 0.0, 0, 0.0, 0.0, 0, 0, 0.0, 0], "deviation": [0.0, 0.0, 0.0, 2.5665897177380406, 0.03141921118033474, 0.0, 0.0, 0.11952286093343938, 0.0, 2.651293764734418, 3.2364417812710258, 0.1203858530857692, 0.0, 0.0, 0.0]}}, "missense": {"NSP4": {"data": [0.0, 0, 0.0, 0, 0, 0, 0, 0.0, 0, 0.0, 0.0, 0, 1, 0.5, 1], "deviation": [0.0, 0.2, 0.38695299497594743, 0.3801332381841642, 0.22911028619715187, 0.2195735608813873, 0.3321055820775357, 0.36656313238063637, 0.3638257082800907, 0.4099044769416433, 0.5995894628325354, 0.5107539184552492, 0.816496580927726, 0.7071067811865476, 0.2182178902359924]}, "E": {"data": [0.0, 0, 0.0, 0, 0, 0, 0, 0.0, 0, 0.0, 0.0, 0, 0, 0.0, 0], "deviation": [0.0, 0.0, 0.0, 0.1203858530857692, 0.0627452132774296, 0.0, 0.0, 0.1678015193509294, 0.0, 0.11043152607484655, 0.1845614463981577, 0.28383562117279665, 0.37796447300922725, 0.0, 0.0]}, "NS7a": {"data": [0.0, 0, 0.0, 0, 0, 0, 0, 0.0, 0, 0.0, 0.0, 0, 2, 1.5, 3], "deviation": [0.0, 0.0, 0.17149858514250885, 0.0, 1.5804723988736415, 0.47900980063570553, 0.0, 0.2892125383512003, 0.15614149124834242, 0.1888968593886662, 0.15159886590034524, 0.46258106821592015, 1.3451854182690985, 2.1213203435596424, 0.4364357804719847]}, "NSP5": {"data": [0.0, 0, 0.0, 0, 0, 0, 0, 0.0, 0, 0.0, 0.0, 0, 0, 0.0, 0], "deviation": [0.0, 0.0, 0.17149858514250885, 0.0, 0.17232235131310503, 0.2195735608813873, 0.0, 0.36656313238063637, 0.26347957720344434, 0.2985461106541011, 0.46491103542702994, 0.5111710307489039, 0.7559289460184545, 0.0, 0.0]}, "NS7b": {"data": [0.0, 0, 0.0, 0, 0, 0, 0, 0.0, 1, 0.0, 0.0, 0, 0, 0.0, 0], "deviation": [0.0, 0.0, 0.0, 0.0, 0.09388433451574167, 0.10761949290401943, 0.24253562503633297, 0.11952286093343938, 0.5020618644176028, 0.37858991295610456, 0.30789875216841545, 0.0, 0.4879500364742666, 0.0, 0.21821789023599236]}, "NSP6": {"data": [0.0, 0, 0.0, 0, 0, 0, 0, 0.0, 0, 0.0, 0.0, 0, 1, 0.5, 1], "deviation": [0.0, 0.3741657386773941, 0.47485807993381707, 0.4841917003915368, 0.49044775551889574, 0.516124956592026, 0.4372373160976031, 0.3524536884251207, 0.3001377094403487, 0.45200213710579773, 0.5299510856812866, 0.5023389453618746, 0.4879500364742666, 0.7071067811865476, 0.4023739080814782]}, "NSP7": {"data": [0.0, 0, 0.0, 0, 0, 0, 0, 0.0, 0, 0.0, 0.0, 0, 0, 0.0, 0], "deviation": [0.0, 0.0, 0.0, 0.0, 0.08288062767585766, 0.16309193296794844, 0.0, 0.20399732064980203, 0.09090909090909091, 0.26201912119830506, 0.25624885305538925, 0.1203858530857692, 0.0, 0.0, 0.0]}, "NSP8": {"data": [0.0, 0, 0.0, 0, 0, 0, 0, 0.0, 0, 0.0, 0.0, 0, 0, 0.0, 0], "deviation": [0.0, 0.0, 0.17149858514250885, 0.16899482177531733, 0.19287857033215036, 0.20280439004757295, 0.24253562503633297, 0.44021451574860226, 0.3651483716701107, 0.0, 0.2118254966704237, 0.3316239203562217, 0.0, 0.0, 0.0]}, "Spike": {"data": [0.0, 1, 1.0, 1, 1, 1, 1, 1.0, 1, 1.0, 2.0, 3, 8, 4.0, 8],