{"indel": {"NSP4": {"data": [0, 0, 0.0, 0, 0, 0.0, 0, 0, 0, 0.0, 0.0, 0], "deviation": [0.0, 0.0, 0.0, 0.0, 0.0, 0.0, 0.0, 0.0, 0.0, 0.0, 0.0, 0.0]}, "E": {"data": [0, 0, 0.0, 0, 0, 0.0, 0, 0, 0, 0.0, 0.0, 0], "deviation": [0.0, 0.0, 0.0, 0.0, 0.0, 0.0, 0.0, 0.0, 0.0, 0.0, 0.0, 0.0]}, "NS7a": {"data": [0, 0, 0.0, 0, 0, 0.0, 0, 0, 0, 0.0, 0.0, 0], "deviation": [0.0, 0.0, 0.0, 0.0, 0.0, 0.0, 0.0, 0.0, 1.889822365046136, 0.0, 0.0, 0.0]}, "NSP5": {"data": [0, 0, 0.0, 0, 0, 0.0, 0, 0, 0, 0.0, 0.0, 0], "deviation": [0.0, 0.0, 0.0, 0.0, 0.0, 0.0, 0.0, 0.0, 0.0, 0.0, 0.0, 0.0]}, "NS7b": {"data": [0, 0, 0.0, 0, 0, 0.0, 0, 0, 0, 0.0, 0.0, 0], "deviation": [0.0, 0.0, 0.0, 0.0, 0.0, 0.0, 0.0, 0.0, 0.0, 0.0, 0.0, 0.0]}, "NSP6": {"data": [0, 0, 0.0, 0, 0, 0.0, 0, 3, 3, 3.0, 3.0, 0], "deviation": [0.0, 0.0, 0.0, 0.0, 0.3721042037676254, 0.9153857298880941, 0.9607689228305227, 0.0, 1.4638501094227998, 1.4064216928154862, 0.0, 1.7320508075688772]}, "NSP7": {"data": [0, 0, 0.0, 0, 0, 0.0, 0, 0, 0, 0.0, 0.0, 0], "deviation": [0.0, 0.0, 0.0, 0.0, 0.0, 0.0, 0.0, 0.0, 0.0, 0.0, 0.0, 0.0]}, "NSP8": {"data": [0, 0, 0.0, 0, 0, 0.0, 0, 0, 0, 0.0, 0.0, 0], "deviation": [0.0, 0.0, 0.0, 0.0, 0.0, 0.0, 0.0, 0.0, 0.0, 0.0, 0.0, 0.0]}, "Spike": {"data": [0, 0, 0.0, 0, 0, 0.0, 0, 3, 0, 1.0, 3.0, 2], "deviation": [0.0, 0.0, 0.0, 0.0, 0.0, 0.7466399831028446, 0.4236592728681617, 3.5118845842842465, 0.0, 2.006856379383569, 0.0, 1.0]}, "NSP9": {"data": [0, 0, 0.0, 0, 0, 0.0, 0, 0, 0, 0.0, 0.0, 0], "deviation": [0.0, 0.0, 0.0, 0.0, 0.0, 0.0, 0.0, 0.0, 0.0, 0.0, 0.0, 0.0]}, "NSP10": {"data": [0, 0, 0.0, 0, 0, 0.0, 0, 0, 0, 0.0, 0.0, 0], "deviation": [0.0, 0.0, 0.0, 0.0, 0.0, 0.0, 0.0, 0.0, 0.0, 0.0, 0.0, 0.0]}, "NSP11": {"data": [0, 0, 0.0, 0, 0, 0.0, 0, 0, 0, 0.0, 0.0, 0], "deviation": [0.0, 0.0, 0.0, 0.0, 0.0, 0.0, 0.0, 0.0, 0.0, 0.0, 0.0, 0.0]}, "NSP12": {"data": [0, 0, 0.0, 0, 0, 0.0, 0, 0, 0, 0.0, 0.0, 0], "deviation": [0.0, 0.0, 0.0, 0.0, 0.0, 0.0, 0.0, 0.0, 0.0, 0.0, 0.0, 0.0]}, "M": {"data": [0, 0, 0.0, 0, 0, 0.0, 0, 0, 0, 0.0, 0.0, 0], "deviation": [0.0, 0.0, 0.0, 0.0, 0.0, 0.0, 0.0, 0.0, 0.0, 0.0, 0.0, 0.0]}, "NSP13": {"data": [0, 0, 0.0, 0, 0, 0.0, 0, 0, 0, 0.0, 0.0, 0], "deviation": [0.0, 0.0, 0.0, 0.0, 0.0, 0.0, 0.0, 0.0, 0.0, 0.0, 0.0, 0.0]}, "N": {"data": [0, 0, 0.0, 0, 0, 0.0, 0, 0, 0, 0.0, 0.0, 0], "deviation": [0.0, 0.0, 0.0, 0.0, 0.0, 0.0, 0.0, 0.0, 0.0, 0.0, 0.0, 0.0]}, "NSP14": {"data": [0, 0, 0.0, 0, 0, 0.0, 0, 0, 0, 0.0, 0.0, 0], "deviation": [0.0, 0.0, 0.0, 0.0, 0.0, 0.0, 0.0, 0.0, 0.0, 0.0, 0.0, 0.0]}, "NS3": {"data": [0, 0, 0.0, 0, 0, 0.0, 0, 0, 0, 0.0, 0.0, 0], "deviation": [0.0, 0.0, 0.0, 0.0, 0.0, 0.0, 0.19245008972987526, 0.0, 0.0, 0.0, 0.0, 0.0]}, "NSP15": {"data": [0, 0, 0.0, 0, 0, 0.0, 0, 0, 0, 0.0, 0.0, 0], "deviation": [0.0, 0.0, 0.0, 0.0, 0.0, 0.0, 0.0, 0.0, 0.0, 0.2672612419124244, 0.0, 0.0]}, "NSP16": {"data": [0, 0, 0.0, 0, 0, 0.0, 0, 0, 0, 0.0, 0.0, 0], "deviation": [0.0, 0.0, 0.0, 0.0, 0.0, 0.0, 0.0, 0.0, 0.0, 0.0, 0.0, 0.0]}, "NS9b": {"data": [0, 0, 0.0, 0, 0, 0.0, 0, 0, 0, 0.0, 0.0, 0], "deviation": [0.0, 0.0, 0.0, 0.0, 0.0, 0.0, 0.0, 0.0, 0.0, 0.0, 0.0, 0.0]}, "NS6": {"data": [0, 0, 0.0, 0, 0, 0.0, 0, 0, 0, 0.0, 0.0, 0], "deviation": [0.0, 0.0, 0.0, 0.0, 0.0, 0.0, 0.0, 0.0, 0.0, 0.0, 0.0, 0.0]}, "NS9c": {"data": [0, 0, 0.0, 0, 0, 0.0, 0, 0, 0, 0.0, 0.0, 0], "deviation": [0.0, 0.0, 0.0, 0.0, 0.0, 0.0, 0.0, 0.0, 0.0, 0.0, 0.0, 0.0]}, "NSP1": {"data": [0, 0, 0.0, 0, 0, 0.0, 0, 0, 0, 0.0, 0.0, 0], "deviation": [0.0, 1.6431676725154984, 0.0, 0.0, 0.0, 0.0, 0.5773502691896257, 0.0, 1.1338934190276817, 1.336306209562122, 0.0, 0.0]}, "NSP2": {"data": [0, 0, 0.0, 0, 0, 0.0, 0, 0, 0, 0.0, 0.0, 0], "deviation": [0.0, 0.0, 0.0, 0.0, 0.0, 0.0, 0.0, 0.0, 0.0, 0.0, 0.0, 0.0]}, "NS8": {"data": [0, 0, 0.0, 0, 0, 0.0, 0, 0, 0, 0.0, 0.0, 0], "deviation": [0.0, 0.0, 0.0, 0.0, 0.0, 0.0, 0.0, 0.0, 0.0, 0.0, 0.0, 0.0]}, "NSP3": {"data": [0, 0, 0.0, 0, 0, 0.0, 0, 0, 0, 0.0, 0.0, 0], "deviation": [0.0, 0.0, 0.0, 0.0, 0.0, 0.0, 0.0, 0.0, 0.0, 0.0, 0.0, 0.0]}}, "missense": {"NSP4": {"data": [1, 0, 0.0, 0, 0, 0.0, 0, 0, 0, 0.0, 0.0, 1], "deviation": [0.5773502691896257, 0.0, 0.408248290463863, 0.0, 0.0, 0.461133037377414, 0.0, 1.1547005383792517, 0.0, 0.7595545253127499, 0.0, 1.5275252316519468]}, "E": {"data": [0, 0, 0.0, 0, 0, 0.0, 0, 0, 0, 0.0, 0.0, 0], "deviation": [0.5773502691896258, 0.0, 0.0, 0.0, 0.0, 0.0, 0.0, 0.0, 0.0, 0.0, 0.0, 0.0]}, "NS7a": {"data": [0, 0, 0.0, 0, 0, 0.0, 0, 0, 0, 0.0, 0.5, 1], "deviation": [0.0, 0.0, 0.0, 0.0, 0.0, 0.2537081317024624, 0.19245008972987526, 0.0, 0.0, 0.6504436355879909, 0.7071067811865476, 0.5773502691896257]}, "NSP5": {"data": [0, 0, 0.0, 0, 0, 0.0, 0, 0, 0, 0.0, 1.0, 0], "deviation": [0.0, 0.0, 0.0, 0.0, 0.0, 0.0, 0.0, 0.5773502691896258, 0.0, 0.5789342235218394, 1.4142135623730951, 0.0]}, "NS7b": {"data": [0, 0, 0.0, 0, 0, 0.0, 0, 0, 0, 0.0, 0.0, 0], "deviation": [0.0, 0.0, 0.0, 0.0, 0.0, 0.0, 0.3849001794597505, 0.0, 0.0, 0.3631365196012815, 0.0, 0.0]}, "NSP6": {"data": [0, 0, 0.0, 0, 0, 0.0, 0, 0, 0, 1.0, 0.0, 1], "deviation": [0.0, 0.0, 0.0, 0.0, 0.0, 0.6102571532587293, 0.19245008972987526, 0.0, 0.4879500364742666, 0.4972451580988469, 0.0, 0.5773502691896257]}, "NSP7": {"data": [0, 0, 0.0, 0, 0, 0.0, 0, 0, 0, 0.0, 0.0, 0], "deviation": [0.0, 0.0, 0.0, 0.0, 0.0, 0.0, 0.0, 0.0, 0.0, 0.0, 0.0, 0.5773502691896258]}, "NSP8": {"data": [0, 0, 0.0, 0, 0, 0.0, 0, 0, 0, 0.0, 0.0, 0], "deviation": [0.0, 0.0, 0.0, 0.0, 0.0, 0.0, 0.19245008972987526, 0.0, 0.0, 0.0, 0.0, 0.0]}, "Spike": {"data": [2, 1, 0.5, 0, 1, 2.0, 2, 8, 12, 9.5, 7.0, 9], "deviation": [0.5773502691896257, 0.5477225575051661, 0.816496580927726, 0.894427190999916, 1.7543900978358875, 3.6268475276065506, 2.8872447655476554, 3.214550253664318, 5.094347941825426, 3.3479532865306245, 0.0, 1.1547005383792515]}, "NSP9": {"data": [0, 0, 0.0, 0, 0, 0.0, 0, 0, 0, 0.0, 0.0, 0], "deviation": [0.0, 0.0, 0.0, 0.0, 0.0, 0.2537081317024624, 0.0, 0.0, 0.0, 0.4258153136263201, 0.0, 0.5773502691896258]}, "NSP10": {"data": [0, 0, 0.0, 0, 0, 0.0, 0, 0, 0, 0.0, 0.0, 0], "deviation": [0.0, 0.0, 0.0, 0.0, 0.12403473458920845, 0.30512857662936466, 0.0, 0.5773502691896258, 0.0, 0.0, 0.0, 0.0]}, "NSP11": {"data": [0, 0, 0.0, 0, 0, 0.0, 0, 0, 0, 0.0, 0.0, 0], "deviation": [0.0, 0.0, 0.0, 0.0, 0.0, 0.0, 0.0, 0.0, 0.0, 0.0, 0.0, 0.0]}, "NSP12": {"data": [1, 1, 0.5, 0, 0, 0.0, 0, 1, 1, 1.0, 2.0, 2], "deviation": [0.5773502691896257, 0.5477225575051661, 0.5477225575051661, 0.0, 0.12403473458920845, 0.5208304597621879, 0.5063696835418333, 0.5773502691896257, 0.3779644730092272, 0.5789342235218394, 0.0, 0.5773502691896257]}, "M": {"data": [0, 0, 0.0, 0, 0, 0.0, 0, 0, 0, 0.0, 0.5, 0], "deviation": [0.0, 0.0, 0.0, 0.0, 0.0, 0.0, 0.19245008972987526, 0.0, 0.37796447300922725, 0.4258153136263201, 0.7071067811865476, 0.5773502691896258]}, "NSP13": {"data": [0, 0, 0.0, 0, 0, 0.0, 0, 0, 1, 1.0, 0.5, 1], "deviation": [0.0, 0.0, 0.0, 0.0, 0.12403473458920845, 0.5832922809856748, 0.32025630761017426, 0.5773502691896258, 0.4879500364742666, 0.8770580193070292, 0.7071067811865476, 0.5773502691896257]}, "N": {"data": [2, 0, 0.0, 0, 0, 0.0, 0, 4, 3, 3.5, 2.5, 4], "deviation": [0.5773502691896257, 0.0, 0.816496580927726, 0.0, 0.3721042037676254, 1.4239333576037019, 0.9306432539361504, 1.0, 0.9511897312113419, 1.4769288003552106, 2.1213203435596424, 2.081665999466133]}, "NSP14": {"data": [0, 0, 0.0, 0, 0, 0.0, 0, 1, 0, 0.0, 0.0, 0], "deviation": [0.0, 0.0, 0.0, 0.0, 0.0, 0.3651483716701107, 0.0, 0.5773502691896257, 0.0, 0.2672612419124244, 0.0, 0.0]}, "NS3": {"data": [0, 1, 0.5, 0, 0, 0.0, 0, 0, 1, 1.0, 1.0, 1], "deviation": [0.5773502691896258, 0.5477225575051661, 0.5477225575051661, 0.0, 0.12403473458920845, 0.5959634332684376, 0.8770580193070292, 0.5773502691896258, 0.4879500364742666, 0.7300459115473718, 0.0, 1.0]}, "NSP15": {"data": [0, 0, 0.0, 0, 0, 0.0, 0, 0, 0, 0.0, 0.5, 1],