{"indel": {"NSP4": {"data": [0.0, 0.0, 0.0, 0.0, 0.0, 0, 0, 0.0, 0, 0, 0.0], "deviation": [0.0, 0.0, 0.0, 0.0, 0.0, 0.0, 0.0, 0.0, 0.0, 0.0, 0.0]}, "E": {"data": [0.0, 0.0, 0.0, 0.0, 0.0, 0, 0, 0.0, 0, 0, 0.0], "deviation": [0.0, 0.0, 0.0, 0.0, 0.0, 0.0, 0.0, 0.0, 0.0, 0.0, 0.0]}, "NS7a": {"data": [0.0, 0.0, 0.0, 0.0, 0.0, 0, 0, 0.0, 0, 0, 0.0], "deviation": [0.0, 3.7416573867739413, 0.0, 0.0, 0.5345224838248488, 0.0, 0.0, 0.23883257361061286, 0.0, 0.09759000729485333, 0.0]}, "NSP5": {"data": [0.0, 0.0, 0.0, 0.0, 0.0, 0, 0, 0.0, 0, 0, 0.0], "deviation": [0.0, 0.0, 0.0, 0.0, 0.0, 0.0, 0.0, 0.0, 0.0, 0.0, 0.0]}, "NS7b": {"data": [0.0, 0.0, 0.0, 0.0, 0.0, 0, 0, 0.0, 0, 0, 0.0], "deviation": [0.0, 0.0, 0.0, 0.0, 0.0, 0.0, 0.0, 0.0, 0.0, 0.0, 0.0]}, "NSP6": {"data": [0.0, 0.0, 0.0, 0.0, 1.5, 3, 3, 3.0, 3, 0, 0.0], "deviation": [0.0, 0.0, 0.0, 0.8660254037844386, 1.5566235649883124, 1.3117119482928095, 0.6703675950928769, 0.5144957554275266, 1.3887301496588271, 1.226762020501554, 0.7913231618864615]}, "NSP7": {"data": [0.0, 0.0, 0.0, 0.0, 0.0, 0, 0, 0.0, 0, 0, 0.0], "deviation": [0.0, 0.0, 0.0, 0.0, 0.0, 0.0, 0.0, 0.0, 0.0, 0.0, 0.0]}, "NSP8": {"data": [0.0, 0.0, 0.0, 0.0, 0.0, 0, 0, 0.0, 0, 0, 0.0], "deviation": [0.0, 0.0, 0.0, 0.0, 0.0, 0.0, 0.0, 0.0, 0.0, 0.0, 0.0]}, "Spike": {"data": [0.0, 0.0, 0.0, 0.0, 3.0, 3, 3, 3.0, 3, 2, 2.0], "deviation": [0.0, 0.0, 0.0, 1.4433756729740645, 1.625686668105863, 1.521898968587677, 1.0160652852881116, 0.23883257361061283, 0.9734572654303052, 0.7535022015665036, 0.6085464707747122]}, "NSP9": {"data": [0.0, 0.0, 0.0, 0.0, 0.0, 0, 0, 0.0, 0, 0, 0.0], "deviation": [0.0, 0.0, 0.0, 0.0, 0.0, 0.0, 0.0, 0.0, 0.0, 0.0, 0.0]}, "NSP10": {"data": [0.0, 0.0, 0.0, 0.0, 0.0, 0, 0, 0.0, 0, 0, 0.0], "deviation": [0.0, 0.0, 0.0, 0.0, 0.0, 0.0, 0.0, 0.0, 0.0, 0.0, 0.0]}, "NSP11": {"data": [0.0, 0.0, 0.0, 0.0, 0.0, 0, 0, 0.0, 0, 0, 0.0], "deviation": [0.0, 0.0, 0.0, 0.0, 0.0, 0.0, 0.0, 0.0, 0.0, 0.0, 0.0]}, "NSP12": {"data": [0.0, 0.0, 0.0, 0.0, 0.0, 0, 0, 0.0, 0, 0, 0.0], "deviation": [0.0, 0.0, 0.0, 0.0, 0.0, 0.0, 0.0, 0.0, 0.0, 0.0, 0.0]}, "M": {"data": [0.0, 0.0, 0.0, 0.0, 0.0, 0, 0, 0.0, 0, 0, 0.0], "deviation": [0.0, 0.0, 0.0, 0.0, 0.0, 0.0, 0.0, 0.0, 0.0, 0.0, 0.0]}, "NSP13": {"data": [0.0, 0.0, 0.0, 0.0, 0.0, 0, 0, 0.0, 0, 0, 0.0], "deviation": [0.0, 0.0, 0.0, 0.0, 0.0, 0.0, 0.0, 0.0, 0.0, 0.0, 0.0]}, "N": {"data": [0.0, 0.0, 0.0, 0.0, 0.0, 0, 0, 0.0, 0, 0, 0.0], "deviation": [0.0, 0.0, 0.0, 0.0, 0.0, 0.0, 0.0, 0.0, 0.0, 0.485692738155962, 0.0]}, "NSP14": {"data": [0.0, 0.0, 0.0, 0.0, 0.0, 0, 0, 0.0, 0, 0, 0.0], "deviation": [0.0, 0.0, 0.0, 0.0, 0.0, 0.0, 0.0, 0.0, 0.0, 0.0, 0.0]}, "NS3": {"data": [0.0, 0.0, 0.0, 0.0, 0.0, 0, 0, 0.0, 0, 0, 0.0], "deviation": [0.0, 0.0, 0.0, 0.0, 0.0, 0.0, 0.0, 0.0, 0.0, 0.0, 0.08638684255813601]}, "NSP15": {"data": [0.0, 0.0, 0.0, 0.0, 0.0, 0, 0, 0.0, 0, 0, 0.0], "deviation": [0.0, 0.0, 0.0, 0.0, 0.0, 0.0, 0.0, 0.0, 0.0, 0.0, 0.0]}, "NSP16": {"data": [0.0, 0.0, 0.0, 0.0, 0.0, 0, 0, 0.0, 0, 0, 0.0], "deviation": [0.0, 0.0, 0.0, 0.0, 0.0, 0.0, 0.0, 0.0, 0.0, 0.0, 0.0]}, "NS9b": {"data": [0.0, 0.0, 0.0, 0.0, 0.0, 0, 0, 0.0, 0, 0, 0.0], "deviation": [0.0, 0.0, 0.0, 0.0, 0.0, 0.0, 0.0, 0.0, 0.0, 0.0, 0.0]}, "NS6": {"data": [0.0, 0.0, 0.0, 0.0, 0.0, 0, 0, 0.0, 0, 0, 0.0], "deviation": [0.0, 0.0, 0.0, 0.0, 0.0, 0.0, 0.0, 0.0, 0.0, 0.0, 0.0]}, "NS9c": {"data": [0.0, 0.0, 0.0, 0.0, 0.0, 0, 0, 0.0, 0, 0, 0.0], "deviation": [0.0, 0.0, 0.0, 0.0, 0.0, 0.0, 0.0, 0.0, 0.0, 0.0, 0.0]}, "NSP1": {"data": [0.0, 0.0, 0.0, 0.0, 0.0, 0, 0, 0.0, 0, 0, 0.0], "deviation": [0.0, 0.2672612419124244, 0.0, 0.0, 0.0, 0.0, 0.0, 0.0, 0.0, 0.09759000729485333, 0.0]}, "NSP2": {"data": [0.0, 0.0, 0.0, 0.0, 0.0, 0, 0, 0.0, 0, 0, 0.0], "deviation": [0.0, 0.0, 0.0, 0.0, 0.0, 0.0, 0.0, 0.0, 0.0, 0.0, 0.0]}, "NS8": {"data": [0.0, 0.0, 0.0, 0.0, 0.0, 0, 0, 0.0, 0, 0, 0.0], "deviation": [0.0, 0.0, 0.0, 0.0, 0.0, 0.0, 0.0, 0.0, 0.0, 0.19518001458970666, 0.17277368511627203]}, "NSP3": {"data": [0.0, 0.0, 0.0, 0.0, 0.0, 0, 0, 0.0, 0, 0, 0.0], "deviation": [0.0, 0.0, 0.0, 0.0, 0.0, 0.0, 0.0, 0.0, 0.0, 0.0, 0.0]}}, "missense": {"NSP4": {"data": [0.0, 0.0, 0.5, 0.0, 0.0, 0, 0, 0.0, 0, 2, 2.0], "deviation": [0.0, 0.0, 0.7071067811865476, 0.7929614610987591, 0.6112498455021267, 0.3929526239966879, 0.36551776819519566, 0.23883257361061286, 0.8135752957807666, 0.8038369524685004, 0.7067099091896404]}, "E": {"data": [0.0, 0.0, 0.0, 0.0, 0.0, 0, 0, 0.0, 0, 0, 0.0], "deviation": [0.0, 0.0, 0.0, 0.0, 0.2672612419124244, 0.0, 0.22345586503095896, 0.0, 0.21821789023599236, 0.09759000729485333, 0.08638684255813601]}, "NS7a": {"data": [0.0, 0.0, 0.0, 0.0, 0.0, 0, 0, 0.0, 0, 2, 2.0], "deviation": [0.0, 0.0, 0.0, 0.0, 2.939873661036668, 0.0, 0.42683279491835413, 0.38695299497594743, 0.6248809410409238, 1.1788738650693678, 0.9589545143126992]}, "NSP5": {"data": [0.0, 0.0, 0.0, 0.5, 0.0, 0, 0, 0.0, 0, 0, 0.0], "deviation": [0.0, 0.2672612419124244, 0.0, 0.5222329678670935, 0.6333236937766509, 0.5622957145383871, 0.22345586503095896, 0.0, 0.0, 0.21398024625545645, 0.39102545823627666]}, "NS7b": {"data": [0.0, 0.0, 0.0, 0.0, 0.0, 0, 0, 0.0, 0, 0, 1.0], "deviation": [0.0, 0.8017837257372731, 0.0, 0.0, 0.0, 0.0, 0.0, 0.17149858514250885, 0.21821789023599236, 0.4879500364742666, 0.5016525267023502]}, "NSP6": {"data": [0.0, 0.0, 0.5, 0.0, 0.0, 0, 0, 0.0, 0, 2, 1.0], "deviation": [0.0, 0.2672612419124244, 0.7071067811865476, 0.8876253645985945, 0.2672612419124244, 0.0, 0.22345586503095896, 0.40933840799980475, 0.9206622874969125, 0.8195192014905579, 0.6574760198230443]}, "NSP7": {"data": [0.0, 0.0, 0.0, 0.0, 0.0, 0, 0, 0.0, 0, 0, 0.0], "deviation": [0.408248290463863, 0.0, 0.0, 0.3892494720807615, 0.2672612419124244, 0.24253562503633297, 0.16012815380508713, 0.0, 0.0, 0.09759000729485333, 0.12170929415494246]}, "NSP8": {"data": [0.0, 0.0, 0.0, 0.0, 0.0, 0, 0, 0.0, 0, 0, 0.0], "deviation": [0.408248290463863, 0.0, 0.0, 0.49236596391733095, 0.5135525910130955, 0.4372373160976031, 0.4514185169694393, 0.35949062795357095, 0.21821789023599236, 0.19234431885641176, 0.3501446548466751]}, "Spike": {"data": [0.5, 1.0, 0.5, 2.0, 5.5, 7, 7, 8.0, 8, 7, 7.0], "deviation": [0.5477225575051661, 0.0, 0.7071067811865476, 1.164500152881315, 3.05984270227039, 2.42535625036333, 1.163432958237427, 1.1411130695216645, 0.8944271909999159, 1.2641144520910075, 1.4279737275055049]}, "NSP9": {"data": [0.0, 0.0, 0.0, 0.0, 0.0, 0, 0, 0.0, 0, 0, 0.0], "deviation": [0.0, 0.0, 0.0, 0.45226701686664544, 0.2672612419124244, 0.24253562503633297, 0.22345586503095896, 0.23883257361061286, 0.0, 0.0, 0.190239912556436]}, "NSP10": {"data": [0.0, 0.0, 0.0, 0.0, 0.0, 0, 0, 0.0, 0, 0, 0.0], "deviation": [0.0, 0.0, 0.0, 0.0, 0.0, 0.0, 0.0, 0.0, 0.0, 0.2506402059138015, 0.12170929415494246]}, "NSP11": {"data": [0.0, 0.0, 0.0, 0.0, 0.0, 0, 0, 0.0, 0, 0, 0.0], "deviation": [0.0, 0.0, 0.0, 0.0, 0.0, 0.0, 0.0, 0.0, 0.0, 0.0, 0.0]}, "NSP12": {"data": [0.5, 1.0, 0.5, 1.0, 1.0, 2, 2, 2.0, 2, 2, 2.0], "deviation": [0.5477225575051661, 0.0, 0.7071067811865476, 0.4264014327112209, 1.0894095588038444, 0.658652814016432, 0.5361430711223923, 0.6409941031594635, 0.48304589153964794, 0.7966275068156915, 0.6886954517091013]}, "M": {"data": [0.0, 0.0, 0.0, 0.0, 0.0, 0, 0, 0.0, 0, 1, 1.0], "deviation": [0.0, 0.0, 0.0, 0.28867513459481287, 0.0, 0.3321055820775357, 0.16012815380508713, 0.0, 0.6796357567879737, 0.7585893984612989, 0.43985082299922823]}, "NSP13": {"data": [0.0, 0.0, 0.0, 1.0, 1.0, 0, 1, 0.0, 0, 1, 1.0], "deviation": [1.0327955589886446, 0.0, 0.0, 0.7537783614444091, 0.4972451580988469, 0.6242642728467979, 0.49831023511298017, 0.46249729006288026, 0.8106434833777776, 0.7683053040901385, 0.5962513352678243]}, "N": {"data": [0.5, 0.0, 1.5, 1.5, 4.0, 4, 4, 5.0, 5, 4, 4.0], "deviation": [0.983192080250175, 0.0, 2.1213203435596424, 1.4847711791873706, 0.8418973861410954, 0.9432422182837986, 0.8255370803211417, 0.4478110755198991, 1.6775832957816772, 1.6094387345571872, 0.863348649104952]},