{"indel": {"NSP4": {"data": [0.0, 0, 0.0, 0, 0, 0, 0.0, 0, 0.0, 0.0, 0.0, 0.0, 0.0, 0.0], "deviation": [0.0, 0.0, 0.0, 0.0, 0.06757373783994859, 0.09407208683835973, 0.0, 0.0, 0.0, 0.0, 0.0, 0.0, 0.0, 0.0]}, "E": {"data": [0.0, 0, 0.0, 0, 0, 0, 0.0, 0, 0.0, 0.0, 0.0, 0.0, 0.0, 0.0], "deviation": [0.0, 0.0, 0.0, 0.0, 0.0, 0.0, 0.0, 0.0, 0.0, 0.0, 0.0, 0.0, 0.0, 0.0]}, "NS7a": {"data": [0.0, 0, 0.0, 0, 0, 0, 0.0, 0, 0.0, 0.0, 0.0, 0.0, 0.0, 0.0], "deviation": [0.0, 0.0, 0.0, 0.0, 0.0, 0.0, 0.0, 0.0, 0.0, 0.125, 0.11785113019775793, 0.0, 0.0, 0.0]}, "NSP5": {"data": [0.0, 0, 0.0, 0, 0, 0, 0.0, 0, 0.0, 0.0, 0.0, 0.0, 0.0, 0.0], "deviation": [0.0, 0.0, 0.0, 0.0, 0.0, 0.0, 0.0, 0.0, 0.0, 0.0, 0.0, 0.0, 0.0, 0.0]}, "NS7b": {"data": [0.0, 0, 0.0, 0, 0, 0, 0.0, 0, 0.0, 0.0, 0.0, 0.0, 0.0, 0.0], "deviation": [0.0, 0.0, 0.0, 0.0, 0.0, 0.0, 0.0, 0.0, 0.0, 0.0, 0.0, 0.0, 0.0, 0.0]}, "NSP6": {"data": [0.0, 0, 0.0, 0, 0, 0, 0.0, 0, 3.0, 3.0, 3.0, 1.5, 3.0, 0.0], "deviation": [0.0, 0.0, 0.0, 0.0, 0.0, 0.0, 0.0, 1.3416407864998738, 0.8884337432408971, 1.0978875820670997, 0.49646638681731176, 2.1213203435596424, 1.1677484162422844, 0.0]}, "NSP7": {"data": [0.0, 0, 0.0, 0, 0, 0, 0.0, 0, 0.0, 0.0, 0.0, 0.0, 0.0, 0.0], "deviation": [0.0, 0.0, 0.0, 0.0, 0.0, 0.0, 0.0, 0.0, 0.0, 0.0, 0.0, 0.0, 0.0, 0.0]}, "NSP8": {"data": [0.0, 0, 0.0, 0, 0, 0, 0.0, 0, 0.0, 0.0, 0.0, 0.0, 0.0, 0.0], "deviation": [0.0, 0.0, 0.0, 0.0, 0.0, 0.0, 0.0, 0.0, 0.0, 0.0, 0.0, 0.0, 0.0, 0.0]}, "Spike": {"data": [0.0, 0, 0.0, 0, 0, 0, 0.0, 0, 3.0, 3.0, 3.0, 1.5, 3.0, 2.0], "deviation": [0.0, 0.0, 0.0, 0.0, 0.06757373783994859, 0.09407208683835973, 0.0, 1.3416407864998738, 0.8884337432408971, 1.0978875820670997, 0.767977038976014, 2.1213203435596424, 1.1677484162422844, 0.21821789023599236]}, "NSP9": {"data": [0.0, 0, 0.0, 0, 0, 0, 0.0, 0, 0.0, 0.0, 0.0, 0.0, 0.0, 0.0], "deviation": [0.0, 0.0, 0.0, 0.0, 0.0, 0.0, 0.0, 0.0, 0.0, 0.0, 0.0, 0.0, 0.0, 0.0]}, "NSP10": {"data": [0.0, 0, 0.0, 0, 0, 0, 0.0, 0, 0.0, 0.0, 0.0, 0.0, 0.0, 0.0], "deviation": [0.0, 0.0, 0.0, 0.0, 0.0, 0.0, 0.0, 0.0, 0.0, 0.0, 0.0, 0.0, 0.0, 0.0]}, "NSP11": {"data": [0.0, 0, 0.0, 0, 0, 0, 0.0, 0, 0.0, 0.0, 0.0, 0.0, 0.0, 0.0], "deviation": [0.0, 0.0, 0.0, 0.0, 0.0, 0.0, 0.0, 0.0, 0.0, 0.0, 0.0, 0.0, 0.0, 0.0]}, "NSP12": {"data": [0.0, 0, 0.0, 0, 0, 0, 0.0, 0, 0.0, 0.0, 0.0, 0.0, 0.0, 0.0], "deviation": [0.0, 0.0, 0.0, 0.0, 0.0, 0.0, 0.0, 0.0, 0.0, 0.0, 0.0, 0.0, 0.0, 0.0]}, "M": {"data": [0.0, 0, 0.0, 0, 0, 0, 0.0, 0, 0.0, 0.0, 0.0, 0.0, 0.0, 0.0], "deviation": [0.0, 0.0, 0.0, 0.0, 0.0, 0.0, 0.0, 0.0, 0.0, 0.0, 0.0, 0.0, 0.0, 0.0]}, "NSP13": {"data": [0.0, 0, 0.0, 0, 0, 0, 0.0, 0, 0.0, 0.0, 0.0, 0.0, 0.0, 0.0], "deviation": [0.0, 0.0, 0.0, 0.0, 0.0, 0.0, 0.0, 0.0, 0.0, 0.0, 0.0, 0.0, 0.0, 0.0]}, "N": {"data": [0.0, 0, 0.0, 0, 0, 0, 0.0, 0, 0.0, 0.0, 0.0, 0.0, 0.0, 0.0], "deviation": [0.0, 0.0, 0.0, 0.0, 0.0, 0.0, 0.0, 0.0, 0.0, 0.0, 0.0, 0.0, 0.0, 0.0]}, "NSP14": {"data": [0.0, 0, 0.0, 0, 0, 0, 0.0, 0, 0.0, 0.0, 0.0, 0.0, 0.0, 0.0], "deviation": [0.0, 0.0, 0.0, 0.0, 0.0, 0.0, 0.0, 0.0, 0.0, 0.0, 0.0, 0.0, 0.0, 0.0]}, "NS3": {"data": [0.0, 0, 0.0, 0, 0, 0, 0.0, 0, 0.0, 0.0, 0.0, 0.0, 0.0, 0.0], "deviation": [0.0, 0.0, 0.0, 0.32137001808599097, 0.1497068197361011, 0.09407208683835973, 0.0, 0.0, 0.0, 0.0, 0.0, 0.0, 0.0, 0.0]}, "NSP15": {"data": [0.0, 0, 0.0, 0, 0, 0, 0.0, 0, 0.0, 0.0, 0.0, 0.0, 0.0, 0.0], "deviation": [0.0, 0.0, 0.0, 0.0, 0.0, 0.0, 0.0, 0.0, 0.0, 0.0, 0.0, 0.0, 0.0, 0.0]}, "NSP16": {"data": [0.0, 0, 0.0, 0, 0, 0, 0.0, 0, 0.0, 0.0, 0.0, 0.0, 0.0, 0.0], "deviation": [0.0, 0.0, 0.0, 0.0, 0.0, 0.0, 0.0, 0.0, 0.0, 0.0, 0.0, 0.0, 0.0, 0.0]}, "NS9b": {"data": [0.0, 0, 0.0, 0, 0, 0, 0.0, 0, 0.0, 0.0, 0.0, 0.0, 0.0, 0.0], "deviation": [0.0, 0.0, 0.0, 0.0, 0.0, 0.0, 0.0, 0.0, 0.0, 0.0, 0.0, 0.0, 0.0, 0.0]}, "NS6": {"data": [0.0, 0, 0.0, 0, 0, 0, 0.0, 0, 0.0, 0.0, 0.0, 0.0, 0.0, 0.0], "deviation": [0.0, 0.0, 0.0, 0.0, 0.0, 0.0, 0.0, 0.0, 0.0, 0.0, 0.0, 0.0, 0.0, 0.0]}, "NS9c": {"data": [0.0, 0, 0.0, 0, 0, 0, 0.0, 0, 0.0, 0.0, 0.0, 0.0, 0.0, 0.0], "deviation": [0.0, 0.0, 0.0, 0.0, 0.0, 0.0, 0.0, 0.0, 0.0, 0.0, 0.0, 0.0, 0.0, 0.0]}, "NSP1": {"data": [0.0, 0, 0.0, 0, 0, 0, 0.0, 0, 0.0, 0.0, 0.0, 0.0, 0.0, 0.0], "deviation": [0.0, 0.0, 1.5, 0.384110639798688, 0.9885609406820866, 0.7223626777315668, 0.0, 1.3416407864998738, 0.0, 0.0, 0.3535533905932738, 0.0, 0.0, 0.0]}, "NSP2": {"data": [0.0, 0, 0.0, 0, 0, 0, 0.0, 0, 0.0, 0.0, 0.0, 0.0, 0.0, 0.0], "deviation": [0.0, 0.0, 0.0, 0.0, 0.0, 0.09407208683835973, 0.0, 0.0, 0.0, 0.0, 0.0, 0.0, 0.0, 0.0]}, "NS8": {"data": [0.0, 0, 0.0, 0, 0, 0, 0.0, 0, 0.0, 0.0, 0.0, 0.0, 0.0, 0.0], "deviation": [0.0, 0.0, 0.0, 0.0, 0.0, 0.0, 0.0, 0.0, 0.0, 0.0, 0.0, 0.0, 0.0, 0.0]}, "NSP3": {"data": [0.0, 0, 0.0, 0, 0, 0, 0.0, 0, 0.0, 0.0, 0.0, 0.0, 0.0, 0.0], "deviation": [0.0, 0.0, 0.0, 0.768221279597376, 0.0, 0.0, 0.0, 0.0, 0.0, 0.25, 0.11785113019775793, 0.0, 0.0, 0.0]}}, "missense": {"NSP4": {"data": [0.0, 0, 0.0, 0, 0, 0, 0.5, 0, 0.0, 0.0, 0.0, 0.0, 0.0, 2.0], "deviation": [0.22360679774997896, 0.0, 0.0, 0.1795562228341584, 0.23011145081366083, 0.22870768694617155, 0.7071067811865476, 0.0, 0.29614458108029906, 0.5, 0.481260733473784, 0.0, 0.45226701686664544, 0.18973968337417077]}, "E": {"data": [0.0, 0, 0.0, 0, 0, 0, 0.0, 0, 1.0, 1.0, 1.0, 0.5, 1.0, 0.0], "deviation": [0.0, 0.0, 0.0, 0.0, 0.06757373783994859, 0.09407208683835973, 0.0, 0.447213595499958, 0.43994134506405985, 0.4070314523161609, 0.23066889195376988, 0.7071067811865476, 0.45226701686664544, 0.0]}, "NS7a": {"data": [0.0, 0, 0.0, 0, 0, 0, 0.5, 0, 0.0, 0.0, 0.0, 0.0, 0.0, 2.0], "deviation": [0.0, 0.0, 0.0, 0.30027309973793775, 0.30728520420622024, 0.37481558887500505, 0.7071067811865476, 0.0, 0.1767766952966369, 0.21304202581158665, 0.3250135425130796, 0.0, 0.3892494720807615, 0.21821789023599236]}, "NSP5": {"data": [0.0, 0, 0.0, 0, 0, 0, 0.0, 0, 1.0, 1.0, 1.0, 0.5, 1.0, 1.0], "deviation": [0.0, 0.0, 0.0, 0.3876509048663705, 0.2752859059666483, 0.2719503933346899, 0.0, 0.447213595499958, 0.29614458108029906, 0.4103690750748377, 0.23570226039551584, 0.7071067811865476, 0.45226701686664544, 0.10910894511799618]}, "NS7b": {"data": [0.0, 0, 0.0, 0, 0, 0, 0.0, 0, 0.0, 0.0, 0.0, 0.0, 0.0, 1.0], "deviation": [0.0, 0.0, 0.0, 0.21803894974650143, 0.0, 0.0, 0.0, 0.0, 0.0, 0.25, 0.0, 0.0, 0.0, 0.10910894511799618]}, "NSP6": {"data": [1.0, 1, 0.0, 0, 0, 0, 0.5, 0, 0.0, 0.0, 0.0, 0.0, 0.0, 1.0], "deviation": [0.41039134083406165, 0.5773502691896257, 0.5, 0.27659127289275987, 0.2368399616653947, 0.25762701996477233, 0.7071067811865476, 0.0, 0.3901509219974802, 0.7249452633962339, 0.5079570299621317, 0.0, 0.28867513459481287, 0.10910894511799618]}, "NSP7": {"data": [0.0, 0, 0.0, 0, 0, 0, 0.0, 0, 0.0, 0.0, 0.0, 0.0, 0.0, 0.0], "deviation": [0.0, 0.0, 0.0, 0.0, 0.06757373783994859, 0.0, 0.0, 0.0, 0.0, 0.0, 0.11785113019775793, 0.0, 0.28867513459481287, 0.0]}, "NSP8": {"data": [0.0, 0, 0.0, 0, 0, 0, 0.5, 0, 0.0, 0.0, 0.0, 0.0, 0.0, 0.0], "deviation": [0.0, 0.0, 0.0, 0.27659127289275987, 0.19896679205543819, 0.29022202582345824, 0.7071067811865476, 0.0, 0.1767766952966369, 0.21304202581158665, 0.11785113019775793, 0.0, 0.0, 0.0]}, "Spike": {"data": [0.0, 0, 1.0, 1, 1, 1, 0.5, 1, 7.0, 7.0, 7.0, 3.5, 7.0, 9.0], "deviation": [0.4893604849295929, 0.5773502691896258, 0.5, 0.4773561065483675, 0.6563973841113386, 0.5663889654442353, 0.7071067811865476, 2.6076809620810595, 1.7038855027411945, 2.0226887652997534, 1.1444053201450144, 4.949747468305833, 1.8319554050414562, 0.8699087599956413]}, "NSP9": {"data": [0.0, 0, 0.0, 0, 0, 0, 0.0, 0, 0.0, 0.0, 0.0, 0.0, 0.0, 0.0], "deviation": [0.0, 0.0, 0.0, 0.0, 0.06757373783994859, 0.0, 0.0, 0.0, 0.1767766952966369, 0.125, 0.0, 0.0, 0.0, 0.0]}, "NSP10": {"data": [0.0, 0, 0.0, 0, 0, 0, 0.0, 0, 0.0, 0.0, 0.0, 0.0, 0.0, 0.0], "deviation": [0.0, 0.0, 0.0, 0.12803687993289598, 0.09534426178875631, 0.09407208683835973, 0.0, 0.894427190999916, 0.0, 0.17536809360305042, 0.255992346325338, 0.0, 0.0, 0.0]},