{"indel": {"NSP4": {"data": [0.0, 0.0, 0.0, 0.0, 0, 0, 0, 0, 0, 0, 0.0, 0.0, 0, 0, 0.0], "deviation": [0.0, 0.0, 0.0, 0.0, 0.0, 0.0, 0.0, 0.0, 0.0, 0.0, 0.0, 0.0, 0.0, 0.0, 0.0]}, "E": {"data": [0.0, 0.0, 0.0, 0.0, 0, 0, 0, 0, 0, 0, 0.0, 0.0, 0, 0, 0.0], "deviation": [0.0, 0.0, 0.0, 0.0, 0.0, 0.0, 0.0, 0.0, 0.0, 0.0, 0.0, 0.0, 0.0, 0.0, 0.0]}, "NS7a": {"data": [0.0, 0.0, 0.0, 0.0, 0, 0, 0, 0, 0, 0, 0.0, 0.0, 0, 0, 0.0], "deviation": [0.0, 0.0, 0.0, 0.0, 0.0, 0.0, 0.0, 0.0, 0.0, 0.0, 0.0, 0.29329423004270655, 0.0, 0.0, 0.3234983196103153]}, "NSP5": {"data": [0.0, 0.0, 0.0, 0.0, 0, 0, 0, 0, 0, 0, 0.0, 0.0, 0, 0, 0.0], "deviation": [0.0, 0.0, 0.0, 0.0, 0.0, 0.0, 0.0, 0.0, 0.0, 0.0, 0.0, 0.0, 0.0, 0.0, 0.0]}, "NS7b": {"data": [0.0, 0.0, 0.0, 0.0, 0, 0, 0, 0, 0, 0, 0.0, 0.0, 0, 0, 0.0], "deviation": [0.0, 0.0, 0.0, 0.0, 0.0, 0.0, 0.0, 0.0, 0.0, 0.0, 0.0, 0.0, 0.0, 0.0, 0.0]}, "NSP6": {"data": [0.0, 0.0, 0.0, 0.0, 0, 0, 0, 0, 0, 3, 3.0, 3.0, 3, 0, 0.0], "deviation": [0.0, 0.0, 0.0, 0.49999999999999994, 0.5565573623275283, 0.0, 0.8320502943378437, 0.0, 0.0, 0.0, 1.3648533530473796, 0.9519859478936243, 1.2571745323852408, 0.9045340337332909, 0.3234983196103153]}, "NSP7": {"data": [0.0, 0.0, 0.0, 0.0, 0, 0, 0, 0, 0, 0, 0.0, 0.0, 0, 0, 0.0], "deviation": [0.0, 0.0, 0.0, 0.0, 0.0, 0.0, 0.0, 0.0, 0.0, 0.0, 0.0, 0.0, 0.0, 0.0, 0.0]}, "NSP8": {"data": [0.0, 0.0, 0.0, 0.0, 0, 0, 0, 0, 0, 0, 0.0, 0.0, 0, 0, 0.0], "deviation": [0.0, 0.0, 0.0, 0.0, 0.0, 0.0, 0.0, 0.0, 0.0, 0.0, 0.0, 0.0, 0.0, 0.0, 0.0]}, "Spike": {"data": [0.0, 0.0, 0.0, 0.0, 0, 0, 0, 0, 0, 3, 0.0, 0.0, 0, 2, 2.0], "deviation": [0.0, 0.0, 0.0, 0.49999999999999994, 0.0, 0.0, 0.8320502943378437, 0.0, 0.0, 0.0, 1.5163074594844912, 1.5265641617945704, 1.6656500964795815, 0.7006490497453707, 0.9693666399389547]}, "NSP9": {"data": [0.0, 0.0, 0.0, 0.0, 0, 0, 0, 0, 0, 0, 0.0, 0.0, 0, 0, 0.0], "deviation": [0.0, 0.0, 0.0, 0.0, 0.0, 0.0, 0.0, 0.0, 0.0, 0.0, 0.0, 0.0, 0.0, 0.0, 0.0]}, "NSP10": {"data": [0.0, 0.0, 0.0, 0.0, 0, 0, 0, 0, 0, 0, 0.0, 0.0, 0, 0, 0.0], "deviation": [0.0, 0.0, 0.0, 0.0, 0.0, 0.0, 0.0, 0.0, 0.0, 0.0, 0.0, 0.0, 0.0, 0.0, 0.0]}, "NSP11": {"data": [0.0, 0.0, 0.0, 0.0, 0, 0, 0, 0, 0, 0, 0.0, 0.0, 0, 0, 0.0], "deviation": [0.0, 0.0, 0.0, 0.0, 0.0, 0.0, 0.0, 0.0, 0.0, 0.0, 0.0, 0.0, 0.0, 0.0, 0.0]}, "NSP12": {"data": [0.0, 0.0, 0.0, 0.0, 0, 0, 0, 0, 0, 0, 0.0, 0.0, 0, 0, 0.0], "deviation": [0.0, 0.0, 0.0, 0.0, 0.0, 0.0, 0.0, 0.0, 0.0, 0.0, 0.0, 0.0, 0.0, 0.0, 0.0]}, "M": {"data": [0.0, 0.0, 0.0, 0.0, 0, 0, 0, 0, 0, 0, 0.0, 0.0, 0, 0, 0.0], "deviation": [0.0, 0.0, 0.0, 0.0, 0.0, 0.0, 0.0, 0.0, 0.0, 0.0, 0.0, 0.0, 0.0, 0.0, 0.0]}, "NSP13": {"data": [0.0, 0.0, 0.0, 0.0, 0, 0, 0, 0, 0, 0, 0.0, 0.0, 0, 0, 0.0], "deviation": [0.0, 0.0, 0.0, 0.0, 0.0, 0.0, 0.0, 0.0, 0.0, 0.0, 0.0, 0.0, 0.0, 0.0, 0.0]}, "N": {"data": [0.0, 0.0, 0.0, 0.0, 0, 0, 0, 0, 0, 0, 0.0, 0.0, 0, 0, 0.0], "deviation": [0.0, 0.0, 0.0, 0.0, 0.0, 0.0, 0.0, 0.0, 0.0, 0.0, 0.0, 0.0, 0.0, 0.0, 0.0]}, "NSP14": {"data": [0.0, 0.0, 0.0, 0.0, 0, 0, 0, 0, 0, 0, 0.0, 0.0, 0, 0, 0.0], "deviation": [0.0, 0.0, 0.0, 0.0, 0.0, 0.0, 0.0, 0.0, 0.0, 0.0, 0.0, 0.0, 0.0, 0.0, 0.0]}, "NS3": {"data": [0.0, 0.0, 0.0, 0.0, 0, 0, 0, 0, 0, 0, 0.0, 0.0, 0, 0, 0.0], "deviation": [0.0, 0.0, 0.0, 0.0, 0.0, 0.0, 0.0, 0.0, 0.0, 0.0, 0.07537783614444091, 0.14664711502135327, 0.0, 0.0, 0.10783277320343841]}, "NSP15": {"data": [0.0, 0.0, 0.0, 0.0, 0, 0, 0, 0, 0, 0, 0.0, 0.0, 0, 0, 0.0], "deviation": [0.0, 0.0, 0.0, 0.0, 0.0, 0.0, 0.0, 0.0, 0.0, 0.0, 0.0, 0.0, 0.0, 0.0, 0.0]}, "NSP16": {"data": [0.0, 0.0, 0.0, 0.0, 0, 0, 0, 0, 0, 0, 0.0, 0.0, 0, 0, 0.0], "deviation": [0.0, 0.0, 0.0, 0.0, 0.0, 0.0, 0.0, 0.0, 0.0, 0.0, 0.0, 0.0, 0.0, 0.0, 0.21566554640687682]}, "NS9b": {"data": [0.0, 0.0, 0.0, 0.0, 0, 0, 0, 0, 0, 0, 0.0, 0.0, 0, 0, 0.0], "deviation": [0.0, 0.0, 0.0, 0.0, 0.0, 0.0, 0.0, 0.0, 0.0, 0.0, 0.0, 0.0, 0.0, 0.0, 0.0]}, "NS6": {"data": [0.0, 0.0, 0.0, 0.0, 0, 0, 0, 0, 0, 0, 0.0, 0.0, 0, 0, 0.0], "deviation": [0.0, 0.0, 0.0, 0.0, 0.0, 0.0, 0.0, 0.0, 0.0, 0.0, 0.0, 0.0, 0.0, 0.0, 0.0]}, "NS9c": {"data": [0.0, 0.0, 0.0, 0.0, 0, 0, 0, 0, 0, 0, 0.0, 0.0, 0, 0, 0.0], "deviation": [0.0, 0.0, 0.0, 0.0, 0.0, 0.0, 0.0, 0.0, 0.0, 0.0, 0.0, 0.0, 0.0, 0.0, 0.0]}, "NSP1": {"data": [1.5, 0.0, 0.0, 0.0, 0, 0, 0, 0, 0, 0, 0.0, 0.0, 0, 0, 0.0], "deviation": [2.1213203435596424, 0.0, 0.8017837257372731, 0.0, 0.0, 0.99498743710662, 0.2773500981126146, 0.0, 0.0, 0.0, 0.22613350843332272, 0.0, 0.0, 0.0, 0.4547965977010357]}, "NSP2": {"data": [0.0, 0.0, 0.0, 0.0, 0, 0, 0, 0, 0, 0, 0.0, 0.0, 0, 0, 0.0], "deviation": [0.0, 0.0, 0.0, 0.0, 0.0, 0.0, 0.0, 0.0, 0.0, 0.0, 0.0, 0.0, 0.0, 0.0, 0.0]}, "NS8": {"data": [0.0, 0.0, 0.0, 0.0, 0, 0, 0, 0, 0, 0, 0.0, 0.0, 0, 0, 0.0], "deviation": [0.0, 0.0, 0.0, 0.0, 0.0, 0.0, 0.5547001962252291, 0.0, 0.0, 0.0, 0.0, 0.0, 0.0, 0.0, 0.0]}, "NSP3": {"data": [0.0, 0.0, 0.0, 0.0, 0, 0, 0, 0, 0, 0, 0.0, 0.0, 0, 0, 0.0], "deviation": [0.0, 0.0, 0.0, 0.0, 1.4055638569974547, 0.4, 0.0, 0.0, 0.0, 0.0, 0.0, 0.0, 0.0, 0.0, 0.3234983196103153]}}, "missense": {"NSP4": {"data": [0.0, 0.0, 0.0, 0.0, 0, 0, 0, 0, 0, 0, 0.0, 0.0, 0, 2, 2.0], "deviation": [0.0, 0.0, 0.0, 0.280305955290694, 0.3809487514345101, 0.4898979485566356, 0.3755338080994054, 0.37796447300922725, 0.44095855184409843, 0.5773502691896258, 0.19598237397554635, 0.2034289035576647, 0.3744915251898558, 0.6875516509523286, 0.476535605501345]}, "E": {"data": [0.0, 0.0, 0.0, 0.0, 0, 0, 0, 0, 0, 1, 1.0, 1.0, 1, 0, 0.0], "deviation": [0.0, 0.0, 0.0, 0.16666666666666666, 0.15617376188860604, 0.0, 0.3755338080994054, 0.0, 0.0, 0.0, 0.5334280218974764, 0.2673777209948392, 0.21808478995509087, 0.30151134457776363, 0.0]}, "NS7a": {"data": [0.0, 0.0, 0.0, 0.0, 0, 0, 0, 0, 0, 0, 0.0, 0.0, 0, 2, 2.0], "deviation": [0.0, 0.9258200997725514, 0.0, 0.3333333333333333, 0.0, 0.0, 0.2773500981126146, 0.0, 0.3333333333333333, 0.0, 0.4184076183160807, 0.3585627936001918, 0.4417261042993862, 0.6030226891555273, 0.4450672031519256]}, "NSP5": {"data": [0.0, 0.0, 0.0, 0.0, 0, 0, 0, 0, 0, 1, 1.0, 1.0, 1, 0, 1.0], "deviation": [0.0, 0.0, 0.0, 0.2323106841457232, 0.4012176588288427, 0.27688746209726917, 0.2773500981126146, 0.0, 0.5, 0.0, 0.4545584413729181, 0.20767040705335857, 0.15617376188860604, 0.5222329678670935, 0.521100592624283]}, "NS7b": {"data": [0.0, 0.0, 0.0, 0.0, 0, 0, 0, 0, 0, 0, 0.0, 0.0, 0, 1, 1.0], "deviation": [0.0, 0.0, 0.0, 0.0, 0.15617376188860604, 0.2, 0.0, 0.0, 0.3333333333333333, 0.0, 0.0, 0.07332355751067664, 0.15617376188860604, 0.5222329678670935, 0.4555479555529599]}, "NSP6": {"data": [0.0, 0.5, 0.0, 0.0, 0, 0, 0, 0, 0, 0, 0.0, 0.0, 0, 2, 1.0], "deviation": [0.0, 0.5345224838248488, 0.2672612419124244, 0.2323106841457232, 1.107072606515743, 0.408248290463863, 0.2773500981126146, 0.0, 0.3333333333333333, 0.5773502691896258, 0.3894718368358766, 0.29215252015088694, 0.15617376188860604, 0.5222329678670935, 0.5339371866508698]}, "NSP7": {"data": [0.0, 0.0, 0.0, 0.0, 0, 0, 0, 0, 0, 0, 0.0, 0.0, 0, 0, 0.0], "deviation": [0.0, 0.0, 0.0, 0.0, 0.0, 0.0, 0.0, 0.0, 0.0, 0.0, 0.0, 0.07332355751067664, 0.0, 0.0, 0.15159886590034524]}, "NSP8": {"data": [0.0, 0.0, 0.0, 0.0, 0, 0, 0, 0, 0, 0, 0.0, 0.0, 0, 0, 0.0], "deviation": [0.0, 0.0, 0.2672612419124244, 0.2323106841457232, 0.0, 0.2, 0.0, 0.0, 0.3333333333333333, 0.0, 0.07537783614444091, 0.07332355751067664, 0.0, 0.0, 0.10783277320343841]}, "Spike": {"data": [0.5, 0.5, 1.0, 1.0, 1, 1, 1, 1, 1, 8, 4.0, 5.0, 5, 8, 7.0], "deviation": [0.7071067811865476, 0.5345224838248488, 0.7844645405527362, 1.0090857090723107, 0.9734274372595814, 0.714142842854285, 1.7577666482623882, 0.6900655593423543, 1.2360330811826103, 1.0, 2.72201224268934, 2.6749996944487275, 0.9938837346736189, 0.9244162777371754, 1.2028807192002884]}, "NSP9": {"data": [0.0, 0.0, 0.0, 0.0, 0, 0, 0, 0, 0, 0, 0.0, 0.0, 0, 0, 0.0], "deviation": [0.0, 0.0, 0.0, 0.0, 0.0, 0.0, 0.0, 0.0, 0.0, 0.0, 0.07537783614444091, 0.0, 0.0, 0.0, 0.43133109281375365]},